source_id,survey,band,mjd,flux,flux_error,observation_id
scale-000200,qualification-synthetic,g,62000.0,19.85313947102338,0.8422377522048778,000200-0000
scale-000200,qualification-synthetic,g,62001.0,21.193184196039418,1.1342371907288566,000200-0001
scale-000200,qualification-synthetic,g,62002.0,18.083192985184045,0.9860013560239868,000200-0002
scale-000200,qualification-synthetic,g,62003.0,20.79669690404875,1.1333582797358197,000200-0003
scale-000200,qualification-synthetic,g,62004.0,19.782836327899886,0.9498065527330234,000200-0004
scale-000200,qualification-synthetic,g,62005.0,18.818484827372224,1.1278817419287708,000200-0005
scale-000200,qualification-synthetic,g,62006.0,18.977866108169724,1.1109305684646085,000200-0006
scale-000200,qualification-synthetic,g,62007.0,21.53362661640293,1.147448312640842,000200-0007
scale-000200,qualification-synthetic,g,62008.0,19.88855160443504,0.8497345060809769,000200-0008
scale-000200,qualification-synthetic,g,62009.0,20.195764649865378,0.8295517460274038,000200-0009
scale-000200,qualification-synthetic,g,62010.0,21.154325878475202,1.135012023637686,000200-0010
scale-000200,qualification-synthetic,g,62011.0,20.038671394127118,1.1250206990128038,000200-0011
scale-000200,qualification-synthetic,g,62012.0,20.814188607915646,1.101788226403975,000200-0012
scale-000200,qualification-synthetic,g,62013.0,20.712576001618736,0.8320870877616884,000200-0013
scale-000200,qualification-synthetic,g,62014.0,22.307361950022905,1.034347056002396,000200-0014
scale-000200,qualification-synthetic,g,62015.0,23.110119679811692,0.8952126192977103,000200-0015
scale-000200,qualification-synthetic,g,62016.0,22.981947391287488,1.1025644320750698,000200-0016
scale-000200,qualification-synthetic,g,62017.0,25.600772085168785,1.1122999137132448,000200-0017
scale-000200,qualification-synthetic,g,62018.0,27.256346749176885,0.8540988366751937,000200-0018
scale-000200,qualification-synthetic,g,62019.0,26.9028428929341,0.8400070410574912,000200-0019
scale-000200,qualification-synthetic,g,62020.0,23.64541220303197,0.9641886808255635,000200-0020
scale-000200,qualification-synthetic,g,62021.0,19.166944791015133,0.9378988853060183,000200-0021
scale-000200,qualification-synthetic,g,62022.0,21.341601003089142,1.020021721316301,000200-0022
scale-000200,qualification-synthetic,g,62023.0,19.721021386369408,0.8620393804362427,000200-0023
scale-000200,qualification-synthetic,g,62024.0,20.96076903393044,1.0328411678414489,000200-0024
scale-000200,qualification-synthetic,g,62025.0,20.85488930949918,0.8357225510770996,000200-0025
scale-000200,qualification-synthetic,g,62026.0,19.74739404577235,1.1334940093239845,000200-0026
scale-000200,qualification-synthetic,g,62027.0,19.28865995989982,1.1546554616672275,000200-0027
scale-000200,qualification-synthetic,g,62028.0,20.570431257482085,1.1883737139987816,000200-0028
scale-000200,qualification-synthetic,g,62029.0,19.961418538900773,0.9059856673090928,000200-0029
scale-000200,qualification-synthetic,g,62030.0,19.109908970034606,0.8857083298834018,000200-0030
scale-000200,qualification-synthetic,g,62031.0,20.57311125604169,1.1644735270975102,000200-0031
scale-000201,qualification-synthetic,g,62000.0,19.466384305739037,0.8709564411850212,000201-0000
scale-000201,qualification-synthetic,g,62001.0,21.55365762057225,0.8820932652876491,000201-0001
scale-000201,qualification-synthetic,g,62002.0,19.364426163701964,1.1690457588265142,000201-0002
scale-000201,qualification-synthetic,g,62003.0,21.30728984839518,1.063610667290674,000201-0003
scale-000201,qualification-synthetic,g,62004.0,19.036620036581102,1.178818119110119,000201-0004
scale-000201,qualification-synthetic,g,62005.0,18.982099301718936,0.9162092719243496,000201-0005
scale-000201,qualification-synthetic,g,62006.0,19.18980595237536,1.127692283096048,000201-0006
scale-000201,qualification-synthetic,g,62007.0,21.06165970669456,0.9027643461452336,000201-0007
scale-000201,qualification-synthetic,g,62008.0,19.890948376982436,0.8455342693247713,000201-0008
scale-000201,qualification-synthetic,g,62009.0,19.387527820681978,0.9447516292037714,000201-0009
scale-000201,qualification-synthetic,g,62010.0,20.68712142415223,0.8415482277667203,000201-0010
scale-000201,qualification-synthetic,g,62011.0,18.870957443228498,1.0166540182757693,000201-0011
scale-000201,qualification-synthetic,g,62012.0,21.15483780332121,1.1033921275981113,000201-0012
scale-000201,qualification-synthetic,g,62013.0,19.69812350486606,1.0489362727716864,000201-0013
scale-000201,qualification-synthetic,g,62014.0,21.02783686995712,0.8446841198511842,000201-0014
scale-000201,qualification-synthetic,g,62015.0,19.69522831160472,1.053515986487277,000201-0015
scale-000201,qualification-synthetic,g,62016.0,19.013558647030667,1.1552677284345017,000201-0016
scale-000201,qualification-synthetic,g,62017.0,17.276944681406214,0.9966171414255625,000201-0017
scale-000201,qualification-synthetic,g,62018.0,17.918567053027072,1.056450708620973,000201-0018
scale-000201,qualification-synthetic,g,62019.0,21.18967872544034,0.8169078743274948,000201-0019
scale-000201,qualification-synthetic,g,62020.0,19.27356229949173,0.8523473305506154,000201-0020
scale-000201,qualification-synthetic,g,62021.0,23.38030941831133,1.046928186921674,000201-0021
scale-000201,qualification-synthetic,g,62022.0,18.822062858291144,0.8143979441250225,000201-0022
scale-000201,qualification-synthetic,g,62023.0,19.258607776224903,0.9532958758877392,000201-0023
scale-000201,qualification-synthetic,g,62024.0,19.370452523611238,0.8055866143180628,000201-0024
scale-000201,qualification-synthetic,g,62025.0,19.808941121505843,0.8396884949468929,000201-0025
scale-000201,qualification-synthetic,g,62026.0,19.529277495111977,1.0076362749165084,000201-0026
scale-000201,qualification-synthetic,g,62027.0,18.24417538002128,1.1680961064258706,000201-0027
scale-000201,qualification-synthetic,g,62028.0,20.92133126790656,1.1341755588764684,000201-0028
scale-000201,qualification-synthetic,g,62029.0,22.425537114990753,1.0020414731596714,000201-0029
scale-000201,qualification-synthetic,g,62030.0,20.639844031913746,0.8806578844835382,000201-0030
scale-000201,qualification-synthetic,g,62031.0,18.6613326202117,0.9485188444674574,000201-0031
scale-000202,qualification-synthetic,g,62000.0,20.632439305862828,1.1422999925029107,000202-0000
scale-000202,qualification-synthetic,g,62001.0,20.566041788399957,1.0053995307889958,000202-0001
scale-000202,qualification-synthetic,g,62002.0,20.158635796341226,1.0187848261511878,000202-0002
scale-000202,qualification-synthetic,g,62003.0,18.954825811570437,1.0985005766249873,000202-0003
scale-000202,qualification-synthetic,g,62004.0,19.021644577298208,1.048083149698308,000202-0004
scale-000202,qualification-synthetic,g,62005.0,19.33803278867645,0.9554197901790888,000202-0005
scale-000202,qualification-synthetic,g,62006.0,21.81227126994815,0.8526832016868621,000202-0006
scale-000202,qualification-synthetic,g,62007.0,19.468149403006414,1.1905724611062394,000202-0007
scale-000202,qualification-synthetic,g,62008.0,21.207530373258294,1.091649939367706,000202-0008
scale-000202,qualification-synthetic,g,62009.0,22.148039325427476,1.0018398127981394,000202-0009
scale-000202,qualification-synthetic,g,62010.0,17.515647434207736,1.1647673200927342,000202-0010
scale-000202,qualification-synthetic,g,62011.0,20.62712554460703,0.8092292798385666,000202-0011
scale-000202,qualification-synthetic,g,62012.0,20.906418934117553,0.9093913045496994,000202-0012
scale-000202,qualification-synthetic,g,62013.0,19.629434335498267,1.0625571597461425,000202-0013
scale-000202,qualification-synthetic,g,62014.0,19.79764400748918,0.9380400024784207,000202-0014
scale-000202,qualification-synthetic,g,62015.0,18.98032964141827,1.0919007931576006,000202-0015
scale-000202,qualification-synthetic,g,62016.0,21.08644700723392,1.1699365482369042,000202-0016
scale-000202,qualification-synthetic,g,62017.0,19.814387559832838,1.145906575005886,000202-0017
scale-000202,qualification-synthetic,g,62018.0,19.735611009888363,1.1120791569399822,000202-0018
scale-000202,qualification-synthetic,g,62019.0,18.674430356912097,0.8699747454905985,000202-0019
scale-000202,qualification-synthetic,g,62020.0,21.39225682246097,1.1213279537854033,000202-0020
scale-000202,qualification-synthetic,g,62021.0,19.610177760619294,0.8782141676026335,000202-0021
scale-000202,qualification-synthetic,g,62022.0,20.372815222303327,0.827852770346255,000202-0022
scale-000202,qualification-synthetic,g,62023.0,20.097688514402748,1.0135259815135014,000202-0023
scale-000202,qualification-synthetic,g,62024.0,18.471412803686576,0.9731079764629024,000202-0024
scale-000202,qualification-synthetic,g,62025.0,20.240111193380315,0.9737137313375339,000202-0025
scale-000202,qualification-synthetic,g,62026.0,19.624359287342212,1.151280251061763,000202-0026
scale-000202,qualification-synthetic,g,62027.0,19.537827161785927,0.9179567469655645,000202-0027
scale-000202,qualification-synthetic,g,62028.0,22.055900417255856,0.9949281603431883,000202-0028
scale-000202,qualification-synthetic,g,62029.0,19.326613936422095,1.1422210133905615,000202-0029
scale-000202,qualification-synthetic,g,62030.0,19.6216046195093,1.1932322013903016,000202-0030
scale-000202,qualification-synthetic,g,62031.0,19.802504975370002,1.1423905216135064,000202-0031
scale-000203,qualification-synthetic,g,62000.0,19.890899477787148,1.0799117523176307,000203-0000
scale-000203,qualification-synthetic,g,62001.0,22.32912755023669,1.1623890475488716,000203-0001
scale-000203,qualification-synthetic,g,62002.0,21.63579330268327,0.8845035254250181,000203-0002
scale-000203,qualification-synthetic,g,62003.0,19.271637059961083,1.1686273437771661,000203-0003
scale-000203,qualification-synthetic,g,62004.0,18.387635382811997,1.093818064933265,000203-0004
scale-000203,qualification-synthetic,g,62005.0,20.07186207763495,1.1382566204518754,000203-0005
scale-000203,qualification-synthetic,g,62006.0,20.498662182271737,1.000518553720297,000203-0006
scale-000203,qualification-synthetic,g,62007.0,22.40468343180379,1.036973310750661,000203-0007
scale-000203,qualification-synthetic,g,62008.0,20.831761065487814,0.8165675373707996,000203-0008
scale-000203,qualification-synthetic,g,62009.0,19.353127797688682,0.8192237075197152,000203-0009
scale-000203,qualification-synthetic,g,62010.0,20.76457274289841,1.080659335560027,000203-0010
scale-000203,qualification-synthetic,g,62011.0,21.629172697284922,1.1324756065689243,000203-0011
scale-000203,qualification-synthetic,g,62012.0,19.81390321927054,1.125888253539735,000203-0012
scale-000203,qualification-synthetic,g,62013.0,17.516651242562318,1.1988582468416635,000203-0013
scale-000203,qualification-synthetic,g,62014.0,19.012342790524755,1.1060186085679409,000203-0014
scale-000203,qualification-synthetic,g,62015.0,20.340725553309067,0.8982538484932467,000203-0015
scale-000203,qualification-synthetic,g,62016.0,20.967149810899844,0.9417563636906207,000203-0016
scale-000203,qualification-synthetic,g,62017.0,19.81778839330377,1.144585640476677,000203-0017
scale-000203,qualification-synthetic,g,62018.0,20.71440156866263,1.103728312716583,000203-0018
scale-000203,qualification-synthetic,g,62019.0,21.03010818646892,1.076241083662627,000203-0019
scale-000203,qualification-synthetic,g,62020.0,19.096777348719186,1.171419377326719,000203-0020
scale-000203,qualification-synthetic,g,62021.0,19.265305090380206,0.9270738571942573,000203-0021
scale-000203,qualification-synthetic,g,62022.0,19.817294146212046,1.165132118827713,000203-0022
scale-000203,qualification-synthetic,g,62023.0,18.921645911026577,1.1919032836861598,000203-0023
scale-000203,qualification-synthetic,g,62024.0,19.168580322316714,1.1119441125628533,000203-0024
scale-000203,qualification-synthetic,g,62025.0,20.562945694474163,0.9773251220854907,000203-0025
scale-000203,qualification-synthetic,g,62026.0,18.865893114441363,1.1772802501653095,000203-0026
scale-000203,qualification-synthetic,g,62027.0,19.769585027299474,1.018328111361782,000203-0027
scale-000203,qualification-synthetic,g,62028.0,19.270214154167377,0.9676080832076839,000203-0028
scale-000203,qualification-synthetic,g,62029.0,19.42346821059867,1.1496467681335807,000203-0029
scale-000203,qualification-synthetic,g,62030.0,19.730065001739433,0.8041859432679245,000203-0030
scale-000203,qualification-synthetic,g,62031.0,20.417015046543447,1.032032598990283,000203-0031
scale-000204,qualification-synthetic,g,62000.0,20.781987602835304,1.0673123126030286,000204-0000
scale-000204,qualification-synthetic,g,62001.0,21.336862618376028,1.1951751286813355,000204-0001
scale-000204,qualification-synthetic,g,62002.0,19.71695076864081,0.9165358402354506,000204-0002
scale-000204,qualification-synthetic,g,62003.0,20.720200991399064,0.9113351193648852,000204-0003
scale-000204,qualification-synthetic,g,62004.0,20.115916792192166,1.0798986717119547,000204-0004
scale-000204,qualification-synthetic,g,62005.0,19.937075788537456,0.9043848138516453,000204-0005
scale-000204,qualification-synthetic,g,62006.0,20.51315903827553,0.8911702889925424,000204-0006
scale-000204,qualification-synthetic,g,62007.0,19.05351360151585,0.8061059824704582,000204-0007
scale-000204,qualification-synthetic,g,62008.0,19.48261416958557,1.035017473208999,000204-0008
scale-000204,qualification-synthetic,g,62009.0,21.36536240489483,0.9896353445921489,000204-0009
scale-000204,qualification-synthetic,g,62010.0,21.32792848648794,1.1559424390694375,000204-0010
scale-000204,qualification-synthetic,g,62011.0,19.23854710502662,1.1094513040966127,000204-0011
scale-000204,qualification-synthetic,g,62012.0,19.816003814958794,0.9396368408636224,000204-0012
scale-000204,qualification-synthetic,g,62013.0,19.704773829506877,1.1836774665662328,000204-0013
scale-000204,qualification-synthetic,g,62014.0,19.117458799149038,0.8491783207562675,000204-0014
scale-000204,qualification-synthetic,g,62015.0,19.02397746770717,1.1124021540071778,000204-0015
scale-000204,qualification-synthetic,g,62016.0,20.390896066450594,0.9115287354670913,000204-0016
scale-000204,qualification-synthetic,g,62017.0,21.591935931646617,0.9949153192071228,000204-0017
scale-000204,qualification-synthetic,g,62018.0,20.30888254214419,1.0092709502233128,000204-0018
scale-000204,qualification-synthetic,g,62019.0,18.959814145721676,0.8335706852682024,000204-0019
scale-000204,qualification-synthetic,g,62020.0,20.72953622970598,1.1736093694956489,000204-0020
scale-000204,qualification-synthetic,g,62021.0,20.664490471835066,1.1421431446061547,000204-0021
scale-000204,qualification-synthetic,g,62022.0,18.944661081226037,1.0990584431045207,000204-0022
scale-000204,qualification-synthetic,g,62023.0,21.48953375187311,0.8305612678571042,000204-0023
scale-000204,qualification-synthetic,g,62024.0,20.2765326098818,1.136537715257035,000204-0024
scale-000204,qualification-synthetic,g,62025.0,20.981892187080703,0.9153313542576313,000204-0025
scale-000204,qualification-synthetic,g,62026.0,20.333409560589267,0.8692603977473414,000204-0026
scale-000204,qualification-synthetic,g,62027.0,17.639366222775227,1.1026559933576803,000204-0027
scale-000204,qualification-synthetic,g,62028.0,20.290768482510835,1.0963667946140658,000204-0028
scale-000204,qualification-synthetic,g,62029.0,19.588736743680368,1.157422162062607,000204-0029
scale-000204,qualification-synthetic,g,62030.0,22.199973817671587,1.0499812691713428,000204-0030
scale-000204,qualification-synthetic,g,62031.0,20.922196952598956,0.8587957663175078,000204-0031
scale-000205,qualification-synthetic,g,62000.0,20.138535024618513,1.0975906980912766,000205-0000
scale-000205,qualification-synthetic,g,62001.0,19.315898764533067,0.8251974282368397,000205-0001
scale-000205,qualification-synthetic,g,62002.0,20.276607442300776,0.8449233001279918,000205-0002
scale-000205,qualification-synthetic,g,62003.0,19.431553838113825,0.8439684791192913,000205-0003
scale-000205,qualification-synthetic,g,62004.0,20.467888391369204,0.8311175349340878,000205-0004
scale-000205,qualification-synthetic,g,62005.0,17.91241783302309,0.9857270225719542,000205-0005
scale-000205,qualification-synthetic,g,62006.0,19.598645033792714,0.9278001880135985,000205-0006
scale-000205,qualification-synthetic,g,62007.0,20.00335848605569,0.9596536813631832,000205-0007
scale-000205,qualification-synthetic,g,62008.0,17.5546027802436,1.0994980563498382,000205-0008
scale-000205,qualification-synthetic,g,62009.0,21.097448895818065,0.9144363243643747,000205-0009
scale-000205,qualification-synthetic,g,62010.0,21.099044808345354,1.195812141370758,000205-0010
scale-000205,qualification-synthetic,g,62011.0,20.00077324241739,0.867057964929301,000205-0011
scale-000205,qualification-synthetic,g,62012.0,20.43000155013503,0.809631473775673,000205-0012
scale-000205,qualification-synthetic,g,62013.0,21.086858621683522,0.9529614587440165,000205-0013
scale-000205,qualification-synthetic,g,62014.0,21.4129144505668,1.1962279392616133,000205-0014
scale-000205,qualification-synthetic,g,62015.0,21.228043098195663,1.081880292160544,000205-0015
scale-000205,qualification-synthetic,g,62016.0,18.638990884754143,0.9010920200255269,000205-0016
scale-000205,qualification-synthetic,g,62017.0,19.929929941083508,1.175154074089796,000205-0017
scale-000205,qualification-synthetic,g,62018.0,16.03364931347927,1.0647365102202342,000205-0018
scale-000205,qualification-synthetic,g,62019.0,19.2933567994384,0.9108510697785847,000205-0019
scale-000205,qualification-synthetic,g,62020.0,17.14267739359891,0.9321261039538358,000205-0020
scale-000205,qualification-synthetic,g,62021.0,19.154162756683583,0.8962634064840982,000205-0021
scale-000205,qualification-synthetic,g,62022.0,19.19918578138038,0.9476462968779237,000205-0022
scale-000205,qualification-synthetic,g,62023.0,21.068288586343705,1.057275391097292,000205-0023
scale-000205,qualification-synthetic,g,62024.0,18.224478063882884,1.1812107810984234,000205-0024
scale-000205,qualification-synthetic,g,62025.0,21.584653622785957,0.8698140792368136,000205-0025
scale-000205,qualification-synthetic,g,62026.0,20.62656600846607,1.0840482937737759,000205-0026
scale-000205,qualification-synthetic,g,62027.0,20.204223332715046,0.9290741291256086,000205-0027
scale-000205,qualification-synthetic,g,62028.0,19.38151579888775,0.841256516466215,000205-0028
scale-000205,qualification-synthetic,g,62029.0,20.766107736441402,1.0545998925273758,000205-0029
scale-000205,qualification-synthetic,g,62030.0,19.66707559782505,1.1603911757869974,000205-0030
scale-000205,qualification-synthetic,g,62031.0,20.026528066436377,0.8443630457647313,000205-0031
scale-000206,qualification-synthetic,g,62000.0,20.013082044238026,0.8112925199256849,000206-0000
scale-000206,qualification-synthetic,g,62001.0,20.748655179888775,0.9027805367718832,000206-0001
scale-000206,qualification-synthetic,g,62002.0,20.315596468178473,0.816459482801981,000206-0002
scale-000206,qualification-synthetic,g,62003.0,20.047632596068286,1.1016223089603983,000206-0003
scale-000206,qualification-synthetic,g,62004.0,21.781520514722857,1.1644350924473832,000206-0004
scale-000206,qualification-synthetic,g,62005.0,20.464479836939898,0.8226721587352734,000206-0005
scale-000206,qualification-synthetic,g,62006.0,17.726249904855376,1.0845933985322231,000206-0006
scale-000206,qualification-synthetic,g,62007.0,20.76738758471008,0.93149578055531,000206-0007
scale-000206,qualification-synthetic,g,62008.0,20.683420554929455,1.1379249721185147,000206-0008
scale-000206,qualification-synthetic,g,62009.0,17.949105714493093,0.9331192437494568,000206-0009
scale-000206,qualification-synthetic,g,62010.0,20.95368934468655,1.1801176781506042,000206-0010
scale-000206,qualification-synthetic,g,62011.0,20.141324958224363,0.8796423178685288,000206-0011
scale-000206,qualification-synthetic,g,62012.0,17.466722794868744,0.964108532119706,000206-0012
scale-000206,qualification-synthetic,g,62013.0,21.16132497635772,1.1975735671283294,000206-0013
scale-000206,qualification-synthetic,g,62014.0,17.446948904751306,1.0194327295780905,000206-0014
scale-000206,qualification-synthetic,g,62015.0,20.99647218857585,1.0622371785956097,000206-0015
scale-000206,qualification-synthetic,g,62016.0,21.706025782929537,0.9879107897564746,000206-0016
scale-000206,qualification-synthetic,g,62017.0,16.784460903862357,1.0387765369714494,000206-0017
scale-000206,qualification-synthetic,g,62018.0,20.42319980334054,0.988447204222406,000206-0018
scale-000206,qualification-synthetic,g,62019.0,20.778254055100113,1.100367463774501,000206-0019
scale-000206,qualification-synthetic,g,62020.0,21.580199664136085,1.193599844946259,000206-0020
scale-000206,qualification-synthetic,g,62021.0,19.689650230341954,0.99637893148218,000206-0021
scale-000206,qualification-synthetic,g,62022.0,20.55632782407881,0.9288044927696697,000206-0022
scale-000206,qualification-synthetic,g,62023.0,19.782082044562024,0.9916680730462715,000206-0023
scale-000206,qualification-synthetic,g,62024.0,19.159454552725666,0.9729816331252599,000206-0024
scale-000206,qualification-synthetic,g,62025.0,18.237302617235855,1.1645060956145528,000206-0025
scale-000206,qualification-synthetic,g,62026.0,19.214485120576835,1.0207800664838504,000206-0026
scale-000206,qualification-synthetic,g,62027.0,21.028215550370486,1.1822337398173144,000206-0027
scale-000206,qualification-synthetic,g,62028.0,22.045734365042264,1.1866907158887254,000206-0028
scale-000206,qualification-synthetic,g,62029.0,18.273707973914295,0.9452528593315148,000206-0029
scale-000206,qualification-synthetic,g,62030.0,23.920030059210855,0.8413614787891683,000206-0030
scale-000206,qualification-synthetic,g,62031.0,19.771848522312986,1.0145718656630964,000206-0031
scale-000207,qualification-synthetic,g,62000.0,19.26746929008592,0.8299220021562509,000207-0000
scale-000207,qualification-synthetic,g,62001.0,19.992338392298755,0.9758825716479581,000207-0001
scale-000207,qualification-synthetic,g,62002.0,19.815612190012864,0.8413871874246307,000207-0002
scale-000207,qualification-synthetic,g,62003.0,22.552750034729726,0.9869512750102886,000207-0003
scale-000207,qualification-synthetic,g,62004.0,20.142364258212453,1.0055290076421715,000207-0004
scale-000207,qualification-synthetic,g,62005.0,20.8511131408151,0.910152402225761,000207-0005
scale-000207,qualification-synthetic,g,62006.0,19.656474901210498,1.0016750263460132,000207-0006
scale-000207,qualification-synthetic,g,62007.0,20.509893033495388,1.155546942064618,000207-0007
scale-000207,qualification-synthetic,g,62008.0,20.59018875799503,1.0888952199190285,000207-0008
scale-000207,qualification-synthetic,g,62009.0,19.405144824044815,1.1966782483325566,000207-0009
scale-000207,qualification-synthetic,g,62010.0,21.473785673440624,1.0206372151228,000207-0010
scale-000207,qualification-synthetic,g,62011.0,20.642340440464455,0.9331060535501272,000207-0011
scale-000207,qualification-synthetic,g,62012.0,19.461057199933524,0.8123522408254783,000207-0012
scale-000207,qualification-synthetic,g,62013.0,20.448851060035505,1.1800864107442472,000207-0013
scale-000207,qualification-synthetic,g,62014.0,19.978104149352774,0.8090786028930606,000207-0014
scale-000207,qualification-synthetic,g,62015.0,16.71343336518357,1.1098120110888767,000207-0015
scale-000207,qualification-synthetic,g,62016.0,20.045001925239895,1.1350109874864607,000207-0016
scale-000207,qualification-synthetic,g,62017.0,20.39975866913631,1.0543243370611948,000207-0017
scale-000207,qualification-synthetic,g,62018.0,20.54486163070204,1.1239962133459411,000207-0018
scale-000207,qualification-synthetic,g,62019.0,19.45126400867922,1.1341614518705043,000207-0019
scale-000207,qualification-synthetic,g,62020.0,20.211023476270576,0.9858532216158988,000207-0020
scale-000207,qualification-synthetic,g,62021.0,22.467105235018284,1.062985075538171,000207-0021
scale-000207,qualification-synthetic,g,62022.0,21.304374048126125,0.9115130647629963,000207-0022
scale-000207,qualification-synthetic,g,62023.0,20.03149545778734,0.8311694200944872,000207-0023
scale-000207,qualification-synthetic,g,62024.0,17.869286769942967,0.9849370826225626,000207-0024
scale-000207,qualification-synthetic,g,62025.0,19.006144131519065,1.0248645366714142,000207-0025
scale-000207,qualification-synthetic,g,62026.0,20.540482498604547,0.952213916881832,000207-0026
scale-000207,qualification-synthetic,g,62027.0,19.970034281447003,0.9222581140196279,000207-0027
scale-000207,qualification-synthetic,g,62028.0,20.988785158811233,1.0095288175150547,000207-0028
scale-000207,qualification-synthetic,g,62029.0,19.519132576190703,0.9401993463027151,000207-0029
scale-000207,qualification-synthetic,g,62030.0,22.064398153967435,1.1757868309895771,000207-0030
scale-000207,qualification-synthetic,g,62031.0,21.138816477919587,0.8728384076956257,000207-0031
scale-000208,qualification-synthetic,g,62000.0,20.94209289382406,0.8455761398663757,000208-0000
scale-000208,qualification-synthetic,g,62001.0,21.864512622207368,1.156449182852415,000208-0001
scale-000208,qualification-synthetic,g,62002.0,18.310432047641626,1.1373309546003767,000208-0002
scale-000208,qualification-synthetic,g,62003.0,20.81617594462472,1.0416504033284484,000208-0003
scale-000208,qualification-synthetic,g,62004.0,18.544539318017907,0.9581093260610041,000208-0004
scale-000208,qualification-synthetic,g,62005.0,18.81891681203787,0.8545589745337864,000208-0005
scale-000208,qualification-synthetic,g,62006.0,19.556697498973946,0.8755561198746725,000208-0006
scale-000208,qualification-synthetic,g,62007.0,18.53770948730037,0.9656698649328002,000208-0007
scale-000208,qualification-synthetic,g,62008.0,21.333387718711254,1.0229125505148229,000208-0008
scale-000208,qualification-synthetic,g,62009.0,19.286558243935488,0.8566569917799093,000208-0009
scale-000208,qualification-synthetic,g,62010.0,20.246741513483187,0.804941817682623,000208-0010
scale-000208,qualification-synthetic,g,62011.0,19.39232854480794,1.1665587798855488,000208-0011
scale-000208,qualification-synthetic,g,62012.0,18.96595874332523,1.0035706158575315,000208-0012
scale-000208,qualification-synthetic,g,62013.0,20.073309974231982,1.0797833238864087,000208-0013
scale-000208,qualification-synthetic,g,62014.0,18.943156245032128,1.1921708347088669,000208-0014
scale-000208,qualification-synthetic,g,62015.0,19.031124659651425,0.8218972389716059,000208-0015
scale-000208,qualification-synthetic,g,62016.0,20.948301304883064,1.1636324835454195,000208-0016
scale-000208,qualification-synthetic,g,62017.0,20.661698183628207,0.8888335315396622,000208-0017
scale-000208,qualification-synthetic,g,62018.0,22.0817331232336,1.0662000701934182,000208-0018
scale-000208,qualification-synthetic,g,62019.0,21.331440399142043,1.0288868947055814,000208-0019
scale-000208,qualification-synthetic,g,62020.0,19.380646706604225,0.9153437497780551,000208-0020
scale-000208,qualification-synthetic,g,62021.0,20.56313774803185,0.8431774003687172,000208-0021
scale-000208,qualification-synthetic,g,62022.0,19.627919476162635,1.1928878357835473,000208-0022
scale-000208,qualification-synthetic,g,62023.0,19.490614654400733,0.8449778769445441,000208-0023
scale-000208,qualification-synthetic,g,62024.0,20.552817717953886,0.8471986221392771,000208-0024
scale-000208,qualification-synthetic,g,62025.0,19.887926484169284,0.9059483550520625,000208-0025
scale-000208,qualification-synthetic,g,62026.0,20.292159635678942,0.8777828188137772,000208-0026
scale-000208,qualification-synthetic,g,62027.0,20.822121536993485,1.098507999784268,000208-0027
scale-000208,qualification-synthetic,g,62028.0,19.53216586789536,1.0864065326724917,000208-0028
scale-000208,qualification-synthetic,g,62029.0,22.450978309113875,1.1745998221638732,000208-0029
scale-000208,qualification-synthetic,g,62030.0,23.063130076837787,0.8934727276806903,000208-0030
scale-000208,qualification-synthetic,g,62031.0,22.564201254199936,1.065736565231418,000208-0031
scale-000209,qualification-synthetic,g,62000.0,20.078530021490952,0.8620814727499057,000209-0000
scale-000209,qualification-synthetic,g,62001.0,21.177590525340655,0.8605232411821374,000209-0001
scale-000209,qualification-synthetic,g,62002.0,20.128448317421434,1.1099040714448167,000209-0002
scale-000209,qualification-synthetic,g,62003.0,20.983487851375415,0.8933753415592603,000209-0003
scale-000209,qualification-synthetic,g,62004.0,18.964062154339338,1.0518970796742428,000209-0004
scale-000209,qualification-synthetic,g,62005.0,19.592350363167846,1.015351364426941,000209-0005
scale-000209,qualification-synthetic,g,62006.0,18.75538770621728,1.1754844187910476,000209-0006
scale-000209,qualification-synthetic,g,62007.0,22.411317571679312,0.8181097482561207,000209-0007
scale-000209,qualification-synthetic,g,62008.0,19.361949025836722,0.9867379406246382,000209-0008
scale-000209,qualification-synthetic,g,62009.0,15.473860727009349,1.1890910051952777,000209-0009
scale-000209,qualification-synthetic,g,62010.0,20.83989463380683,0.9785184958805979,000209-0010
scale-000209,qualification-synthetic,g,62011.0,20.32845759318602,0.9256531040421024,000209-0011
scale-000209,qualification-synthetic,g,62012.0,20.74985252688284,1.1138369784854858,000209-0012
scale-000209,qualification-synthetic,g,62013.0,20.092736336510683,0.999016295627625,000209-0013
scale-000209,qualification-synthetic,g,62014.0,21.00386887060848,0.9349398170088106,000209-0014
scale-000209,qualification-synthetic,g,62015.0,21.014966754678344,1.165797534875408,000209-0015
scale-000209,qualification-synthetic,g,62016.0,19.74341009737309,0.8324780901543349,000209-0016
scale-000209,qualification-synthetic,g,62017.0,19.2291517543411,0.9999997407291337,000209-0017
scale-000209,qualification-synthetic,g,62018.0,19.370616756581718,1.0991609197469119,000209-0018
scale-000209,qualification-synthetic,g,62019.0,21.000671718913967,0.9950051288108936,000209-0019
scale-000209,qualification-synthetic,g,62020.0,18.282009318679865,0.9893800123934564,000209-0020
scale-000209,qualification-synthetic,g,62021.0,19.244896621933364,0.8840131581890782,000209-0021
scale-000209,qualification-synthetic,g,62022.0,19.58824686899372,1.0616509525513966,000209-0022
scale-000209,qualification-synthetic,g,62023.0,20.478881419433414,1.022760964451269,000209-0023
scale-000209,qualification-synthetic,g,62024.0,20.094336128925363,0.8649616868956065,000209-0024
scale-000209,qualification-synthetic,g,62025.0,18.337315102270747,0.9201930296603392,000209-0025
scale-000209,qualification-synthetic,g,62026.0,20.142806216184486,1.1899432965373822,000209-0026
scale-000209,qualification-synthetic,g,62027.0,18.764212108579844,0.9727260298793718,000209-0027
scale-000209,qualification-synthetic,g,62028.0,20.930501538267205,1.124235049085921,000209-0028
scale-000209,qualification-synthetic,g,62029.0,19.928382249621944,1.0052095743104488,000209-0029
scale-000209,qualification-synthetic,g,62030.0,21.392823450926777,1.0720453515934714,000209-0030
scale-000209,qualification-synthetic,g,62031.0,19.964851535161692,1.1528955885772134,000209-0031
scale-000210,qualification-synthetic,g,62000.0,23.455171849456708,1.0621784055133499,000210-0000
scale-000210,qualification-synthetic,g,62001.0,21.83510657512763,0.892061134006316,000210-0001
scale-000210,qualification-synthetic,g,62002.0,20.131229362577546,0.9185053418007664,000210-0002
scale-000210,qualification-synthetic,g,62003.0,18.051357233990277,0.8651799024221086,000210-0003
scale-000210,qualification-synthetic,g,62004.0,21.20739044367241,1.0206373279670604,000210-0004
scale-000210,qualification-synthetic,g,62005.0,16.265496343706925,1.0619397626848477,000210-0005
scale-000210,qualification-synthetic,g,62006.0,21.19878464522374,1.1030519783755393,000210-0006
scale-000210,qualification-synthetic,g,62007.0,19.46729253893784,0.8565289316269751,000210-0007
scale-000210,qualification-synthetic,g,62008.0,20.580013223896632,1.1658027450651,000210-0008
scale-000210,qualification-synthetic,g,62009.0,19.57386348320759,0.9073789994898054,000210-0009
scale-000210,qualification-synthetic,g,62010.0,20.048466447440585,1.0155364603226906,000210-0010
scale-000210,qualification-synthetic,g,62011.0,19.01165631037198,0.8378547420383069,000210-0011
scale-000210,qualification-synthetic,g,62012.0,20.25005514776279,1.0862862736902792,000210-0012
scale-000210,qualification-synthetic,g,62013.0,19.561443444967338,0.9408467539113745,000210-0013
scale-000210,qualification-synthetic,g,62014.0,20.659566375885483,1.198645841693956,000210-0014
scale-000210,qualification-synthetic,g,62015.0,18.919225538207474,1.1738117878021337,000210-0015
scale-000210,qualification-synthetic,g,62016.0,20.083731087934996,0.9522507507564544,000210-0016
scale-000210,qualification-synthetic,g,62017.0,20.24349515535798,1.1696639184123738,000210-0017
scale-000210,qualification-synthetic,g,62018.0,19.186675898836775,0.8205548559589617,000210-0018
scale-000210,qualification-synthetic,g,62019.0,20.540088956798478,1.175272458891169,000210-0019
scale-000210,qualification-synthetic,g,62020.0,18.119830002095327,1.1426886958127904,000210-0020
scale-000210,qualification-synthetic,g,62021.0,19.41156234972957,0.9549791102323698,000210-0021
scale-000210,qualification-synthetic,g,62022.0,19.63354655054616,0.8117690677159728,000210-0022
scale-000210,qualification-synthetic,g,62023.0,19.46069960836668,1.0308015673920246,000210-0023
scale-000210,qualification-synthetic,g,62024.0,19.923488583159568,0.8396458477374651,000210-0024
scale-000210,qualification-synthetic,g,62025.0,20.247780081717487,1.0582335403743024,000210-0025
scale-000210,qualification-synthetic,g,62026.0,20.483744848862347,0.8697911982229501,000210-0026
scale-000210,qualification-synthetic,g,62027.0,19.987516907700904,0.8326407533602327,000210-0027
scale-000210,qualification-synthetic,g,62028.0,19.44738986108379,1.1576259482490672,000210-0028
scale-000210,qualification-synthetic,g,62029.0,22.251453299038594,0.957136945716696,000210-0029
scale-000210,qualification-synthetic,g,62030.0,20.6159857018746,0.9251854912118543,000210-0030
scale-000210,qualification-synthetic,g,62031.0,20.70846956486652,0.8036904612451686,000210-0031
scale-000211,qualification-synthetic,g,62000.0,25.23671634323065,1.1180661752100558,000211-0000
scale-000211,qualification-synthetic,g,62001.0,18.907376437075023,0.8110105583306262,000211-0001
scale-000211,qualification-synthetic,g,62002.0,20.839992923163397,0.9870963840883228,000211-0002
scale-000211,qualification-synthetic,g,62003.0,19.548127395555547,1.1758085284515083,000211-0003
scale-000211,qualification-synthetic,g,62004.0,20.247115955609445,1.0364988358114948,000211-0004
scale-000211,qualification-synthetic,g,62005.0,20.874602772588645,1.055906482330962,000211-0005
scale-000211,qualification-synthetic,g,62006.0,19.904124117570394,1.1338075297336272,000211-0006
scale-000211,qualification-synthetic,g,62007.0,20.556050987875988,1.1528633392671652,000211-0007
scale-000211,qualification-synthetic,g,62008.0,20.02423765197398,0.9454828289642508,000211-0008
scale-000211,qualification-synthetic,g,62009.0,21.178921752240132,0.9378375235287767,000211-0009
scale-000211,qualification-synthetic,g,62010.0,22.012180223510814,1.0454762913221225,000211-0010
scale-000211,qualification-synthetic,g,62011.0,20.192936478368225,1.152429191704798,000211-0011
scale-000211,qualification-synthetic,g,62012.0,19.960987783150497,0.9735286959168855,000211-0012
scale-000211,qualification-synthetic,g,62013.0,20.44299744915906,0.9792979106563685,000211-0013
scale-000211,qualification-synthetic,g,62014.0,21.10018324398075,1.0391714406172812,000211-0014
scale-000211,qualification-synthetic,g,62015.0,20.59650395450289,0.957446844398267,000211-0015
scale-000211,qualification-synthetic,g,62016.0,19.72441705447206,0.8211332942558641,000211-0016
scale-000211,qualification-synthetic,g,62017.0,21.507225401842017,1.0386093203563174,000211-0017
scale-000211,qualification-synthetic,g,62018.0,17.74590007972804,1.0347898035899554,000211-0018
scale-000211,qualification-synthetic,g,62019.0,20.063729064098833,1.0693996471700857,000211-0019
scale-000211,qualification-synthetic,g,62020.0,19.424014945805933,0.9527224214305153,000211-0020
scale-000211,qualification-synthetic,g,62021.0,18.916228961387056,1.0422222679854705,000211-0021
scale-000211,qualification-synthetic,g,62022.0,21.274510620424497,1.0305782029524369,000211-0022
scale-000211,qualification-synthetic,g,62023.0,21.095840406274384,1.0643732777797568,000211-0023
scale-000211,qualification-synthetic,g,62024.0,18.323414280675365,0.9871631201031317,000211-0024
scale-000211,qualification-synthetic,g,62025.0,20.37385630104763,0.9381834997849755,000211-0025
scale-000211,qualification-synthetic,g,62026.0,20.090860918289,1.0308370866511403,000211-0026
scale-000211,qualification-synthetic,g,62027.0,20.501156212813232,1.0700181864152907,000211-0027
scale-000211,qualification-synthetic,g,62028.0,20.370571608847914,1.0331292470234266,000211-0028
scale-000211,qualification-synthetic,g,62029.0,18.813313211504227,0.8992056547459912,000211-0029
scale-000211,qualification-synthetic,g,62030.0,21.248552001563628,1.1990763696148894,000211-0030
scale-000211,qualification-synthetic,g,62031.0,21.337019345715397,1.062865319698785,000211-0031
scale-000212,qualification-synthetic,g,62000.0,19.852791053785054,1.0464438785642953,000212-0000
scale-000212,qualification-synthetic,g,62001.0,18.976761711389365,1.0920463129733484,000212-0001
scale-000212,qualification-synthetic,g,62002.0,17.714260297192354,0.9138992529282766,000212-0002
scale-000212,qualification-synthetic,g,62003.0,20.06238780526756,0.8173221581838839,000212-0003
scale-000212,qualification-synthetic,g,62004.0,23.486746173372723,0.862120503261962,000212-0004
scale-000212,qualification-synthetic,g,62005.0,18.146468573979686,1.1468543917013923,000212-0005
scale-000212,qualification-synthetic,g,62006.0,19.298709204243398,1.0099817419445292,000212-0006
scale-000212,qualification-synthetic,g,62007.0,20.998010352710338,1.1273556892603276,000212-0007
scale-000212,qualification-synthetic,g,62008.0,20.210726894547424,1.0099055793164526,000212-0008
scale-000212,qualification-synthetic,g,62009.0,24.47665806987743,1.0261415741956694,000212-0009
scale-000212,qualification-synthetic,g,62010.0,21.093196510850472,1.0953310224857564,000212-0010
scale-000212,qualification-synthetic,g,62011.0,18.54229595898114,0.8674414016164557,000212-0011
scale-000212,qualification-synthetic,g,62012.0,19.742980218239854,0.9695051572068416,000212-0012
scale-000212,qualification-synthetic,g,62013.0,22.567928616218314,0.8461342047092257,000212-0013
scale-000212,qualification-synthetic,g,62014.0,20.519881156786877,0.920856493271956,000212-0014
scale-000212,qualification-synthetic,g,62015.0,21.212999023262714,1.1997699442854173,000212-0015
scale-000212,qualification-synthetic,g,62016.0,20.064026314175923,1.0398159062055956,000212-0016
scale-000212,qualification-synthetic,g,62017.0,20.769276296903143,0.9658910300685141,000212-0017
scale-000212,qualification-synthetic,g,62018.0,19.6225836904519,1.1432796012946973,000212-0018
scale-000212,qualification-synthetic,g,62019.0,19.3999102390871,1.1311413346290482,000212-0019
scale-000212,qualification-synthetic,g,62020.0,19.6705984519148,1.182721817188854,000212-0020
scale-000212,qualification-synthetic,g,62021.0,20.04598754506224,1.0869627256488144,000212-0021
scale-000212,qualification-synthetic,g,62022.0,21.477810972662702,1.0052987921138183,000212-0022
scale-000212,qualification-synthetic,g,62023.0,20.04414034855068,1.102152931984874,000212-0023
scale-000212,qualification-synthetic,g,62024.0,21.394566585134825,0.98513560387112,000212-0024
scale-000212,qualification-synthetic,g,62025.0,19.797718692541924,1.048260216529435,000212-0025
scale-000212,qualification-synthetic,g,62026.0,22.847906155624845,0.9204462063692246,000212-0026
scale-000212,qualification-synthetic,g,62027.0,20.06822873886878,0.9622015417852068,000212-0027
scale-000212,qualification-synthetic,g,62028.0,16.61579106977327,0.9385050868481449,000212-0028
scale-000212,qualification-synthetic,g,62029.0,19.28298493319531,1.0756039622055504,000212-0029
scale-000212,qualification-synthetic,g,62030.0,19.91444432709172,0.9259196571194238,000212-0030
scale-000212,qualification-synthetic,g,62031.0,18.438912259804834,0.8470379535641204,000212-0031
scale-000213,qualification-synthetic,g,62000.0,20.04983829270837,1.1210428958733065,000213-0000
scale-000213,qualification-synthetic,g,62001.0,18.127855310462753,0.8142992307792474,000213-0001
scale-000213,qualification-synthetic,g,62002.0,19.741351011601317,1.144562096113221,000213-0002
scale-000213,qualification-synthetic,g,62003.0,20.427379854333562,1.099778004995314,000213-0003
scale-000213,qualification-synthetic,g,62004.0,18.52592217776375,1.1708423543650008,000213-0004
scale-000213,qualification-synthetic,g,62005.0,19.528955477874334,1.0273217554187701,000213-0005
scale-000213,qualification-synthetic,g,62006.0,20.1790660488302,0.9837599544781906,000213-0006
scale-000213,qualification-synthetic,g,62007.0,19.515156391443057,0.8624780102057227,000213-0007
scale-000213,qualification-synthetic,g,62008.0,19.55905988985982,1.1555080146538959,000213-0008
scale-000213,qualification-synthetic,g,62009.0,20.315774035603305,0.9151552383596263,000213-0009
scale-000213,qualification-synthetic,g,62010.0,20.45056680399023,1.0707407167151635,000213-0010
scale-000213,qualification-synthetic,g,62011.0,20.117449951074608,0.8306204308450451,000213-0011
scale-000213,qualification-synthetic,g,62012.0,19.864750659402617,1.0945703362678945,000213-0012
scale-000213,qualification-synthetic,g,62013.0,20.0233702090218,0.8844318173024605,000213-0013
scale-000213,qualification-synthetic,g,62014.0,20.091491676791684,1.0749643366488335,000213-0014
scale-000213,qualification-synthetic,g,62015.0,19.731649295789502,1.1479509508786838,000213-0015
scale-000213,qualification-synthetic,g,62016.0,20.17858667350673,1.1908668871187469,000213-0016
scale-000213,qualification-synthetic,g,62017.0,18.69030237858273,1.012273498770834,000213-0017
scale-000213,qualification-synthetic,g,62018.0,19.428474212021328,0.8786627726515014,000213-0018
scale-000213,qualification-synthetic,g,62019.0,18.582829432958082,0.9168773941700078,000213-0019
scale-000213,qualification-synthetic,g,62020.0,20.170372743781247,1.1199249888539027,000213-0020
scale-000213,qualification-synthetic,g,62021.0,19.833571507974952,0.9869892402676148,000213-0021
scale-000213,qualification-synthetic,g,62022.0,21.832116525621128,0.8927220926584142,000213-0022
scale-000213,qualification-synthetic,g,62023.0,17.569874818064534,1.0738662765647038,000213-0023
scale-000213,qualification-synthetic,g,62024.0,19.251355831231503,1.1630088057493975,000213-0024
scale-000213,qualification-synthetic,g,62025.0,20.136843531299224,1.0497157043439342,000213-0025
scale-000213,qualification-synthetic,g,62026.0,20.50098139689198,0.8803542388270506,000213-0026
scale-000213,qualification-synthetic,g,62027.0,19.995420483601404,0.8087154584788855,000213-0027
scale-000213,qualification-synthetic,g,62028.0,19.990448923996837,1.178362681775237,000213-0028
scale-000213,qualification-synthetic,g,62029.0,20.77767646196852,0.9639796110571414,000213-0029
scale-000213,qualification-synthetic,g,62030.0,19.107151937673272,1.1900710692104084,000213-0030
scale-000213,qualification-synthetic,g,62031.0,18.7198208108327,0.9340221112851821,000213-0031
scale-000214,qualification-synthetic,g,62000.0,20.473662758078177,0.9728298303486074,000214-0000
scale-000214,qualification-synthetic,g,62001.0,20.858502023042035,1.1033275161597256,000214-0001
scale-000214,qualification-synthetic,g,62002.0,20.28983443881978,0.8803337086896753,000214-0002
scale-000214,qualification-synthetic,g,62003.0,19.394311368187168,0.8956711514474055,000214-0003
scale-000214,qualification-synthetic,g,62004.0,20.563772287719125,1.0830101753009018,000214-0004
scale-000214,qualification-synthetic,g,62005.0,19.619433265333655,1.1429852982400153,000214-0005
scale-000214,qualification-synthetic,g,62006.0,20.65842994040654,0.9972389216035984,000214-0006
scale-000214,qualification-synthetic,g,62007.0,18.73964903758004,0.8775550030327793,000214-0007
scale-000214,qualification-synthetic,g,62008.0,19.89150128950933,1.1557679708453703,000214-0008
scale-000214,qualification-synthetic,g,62009.0,20.878580466381703,1.1500586758980664,000214-0009
scale-000214,qualification-synthetic,g,62010.0,19.34795883340097,1.1469585871633343,000214-0010
scale-000214,qualification-synthetic,g,62011.0,19.23557870861626,1.1246540273193222,000214-0011
scale-000214,qualification-synthetic,g,62012.0,19.283060828966338,0.954804915178873,000214-0012
scale-000214,qualification-synthetic,g,62013.0,20.92650187700072,1.162680139461323,000214-0013
scale-000214,qualification-synthetic,g,62014.0,18.665628450671488,1.117373085892996,000214-0014
scale-000214,qualification-synthetic,g,62015.0,19.820570646499803,0.9078037567432874,000214-0015
scale-000214,qualification-synthetic,g,62016.0,17.160002655047343,1.1580968607601505,000214-0016
scale-000214,qualification-synthetic,g,62017.0,20.1502691268858,0.9229971031981045,000214-0017
scale-000214,qualification-synthetic,g,62018.0,20.113094420894413,0.8231931838317337,000214-0018
scale-000214,qualification-synthetic,g,62019.0,19.791052761500787,1.0508738445338133,000214-0019
scale-000214,qualification-synthetic,g,62020.0,20.316844992075264,1.1431136694876778,000214-0020
scale-000214,qualification-synthetic,g,62021.0,20.627846444665582,1.1253076620497218,000214-0021
scale-000214,qualification-synthetic,g,62022.0,20.503098918701433,1.1421230406803955,000214-0022
scale-000214,qualification-synthetic,g,62023.0,19.54082250887986,1.0762395672441258,000214-0023
scale-000214,qualification-synthetic,g,62024.0,19.121981220838833,1.105681625703293,000214-0024
scale-000214,qualification-synthetic,g,62025.0,19.665782723586727,0.9395280501377695,000214-0025
scale-000214,qualification-synthetic,g,62026.0,20.54367827918962,0.8493619079215688,000214-0026
scale-000214,qualification-synthetic,g,62027.0,19.621241274174146,0.9221963858737299,000214-0027
scale-000214,qualification-synthetic,g,62028.0,21.478775696656562,1.1807095498823128,000214-0028
scale-000214,qualification-synthetic,g,62029.0,18.61953379657935,1.1442866527123465,000214-0029
scale-000214,qualification-synthetic,g,62030.0,20.12768028243644,0.8553338428542954,000214-0030
scale-000214,qualification-synthetic,g,62031.0,19.666841348922237,0.8549246562542305,000214-0031
scale-000215,qualification-synthetic,g,62000.0,19.54079677152148,0.8714952611208141,000215-0000
scale-000215,qualification-synthetic,g,62001.0,18.435272684078008,1.1482636684627465,000215-0001
scale-000215,qualification-synthetic,g,62002.0,19.51740015144288,0.8295619078327767,000215-0002
scale-000215,qualification-synthetic,g,62003.0,20.760816086646525,1.0549110555536194,000215-0003
scale-000215,qualification-synthetic,g,62004.0,19.89886893798956,0.9740684516461579,000215-0004
scale-000215,qualification-synthetic,g,62005.0,18.707942883872644,0.9633486485480943,000215-0005
scale-000215,qualification-synthetic,g,62006.0,18.4279715172859,1.1534856097086879,000215-0006
scale-000215,qualification-synthetic,g,62007.0,23.715087731270227,0.8885197534603866,000215-0007
scale-000215,qualification-synthetic,g,62008.0,19.781062372019495,1.0295988577660504,000215-0008
scale-000215,qualification-synthetic,g,62009.0,20.098735621953534,0.9061695460516848,000215-0009
scale-000215,qualification-synthetic,g,62010.0,18.30696322495313,0.8809842237716076,000215-0010
scale-000215,qualification-synthetic,g,62011.0,18.75121976977547,0.9800797807048496,000215-0011
scale-000215,qualification-synthetic,g,62012.0,20.31983124554281,0.9178653396673876,000215-0012
scale-000215,qualification-synthetic,g,62013.0,20.11263399519524,0.9896232961765503,000215-0013
scale-000215,qualification-synthetic,g,62014.0,20.378986185145912,0.9333055255257104,000215-0014
scale-000215,qualification-synthetic,g,62015.0,19.63161452447113,0.9499204884808613,000215-0015
scale-000215,qualification-synthetic,g,62016.0,20.1231630945789,0.8463985269823308,000215-0016
scale-000215,qualification-synthetic,g,62017.0,26.74143642800212,1.1446509823602344,000215-0017
scale-000215,qualification-synthetic,g,62018.0,20.286545396984696,1.0743469643103802,000215-0018
scale-000215,qualification-synthetic,g,62019.0,19.536969452464653,0.8814823656691847,000215-0019
scale-000215,qualification-synthetic,g,62020.0,19.67095886270944,1.0979936347630581,000215-0020
scale-000215,qualification-synthetic,g,62021.0,21.112142234578197,1.1774610893882596,000215-0021
scale-000215,qualification-synthetic,g,62022.0,20.450962031490697,0.8065949939208148,000215-0022
scale-000215,qualification-synthetic,g,62023.0,20.665573251697253,0.9908635422888219,000215-0023
scale-000215,qualification-synthetic,g,62024.0,21.432926574954354,1.1634181629812044,000215-0024
scale-000215,qualification-synthetic,g,62025.0,18.861285764749407,0.8021011743499928,000215-0025
scale-000215,qualification-synthetic,g,62026.0,20.985657271590533,1.1719331019522203,000215-0026
scale-000215,qualification-synthetic,g,62027.0,19.9718755725904,0.9318379546647627,000215-0027
scale-000215,qualification-synthetic,g,62028.0,20.128455160366936,1.1095120704244812,000215-0028
scale-000215,qualification-synthetic,g,62029.0,21.491468099474915,0.990333893418978,000215-0029
scale-000215,qualification-synthetic,g,62030.0,20.937832652605554,1.122822348548921,000215-0030
scale-000215,qualification-synthetic,g,62031.0,19.063528808366037,0.9568055511188549,000215-0031
scale-000216,qualification-synthetic,g,62000.0,17.456869908988953,1.186412123245695,000216-0000
scale-000216,qualification-synthetic,g,62001.0,21.021661319991754,1.1725676099473243,000216-0001
scale-000216,qualification-synthetic,g,62002.0,20.904151426390595,1.0411010939335956,000216-0002
scale-000216,qualification-synthetic,g,62003.0,20.90349774096041,1.014756002395181,000216-0003
scale-000216,qualification-synthetic,g,62004.0,21.53097362725283,0.9038482843251513,000216-0004
scale-000216,qualification-synthetic,g,62005.0,21.225122966519585,0.8745618118519675,000216-0005
scale-000216,qualification-synthetic,g,62006.0,19.119118436313187,1.1700320866790475,000216-0006
scale-000216,qualification-synthetic,g,62007.0,18.08512991749455,1.045750721372758,000216-0007
scale-000216,qualification-synthetic,g,62008.0,18.75685310904553,1.0720076426558423,000216-0008
scale-000216,qualification-synthetic,g,62009.0,21.533299241237128,1.0365453199312071,000216-0009
scale-000216,qualification-synthetic,g,62010.0,18.70219987537574,0.9050326746262521,000216-0010
scale-000216,qualification-synthetic,g,62011.0,19.505277174008427,1.0967053415927703,000216-0011
scale-000216,qualification-synthetic,g,62012.0,19.986803140647837,1.0302877739568828,000216-0012
scale-000216,qualification-synthetic,g,62013.0,20.0907822007197,1.0094819431737452,000216-0013
scale-000216,qualification-synthetic,g,62014.0,21.127340823209682,1.0083498960918276,000216-0014
scale-000216,qualification-synthetic,g,62015.0,19.9639261389634,1.0991914349789909,000216-0015
scale-000216,qualification-synthetic,g,62016.0,19.65666732288609,0.9792863067478481,000216-0016
scale-000216,qualification-synthetic,g,62017.0,18.152550200744574,1.1353502325178408,000216-0017
scale-000216,qualification-synthetic,g,62018.0,20.088372263105878,1.0756962712840772,000216-0018
scale-000216,qualification-synthetic,g,62019.0,21.55115878692061,0.9776311830030813,000216-0019
scale-000216,qualification-synthetic,g,62020.0,19.809211984345584,1.037608862060196,000216-0020
scale-000216,qualification-synthetic,g,62021.0,20.257899659261067,1.0381031787527544,000216-0021
scale-000216,qualification-synthetic,g,62022.0,20.078660517582716,0.9397625847255933,000216-0022
scale-000216,qualification-synthetic,g,62023.0,20.43901061613479,1.001764702020736,000216-0023
scale-000216,qualification-synthetic,g,62024.0,21.993713014728442,1.1478478725558572,000216-0024
scale-000216,qualification-synthetic,g,62025.0,19.744861757092558,0.8453983934903915,000216-0025
scale-000216,qualification-synthetic,g,62026.0,19.104642988510633,0.9499137212577521,000216-0026
scale-000216,qualification-synthetic,g,62027.0,21.372864175467242,1.1642674004476452,000216-0027
scale-000216,qualification-synthetic,g,62028.0,18.686325503517285,0.9756766475524968,000216-0028
scale-000216,qualification-synthetic,g,62029.0,23.720016396197966,0.9915997871380234,000216-0029
scale-000216,qualification-synthetic,g,62030.0,21.309416881799663,0.9777399822079921,000216-0030
scale-000216,qualification-synthetic,g,62031.0,20.804544991061398,1.111217509782351,000216-0031
scale-000217,qualification-synthetic,g,62000.0,18.96358834604012,1.0434356006169545,000217-0000
scale-000217,qualification-synthetic,g,62001.0,21.0388309716155,1.051307376530706,000217-0001
scale-000217,qualification-synthetic,g,62002.0,13.766572996488431,1.1376146274637278,000217-0002
scale-000217,qualification-synthetic,g,62003.0,19.8373344452159,1.1532851604159755,000217-0003
scale-000217,qualification-synthetic,g,62004.0,19.471148437989083,0.9178627746207471,000217-0004
scale-000217,qualification-synthetic,g,62005.0,20.732242390281343,0.9141617884238661,000217-0005
scale-000217,qualification-synthetic,g,62006.0,20.7775883532086,1.0927633387461397,000217-0006
scale-000217,qualification-synthetic,g,62007.0,19.567379213547174,0.8451376199546891,000217-0007
scale-000217,qualification-synthetic,g,62008.0,21.3661953766627,1.0711958844718883,000217-0008
scale-000217,qualification-synthetic,g,62009.0,20.506310131313995,1.0985776291033607,000217-0009
scale-000217,qualification-synthetic,g,62010.0,23.94505102526218,1.1910683238419149,000217-0010
scale-000217,qualification-synthetic,g,62011.0,20.053026594797988,0.8134117980152186,000217-0011
scale-000217,qualification-synthetic,g,62012.0,16.823677076061465,1.140169010498521,000217-0012
scale-000217,qualification-synthetic,g,62013.0,19.87898268256332,0.8505887000988849,000217-0013
scale-000217,qualification-synthetic,g,62014.0,18.087362594444816,1.0223510011094752,000217-0014
scale-000217,qualification-synthetic,g,62015.0,16.80963365044768,1.1600647170388045,000217-0015
scale-000217,qualification-synthetic,g,62016.0,19.382908520057963,1.1697766964919638,000217-0016
scale-000217,qualification-synthetic,g,62017.0,19.957186943138446,0.9569995288102142,000217-0017
scale-000217,qualification-synthetic,g,62018.0,20.791617926764545,1.0742625083466426,000217-0018
scale-000217,qualification-synthetic,g,62019.0,21.902882947277423,1.1042931678068044,000217-0019
scale-000217,qualification-synthetic,g,62020.0,19.011305919157245,0.9561536300101343,000217-0020
scale-000217,qualification-synthetic,g,62021.0,19.964383309868833,1.0145974457103908,000217-0021
scale-000217,qualification-synthetic,g,62022.0,19.45634072130518,0.9228670320004528,000217-0022
scale-000217,qualification-synthetic,g,62023.0,18.86728211240886,0.9723237885380065,000217-0023
scale-000217,qualification-synthetic,g,62024.0,21.02643115147632,0.9730560501509531,000217-0024
scale-000217,qualification-synthetic,g,62025.0,19.93033810396156,1.0111895400017046,000217-0025
scale-000217,qualification-synthetic,g,62026.0,20.27123397368683,1.0490473774285902,000217-0026
scale-000217,qualification-synthetic,g,62027.0,20.803555590237963,0.8988736407313392,000217-0027
scale-000217,qualification-synthetic,g,62028.0,19.342287466890387,1.0055065355255883,000217-0028
scale-000217,qualification-synthetic,g,62029.0,21.254377679061903,1.1772173166262276,000217-0029
scale-000217,qualification-synthetic,g,62030.0,19.798638383325553,1.069858230037059,000217-0030
scale-000217,qualification-synthetic,g,62031.0,22.461548521636765,0.8264374344400419,000217-0031
scale-000218,qualification-synthetic,g,62000.0,20.06573576620945,0.8191923956593573,000218-0000
scale-000218,qualification-synthetic,g,62001.0,19.87567890621515,0.8408735034835887,000218-0001
scale-000218,qualification-synthetic,g,62002.0,19.74720729830496,1.0138378759115336,000218-0002
scale-000218,qualification-synthetic,g,62003.0,20.382802251602968,0.8416554172729916,000218-0003
scale-000218,qualification-synthetic,g,62004.0,19.814613447998706,1.0109380508431256,000218-0004
scale-000218,qualification-synthetic,g,62005.0,20.038925211940064,0.9014394300585958,000218-0005
scale-000218,qualification-synthetic,g,62006.0,19.258537557437254,0.9208402842746622,000218-0006
scale-000218,qualification-synthetic,g,62007.0,21.810194884884616,1.1548533340143738,000218-0007
scale-000218,qualification-synthetic,g,62008.0,20.25702466241885,0.9108048363526294,000218-0008
scale-000218,qualification-synthetic,g,62009.0,21.211423518339927,0.8587428983642814,000218-0009
scale-000218,qualification-synthetic,g,62010.0,17.868107263247897,1.1715754159847538,000218-0010
scale-000218,qualification-synthetic,g,62011.0,24.147919669581952,1.03087898561772,000218-0011
scale-000218,qualification-synthetic,g,62012.0,19.555028502746367,1.1034197014991014,000218-0012
scale-000218,qualification-synthetic,g,62013.0,18.92993892688917,1.1762685457145565,000218-0013
scale-000218,qualification-synthetic,g,62014.0,19.33665846493802,0.8487010032290303,000218-0014
scale-000218,qualification-synthetic,g,62015.0,26.27308322543803,1.065281820778818,000218-0015
scale-000218,qualification-synthetic,g,62016.0,20.047635597485236,1.0343573548805831,000218-0016
scale-000218,qualification-synthetic,g,62017.0,19.612923608146122,0.8789729627627957,000218-0017
scale-000218,qualification-synthetic,g,62018.0,20.013239443625807,0.8514705302207106,000218-0018
scale-000218,qualification-synthetic,g,62019.0,21.191277290474005,1.0720803237571883,000218-0019
scale-000218,qualification-synthetic,g,62020.0,19.756279765292188,1.1113451047104486,000218-0020
scale-000218,qualification-synthetic,g,62021.0,19.658570513678146,1.0803412594464994,000218-0021
scale-000218,qualification-synthetic,g,62022.0,20.40413906988892,0.928754213879129,000218-0022
scale-000218,qualification-synthetic,g,62023.0,19.397178634888775,0.9297647740109131,000218-0023
scale-000218,qualification-synthetic,g,62024.0,18.765511915064483,1.0899652807581994,000218-0024
scale-000218,qualification-synthetic,g,62025.0,21.356378127290782,1.0126708067720998,000218-0025
scale-000218,qualification-synthetic,g,62026.0,19.658951954762813,0.8255508236579229,000218-0026
scale-000218,qualification-synthetic,g,62027.0,19.440023501945646,0.813609913981455,000218-0027
scale-000218,qualification-synthetic,g,62028.0,20.208664427250056,0.9543376186704864,000218-0028
scale-000218,qualification-synthetic,g,62029.0,20.207060147933166,0.8190556312184074,000218-0029
scale-000218,qualification-synthetic,g,62030.0,20.062444378712655,0.9736472272854124,000218-0030
scale-000218,qualification-synthetic,g,62031.0,18.858835970849572,1.1904748380639028,000218-0031
scale-000219,qualification-synthetic,g,62000.0,20.796103683437103,1.0730604501038712,000219-0000
scale-000219,qualification-synthetic,g,62001.0,19.344751929216635,1.1017898038592553,000219-0001
scale-000219,qualification-synthetic,g,62002.0,20.341758990550158,1.0764455292321775,000219-0002
scale-000219,qualification-synthetic,g,62003.0,20.15236246084447,0.9971296319290717,000219-0003
scale-000219,qualification-synthetic,g,62004.0,19.7753560035996,0.8562645275083866,000219-0004
scale-000219,qualification-synthetic,g,62005.0,19.484979997410846,0.8628025446766091,000219-0005
scale-000219,qualification-synthetic,g,62006.0,21.65078077866953,0.8939569212078232,000219-0006
scale-000219,qualification-synthetic,g,62007.0,20.058762998760116,0.9181801828177906,000219-0007
scale-000219,qualification-synthetic,g,62008.0,18.879868892472864,1.1759943130475883,000219-0008
scale-000219,qualification-synthetic,g,62009.0,17.990925086644516,1.0973535132003385,000219-0009
scale-000219,qualification-synthetic,g,62010.0,20.207767551742734,1.0000056345849953,000219-0010
scale-000219,qualification-synthetic,g,62011.0,16.757441040800252,1.1752367778130264,000219-0011
scale-000219,qualification-synthetic,g,62012.0,21.674165203326204,1.0220773812697792,000219-0012
scale-000219,qualification-synthetic,g,62013.0,17.977021094036576,1.0476895850800643,000219-0013
scale-000219,qualification-synthetic,g,62014.0,21.197727977815912,0.9899438893657321,000219-0014
scale-000219,qualification-synthetic,g,62015.0,19.828752188548805,0.8687070400879444,000219-0015
scale-000219,qualification-synthetic,g,62016.0,22.38901133919596,1.132283554017221,000219-0016
scale-000219,qualification-synthetic,g,62017.0,17.815620052345263,1.0169073088274863,000219-0017
scale-000219,qualification-synthetic,g,62018.0,18.689578831925704,1.171115097457373,000219-0018
scale-000219,qualification-synthetic,g,62019.0,20.950052064869844,1.0223139680900286,000219-0019
scale-000219,qualification-synthetic,g,62020.0,20.678541487049433,0.8729924560445602,000219-0020
scale-000219,qualification-synthetic,g,62021.0,19.226568026608042,0.8245906293154343,000219-0021
scale-000219,qualification-synthetic,g,62022.0,19.52003034584378,0.956742653961582,000219-0022
scale-000219,qualification-synthetic,g,62023.0,20.45120311240574,0.9719224671316806,000219-0023
scale-000219,qualification-synthetic,g,62024.0,19.235371117191786,0.9622915590010696,000219-0024
scale-000219,qualification-synthetic,g,62025.0,17.65713662384274,0.9015618878241077,000219-0025
scale-000219,qualification-synthetic,g,62026.0,19.067728524232656,1.0005348530374363,000219-0026
scale-000219,qualification-synthetic,g,62027.0,20.172831784100687,0.8541654102649918,000219-0027
scale-000219,qualification-synthetic,g,62028.0,19.527610597969026,0.8527957582315783,000219-0028
scale-000219,qualification-synthetic,g,62029.0,20.931316067070473,1.1303598073812386,000219-0029
scale-000219,qualification-synthetic,g,62030.0,18.963688525014224,1.1956157872081754,000219-0030
scale-000219,qualification-synthetic,g,62031.0,19.87764579376525,1.0783132712567445,000219-0031
scale-000220,qualification-synthetic,g,62000.0,20.169884615028867,0.9700939699635587,000220-0000
scale-000220,qualification-synthetic,g,62001.0,21.5925384441157,0.8111094212681468,000220-0001
scale-000220,qualification-synthetic,g,62002.0,19.65628708969277,0.8571280675503248,000220-0002
scale-000220,qualification-synthetic,g,62003.0,19.224094205521055,0.9173957972293465,000220-0003
scale-000220,qualification-synthetic,g,62004.0,19.549191843166923,1.0259259448712694,000220-0004
scale-000220,qualification-synthetic,g,62005.0,20.36119127542848,1.1498818735793503,000220-0005
scale-000220,qualification-synthetic,g,62006.0,18.36941222145732,1.1989201668754503,000220-0006
scale-000220,qualification-synthetic,g,62007.0,20.502041591578504,0.9635983884029985,000220-0007
scale-000220,qualification-synthetic,g,62008.0,20.034136184591087,0.9192285887575001,000220-0008
scale-000220,qualification-synthetic,g,62009.0,19.85065108860179,1.0210206698988913,000220-0009
scale-000220,qualification-synthetic,g,62010.0,20.20983761573617,0.8822730660727951,000220-0010
scale-000220,qualification-synthetic,g,62011.0,18.01159097591897,1.05549374446809,000220-0011
scale-000220,qualification-synthetic,g,62012.0,19.59218548955347,0.8533986035638026,000220-0012
scale-000220,qualification-synthetic,g,62013.0,20.273669211068533,0.8870099306969523,000220-0013
scale-000220,qualification-synthetic,g,62014.0,19.450465558176802,0.9081013054361214,000220-0014
scale-000220,qualification-synthetic,g,62015.0,19.517145456266295,0.8369145368098189,000220-0015
scale-000220,qualification-synthetic,g,62016.0,20.4665994250251,1.1524629305082486,000220-0016
scale-000220,qualification-synthetic,g,62017.0,17.254807377503905,0.9033487024594302,000220-0017
scale-000220,qualification-synthetic,g,62018.0,21.797945325274753,1.0256640997881201,000220-0018
scale-000220,qualification-synthetic,g,62019.0,20.08024018973265,1.0153390683780432,000220-0019
scale-000220,qualification-synthetic,g,62020.0,20.21415303419819,0.9638510300753417,000220-0020
scale-000220,qualification-synthetic,g,62021.0,19.787528939546124,1.199186863058891,000220-0021
scale-000220,qualification-synthetic,g,62022.0,19.29670058716722,0.8100040154556791,000220-0022
scale-000220,qualification-synthetic,g,62023.0,19.975526200335008,1.1338099985831191,000220-0023
scale-000220,qualification-synthetic,g,62024.0,20.549520492121403,0.9007726391782722,000220-0024
scale-000220,qualification-synthetic,g,62025.0,20.64612097666378,0.9827933765734156,000220-0025
scale-000220,qualification-synthetic,g,62026.0,20.537763848489895,1.1271535790217346,000220-0026
scale-000220,qualification-synthetic,g,62027.0,19.5384287337842,0.9803423478239606,000220-0027
scale-000220,qualification-synthetic,g,62028.0,21.313925349105986,1.0110831992157032,000220-0028
scale-000220,qualification-synthetic,g,62029.0,19.86969926792891,1.1189209817834287,000220-0029
scale-000220,qualification-synthetic,g,62030.0,18.007243912107505,0.8510183475053531,000220-0030
scale-000220,qualification-synthetic,g,62031.0,19.22674649660839,0.8171077067414723,000220-0031
scale-000221,qualification-synthetic,g,62000.0,20.19008502376146,0.8808731262520001,000221-0000
scale-000221,qualification-synthetic,g,62001.0,19.277743897107086,0.9579997913672373,000221-0001
scale-000221,qualification-synthetic,g,62002.0,19.539406570288815,1.1370310600159739,000221-0002
scale-000221,qualification-synthetic,g,62003.0,22.174752449061245,1.1564104077918094,000221-0003
scale-000221,qualification-synthetic,g,62004.0,19.83331168987239,1.0717563708604014,000221-0004
scale-000221,qualification-synthetic,g,62005.0,20.055769023323318,0.9128219380967552,000221-0005
scale-000221,qualification-synthetic,g,62006.0,19.271792324536833,0.9958793124737517,000221-0006
scale-000221,qualification-synthetic,g,62007.0,19.946589830289636,0.8189190625531046,000221-0007
scale-000221,qualification-synthetic,g,62008.0,18.32571768582039,1.109860830736811,000221-0008
scale-000221,qualification-synthetic,g,62009.0,21.94183101679222,1.1144426423215277,000221-0009
scale-000221,qualification-synthetic,g,62010.0,19.684972942320375,1.1903941931823792,000221-0010
scale-000221,qualification-synthetic,g,62011.0,21.459017008281208,1.1602028256690549,000221-0011
scale-000221,qualification-synthetic,g,62012.0,20.56661033288914,0.9277717022549286,000221-0012
scale-000221,qualification-synthetic,g,62013.0,19.65927654502707,1.1445670363321325,000221-0013
scale-000221,qualification-synthetic,g,62014.0,17.62861477904687,0.9345961285427821,000221-0014
scale-000221,qualification-synthetic,g,62015.0,20.215198241358337,0.9169477811901587,000221-0015
scale-000221,qualification-synthetic,g,62016.0,20.701092277969163,1.0286492553981252,000221-0016
scale-000221,qualification-synthetic,g,62017.0,20.323028099655385,0.8503365010543052,000221-0017
scale-000221,qualification-synthetic,g,62018.0,20.64609269340439,1.000015479572059,000221-0018
scale-000221,qualification-synthetic,g,62019.0,20.253530238319026,0.9596668186022665,000221-0019
scale-000221,qualification-synthetic,g,62020.0,21.030634432584467,1.1078861834878282,000221-0020
scale-000221,qualification-synthetic,g,62021.0,19.87005290820391,0.8135268716349197,000221-0021
scale-000221,qualification-synthetic,g,62022.0,21.714776115830503,0.9746077627231229,000221-0022
scale-000221,qualification-synthetic,g,62023.0,22.470938582295894,1.0276511413724077,000221-0023
scale-000221,qualification-synthetic,g,62024.0,20.94156840212885,0.9798235110665122,000221-0024
scale-000221,qualification-synthetic,g,62025.0,19.4207516641632,0.9442641261449366,000221-0025
scale-000221,qualification-synthetic,g,62026.0,21.67324576935556,0.9994892698252673,000221-0026
scale-000221,qualification-synthetic,g,62027.0,19.791719558671225,1.0197836712827848,000221-0027
scale-000221,qualification-synthetic,g,62028.0,20.552655323065448,1.0277910893424442,000221-0028
scale-000221,qualification-synthetic,g,62029.0,20.128130437585384,1.1032205585572765,000221-0029
scale-000221,qualification-synthetic,g,62030.0,20.828355361285706,0.8804231761103628,000221-0030
scale-000221,qualification-synthetic,g,62031.0,19.57458094952826,1.192780926361746,000221-0031
scale-000222,qualification-synthetic,g,62000.0,18.56659790805426,1.011923261707622,000222-0000
scale-000222,qualification-synthetic,g,62001.0,20.13936362127351,0.8804908372754601,000222-0001
scale-000222,qualification-synthetic,g,62002.0,18.48923480774159,0.8952179511679176,000222-0002
scale-000222,qualification-synthetic,g,62003.0,19.877310039749883,1.0683181524384606,000222-0003
scale-000222,qualification-synthetic,g,62004.0,21.901227689335506,0.9934144172667032,000222-0004
scale-000222,qualification-synthetic,g,62005.0,18.15557923914013,0.8099352619600815,000222-0005
scale-000222,qualification-synthetic,g,62006.0,16.67174597352799,1.189228308910624,000222-0006
scale-000222,qualification-synthetic,g,62007.0,19.525913407405238,1.1776250839513724,000222-0007
scale-000222,qualification-synthetic,g,62008.0,22.803270865592125,1.0481268694134387,000222-0008
scale-000222,qualification-synthetic,g,62009.0,21.7004576613436,1.0127485169105948,000222-0009
scale-000222,qualification-synthetic,g,62010.0,18.423638071304282,0.893175945471535,000222-0010
scale-000222,qualification-synthetic,g,62011.0,20.50876942826449,0.9204916697880593,000222-0011
scale-000222,qualification-synthetic,g,62012.0,22.2343073627685,0.8356328874211686,000222-0012
scale-000222,qualification-synthetic,g,62013.0,15.168839181133905,1.1484093966435038,000222-0013
scale-000222,qualification-synthetic,g,62014.0,18.466180030867402,0.9648949844261083,000222-0014
scale-000222,qualification-synthetic,g,62015.0,22.068984705413037,0.9705105549622406,000222-0015
scale-000222,qualification-synthetic,g,62016.0,19.490243298113672,0.8215233030858026,000222-0016
scale-000222,qualification-synthetic,g,62017.0,21.631086656385833,1.1008199894077775,000222-0017
scale-000222,qualification-synthetic,g,62018.0,19.331297326241422,0.9253815467495382,000222-0018
scale-000222,qualification-synthetic,g,62019.0,19.85201140637837,1.0543194997210994,000222-0019
scale-000222,qualification-synthetic,g,62020.0,19.407218700514342,0.9736145884532491,000222-0020
scale-000222,qualification-synthetic,g,62021.0,19.547220292946005,0.98225619061115,000222-0021
scale-000222,qualification-synthetic,g,62022.0,19.549184297231676,0.8209601244505075,000222-0022
scale-000222,qualification-synthetic,g,62023.0,19.737469580671846,1.1241282937510109,000222-0023
scale-000222,qualification-synthetic,g,62024.0,19.523184211191232,1.0696831098657504,000222-0024
scale-000222,qualification-synthetic,g,62025.0,20.178474454443435,0.9005542342760829,000222-0025
scale-000222,qualification-synthetic,g,62026.0,19.120258245943454,1.0323000700850293,000222-0026
scale-000222,qualification-synthetic,g,62027.0,20.10183408912174,1.051847125552959,000222-0027
scale-000222,qualification-synthetic,g,62028.0,21.231324132287973,1.0904519156260746,000222-0028
scale-000222,qualification-synthetic,g,62029.0,18.03798537244743,1.1493589403258913,000222-0029
scale-000222,qualification-synthetic,g,62030.0,19.53384727145563,1.1357813279504563,000222-0030
scale-000222,qualification-synthetic,g,62031.0,20.01481686048174,0.9041824247122359,000222-0031
scale-000223,qualification-synthetic,g,62000.0,20.01613373936164,1.1150813761882556,000223-0000
scale-000223,qualification-synthetic,g,62001.0,20.242782021186144,1.1773961864329254,000223-0001
scale-000223,qualification-synthetic,g,62002.0,20.4774032951611,1.19236016409249,000223-0002
scale-000223,qualification-synthetic,g,62003.0,21.184349445511046,1.12463298017991,000223-0003
scale-000223,qualification-synthetic,g,62004.0,20.559874612168365,1.0297830353737047,000223-0004
scale-000223,qualification-synthetic,g,62005.0,19.204825809591533,1.174491670036692,000223-0005
scale-000223,qualification-synthetic,g,62006.0,21.00952399718314,1.17689032826481,000223-0006
scale-000223,qualification-synthetic,g,62007.0,20.68605788017072,1.1552263671685152,000223-0007
scale-000223,qualification-synthetic,g,62008.0,18.08583602093458,1.188762288744686,000223-0008
scale-000223,qualification-synthetic,g,62009.0,18.94446359066031,0.9650176252308519,000223-0009
scale-000223,qualification-synthetic,g,62010.0,20.341926162338833,1.0258806272561438,000223-0010
scale-000223,qualification-synthetic,g,62011.0,21.424183362988536,1.020331566150813,000223-0011
scale-000223,qualification-synthetic,g,62012.0,20.00339798265215,1.173087945483502,000223-0012
scale-000223,qualification-synthetic,g,62013.0,19.58465539879601,0.9658712493092444,000223-0013
scale-000223,qualification-synthetic,g,62014.0,21.515514554116894,1.1780654681737095,000223-0014
scale-000223,qualification-synthetic,g,62015.0,19.428118142695432,0.8680821833888582,000223-0015
scale-000223,qualification-synthetic,g,62016.0,22.478177484025625,0.9549010226104617,000223-0016
scale-000223,qualification-synthetic,g,62017.0,21.468016429271064,1.1960485231848286,000223-0017
scale-000223,qualification-synthetic,g,62018.0,21.21557270387184,1.0641863415615778,000223-0018
scale-000223,qualification-synthetic,g,62019.0,18.45782193985169,1.1934467460223668,000223-0019
scale-000223,qualification-synthetic,g,62020.0,19.89578669229723,0.8947141932501975,000223-0020
scale-000223,qualification-synthetic,g,62021.0,19.761119303961763,1.1794791675916227,000223-0021
scale-000223,qualification-synthetic,g,62022.0,20.587496498383118,0.8817493384904372,000223-0022
scale-000223,qualification-synthetic,g,62023.0,20.036563356662654,0.8782739308857116,000223-0023
scale-000223,qualification-synthetic,g,62024.0,22.613404199810894,0.9571519801985284,000223-0024
scale-000223,qualification-synthetic,g,62025.0,20.93232680993718,1.1815136531289188,000223-0025
scale-000223,qualification-synthetic,g,62026.0,21.337751281420573,0.8333947888790921,000223-0026
scale-000223,qualification-synthetic,g,62027.0,21.934339861035326,1.1108602080288323,000223-0027
scale-000223,qualification-synthetic,g,62028.0,20.436601684509,1.1937838601153383,000223-0028
scale-000223,qualification-synthetic,g,62029.0,19.88200546918749,0.9154040817102638,000223-0029
scale-000223,qualification-synthetic,g,62030.0,21.26614740809395,1.1095649572621467,000223-0030
scale-000223,qualification-synthetic,g,62031.0,19.9265407983263,1.0806536996822471,000223-0031
scale-000224,qualification-synthetic,g,62000.0,20.08276529715243,0.8647376449970496,000224-0000
scale-000224,qualification-synthetic,g,62001.0,18.86018608732384,1.0483914664090883,000224-0001
scale-000224,qualification-synthetic,g,62002.0,19.848990131971494,1.0158539857031679,000224-0002
scale-000224,qualification-synthetic,g,62003.0,18.12703274726537,1.1833435526188265,000224-0003
scale-000224,qualification-synthetic,g,62004.0,18.17194204568726,1.1822580389702995,000224-0004
scale-000224,qualification-synthetic,g,62005.0,20.22152790198318,0.9935924304136167,000224-0005
scale-000224,qualification-synthetic,g,62006.0,20.36470581744902,1.139854719842357,000224-0006
scale-000224,qualification-synthetic,g,62007.0,25.387273502786055,1.134263867348945,000224-0007
scale-000224,qualification-synthetic,g,62008.0,19.9226960740282,1.0313241242677131,000224-0008
scale-000224,qualification-synthetic,g,62009.0,19.847186065160596,0.8367238387354092,000224-0009
scale-000224,qualification-synthetic,g,62010.0,20.564444467503897,0.9969891569358638,000224-0010
scale-000224,qualification-synthetic,g,62011.0,22.332082632006095,1.01615592381442,000224-0011
scale-000224,qualification-synthetic,g,62012.0,20.380325490501487,1.1985027814695322,000224-0012
scale-000224,qualification-synthetic,g,62013.0,21.07579761043248,0.8407147919477592,000224-0013
scale-000224,qualification-synthetic,g,62014.0,20.832620612879833,1.1938348068711158,000224-0014
scale-000224,qualification-synthetic,g,62015.0,20.73247941758529,0.955440623574931,000224-0015
scale-000224,qualification-synthetic,g,62016.0,21.26752085914164,0.9668294708155276,000224-0016
scale-000224,qualification-synthetic,g,62017.0,19.83375239224413,1.1989661447282378,000224-0017
scale-000224,qualification-synthetic,g,62018.0,20.794949185529322,0.9538042259666896,000224-0018
scale-000224,qualification-synthetic,g,62019.0,20.436197645827086,0.9174051968245527,000224-0019
scale-000224,qualification-synthetic,g,62020.0,20.90036230820638,1.1193134803720561,000224-0020
scale-000224,qualification-synthetic,g,62021.0,16.424886117600096,1.1531243483723266,000224-0021
scale-000224,qualification-synthetic,g,62022.0,20.12358589663549,0.8691446761232074,000224-0022
scale-000224,qualification-synthetic,g,62023.0,16.10077597168737,1.0431201015835085,000224-0023
scale-000224,qualification-synthetic,g,62024.0,20.47747647805938,1.1844197529607732,000224-0024
scale-000224,qualification-synthetic,g,62025.0,18.339215054224326,1.037911354885409,000224-0025
scale-000224,qualification-synthetic,g,62026.0,19.464991190019916,1.0291122799794448,000224-0026
scale-000224,qualification-synthetic,g,62027.0,19.56747525209558,0.8698853147267759,000224-0027
scale-000224,qualification-synthetic,g,62028.0,19.502441089388913,0.946872378833088,000224-0028
scale-000224,qualification-synthetic,g,62029.0,19.90308347960816,0.8618396567530383,000224-0029
scale-000224,qualification-synthetic,g,62030.0,19.611514523799354,1.1130533608868933,000224-0030
scale-000224,qualification-synthetic,g,62031.0,18.962953289438715,1.1130794034558154,000224-0031
scale-000225,qualification-synthetic,g,62000.0,20.21601348694221,1.124367502813294,000225-0000
scale-000225,qualification-synthetic,g,62001.0,19.18864730505568,0.9531836787070923,000225-0001
scale-000225,qualification-synthetic,g,62002.0,19.882545877617453,0.9568140719591476,000225-0002
scale-000225,qualification-synthetic,g,62003.0,19.788322594742503,1.0575837081884794,000225-0003
scale-000225,qualification-synthetic,g,62004.0,20.245610009008786,0.940082154434477,000225-0004
scale-000225,qualification-synthetic,g,62005.0,20.36494908395719,0.9677030514065423,000225-0005
scale-000225,qualification-synthetic,g,62006.0,20.27205159584254,0.8243952288866258,000225-0006
scale-000225,qualification-synthetic,g,62007.0,19.110321157627173,1.1644971053257498,000225-0007
scale-000225,qualification-synthetic,g,62008.0,20.024365713502807,0.9201880044720084,000225-0008
scale-000225,qualification-synthetic,g,62009.0,19.27887214578559,1.0461498830071838,000225-0009
scale-000225,qualification-synthetic,g,62010.0,19.43703800390794,1.132297880483663,000225-0010
scale-000225,qualification-synthetic,g,62011.0,20.165594910464264,0.9429879643348911,000225-0011
scale-000225,qualification-synthetic,g,62012.0,17.755148638813278,1.1700744640875953,000225-0012
scale-000225,qualification-synthetic,g,62013.0,20.55285098863087,1.139390886306982,000225-0013
scale-000225,qualification-synthetic,g,62014.0,19.715044526054466,0.8105689625486642,000225-0014
scale-000225,qualification-synthetic,g,62015.0,20.09950699507152,1.0484368615533652,000225-0015
scale-000225,qualification-synthetic,g,62016.0,18.5224030105816,1.06817499519591,000225-0016
scale-000225,qualification-synthetic,g,62017.0,20.233079095410055,1.1022314827323743,000225-0017
scale-000225,qualification-synthetic,g,62018.0,20.27114969301806,1.0727598249212225,000225-0018
scale-000225,qualification-synthetic,g,62019.0,20.117470345294475,0.8924166588292286,000225-0019
scale-000225,qualification-synthetic,g,62020.0,19.604857350028542,1.1171846963834238,000225-0020
scale-000225,qualification-synthetic,g,62021.0,19.064965978824542,0.9510681055419807,000225-0021
scale-000225,qualification-synthetic,g,62022.0,20.30971589026353,0.8431536085598857,000225-0022
scale-000225,qualification-synthetic,g,62023.0,20.76570069432234,1.0543223123824301,000225-0023
scale-000225,qualification-synthetic,g,62024.0,19.99505584672329,1.1364504332629408,000225-0024
scale-000225,qualification-synthetic,g,62025.0,22.386487331042012,1.1792092881631997,000225-0025
scale-000225,qualification-synthetic,g,62026.0,20.554660338367807,1.0644244019393985,000225-0026
scale-000225,qualification-synthetic,g,62027.0,20.7768231695651,0.9006573314109042,000225-0027
scale-000225,qualification-synthetic,g,62028.0,20.067066463293347,1.0050412290681556,000225-0028
scale-000225,qualification-synthetic,g,62029.0,20.721081323506095,1.0895263139185527,000225-0029
scale-000225,qualification-synthetic,g,62030.0,18.488922799992103,1.1011605454334197,000225-0030
scale-000225,qualification-synthetic,g,62031.0,19.80410471974585,0.9756296635977126,000225-0031
scale-000226,qualification-synthetic,g,62000.0,22.149960346251987,1.0877571551568561,000226-0000
scale-000226,qualification-synthetic,g,62001.0,17.799599427091586,1.0906467035164125,000226-0001
scale-000226,qualification-synthetic,g,62002.0,20.60227098412605,1.0288511041522999,000226-0002
scale-000226,qualification-synthetic,g,62003.0,18.810431523618107,1.0007595263734936,000226-0003
scale-000226,qualification-synthetic,g,62004.0,21.282903020745678,1.119238569374472,000226-0004
scale-000226,qualification-synthetic,g,62005.0,20.333131257149322,0.9234975491153911,000226-0005
scale-000226,qualification-synthetic,g,62006.0,20.636206835276578,1.164237085502208,000226-0006
scale-000226,qualification-synthetic,g,62007.0,20.765307113802216,0.8359848711014393,000226-0007
scale-000226,qualification-synthetic,g,62008.0,20.560196020125463,1.1245951307729087,000226-0008
scale-000226,qualification-synthetic,g,62009.0,19.306816809957084,1.1157119479618447,000226-0009
scale-000226,qualification-synthetic,g,62010.0,20.752464412576145,0.8228134511712755,000226-0010
scale-000226,qualification-synthetic,g,62011.0,19.60202100508513,1.1663743668963023,000226-0011
scale-000226,qualification-synthetic,g,62012.0,20.49540812627661,1.1153429031686934,000226-0012
scale-000226,qualification-synthetic,g,62013.0,20.56746684539233,1.000068229397439,000226-0013
scale-000226,qualification-synthetic,g,62014.0,20.901670606270173,1.1517445977990224,000226-0014
scale-000226,qualification-synthetic,g,62015.0,19.576004073972637,1.072236633172582,000226-0015
scale-000226,qualification-synthetic,g,62016.0,20.923340797392164,1.1235686607155455,000226-0016
scale-000226,qualification-synthetic,g,62017.0,18.49835059742783,1.1352716079948433,000226-0017
scale-000226,qualification-synthetic,g,62018.0,19.43883672953078,0.8052859829242139,000226-0018
scale-000226,qualification-synthetic,g,62019.0,19.610828870554048,1.0111252884589859,000226-0019
scale-000226,qualification-synthetic,g,62020.0,18.967424154802227,0.9961262476623758,000226-0020
scale-000226,qualification-synthetic,g,62021.0,19.863694245588565,0.8428614025772642,000226-0021
scale-000226,qualification-synthetic,g,62022.0,20.334697296186135,0.8476838915128079,000226-0022
scale-000226,qualification-synthetic,g,62023.0,18.1261407353473,1.1783544471021656,000226-0023
scale-000226,qualification-synthetic,g,62024.0,20.492872558395224,0.8271115546864727,000226-0024
scale-000226,qualification-synthetic,g,62025.0,19.67116842816893,0.9633140788946535,000226-0025
scale-000226,qualification-synthetic,g,62026.0,18.55424843460302,0.8205504798072761,000226-0026
scale-000226,qualification-synthetic,g,62027.0,20.45100692198389,1.1374977115633016,000226-0027
scale-000226,qualification-synthetic,g,62028.0,19.524966985401274,0.9747494117350636,000226-0028
scale-000226,qualification-synthetic,g,62029.0,19.461777575562834,0.9034022590461189,000226-0029
scale-000226,qualification-synthetic,g,62030.0,16.750225325507074,1.1534177090700128,000226-0030
scale-000226,qualification-synthetic,g,62031.0,19.96237109365027,1.1110448655102874,000226-0031
scale-000227,qualification-synthetic,g,62000.0,22.069357832363178,0.9195347348409463,000227-0000
scale-000227,qualification-synthetic,g,62001.0,19.15886405916727,0.8595555998240118,000227-0001
scale-000227,qualification-synthetic,g,62002.0,19.67094525637272,0.9540926780728571,000227-0002
scale-000227,qualification-synthetic,g,62003.0,19.750210256952563,0.9551094875956271,000227-0003
scale-000227,qualification-synthetic,g,62004.0,19.818094915431804,0.9653281474942017,000227-0004
scale-000227,qualification-synthetic,g,62005.0,20.406277016384887,1.1926020428972737,000227-0005
scale-000227,qualification-synthetic,g,62006.0,20.3533928377583,1.042863806870061,000227-0006
scale-000227,qualification-synthetic,g,62007.0,22.41091999722048,0.8806883959782197,000227-0007
scale-000227,qualification-synthetic,g,62008.0,20.104905286663246,0.9318042259678992,000227-0008
scale-000227,qualification-synthetic,g,62009.0,19.690165072915754,1.0172444044195201,000227-0009
scale-000227,qualification-synthetic,g,62010.0,22.20582236977282,1.0110234990368918,000227-0010
scale-000227,qualification-synthetic,g,62011.0,19.630174914811956,1.1841625379009324,000227-0011
scale-000227,qualification-synthetic,g,62012.0,18.71153292087723,0.8371409525021386,000227-0012
scale-000227,qualification-synthetic,g,62013.0,19.14207920609538,0.8974039576766323,000227-0013
scale-000227,qualification-synthetic,g,62014.0,17.905313962825744,1.1042595532819015,000227-0014
scale-000227,qualification-synthetic,g,62015.0,19.00369682482483,1.1629171041497222,000227-0015
scale-000227,qualification-synthetic,g,62016.0,19.085604285870982,1.164331050536731,000227-0016
scale-000227,qualification-synthetic,g,62017.0,19.993983772065967,0.8911336959187276,000227-0017
scale-000227,qualification-synthetic,g,62018.0,18.55648375679688,1.1526637831515845,000227-0018
scale-000227,qualification-synthetic,g,62019.0,18.280954927823565,0.9724811445961916,000227-0019
scale-000227,qualification-synthetic,g,62020.0,19.257589144411593,1.0189146363438044,000227-0020
scale-000227,qualification-synthetic,g,62021.0,20.43965368766027,1.1640098558965646,000227-0021
scale-000227,qualification-synthetic,g,62022.0,20.32032743514451,0.8208273998709987,000227-0022
scale-000227,qualification-synthetic,g,62023.0,18.870070169117596,0.9790160667096915,000227-0023
scale-000227,qualification-synthetic,g,62024.0,21.428651805187897,1.137772812511975,000227-0024
scale-000227,qualification-synthetic,g,62025.0,19.99631285433219,1.1778926984930507,000227-0025
scale-000227,qualification-synthetic,g,62026.0,18.976258431737236,0.8224851407094997,000227-0026
scale-000227,qualification-synthetic,g,62027.0,20.392113053920042,1.1603476922659985,000227-0027
scale-000227,qualification-synthetic,g,62028.0,21.553674495613453,1.0501845467333648,000227-0028
scale-000227,qualification-synthetic,g,62029.0,22.42530318301951,1.0068049775863612,000227-0029
scale-000227,qualification-synthetic,g,62030.0,19.318025952835878,1.1432003398203885,000227-0030
scale-000227,qualification-synthetic,g,62031.0,19.604027729474012,1.074073816356193,000227-0031
scale-000228,qualification-synthetic,g,62000.0,20.13433704038777,1.0430517796521288,000228-0000
scale-000228,qualification-synthetic,g,62001.0,20.550476370599167,0.8394674569906171,000228-0001
scale-000228,qualification-synthetic,g,62002.0,19.85291323410585,0.9637679820068178,000228-0002
scale-000228,qualification-synthetic,g,62003.0,19.890954111558635,0.9971351798504707,000228-0003
scale-000228,qualification-synthetic,g,62004.0,18.5707932622988,1.100880246978075,000228-0004
scale-000228,qualification-synthetic,g,62005.0,19.050520866462314,1.0411011572953794,000228-0005
scale-000228,qualification-synthetic,g,62006.0,21.526144194000004,1.0612904046028244,000228-0006
scale-000228,qualification-synthetic,g,62007.0,20.67222313246347,0.8594929132969362,000228-0007
scale-000228,qualification-synthetic,g,62008.0,19.09209148132063,0.9580641510004486,000228-0008
scale-000228,qualification-synthetic,g,62009.0,18.118375302002637,1.0352448086174857,000228-0009
scale-000228,qualification-synthetic,g,62010.0,20.037769231683356,0.8406301108467039,000228-0010
scale-000228,qualification-synthetic,g,62011.0,20.558642126037483,0.8230138625947857,000228-0011
scale-000228,qualification-synthetic,g,62012.0,19.41846302203352,0.8946824776003711,000228-0012
scale-000228,qualification-synthetic,g,62013.0,22.007782837849422,1.0918214994946613,000228-0013
scale-000228,qualification-synthetic,g,62014.0,20.139888392278007,1.1930029818762653,000228-0014
scale-000228,qualification-synthetic,g,62015.0,18.0663709280379,1.0732330951836522,000228-0015
scale-000228,qualification-synthetic,g,62016.0,20.082870990922196,1.0509641561197782,000228-0016
scale-000228,qualification-synthetic,g,62017.0,20.35807994147753,1.1553562594287496,000228-0017
scale-000228,qualification-synthetic,g,62018.0,19.730330895086293,1.0129478587537333,000228-0018
scale-000228,qualification-synthetic,g,62019.0,19.53644864080341,0.9969824609595427,000228-0019
scale-000228,qualification-synthetic,g,62020.0,20.156659762805795,1.0477513876677562,000228-0020
scale-000228,qualification-synthetic,g,62021.0,19.110122033215806,0.8368381730338842,000228-0021
scale-000228,qualification-synthetic,g,62022.0,18.831274447615442,0.8541778063907982,000228-0022
scale-000228,qualification-synthetic,g,62023.0,21.116090605651635,0.8415624796749085,000228-0023
scale-000228,qualification-synthetic,g,62024.0,19.04882364486465,1.0472039828551498,000228-0024
scale-000228,qualification-synthetic,g,62025.0,17.35965163413995,1.0889529103552582,000228-0025
scale-000228,qualification-synthetic,g,62026.0,18.22814135579422,1.1320243890221648,000228-0026
scale-000228,qualification-synthetic,g,62027.0,19.04040271471254,1.1376840570944011,000228-0027
scale-000228,qualification-synthetic,g,62028.0,18.928876373258248,0.8890150387702697,000228-0028
scale-000228,qualification-synthetic,g,62029.0,20.185596618040588,0.8079174196808476,000228-0029
scale-000228,qualification-synthetic,g,62030.0,18.936944400502544,0.9131666540734911,000228-0030
scale-000228,qualification-synthetic,g,62031.0,19.915534265415307,0.9446214040860075,000228-0031
scale-000229,qualification-synthetic,g,62000.0,20.23795989315018,0.8304329497087566,000229-0000
scale-000229,qualification-synthetic,g,62001.0,18.691450709967654,1.001563739535278,000229-0001
scale-000229,qualification-synthetic,g,62002.0,20.451042011934316,0.9796775386101875,000229-0002
scale-000229,qualification-synthetic,g,62003.0,20.804843922813983,1.1775461905842959,000229-0003
scale-000229,qualification-synthetic,g,62004.0,18.66909139601506,1.1105564589734076,000229-0004
scale-000229,qualification-synthetic,g,62005.0,21.24994401402639,0.8311908860223134,000229-0005
scale-000229,qualification-synthetic,g,62006.0,20.802121280710484,1.097764622459658,000229-0006
scale-000229,qualification-synthetic,g,62007.0,19.08061957025911,1.1662122692685264,000229-0007
scale-000229,qualification-synthetic,g,62008.0,21.27102668275558,1.0375823601828644,000229-0008
scale-000229,qualification-synthetic,g,62009.0,19.958082511543008,0.9602381611081604,000229-0009
scale-000229,qualification-synthetic,g,62010.0,19.359977015324482,0.9734554563023177,000229-0010
scale-000229,qualification-synthetic,g,62011.0,20.302274706778658,1.1416135931906868,000229-0011
scale-000229,qualification-synthetic,g,62012.0,17.98848791584839,0.817909228219518,000229-0012
scale-000229,qualification-synthetic,g,62013.0,23.801618703935603,0.965880488915481,000229-0013
scale-000229,qualification-synthetic,g,62014.0,20.26462734788815,0.9578541526276787,000229-0014
scale-000229,qualification-synthetic,g,62015.0,19.601189466390785,1.177046266735369,000229-0015
scale-000229,qualification-synthetic,g,62016.0,18.754505444327496,0.8239837038809452,000229-0016
scale-000229,qualification-synthetic,g,62017.0,19.2587119927063,0.9570115696259637,000229-0017
scale-000229,qualification-synthetic,g,62018.0,19.859436501903332,0.9560188062627136,000229-0018
scale-000229,qualification-synthetic,g,62019.0,21.525313430815494,0.925459645042802,000229-0019
scale-000229,qualification-synthetic,g,62020.0,19.623512295379225,0.9093345952438017,000229-0020
scale-000229,qualification-synthetic,g,62021.0,20.09095456667121,0.9563050286153697,000229-0021
scale-000229,qualification-synthetic,g,62022.0,20.134504129474056,0.8818521778995037,000229-0022
scale-000229,qualification-synthetic,g,62023.0,22.461647055704525,0.8354280987952555,000229-0023
scale-000229,qualification-synthetic,g,62024.0,18.154952194548667,0.9028173475608267,000229-0024
scale-000229,qualification-synthetic,g,62025.0,17.2658588301884,1.1468077460364636,000229-0025
scale-000229,qualification-synthetic,g,62026.0,21.04443349185838,0.8595138074860501,000229-0026
scale-000229,qualification-synthetic,g,62027.0,19.78903396055514,0.9490785635129303,000229-0027
scale-000229,qualification-synthetic,g,62028.0,20.766158740159696,1.1649529066485134,000229-0028
scale-000229,qualification-synthetic,g,62029.0,20.619553681437875,1.1672130671511542,000229-0029
scale-000229,qualification-synthetic,g,62030.0,20.631380293232564,1.1816650067779217,000229-0030
scale-000229,qualification-synthetic,g,62031.0,19.335967557419902,0.9136793767352813,000229-0031
scale-000230,qualification-synthetic,g,62000.0,18.332290797634872,1.0758971734057186,000230-0000
scale-000230,qualification-synthetic,g,62001.0,19.779805539427326,1.0810440746743781,000230-0001
scale-000230,qualification-synthetic,g,62002.0,20.874307394841328,0.9193116441279462,000230-0002
scale-000230,qualification-synthetic,g,62003.0,18.441261902836864,0.9112968763610081,000230-0003
scale-000230,qualification-synthetic,g,62004.0,20.77832050703783,1.137674040773299,000230-0004
scale-000230,qualification-synthetic,g,62005.0,20.134730555217637,0.9317429689675168,000230-0005
scale-000230,qualification-synthetic,g,62006.0,20.87264612594518,0.8389976066267844,000230-0006
scale-000230,qualification-synthetic,g,62007.0,18.96896701111193,1.039744089941411,000230-0007
scale-000230,qualification-synthetic,g,62008.0,20.042308590416077,0.9158169499293847,000230-0008
scale-000230,qualification-synthetic,g,62009.0,22.757075092956242,0.9821586692077046,000230-0009
scale-000230,qualification-synthetic,g,62010.0,18.44743927292367,0.9678954423032923,000230-0010
scale-000230,qualification-synthetic,g,62011.0,20.46087683883637,0.9820226081187746,000230-0011
scale-000230,qualification-synthetic,g,62012.0,18.90528601563753,1.1171476178442687,000230-0012
scale-000230,qualification-synthetic,g,62013.0,17.631637056028005,1.1920600230976501,000230-0013
scale-000230,qualification-synthetic,g,62014.0,19.486731404191406,1.1693528747838335,000230-0014
scale-000230,qualification-synthetic,g,62015.0,19.940344464179045,1.1178334128715022,000230-0015
scale-000230,qualification-synthetic,g,62016.0,19.747348197462916,1.1793395848179928,000230-0016
scale-000230,qualification-synthetic,g,62017.0,20.287936734489726,0.9571627251591269,000230-0017
scale-000230,qualification-synthetic,g,62018.0,19.251050514185778,1.081001205724515,000230-0018
scale-000230,qualification-synthetic,g,62019.0,17.219073189932413,1.0122341839512832,000230-0019
scale-000230,qualification-synthetic,g,62020.0,22.231762818673637,1.00021817410239,000230-0020
scale-000230,qualification-synthetic,g,62021.0,17.511128266590994,1.0793970582084216,000230-0021
scale-000230,qualification-synthetic,g,62022.0,17.572513924710922,0.9625038838612651,000230-0022
scale-000230,qualification-synthetic,g,62023.0,18.98341585916826,0.9672474861035445,000230-0023
scale-000230,qualification-synthetic,g,62024.0,20.961194274610108,0.8467069483827298,000230-0024
scale-000230,qualification-synthetic,g,62025.0,19.95065727839743,1.1326509747623394,000230-0025
scale-000230,qualification-synthetic,g,62026.0,21.548158384583388,0.9063882608797622,000230-0026
scale-000230,qualification-synthetic,g,62027.0,19.36888294099141,0.9167459990931758,000230-0027
scale-000230,qualification-synthetic,g,62028.0,19.08885525640253,1.1911773333999531,000230-0028
scale-000230,qualification-synthetic,g,62029.0,18.12745924660259,1.0304274004133631,000230-0029
scale-000230,qualification-synthetic,g,62030.0,19.796805120456035,1.0826518843395656,000230-0030
scale-000230,qualification-synthetic,g,62031.0,20.827099381008857,0.8201256532298038,000230-0031
scale-000231,qualification-synthetic,g,62000.0,19.061561510356,1.1189824811614477,000231-0000
scale-000231,qualification-synthetic,g,62001.0,19.753248541207167,0.973813674547515,000231-0001
scale-000231,qualification-synthetic,g,62002.0,20.85126226920798,0.8825526303326884,000231-0002
scale-000231,qualification-synthetic,g,62003.0,17.732998833722732,0.9557179168137249,000231-0003
scale-000231,qualification-synthetic,g,62004.0,20.680273899334015,1.1327068200682764,000231-0004
scale-000231,qualification-synthetic,g,62005.0,18.81168340093668,0.9141772932146707,000231-0005
scale-000231,qualification-synthetic,g,62006.0,20.060752229757465,0.8795320081442056,000231-0006
scale-000231,qualification-synthetic,g,62007.0,19.870648488348674,1.0605990631835116,000231-0007
scale-000231,qualification-synthetic,g,62008.0,20.80853087595344,0.939675331150712,000231-0008
scale-000231,qualification-synthetic,g,62009.0,21.466164524638085,1.0993282891294198,000231-0009
scale-000231,qualification-synthetic,g,62010.0,20.874540831296045,0.9440360675635012,000231-0010
scale-000231,qualification-synthetic,g,62011.0,18.89000394376832,0.8237583374413863,000231-0011
scale-000231,qualification-synthetic,g,62012.0,21.150967329062418,1.0731962557182664,000231-0012
scale-000231,qualification-synthetic,g,62013.0,20.91149503463541,1.1669843138311888,000231-0013
scale-000231,qualification-synthetic,g,62014.0,20.552925743804018,1.1239874463855508,000231-0014
scale-000231,qualification-synthetic,g,62015.0,19.038771901971092,1.0119202321157421,000231-0015
scale-000231,qualification-synthetic,g,62016.0,24.614881691349343,1.1467390301901765,000231-0016
scale-000231,qualification-synthetic,g,62017.0,20.654245365214358,0.8655650068121292,000231-0017
scale-000231,qualification-synthetic,g,62018.0,21.098293448174008,0.9735900138368059,000231-0018
scale-000231,qualification-synthetic,g,62019.0,20.79963194832268,1.001502033070589,000231-0019
scale-000231,qualification-synthetic,g,62020.0,21.327998721570886,0.8391309994853038,000231-0020
scale-000231,qualification-synthetic,g,62021.0,20.28053855222266,1.0585257797589458,000231-0021
scale-000231,qualification-synthetic,g,62022.0,19.161549289947693,0.942308303213936,000231-0022
scale-000231,qualification-synthetic,g,62023.0,19.87256160194592,0.9981285039554175,000231-0023
scale-000231,qualification-synthetic,g,62024.0,18.857146772510344,0.9796899679119782,000231-0024
scale-000231,qualification-synthetic,g,62025.0,19.743553063882793,0.8515143750899458,000231-0025
scale-000231,qualification-synthetic,g,62026.0,18.101633872324108,1.089683095886486,000231-0026
scale-000231,qualification-synthetic,g,62027.0,20.05351741619253,0.9719155928091009,000231-0027
scale-000231,qualification-synthetic,g,62028.0,19.81064843883235,0.8851726166219681,000231-0028
scale-000231,qualification-synthetic,g,62029.0,16.74050205745968,0.8961763611410875,000231-0029
scale-000231,qualification-synthetic,g,62030.0,19.21453152915392,0.9618921878953591,000231-0030
scale-000231,qualification-synthetic,g,62031.0,18.151400313333372,1.1727699180020557,000231-0031
scale-000232,qualification-synthetic,g,62000.0,19.870498571887584,1.0812841669820603,000232-0000
scale-000232,qualification-synthetic,g,62001.0,21.167267463849374,1.0397188809805629,000232-0001
scale-000232,qualification-synthetic,g,62002.0,19.83798108983769,1.0451018940007102,000232-0002
scale-000232,qualification-synthetic,g,62003.0,20.190588518159633,1.0925646922884786,000232-0003
scale-000232,qualification-synthetic,g,62004.0,19.15930830224265,0.8979178957735282,000232-0004
scale-000232,qualification-synthetic,g,62005.0,19.70930447556236,1.153749495340111,000232-0005
scale-000232,qualification-synthetic,g,62006.0,19.97002862635754,0.9279024638557694,000232-0006
scale-000232,qualification-synthetic,g,62007.0,19.70647306208833,0.8969676393817506,000232-0007
scale-000232,qualification-synthetic,g,62008.0,19.23141517091032,1.1982554897721756,000232-0008
scale-000232,qualification-synthetic,g,62009.0,19.183405804890935,0.8690104099660946,000232-0009
scale-000232,qualification-synthetic,g,62010.0,19.155713844531864,1.0957159081562025,000232-0010
scale-000232,qualification-synthetic,g,62011.0,17.885995068344723,1.0171578243087396,000232-0011
scale-000232,qualification-synthetic,g,62012.0,21.12493596315069,1.1806690438773297,000232-0012
scale-000232,qualification-synthetic,g,62013.0,20.30378821476428,1.1588066071111698,000232-0013
scale-000232,qualification-synthetic,g,62014.0,18.38494044497304,0.9923417899855446,000232-0014
scale-000232,qualification-synthetic,g,62015.0,20.338606274619057,1.167024832161977,000232-0015
scale-000232,qualification-synthetic,g,62016.0,20.364224532691814,0.9154642279086248,000232-0016
scale-000232,qualification-synthetic,g,62017.0,19.0515147177745,0.9439929049655235,000232-0017
scale-000232,qualification-synthetic,g,62018.0,18.780707414609395,1.0028100750604922,000232-0018
scale-000232,qualification-synthetic,g,62019.0,18.10504489530526,1.157875897480985,000232-0019
scale-000232,qualification-synthetic,g,62020.0,21.32111156297724,1.04369665736626,000232-0020
scale-000232,qualification-synthetic,g,62021.0,20.967073010515904,0.8484798527268733,000232-0021
scale-000232,qualification-synthetic,g,62022.0,19.670675795537893,1.150453519828115,000232-0022
scale-000232,qualification-synthetic,g,62023.0,19.23967567846501,0.8384829284969622,000232-0023
scale-000232,qualification-synthetic,g,62024.0,19.314073551341988,0.9175400496223418,000232-0024
scale-000232,qualification-synthetic,g,62025.0,19.351471193303905,0.9710434643224926,000232-0025
scale-000232,qualification-synthetic,g,62026.0,19.646227473673378,0.8154325892922941,000232-0026
scale-000232,qualification-synthetic,g,62027.0,20.52833439233459,1.0577824877559863,000232-0027
scale-000232,qualification-synthetic,g,62028.0,19.842628239656715,0.9403446629217725,000232-0028
scale-000232,qualification-synthetic,g,62029.0,21.150145566543006,0.8221231699906607,000232-0029
scale-000232,qualification-synthetic,g,62030.0,21.131210977057524,0.9790414988446718,000232-0030
scale-000232,qualification-synthetic,g,62031.0,21.99347924550737,0.9687022484010781,000232-0031
scale-000233,qualification-synthetic,g,62000.0,20.60129251105619,1.0767777824851166,000233-0000
scale-000233,qualification-synthetic,g,62001.0,22.102361390167008,1.0849023519138998,000233-0001
scale-000233,qualification-synthetic,g,62002.0,18.833431972411358,0.9270322034910641,000233-0002
scale-000233,qualification-synthetic,g,62003.0,19.237467771960535,1.1554757568816854,000233-0003
scale-000233,qualification-synthetic,g,62004.0,21.04591872137915,0.9663743282724693,000233-0004
scale-000233,qualification-synthetic,g,62005.0,19.187487718361655,0.8371535516454125,000233-0005
scale-000233,qualification-synthetic,g,62006.0,20.225075254885624,1.1802056755178825,000233-0006
scale-000233,qualification-synthetic,g,62007.0,20.40260656966241,0.9978554355165092,000233-0007
scale-000233,qualification-synthetic,g,62008.0,21.239343611183543,1.051013780572466,000233-0008
scale-000233,qualification-synthetic,g,62009.0,20.61627857720426,0.830168360079252,000233-0009
scale-000233,qualification-synthetic,g,62010.0,20.19239069053749,0.9983595461165984,000233-0010
scale-000233,qualification-synthetic,g,62011.0,19.279518613168214,0.8793564191636319,000233-0011
scale-000233,qualification-synthetic,g,62012.0,20.319259605697013,1.1426443630221286,000233-0012
scale-000233,qualification-synthetic,g,62013.0,20.53257752102714,0.8954773661327841,000233-0013
scale-000233,qualification-synthetic,g,62014.0,22.01445148479534,0.9111106567660807,000233-0014
scale-000233,qualification-synthetic,g,62015.0,22.158350874591598,1.04897440258546,000233-0015
scale-000233,qualification-synthetic,g,62016.0,19.58289358408358,0.8826635460844091,000233-0016
scale-000233,qualification-synthetic,g,62017.0,20.610505036657486,0.9394869803179985,000233-0017
scale-000233,qualification-synthetic,g,62018.0,19.87985426956895,1.1690376352993515,000233-0018
scale-000233,qualification-synthetic,g,62019.0,19.810478584897005,0.9232928031866895,000233-0019
scale-000233,qualification-synthetic,g,62020.0,19.66388154466723,0.83860105835321,000233-0020
scale-000233,qualification-synthetic,g,62021.0,17.651423626368715,1.1563167693678649,000233-0021
scale-000233,qualification-synthetic,g,62022.0,20.20027025799779,0.8716673564520753,000233-0022
scale-000233,qualification-synthetic,g,62023.0,20.083256810216735,0.8735022558835167,000233-0023
scale-000233,qualification-synthetic,g,62024.0,21.941372358703926,1.119729344044496,000233-0024
scale-000233,qualification-synthetic,g,62025.0,17.759027983865145,1.1430499151909186,000233-0025
scale-000233,qualification-synthetic,g,62026.0,20.062577608975,0.9774004680888725,000233-0026
scale-000233,qualification-synthetic,g,62027.0,20.96474739310003,1.1852487068572863,000233-0027
scale-000233,qualification-synthetic,g,62028.0,18.80220712141928,0.9947412260567547,000233-0028
scale-000233,qualification-synthetic,g,62029.0,21.214988264759096,1.0348875995676017,000233-0029
scale-000233,qualification-synthetic,g,62030.0,20.771764791223603,1.1742089405145424,000233-0030
scale-000233,qualification-synthetic,g,62031.0,20.396145479771928,0.9312278115782273,000233-0031
scale-000234,qualification-synthetic,g,62000.0,19.24476845149956,1.1125453194554666,000234-0000
scale-000234,qualification-synthetic,g,62001.0,19.364348594121882,1.0553738666782448,000234-0001
scale-000234,qualification-synthetic,g,62002.0,19.103852802708666,1.1017815353249367,000234-0002
scale-000234,qualification-synthetic,g,62003.0,19.539180827282532,1.0816103497477942,000234-0003
scale-000234,qualification-synthetic,g,62004.0,17.872967146658763,0.9817245315080453,000234-0004
scale-000234,qualification-synthetic,g,62005.0,18.984176792741515,1.1281028389113081,000234-0005
scale-000234,qualification-synthetic,g,62006.0,21.56659111381387,0.8765217662204595,000234-0006
scale-000234,qualification-synthetic,g,62007.0,20.939697532491873,1.1425517121505542,000234-0007
scale-000234,qualification-synthetic,g,62008.0,19.711845104825283,1.1900736574688717,000234-0008
scale-000234,qualification-synthetic,g,62009.0,20.381168755660983,0.9390787870950111,000234-0009
scale-000234,qualification-synthetic,g,62010.0,20.379604068450426,0.9549277197107917,000234-0010
scale-000234,qualification-synthetic,g,62011.0,19.917857842181547,1.0694614009153478,000234-0011
scale-000234,qualification-synthetic,g,62012.0,22.046532812208984,0.9404731952860986,000234-0012
scale-000234,qualification-synthetic,g,62013.0,21.889893760417454,0.8653577593144697,000234-0013
scale-000234,qualification-synthetic,g,62014.0,18.760803339476663,0.8486531226968682,000234-0014
scale-000234,qualification-synthetic,g,62015.0,19.816271609361564,1.0129997310046606,000234-0015
scale-000234,qualification-synthetic,g,62016.0,19.620990220256477,0.9547106827284877,000234-0016
scale-000234,qualification-synthetic,g,62017.0,17.330123326061596,1.1431164286191884,000234-0017
scale-000234,qualification-synthetic,g,62018.0,20.360833052933717,0.9535804174204654,000234-0018
scale-000234,qualification-synthetic,g,62019.0,19.27293844768206,0.9291785284021349,000234-0019
scale-000234,qualification-synthetic,g,62020.0,19.384013288650166,1.1176245307506727,000234-0020
scale-000234,qualification-synthetic,g,62021.0,19.02692181826985,0.8282613758029294,000234-0021
scale-000234,qualification-synthetic,g,62022.0,19.984614840373656,0.9106607719746059,000234-0022
scale-000234,qualification-synthetic,g,62023.0,23.697171230158396,1.1050702428032795,000234-0023
scale-000234,qualification-synthetic,g,62024.0,18.964461946942684,0.883426750621005,000234-0024
scale-000234,qualification-synthetic,g,62025.0,21.426078713458306,1.1888565991841573,000234-0025
scale-000234,qualification-synthetic,g,62026.0,20.27173369844215,1.155431032386374,000234-0026
scale-000234,qualification-synthetic,g,62027.0,19.877334912800126,0.9749929969198685,000234-0027
scale-000234,qualification-synthetic,g,62028.0,21.353576711223223,1.1843367472024025,000234-0028
scale-000234,qualification-synthetic,g,62029.0,18.49228684621946,1.168953854371377,000234-0029
scale-000234,qualification-synthetic,g,62030.0,19.9605856624927,1.0625323205555395,000234-0030
scale-000234,qualification-synthetic,g,62031.0,18.750679613262193,1.0557060316955116,000234-0031
scale-000235,qualification-synthetic,g,62000.0,19.622902230372176,0.8813115144863252,000235-0000
scale-000235,qualification-synthetic,g,62001.0,21.875023301349177,0.9458289871747355,000235-0001
scale-000235,qualification-synthetic,g,62002.0,20.244048920967746,0.9713022837449778,000235-0002
scale-000235,qualification-synthetic,g,62003.0,20.711961761147023,1.0162073711363393,000235-0003
scale-000235,qualification-synthetic,g,62004.0,18.348625449142993,1.0531694868640185,000235-0004
scale-000235,qualification-synthetic,g,62005.0,23.043733652376133,1.1054127336350954,000235-0005
scale-000235,qualification-synthetic,g,62006.0,19.842192013775747,1.132159936104525,000235-0006
scale-000235,qualification-synthetic,g,62007.0,19.79151001369288,1.0660682690205285,000235-0007
scale-000235,qualification-synthetic,g,62008.0,19.585911614360004,1.1182439339427919,000235-0008
scale-000235,qualification-synthetic,g,62009.0,20.8508973675622,1.0830010541106583,000235-0009
scale-000235,qualification-synthetic,g,62010.0,20.402318544654516,1.076864172812744,000235-0010
scale-000235,qualification-synthetic,g,62011.0,19.87651003117502,0.9867734097498218,000235-0011
scale-000235,qualification-synthetic,g,62012.0,19.969784500182758,1.06386552806295,000235-0012
scale-000235,qualification-synthetic,g,62013.0,19.53228776647255,0.8569555619789259,000235-0013
scale-000235,qualification-synthetic,g,62014.0,19.28065386513647,0.8757126056976178,000235-0014
scale-000235,qualification-synthetic,g,62015.0,21.01541174562727,1.011069892947461,000235-0015
scale-000235,qualification-synthetic,g,62016.0,21.224828266264726,0.8503822052823793,000235-0016
scale-000235,qualification-synthetic,g,62017.0,19.13786001522597,1.0409260762320547,000235-0017
scale-000235,qualification-synthetic,g,62018.0,19.5754857374456,1.1460629719619577,000235-0018
scale-000235,qualification-synthetic,g,62019.0,21.06103994084423,1.168285198096654,000235-0019
scale-000235,qualification-synthetic,g,62020.0,18.89832542859135,1.0176086612056494,000235-0020
scale-000235,qualification-synthetic,g,62021.0,18.220759438198964,1.071063219618833,000235-0021
scale-000235,qualification-synthetic,g,62022.0,20.80463121972177,1.0098625206006018,000235-0022
scale-000235,qualification-synthetic,g,62023.0,17.964425008126586,0.8432263850290522,000235-0023
scale-000235,qualification-synthetic,g,62024.0,18.148417740070308,1.1492112726729984,000235-0024
scale-000235,qualification-synthetic,g,62025.0,19.5177183241122,1.1402353116437227,000235-0025
scale-000235,qualification-synthetic,g,62026.0,19.572462756654595,1.0404114645133942,000235-0026
scale-000235,qualification-synthetic,g,62027.0,19.475888734461275,1.0939994045071604,000235-0027
scale-000235,qualification-synthetic,g,62028.0,20.73803769635576,1.0801702085537566,000235-0028
scale-000235,qualification-synthetic,g,62029.0,17.648225348454883,0.8345615554820355,000235-0029
scale-000235,qualification-synthetic,g,62030.0,18.8837462429879,0.9040403141717012,000235-0030
scale-000235,qualification-synthetic,g,62031.0,19.307500084205955,0.9878054410556683,000235-0031
scale-000236,qualification-synthetic,g,62000.0,20.141037446361977,0.9446790485156528,000236-0000
scale-000236,qualification-synthetic,g,62001.0,20.15109361923514,0.9156779789569559,000236-0001
scale-000236,qualification-synthetic,g,62002.0,19.54891412882476,0.9825013500879429,000236-0002
scale-000236,qualification-synthetic,g,62003.0,20.057652933775014,0.9174479544820925,000236-0003
scale-000236,qualification-synthetic,g,62004.0,20.623407560139952,1.037109427026326,000236-0004
scale-000236,qualification-synthetic,g,62005.0,19.990996181738623,1.1777750853554383,000236-0005
scale-000236,qualification-synthetic,g,62006.0,19.75691358781688,0.8043665930045653,000236-0006
scale-000236,qualification-synthetic,g,62007.0,19.67264599534832,1.0879520204549973,000236-0007
scale-000236,qualification-synthetic,g,62008.0,19.4772230442133,1.0224962077582789,000236-0008
scale-000236,qualification-synthetic,g,62009.0,21.695191798797442,0.8381194297313842,000236-0009
scale-000236,qualification-synthetic,g,62010.0,20.09625177680198,0.9062044748088098,000236-0010
scale-000236,qualification-synthetic,g,62011.0,19.682453594887114,1.08538472053939,000236-0011
scale-000236,qualification-synthetic,g,62012.0,19.487835825731278,1.0541798468643007,000236-0012
scale-000236,qualification-synthetic,g,62013.0,19.777244306197503,0.9770005220123269,000236-0013
scale-000236,qualification-synthetic,g,62014.0,20.32405999862194,0.8121085172736993,000236-0014
scale-000236,qualification-synthetic,g,62015.0,22.78048834661049,0.9920743436616677,000236-0015
scale-000236,qualification-synthetic,g,62016.0,19.02705593534701,1.0189130208179638,000236-0016
scale-000236,qualification-synthetic,g,62017.0,19.731354141642562,1.1731807855697054,000236-0017
scale-000236,qualification-synthetic,g,62018.0,19.52758608554982,0.8449045177151963,000236-0018
scale-000236,qualification-synthetic,g,62019.0,20.051045571364977,1.1714642551207188,000236-0019
scale-000236,qualification-synthetic,g,62020.0,20.056751538939157,0.8470170232688181,000236-0020
scale-000236,qualification-synthetic,g,62021.0,20.711781981880012,1.0720419028857715,000236-0021
scale-000236,qualification-synthetic,g,62022.0,18.859974843501266,0.8473369411010573,000236-0022
scale-000236,qualification-synthetic,g,62023.0,20.178305734318005,0.9396469311399274,000236-0023
scale-000236,qualification-synthetic,g,62024.0,18.973388906337668,1.1179462597732484,000236-0024
scale-000236,qualification-synthetic,g,62025.0,19.811937699063296,0.8077426692793876,000236-0025
scale-000236,qualification-synthetic,g,62026.0,19.73070931639182,0.8876301286684841,000236-0026
scale-000236,qualification-synthetic,g,62027.0,20.451583122590794,1.139236543979259,000236-0027
scale-000236,qualification-synthetic,g,62028.0,20.082069422837474,1.0215565164568892,000236-0028
scale-000236,qualification-synthetic,g,62029.0,18.62073377053146,1.1973301271626942,000236-0029
scale-000236,qualification-synthetic,g,62030.0,20.639951642608445,0.8708118936541219,000236-0030
scale-000236,qualification-synthetic,g,62031.0,20.079848957072997,0.9582310447437887,000236-0031
scale-000237,qualification-synthetic,g,62000.0,17.86029156669592,1.123991567398986,000237-0000
scale-000237,qualification-synthetic,g,62001.0,20.83570167471727,1.1745090155052416,000237-0001
scale-000237,qualification-synthetic,g,62002.0,20.849432300272987,0.9900126140551156,000237-0002
scale-000237,qualification-synthetic,g,62003.0,19.39305754022917,1.0588386791370281,000237-0003
scale-000237,qualification-synthetic,g,62004.0,21.585011023391257,0.8960023706463297,000237-0004
scale-000237,qualification-synthetic,g,62005.0,21.225624036488846,1.090783208526222,000237-0005
scale-000237,qualification-synthetic,g,62006.0,17.50275899738928,1.0968371432678332,000237-0006
scale-000237,qualification-synthetic,g,62007.0,18.17296275007581,0.8512929592442802,000237-0007
scale-000237,qualification-synthetic,g,62008.0,20.664092019918616,1.1311362687725957,000237-0008
scale-000237,qualification-synthetic,g,62009.0,19.879445834826605,0.958137919218988,000237-0009
scale-000237,qualification-synthetic,g,62010.0,21.612226077991448,1.012563682422973,000237-0010
scale-000237,qualification-synthetic,g,62011.0,18.48612731953766,0.91827728806191,000237-0011
scale-000237,qualification-synthetic,g,62012.0,20.478472734274792,0.9070250614933604,000237-0012
scale-000237,qualification-synthetic,g,62013.0,19.76188852868013,0.8924896600361933,000237-0013
scale-000237,qualification-synthetic,g,62014.0,19.46861683807314,1.1250842360792743,000237-0014
scale-000237,qualification-synthetic,g,62015.0,19.366726334349874,0.8850277675513899,000237-0015
scale-000237,qualification-synthetic,g,62016.0,20.475607865576364,1.1939350637887387,000237-0016
scale-000237,qualification-synthetic,g,62017.0,19.719463412695127,0.9491987782228143,000237-0017
scale-000237,qualification-synthetic,g,62018.0,21.00599498191659,0.9760727350754851,000237-0018
scale-000237,qualification-synthetic,g,62019.0,21.003491903311296,0.8007691074896537,000237-0019
scale-000237,qualification-synthetic,g,62020.0,21.066506732634767,1.0824919508708912,000237-0020
scale-000237,qualification-synthetic,g,62021.0,20.358289151045287,0.8870492314094224,000237-0021
scale-000237,qualification-synthetic,g,62022.0,20.8532457864657,0.8732761740414866,000237-0022
scale-000237,qualification-synthetic,g,62023.0,18.661947422314338,1.0363779402712587,000237-0023
scale-000237,qualification-synthetic,g,62024.0,19.958195870926396,0.9610490076201471,000237-0024
scale-000237,qualification-synthetic,g,62025.0,20.215535331628104,1.0963079655307297,000237-0025
scale-000237,qualification-synthetic,g,62026.0,21.4367161336597,1.0126895935354834,000237-0026
scale-000237,qualification-synthetic,g,62027.0,18.269425381516378,1.144668652146884,000237-0027
scale-000237,qualification-synthetic,g,62028.0,22.978075237861958,1.097013854942449,000237-0028
scale-000237,qualification-synthetic,g,62029.0,20.771135640388458,0.9902808842602707,000237-0029
scale-000237,qualification-synthetic,g,62030.0,21.710184549815885,0.9397522490762223,000237-0030
scale-000237,qualification-synthetic,g,62031.0,20.147585636081967,0.9617967276330002,000237-0031
scale-000238,qualification-synthetic,g,62000.0,21.704845515457595,1.1560566875060516,000238-0000
scale-000238,qualification-synthetic,g,62001.0,20.798957913082965,1.0483818611345286,000238-0001
scale-000238,qualification-synthetic,g,62002.0,21.841208312811773,1.0850330052241857,000238-0002
scale-000238,qualification-synthetic,g,62003.0,19.575399978718195,1.0358407106419874,000238-0003
scale-000238,qualification-synthetic,g,62004.0,18.851268263878907,1.0128503813825127,000238-0004
scale-000238,qualification-synthetic,g,62005.0,21.13343953464659,0.9866258141432618,000238-0005
scale-000238,qualification-synthetic,g,62006.0,20.28841841823596,1.1538781671195026,000238-0006
scale-000238,qualification-synthetic,g,62007.0,19.590111451180473,1.161028613735489,000238-0007
scale-000238,qualification-synthetic,g,62008.0,20.243696384751328,0.8261128070267865,000238-0008
scale-000238,qualification-synthetic,g,62009.0,20.19781516177682,1.0366130236089706,000238-0009
scale-000238,qualification-synthetic,g,62010.0,17.826776131794812,0.9524980990957825,000238-0010
scale-000238,qualification-synthetic,g,62011.0,21.22291114666874,0.9315463863759956,000238-0011
scale-000238,qualification-synthetic,g,62012.0,14.5483112690427,1.097831376463025,000238-0012
scale-000238,qualification-synthetic,g,62013.0,19.917783180481816,0.9702079872356332,000238-0013
scale-000238,qualification-synthetic,g,62014.0,18.13036240400074,0.9777898279571764,000238-0014
scale-000238,qualification-synthetic,g,62015.0,22.09048150835142,1.1104571522923965,000238-0015
scale-000238,qualification-synthetic,g,62016.0,19.430529992493774,1.1638566801787888,000238-0016
scale-000238,qualification-synthetic,g,62017.0,22.307061904144998,1.0979192086533722,000238-0017
scale-000238,qualification-synthetic,g,62018.0,20.154626359661194,1.1429742159060359,000238-0018
scale-000238,qualification-synthetic,g,62019.0,19.890017776064497,0.819870635575244,000238-0019
scale-000238,qualification-synthetic,g,62020.0,19.874330545416402,1.1226797265835644,000238-0020
scale-000238,qualification-synthetic,g,62021.0,20.03645295280363,0.9469862091548181,000238-0021
scale-000238,qualification-synthetic,g,62022.0,20.25384414446343,0.9588970469500788,000238-0022
scale-000238,qualification-synthetic,g,62023.0,18.949857049436826,1.0495116576690133,000238-0023
scale-000238,qualification-synthetic,g,62024.0,19.94718450700016,0.9862121711984595,000238-0024
scale-000238,qualification-synthetic,g,62025.0,19.579074297940306,1.0841298320033965,000238-0025
scale-000238,qualification-synthetic,g,62026.0,20.179693183392768,1.1620601930782153,000238-0026
scale-000238,qualification-synthetic,g,62027.0,21.39594793425508,1.1091851173610887,000238-0027
scale-000238,qualification-synthetic,g,62028.0,21.32756290519641,1.0238211134185449,000238-0028
scale-000238,qualification-synthetic,g,62029.0,20.145692198585756,0.9806001198290205,000238-0029
scale-000238,qualification-synthetic,g,62030.0,20.258896486702476,1.1081642894325188,000238-0030
scale-000238,qualification-synthetic,g,62031.0,21.44630411559833,0.911214976278466,000238-0031
scale-000239,qualification-synthetic,g,62000.0,18.771879615547796,0.9010121904044974,000239-0000
scale-000239,qualification-synthetic,g,62001.0,19.36886133086453,0.8360604477537651,000239-0001
scale-000239,qualification-synthetic,g,62002.0,19.541832897032812,1.130991276309803,000239-0002
scale-000239,qualification-synthetic,g,62003.0,20.33059389216707,1.1332088815423746,000239-0003
scale-000239,qualification-synthetic,g,62004.0,20.12598620658813,1.007371709156638,000239-0004
scale-000239,qualification-synthetic,g,62005.0,19.12251875918947,1.0472954628880218,000239-0005
scale-000239,qualification-synthetic,g,62006.0,21.16716046958607,1.064212971955652,000239-0006
scale-000239,qualification-synthetic,g,62007.0,20.291189555388982,1.1577017372139249,000239-0007
scale-000239,qualification-synthetic,g,62008.0,19.73848494250264,1.0074267749599393,000239-0008
scale-000239,qualification-synthetic,g,62009.0,21.444589713762223,1.0417328390906173,000239-0009
scale-000239,qualification-synthetic,g,62010.0,21.861347162576617,1.1635697113550818,000239-0010
scale-000239,qualification-synthetic,g,62011.0,19.529365579164406,1.183846936436406,000239-0011
scale-000239,qualification-synthetic,g,62012.0,20.3424370348417,0.9885414745144079,000239-0012
scale-000239,qualification-synthetic,g,62013.0,19.274494669724053,1.0840181215842393,000239-0013
scale-000239,qualification-synthetic,g,62014.0,19.561273703644748,1.0970372441600154,000239-0014
scale-000239,qualification-synthetic,g,62015.0,20.442456028911565,1.1105228642285854,000239-0015
scale-000239,qualification-synthetic,g,62016.0,20.803100264468288,1.1143003541803518,000239-0016
scale-000239,qualification-synthetic,g,62017.0,19.754149422071983,1.1963970026783124,000239-0017
scale-000239,qualification-synthetic,g,62018.0,19.56654757965353,0.9191119462926026,000239-0018
scale-000239,qualification-synthetic,g,62019.0,19.05003306890085,0.8964191609125726,000239-0019
scale-000239,qualification-synthetic,g,62020.0,18.937651116630725,1.0275102351984606,000239-0020
scale-000239,qualification-synthetic,g,62021.0,20.514870486685172,1.1863268842600023,000239-0021
scale-000239,qualification-synthetic,g,62022.0,19.730620130756552,0.9270615608640607,000239-0022
scale-000239,qualification-synthetic,g,62023.0,19.702227361015364,1.1906743982237689,000239-0023
scale-000239,qualification-synthetic,g,62024.0,19.274886536317176,1.0351725883376648,000239-0024
scale-000239,qualification-synthetic,g,62025.0,19.85898726743548,0.8046932022300817,000239-0025
scale-000239,qualification-synthetic,g,62026.0,19.614970538596733,1.1172699094198544,000239-0026
scale-000239,qualification-synthetic,g,62027.0,21.18823655632329,0.9424556275919102,000239-0027
scale-000239,qualification-synthetic,g,62028.0,20.111630500865093,0.9582085618402028,000239-0028
scale-000239,qualification-synthetic,g,62029.0,21.25872004052125,1.1587644714554697,000239-0029
scale-000239,qualification-synthetic,g,62030.0,21.147430739349513,0.9628279637561061,000239-0030
scale-000239,qualification-synthetic,g,62031.0,21.1900151735939,1.0694050617425324,000239-0031
scale-000240,qualification-synthetic,g,62000.0,19.466076534952617,1.0923798848112065,000240-0000
scale-000240,qualification-synthetic,g,62001.0,21.07003247927883,1.1597160246901868,000240-0001
scale-000240,qualification-synthetic,g,62002.0,20.592989931731374,1.048950904227459,000240-0002
scale-000240,qualification-synthetic,g,62003.0,21.57576662830458,1.1085614848055274,000240-0003
scale-000240,qualification-synthetic,g,62004.0,19.63211307965875,0.9641633832371256,000240-0004
scale-000240,qualification-synthetic,g,62005.0,18.733898719165573,1.1739275200245562,000240-0005
scale-000240,qualification-synthetic,g,62006.0,19.898239536164613,0.8988198535794194,000240-0006
scale-000240,qualification-synthetic,g,62007.0,19.42029398355543,1.1513830387829718,000240-0007
scale-000240,qualification-synthetic,g,62008.0,19.152759756098842,0.9317377949776949,000240-0008
scale-000240,qualification-synthetic,g,62009.0,21.143328890477665,1.1110545482296645,000240-0009
scale-000240,qualification-synthetic,g,62010.0,20.44253230717357,0.8774798857653116,000240-0010
scale-000240,qualification-synthetic,g,62011.0,21.728846088139846,0.8594861106975898,000240-0011
scale-000240,qualification-synthetic,g,62012.0,19.97621812223857,0.8548786948505139,000240-0012
scale-000240,qualification-synthetic,g,62013.0,19.95821320662651,0.9610672382399534,000240-0013
scale-000240,qualification-synthetic,g,62014.0,20.893418522014287,0.8633080423422972,000240-0014
scale-000240,qualification-synthetic,g,62015.0,18.060797411792674,0.9402612578910788,000240-0015
scale-000240,qualification-synthetic,g,62016.0,20.62618723107302,1.0612380284600322,000240-0016
scale-000240,qualification-synthetic,g,62017.0,19.34494822898531,1.1319795362130691,000240-0017
scale-000240,qualification-synthetic,g,62018.0,19.59765863002832,0.9031832994261234,000240-0018
scale-000240,qualification-synthetic,g,62019.0,19.329180451862587,1.1334062066511033,000240-0019
scale-000240,qualification-synthetic,g,62020.0,19.602674380389598,1.1561474034662886,000240-0020
scale-000240,qualification-synthetic,g,62021.0,20.409470791251056,0.8707499145926229,000240-0021
scale-000240,qualification-synthetic,g,62022.0,20.290073715990168,1.0962520285369057,000240-0022
scale-000240,qualification-synthetic,g,62023.0,19.456987957820147,0.9702634509692029,000240-0023
scale-000240,qualification-synthetic,g,62024.0,20.109264451347443,0.9788807237172427,000240-0024
scale-000240,qualification-synthetic,g,62025.0,21.486097186880798,1.1506811383411428,000240-0025
scale-000240,qualification-synthetic,g,62026.0,20.010959223260702,0.8929952739702355,000240-0026
scale-000240,qualification-synthetic,g,62027.0,19.808457010206997,1.117753400321322,000240-0027
scale-000240,qualification-synthetic,g,62028.0,19.21581479947091,0.9309355603080921,000240-0028
scale-000240,qualification-synthetic,g,62029.0,20.357664850803282,1.1011350329318268,000240-0029
scale-000240,qualification-synthetic,g,62030.0,20.180176232182323,0.8239569094342107,000240-0030
scale-000240,qualification-synthetic,g,62031.0,19.869256776151445,1.0388059806682854,000240-0031
scale-000241,qualification-synthetic,g,62000.0,19.51621545482029,1.102358387623748,000241-0000
scale-000241,qualification-synthetic,g,62001.0,20.073342926651314,1.0659767006696401,000241-0001
scale-000241,qualification-synthetic,g,62002.0,22.658416886492176,1.080860229757896,000241-0002
scale-000241,qualification-synthetic,g,62003.0,19.37504244999445,1.0516533661213634,000241-0003
scale-000241,qualification-synthetic,g,62004.0,19.48086127178707,0.9633299440884926,000241-0004
scale-000241,qualification-synthetic,g,62005.0,21.167049757848144,0.9782082274063647,000241-0005
scale-000241,qualification-synthetic,g,62006.0,19.32513739453611,0.8004095180839734,000241-0006
scale-000241,qualification-synthetic,g,62007.0,20.874996727724657,1.0244118868027092,000241-0007
scale-000241,qualification-synthetic,g,62008.0,18.33480126365725,1.0429827786088888,000241-0008
scale-000241,qualification-synthetic,g,62009.0,19.17566905341133,1.084416800467272,000241-0009
scale-000241,qualification-synthetic,g,62010.0,18.42085168785301,1.0745479291881435,000241-0010
scale-000241,qualification-synthetic,g,62011.0,20.57483062545572,0.8084456495983506,000241-0011
scale-000241,qualification-synthetic,g,62012.0,20.980796345616028,1.1848355560412387,000241-0012
scale-000241,qualification-synthetic,g,62013.0,19.73947022686412,1.0404115604646436,000241-0013
scale-000241,qualification-synthetic,g,62014.0,19.63677785610948,0.904279040778264,000241-0014
scale-000241,qualification-synthetic,g,62015.0,21.744750489385623,0.8732431083429265,000241-0015
scale-000241,qualification-synthetic,g,62016.0,19.56835247078048,1.1821224470582201,000241-0016
scale-000241,qualification-synthetic,g,62017.0,17.979179346328912,0.9558471686921236,000241-0017
scale-000241,qualification-synthetic,g,62018.0,21.75484672940052,0.9969916048868862,000241-0018
scale-000241,qualification-synthetic,g,62019.0,19.01952558644775,1.1731938523138328,000241-0019
scale-000241,qualification-synthetic,g,62020.0,19.94390839778955,1.1693197398515767,000241-0020
scale-000241,qualification-synthetic,g,62021.0,15.653249262511878,0.8842833570847535,000241-0021
scale-000241,qualification-synthetic,g,62022.0,21.614113359148423,1.1509247299953318,000241-0022
scale-000241,qualification-synthetic,g,62023.0,20.71941354337369,0.9801373949857448,000241-0023
scale-000241,qualification-synthetic,g,62024.0,19.692387948785402,1.1031567133627778,000241-0024
scale-000241,qualification-synthetic,g,62025.0,20.203088917127012,1.0118214431186332,000241-0025
scale-000241,qualification-synthetic,g,62026.0,19.60825334192432,1.030577983083245,000241-0026
scale-000241,qualification-synthetic,g,62027.0,22.68702739747159,0.9052571849791897,000241-0027
scale-000241,qualification-synthetic,g,62028.0,21.71742691894112,0.8221425704802379,000241-0028
scale-000241,qualification-synthetic,g,62029.0,20.74751223093548,1.1484299893737113,000241-0029
scale-000241,qualification-synthetic,g,62030.0,22.6706617276792,1.0370037564517336,000241-0030
scale-000241,qualification-synthetic,g,62031.0,21.060844850853776,0.8624897074615137,000241-0031
scale-000242,qualification-synthetic,g,62000.0,18.839817228963447,1.0918679640268152,000242-0000
scale-000242,qualification-synthetic,g,62001.0,20.94825820384526,0.8500310971217321,000242-0001
scale-000242,qualification-synthetic,g,62002.0,19.70739369039884,0.855617518526523,000242-0002
scale-000242,qualification-synthetic,g,62003.0,20.517131940047026,0.8600559115197025,000242-0003
scale-000242,qualification-synthetic,g,62004.0,19.083680295270895,1.0515741414086195,000242-0004
scale-000242,qualification-synthetic,g,62005.0,19.96940385399112,0.9643143036075215,000242-0005
scale-000242,qualification-synthetic,g,62006.0,21.080233334419603,0.9007573553375402,000242-0006
scale-000242,qualification-synthetic,g,62007.0,20.134415395265957,0.8399662727728877,000242-0007
scale-000242,qualification-synthetic,g,62008.0,19.23794367675778,0.8062481267225178,000242-0008
scale-000242,qualification-synthetic,g,62009.0,20.28548341748212,1.1384575430034896,000242-0009
scale-000242,qualification-synthetic,g,62010.0,21.173256219720777,0.9406066183060046,000242-0010
scale-000242,qualification-synthetic,g,62011.0,19.486177296143264,0.8826646293475524,000242-0011
scale-000242,qualification-synthetic,g,62012.0,19.064837028687617,0.8658016353456895,000242-0012
scale-000242,qualification-synthetic,g,62013.0,20.64278512041789,0.8644057417325844,000242-0013
scale-000242,qualification-synthetic,g,62014.0,20.830493983388106,0.9709844820507638,000242-0014
scale-000242,qualification-synthetic,g,62015.0,20.697040921949252,0.8004004762544031,000242-0015
scale-000242,qualification-synthetic,g,62016.0,18.103429685181066,0.8680517303747627,000242-0016
scale-000242,qualification-synthetic,g,62017.0,20.28188378037553,0.9444454087504635,000242-0017
scale-000242,qualification-synthetic,g,62018.0,19.906729688325495,0.9225826522513636,000242-0018
scale-000242,qualification-synthetic,g,62019.0,20.019927175386012,0.8946075947410604,000242-0019
scale-000242,qualification-synthetic,g,62020.0,22.138496306500283,0.9535320607057379,000242-0020
scale-000242,qualification-synthetic,g,62021.0,20.605745388564266,0.977896185498454,000242-0021
scale-000242,qualification-synthetic,g,62022.0,20.532547639660795,1.1975241970016455,000242-0022
scale-000242,qualification-synthetic,g,62023.0,20.474955281421185,0.8978953333379094,000242-0023
scale-000242,qualification-synthetic,g,62024.0,18.05678459450867,0.806664600938279,000242-0024
scale-000242,qualification-synthetic,g,62025.0,19.74030577157761,1.1680316206135584,000242-0025
scale-000242,qualification-synthetic,g,62026.0,17.89555880447398,1.1491092428961442,000242-0026
scale-000242,qualification-synthetic,g,62027.0,19.28379679636781,0.9632739962702054,000242-0027
scale-000242,qualification-synthetic,g,62028.0,19.445087151811308,1.0287364509307975,000242-0028
scale-000242,qualification-synthetic,g,62029.0,19.97906420257872,1.1465596287616753,000242-0029
scale-000242,qualification-synthetic,g,62030.0,20.235539159158343,0.8217601009526925,000242-0030
scale-000242,qualification-synthetic,g,62031.0,18.978971358623685,1.1096361257575043,000242-0031
scale-000243,qualification-synthetic,g,62000.0,19.750900186624627,0.8991917743422889,000243-0000
scale-000243,qualification-synthetic,g,62001.0,20.411187873596617,1.0385396678173426,000243-0001
scale-000243,qualification-synthetic,g,62002.0,20.70298488547318,1.013423050906684,000243-0002
scale-000243,qualification-synthetic,g,62003.0,18.90034598195308,1.1964385196587182,000243-0003
scale-000243,qualification-synthetic,g,62004.0,20.200048818825195,0.8868461841105629,000243-0004
scale-000243,qualification-synthetic,g,62005.0,20.784183974553812,1.1580792206800892,000243-0005
scale-000243,qualification-synthetic,g,62006.0,22.918205584663138,1.1987663223130403,000243-0006
scale-000243,qualification-synthetic,g,62007.0,21.363377748702412,0.8943887963776039,000243-0007
scale-000243,qualification-synthetic,g,62008.0,19.20210667015827,0.9374234936351609,000243-0008
scale-000243,qualification-synthetic,g,62009.0,24.866143767554902,1.0155639867710284,000243-0009
scale-000243,qualification-synthetic,g,62010.0,19.92914560390158,0.9524212276646737,000243-0010
scale-000243,qualification-synthetic,g,62011.0,20.284256367994484,0.8274857880708361,000243-0011
scale-000243,qualification-synthetic,g,62012.0,19.835214560311517,1.0372364845741693,000243-0012
scale-000243,qualification-synthetic,g,62013.0,18.86761400455862,0.9559332853812144,000243-0013
scale-000243,qualification-synthetic,g,62014.0,18.610063098415385,1.0222382739673133,000243-0014
scale-000243,qualification-synthetic,g,62015.0,20.018515824142053,1.052188753511341,000243-0015
scale-000243,qualification-synthetic,g,62016.0,20.020121503381404,1.1610319195703247,000243-0016
scale-000243,qualification-synthetic,g,62017.0,20.53254616978376,0.9138766854270053,000243-0017
scale-000243,qualification-synthetic,g,62018.0,18.9598664058177,1.1578240174823997,000243-0018
scale-000243,qualification-synthetic,g,62019.0,18.626204430967476,1.1485213221584607,000243-0019
scale-000243,qualification-synthetic,g,62020.0,19.64649179395143,0.8390499264360968,000243-0020
scale-000243,qualification-synthetic,g,62021.0,20.152978777435443,0.9718640151473923,000243-0021
scale-000243,qualification-synthetic,g,62022.0,17.685769159559392,1.0134887016291214,000243-0022
scale-000243,qualification-synthetic,g,62023.0,18.460161496020653,0.9071127329731542,000243-0023
scale-000243,qualification-synthetic,g,62024.0,20.503425283568063,1.1621783343066774,000243-0024
scale-000243,qualification-synthetic,g,62025.0,21.53385148794375,1.080886577418413,000243-0025
scale-000243,qualification-synthetic,g,62026.0,19.449875310219486,1.188649026029737,000243-0026
scale-000243,qualification-synthetic,g,62027.0,20.253794171192926,0.8440411893422932,000243-0027
scale-000243,qualification-synthetic,g,62028.0,20.53155965370336,1.023501832646162,000243-0028
scale-000243,qualification-synthetic,g,62029.0,20.414816804929053,1.1339413809900973,000243-0029
scale-000243,qualification-synthetic,g,62030.0,20.424767251788122,1.0601748168771088,000243-0030
scale-000243,qualification-synthetic,g,62031.0,20.352641687191735,0.8403093760641309,000243-0031
scale-000244,qualification-synthetic,g,62000.0,20.571737366429403,1.1719694603759903,000244-0000
scale-000244,qualification-synthetic,g,62001.0,19.196204827333474,0.8565350189470212,000244-0001
scale-000244,qualification-synthetic,g,62002.0,22.084043752491635,0.9007383148658172,000244-0002
scale-000244,qualification-synthetic,g,62003.0,18.97987471411605,0.9692983370160855,000244-0003
scale-000244,qualification-synthetic,g,62004.0,19.524142495631107,0.9017991340492434,000244-0004
scale-000244,qualification-synthetic,g,62005.0,18.94698599765619,0.8912594513219368,000244-0005
scale-000244,qualification-synthetic,g,62006.0,20.90354295846018,1.1081311654275563,000244-0006
scale-000244,qualification-synthetic,g,62007.0,19.0198078501527,0.8161961338906497,000244-0007
scale-000244,qualification-synthetic,g,62008.0,18.84861151792359,0.8775517267564648,000244-0008
scale-000244,qualification-synthetic,g,62009.0,20.65669046205809,1.18299295112265,000244-0009
scale-000244,qualification-synthetic,g,62010.0,21.990568801772632,0.9899038299252774,000244-0010
scale-000244,qualification-synthetic,g,62011.0,21.920883613940706,1.1667951451853231,000244-0011
scale-000244,qualification-synthetic,g,62012.0,15.927359733225986,1.000436285953678,000244-0012
scale-000244,qualification-synthetic,g,62013.0,18.76434015871288,0.8390997738502437,000244-0013
scale-000244,qualification-synthetic,g,62014.0,19.26799141499662,0.8219131620145934,000244-0014
scale-000244,qualification-synthetic,g,62015.0,20.14706991982393,0.9976840395670998,000244-0015
scale-000244,qualification-synthetic,g,62016.0,20.5839789653163,1.0846681995908556,000244-0016
scale-000244,qualification-synthetic,g,62017.0,20.302473543951464,0.902686778541021,000244-0017
scale-000244,qualification-synthetic,g,62018.0,19.965290867949207,1.1474653971780011,000244-0018
scale-000244,qualification-synthetic,g,62019.0,19.591458854498246,0.8174694052823355,000244-0019
scale-000244,qualification-synthetic,g,62020.0,20.924157415714546,0.8479274202856907,000244-0020
scale-000244,qualification-synthetic,g,62021.0,19.259360517785268,1.1973109154866317,000244-0021
scale-000244,qualification-synthetic,g,62022.0,19.622748147417557,1.1070570844313175,000244-0022
scale-000244,qualification-synthetic,g,62023.0,19.156439879203937,0.9393738737591725,000244-0023
scale-000244,qualification-synthetic,g,62024.0,18.812080324947548,1.133781126613528,000244-0024
scale-000244,qualification-synthetic,g,62025.0,18.33868951230934,1.0905490417247765,000244-0025
scale-000244,qualification-synthetic,g,62026.0,22.260696932982842,0.8567660594732837,000244-0026
scale-000244,qualification-synthetic,g,62027.0,19.25044138707411,1.1713578364611363,000244-0027
scale-000244,qualification-synthetic,g,62028.0,18.072101379292974,0.8639997666905781,000244-0028
scale-000244,qualification-synthetic,g,62029.0,19.994869547906422,0.8604139524754565,000244-0029
scale-000244,qualification-synthetic,g,62030.0,19.6980087704022,0.8689315548044446,000244-0030
scale-000244,qualification-synthetic,g,62031.0,19.687426974473997,0.9443980979856217,000244-0031
scale-000245,qualification-synthetic,g,62000.0,18.361666376089783,0.9838815559384437,000245-0000
scale-000245,qualification-synthetic,g,62001.0,20.18143459709599,0.8823828391853962,000245-0001
scale-000245,qualification-synthetic,g,62002.0,20.275464795305684,0.9133512782970873,000245-0002
scale-000245,qualification-synthetic,g,62003.0,18.45650609531789,1.107986595116378,000245-0003
scale-000245,qualification-synthetic,g,62004.0,19.773148730709366,1.0051205189545345,000245-0004
scale-000245,qualification-synthetic,g,62005.0,19.943425871527182,0.9725858476450481,000245-0005
scale-000245,qualification-synthetic,g,62006.0,19.21702614449641,1.0597902683099547,000245-0006
scale-000245,qualification-synthetic,g,62007.0,20.008796344425203,0.8463603105454065,000245-0007
scale-000245,qualification-synthetic,g,62008.0,20.446491234187164,0.852176545039805,000245-0008
scale-000245,qualification-synthetic,g,62009.0,20.798813362494133,1.1475775736623683,000245-0009
scale-000245,qualification-synthetic,g,62010.0,18.00407003700098,0.9281921464861863,000245-0010
scale-000245,qualification-synthetic,g,62011.0,19.446239566562156,1.1277409430073806,000245-0011
scale-000245,qualification-synthetic,g,62012.0,19.875767015060738,1.1913296855302649,000245-0012
scale-000245,qualification-synthetic,g,62013.0,18.980942800778617,1.047685449375491,000245-0013
scale-000245,qualification-synthetic,g,62014.0,17.808075028699918,1.0029370193541918,000245-0014
scale-000245,qualification-synthetic,g,62015.0,19.654038101078893,1.1490053351981988,000245-0015
scale-000245,qualification-synthetic,g,62016.0,19.470381236278534,1.0756517253434192,000245-0016
scale-000245,qualification-synthetic,g,62017.0,20.14345794249611,1.171898614736953,000245-0017
scale-000245,qualification-synthetic,g,62018.0,19.78925675304224,0.9849228465062121,000245-0018
scale-000245,qualification-synthetic,g,62019.0,19.413926199134085,0.995016826374874,000245-0019
scale-000245,qualification-synthetic,g,62020.0,19.862022319088332,1.0962823636980963,000245-0020
scale-000245,qualification-synthetic,g,62021.0,18.306141236243345,1.1623697976848053,000245-0021
scale-000245,qualification-synthetic,g,62022.0,19.791278075169668,1.0541333554912502,000245-0022
scale-000245,qualification-synthetic,g,62023.0,20.11292418481258,0.8107363689991192,000245-0023
scale-000245,qualification-synthetic,g,62024.0,20.306808939760906,1.0505813454902095,000245-0024
scale-000245,qualification-synthetic,g,62025.0,20.649029966575366,0.9494049114680893,000245-0025
scale-000245,qualification-synthetic,g,62026.0,25.50169089864771,1.1822040939509448,000245-0026
scale-000245,qualification-synthetic,g,62027.0,20.516850460631467,1.0015835957037171,000245-0027
scale-000245,qualification-synthetic,g,62028.0,19.15148243059175,0.8348044196136235,000245-0028
scale-000245,qualification-synthetic,g,62029.0,19.599356194879103,1.1951907631965801,000245-0029
scale-000245,qualification-synthetic,g,62030.0,18.342262407829217,1.1154985996940652,000245-0030
scale-000245,qualification-synthetic,g,62031.0,14.477816598704695,1.0361969427011681,000245-0031
scale-000246,qualification-synthetic,g,62000.0,18.505643791015792,1.000119814519367,000246-0000
scale-000246,qualification-synthetic,g,62001.0,19.855940840864125,0.8231936046859138,000246-0001
scale-000246,qualification-synthetic,g,62002.0,21.097667229939063,1.1408026103796836,000246-0002
scale-000246,qualification-synthetic,g,62003.0,19.119369246516733,1.1131729298458284,000246-0003
scale-000246,qualification-synthetic,g,62004.0,19.23098585255742,0.8435474039775969,000246-0004
scale-000246,qualification-synthetic,g,62005.0,19.468933289200375,1.1010252330179684,000246-0005
scale-000246,qualification-synthetic,g,62006.0,20.531425690841694,0.8333812293546521,000246-0006
scale-000246,qualification-synthetic,g,62007.0,18.7078343222882,1.1160768076177205,000246-0007
scale-000246,qualification-synthetic,g,62008.0,20.283469475468443,1.1411201478563135,000246-0008
scale-000246,qualification-synthetic,g,62009.0,20.531007357827406,0.9208234394934203,000246-0009
scale-000246,qualification-synthetic,g,62010.0,20.611362250138825,0.8497037289984635,000246-0010
scale-000246,qualification-synthetic,g,62011.0,19.514454099679423,0.946693083291931,000246-0011
scale-000246,qualification-synthetic,g,62012.0,19.98298475211922,0.8943667349408834,000246-0012
scale-000246,qualification-synthetic,g,62013.0,20.324944820295936,0.90116965314486,000246-0013
scale-000246,qualification-synthetic,g,62014.0,21.44666096057612,0.9759716893208831,000246-0014
scale-000246,qualification-synthetic,g,62015.0,23.032679582227395,0.9893659033030169,000246-0015
scale-000246,qualification-synthetic,g,62016.0,20.517865375972967,1.0914370464155252,000246-0016
scale-000246,qualification-synthetic,g,62017.0,20.85941957051146,1.1592297728764753,000246-0017
scale-000246,qualification-synthetic,g,62018.0,18.182181448060113,0.8410417757319952,000246-0018
scale-000246,qualification-synthetic,g,62019.0,16.927447581462896,0.9248710802922034,000246-0019
scale-000246,qualification-synthetic,g,62020.0,20.05106485933504,0.8719781552486551,000246-0020
scale-000246,qualification-synthetic,g,62021.0,21.744434444853514,1.0879949702083895,000246-0021
scale-000246,qualification-synthetic,g,62022.0,20.6658126414441,1.014293068243725,000246-0022
scale-000246,qualification-synthetic,g,62023.0,20.699339542396718,0.8109270707914578,000246-0023
scale-000246,qualification-synthetic,g,62024.0,20.607164997991028,0.9079955957237751,000246-0024
scale-000246,qualification-synthetic,g,62025.0,18.445775565783492,1.150740370053285,000246-0025
scale-000246,qualification-synthetic,g,62026.0,21.46083587992126,1.0906886377498644,000246-0026
scale-000246,qualification-synthetic,g,62027.0,18.722225202117965,0.943229125216639,000246-0027
scale-000246,qualification-synthetic,g,62028.0,20.04557554111679,0.9014458423265973,000246-0028
scale-000246,qualification-synthetic,g,62029.0,19.122402882216974,1.166144838231905,000246-0029
scale-000246,qualification-synthetic,g,62030.0,21.510812850470234,1.098739542180406,000246-0030
scale-000246,qualification-synthetic,g,62031.0,18.792699030655914,1.0127314981592987,000246-0031
scale-000247,qualification-synthetic,g,62000.0,21.494046219864,1.0402425676643945,000247-0000
scale-000247,qualification-synthetic,g,62001.0,18.007917717692596,1.186251568019671,000247-0001
scale-000247,qualification-synthetic,g,62002.0,19.78525773179679,0.9063768827244792,000247-0002
scale-000247,qualification-synthetic,g,62003.0,20.328982822521894,1.1495444194754108,000247-0003
scale-000247,qualification-synthetic,g,62004.0,20.18772587583658,1.1970045144163215,000247-0004
scale-000247,qualification-synthetic,g,62005.0,19.752502458346903,1.065644707420696,000247-0005
scale-000247,qualification-synthetic,g,62006.0,19.769862359753127,1.0127717143850563,000247-0006
scale-000247,qualification-synthetic,g,62007.0,20.01626225998655,1.173309303975297,000247-0007
scale-000247,qualification-synthetic,g,62008.0,20.87439694123318,1.1220235486727184,000247-0008
scale-000247,qualification-synthetic,g,62009.0,21.214158729544806,1.128426539266349,000247-0009
scale-000247,qualification-synthetic,g,62010.0,21.200525331538152,1.1118395324974648,000247-0010
scale-000247,qualification-synthetic,g,62011.0,19.249447481866966,0.9538199751204427,000247-0011
scale-000247,qualification-synthetic,g,62012.0,20.66320733247036,0.9660515158483879,000247-0012
scale-000247,qualification-synthetic,g,62013.0,21.235807629141693,0.8955835561699105,000247-0013
scale-000247,qualification-synthetic,g,62014.0,19.699688801586625,0.8116622356889345,000247-0014
scale-000247,qualification-synthetic,g,62015.0,17.446279629644366,1.1388016674275232,000247-0015
scale-000247,qualification-synthetic,g,62016.0,19.80499740073496,0.8321876884743546,000247-0016
scale-000247,qualification-synthetic,g,62017.0,22.225334574570944,1.162742851394664,000247-0017
scale-000247,qualification-synthetic,g,62018.0,19.928341727851336,0.9971412411219541,000247-0018
scale-000247,qualification-synthetic,g,62019.0,20.030911112759018,0.9884606256109851,000247-0019
scale-000247,qualification-synthetic,g,62020.0,21.185646962950653,0.9511960655386944,000247-0020
scale-000247,qualification-synthetic,g,62021.0,20.29375556100254,0.9534184553252509,000247-0021
scale-000247,qualification-synthetic,g,62022.0,19.62235124513539,0.9232364377095208,000247-0022
scale-000247,qualification-synthetic,g,62023.0,19.268522157072095,1.0674396122385426,000247-0023
scale-000247,qualification-synthetic,g,62024.0,18.696320434331426,0.8438782698544463,000247-0024
scale-000247,qualification-synthetic,g,62025.0,19.773377131806793,1.154349778617522,000247-0025
scale-000247,qualification-synthetic,g,62026.0,20.16219123985801,1.035827527352378,000247-0026
scale-000247,qualification-synthetic,g,62027.0,16.719455202720912,1.0019509921563563,000247-0027
scale-000247,qualification-synthetic,g,62028.0,20.69792922601047,1.165880678563141,000247-0028
scale-000247,qualification-synthetic,g,62029.0,19.750804144181984,0.8194995100021092,000247-0029
scale-000247,qualification-synthetic,g,62030.0,18.54016716340175,0.8312012559127533,000247-0030
scale-000247,qualification-synthetic,g,62031.0,19.348542791366242,0.9639451054584914,000247-0031
scale-000248,qualification-synthetic,g,62000.0,20.324913065486406,1.135463098605121,000248-0000
scale-000248,qualification-synthetic,g,62001.0,20.333750993010973,0.985881952947331,000248-0001
scale-000248,qualification-synthetic,g,62002.0,19.20495744378871,1.031625314670357,000248-0002
scale-000248,qualification-synthetic,g,62003.0,17.33798785366212,0.8784979694155055,000248-0003
scale-000248,qualification-synthetic,g,62004.0,20.519981080092116,1.0765002795216723,000248-0004
scale-000248,qualification-synthetic,g,62005.0,20.459054097957843,0.8510625935592008,000248-0005
scale-000248,qualification-synthetic,g,62006.0,20.588672268801428,1.0257512396827115,000248-0006
scale-000248,qualification-synthetic,g,62007.0,21.721060749361854,1.17588581970467,000248-0007
scale-000248,qualification-synthetic,g,62008.0,23.259289125214167,1.1940361196161386,000248-0008
scale-000248,qualification-synthetic,g,62009.0,20.97545043481513,0.9161666742341706,000248-0009
scale-000248,qualification-synthetic,g,62010.0,19.453215186261346,0.9490722854476187,000248-0010
scale-000248,qualification-synthetic,g,62011.0,19.101965165592002,1.068570875583283,000248-0011
scale-000248,qualification-synthetic,g,62012.0,21.067396531823615,1.0463207328890614,000248-0012
scale-000248,qualification-synthetic,g,62013.0,18.104914536404163,1.1711790194393965,000248-0013
scale-000248,qualification-synthetic,g,62014.0,20.268842968638907,0.9062140560362265,000248-0014
scale-000248,qualification-synthetic,g,62015.0,21.274529467835862,0.9471475158418631,000248-0015
scale-000248,qualification-synthetic,g,62016.0,19.211335466186657,1.1230989935302536,000248-0016
scale-000248,qualification-synthetic,g,62017.0,19.713234942385533,1.1631087482198357,000248-0017
scale-000248,qualification-synthetic,g,62018.0,19.179613052333597,1.1830657548115036,000248-0018
scale-000248,qualification-synthetic,g,62019.0,21.040970554537736,0.942812497748397,000248-0019
scale-000248,qualification-synthetic,g,62020.0,19.44447534009908,0.9022114819206177,000248-0020
scale-000248,qualification-synthetic,g,62021.0,17.72827827164732,1.1615205368267565,000248-0021
scale-000248,qualification-synthetic,g,62022.0,20.234002642871975,0.9919244102784194,000248-0022
scale-000248,qualification-synthetic,g,62023.0,18.816202394405227,1.0192882352821975,000248-0023
scale-000248,qualification-synthetic,g,62024.0,19.207225170536212,1.1865238224058645,000248-0024
scale-000248,qualification-synthetic,g,62025.0,19.96328691047197,0.8569953745975999,000248-0025
scale-000248,qualification-synthetic,g,62026.0,20.30332473914092,1.0031827564364324,000248-0026
scale-000248,qualification-synthetic,g,62027.0,20.149867984000547,0.8420918329128386,000248-0027
scale-000248,qualification-synthetic,g,62028.0,19.556275170613727,0.9158152122284575,000248-0028
scale-000248,qualification-synthetic,g,62029.0,24.716403636987117,1.152093106602593,000248-0029
scale-000248,qualification-synthetic,g,62030.0,17.618400032362707,1.108663342840114,000248-0030
scale-000248,qualification-synthetic,g,62031.0,21.286027874666352,1.1185777771577037,000248-0031
scale-000249,qualification-synthetic,g,62000.0,19.738628807123856,0.8957589146569951,000249-0000
scale-000249,qualification-synthetic,g,62001.0,19.543764081366554,0.9573166835122763,000249-0001
scale-000249,qualification-synthetic,g,62002.0,19.813585326541038,1.0781820104585473,000249-0002
scale-000249,qualification-synthetic,g,62003.0,22.049558639078427,1.0756104667399853,000249-0003
scale-000249,qualification-synthetic,g,62004.0,18.705419047742986,1.1419622777408969,000249-0004
scale-000249,qualification-synthetic,g,62005.0,20.268651219407662,0.8665694249258785,000249-0005
scale-000249,qualification-synthetic,g,62006.0,19.384568928111424,0.8732095039547034,000249-0006
scale-000249,qualification-synthetic,g,62007.0,20.664105347531052,1.1765812358079952,000249-0007
scale-000249,qualification-synthetic,g,62008.0,21.48471879503505,0.9482832394470658,000249-0008
scale-000249,qualification-synthetic,g,62009.0,19.06968700896273,1.000319914732719,000249-0009
scale-000249,qualification-synthetic,g,62010.0,19.023042340788727,1.1304303320316622,000249-0010
scale-000249,qualification-synthetic,g,62011.0,20.879190448051062,1.1019315794482243,000249-0011
scale-000249,qualification-synthetic,g,62012.0,19.954429516393265,1.056172997717371,000249-0012
scale-000249,qualification-synthetic,g,62013.0,19.606030102598982,0.9769247511042097,000249-0013
scale-000249,qualification-synthetic,g,62014.0,20.65919744691585,0.9948203439443719,000249-0014
scale-000249,qualification-synthetic,g,62015.0,18.61876119720072,1.1973174809738714,000249-0015
scale-000249,qualification-synthetic,g,62016.0,20.310159448944102,0.8723190372009996,000249-0016
scale-000249,qualification-synthetic,g,62017.0,19.23277599173574,0.8343947329910982,000249-0017
scale-000249,qualification-synthetic,g,62018.0,20.73039596023265,1.1598647469755676,000249-0018
scale-000249,qualification-synthetic,g,62019.0,20.371084431882927,1.1626798078955816,000249-0019
scale-000249,qualification-synthetic,g,62020.0,21.268818011905886,1.0604729529402641,000249-0020
scale-000249,qualification-synthetic,g,62021.0,17.2321518449198,0.9230293954263732,000249-0021
scale-000249,qualification-synthetic,g,62022.0,19.702666391194384,1.1975209577181067,000249-0022
scale-000249,qualification-synthetic,g,62023.0,20.00104809760678,1.0438472859567902,000249-0023
scale-000249,qualification-synthetic,g,62024.0,19.438981720197315,1.1898435966423377,000249-0024
scale-000249,qualification-synthetic,g,62025.0,19.602704991535074,0.9376742128554246,000249-0025
scale-000249,qualification-synthetic,g,62026.0,19.97156276168049,0.8077772899516972,000249-0026
scale-000249,qualification-synthetic,g,62027.0,21.958533639229714,0.9958697459290718,000249-0027
scale-000249,qualification-synthetic,g,62028.0,20.440407425746113,0.8899403583923123,000249-0028
scale-000249,qualification-synthetic,g,62029.0,21.096365792806413,0.898896222585939,000249-0029
scale-000249,qualification-synthetic,g,62030.0,21.11056081207733,1.1175588481340253,000249-0030
scale-000249,qualification-synthetic,g,62031.0,20.275681374447785,1.0853424101390885,000249-0031
scale-000250,qualification-synthetic,g,62000.0,19.996180384433963,0.9378602137406008,000250-0000
scale-000250,qualification-synthetic,g,62001.0,20.68013751242954,0.8450139493743569,000250-0001
scale-000250,qualification-synthetic,g,62002.0,19.834502178256745,0.8154819685073598,000250-0002
scale-000250,qualification-synthetic,g,62003.0,20.797067469208287,1.02201794233509,000250-0003
scale-000250,qualification-synthetic,g,62004.0,19.174918805089728,0.8541946991818727,000250-0004
scale-000250,qualification-synthetic,g,62005.0,19.26078873778998,0.8680440673823441,000250-0005
scale-000250,qualification-synthetic,g,62006.0,20.405894561732918,1.1327200622321927,000250-0006
scale-000250,qualification-synthetic,g,62007.0,17.312639470107676,1.11802385224072,000250-0007
scale-000250,qualification-synthetic,g,62008.0,14.898596925081616,1.0878632269120976,000250-0008
scale-000250,qualification-synthetic,g,62009.0,18.79630500203412,1.1807475595464556,000250-0009
scale-000250,qualification-synthetic,g,62010.0,20.0769683136071,0.8158445557314338,000250-0010
scale-000250,qualification-synthetic,g,62011.0,19.53168682627454,1.0520325858843422,000250-0011
scale-000250,qualification-synthetic,g,62012.0,20.891000619580883,1.0438495574608149,000250-0012
scale-000250,qualification-synthetic,g,62013.0,21.847249260398147,1.0253564787854907,000250-0013
scale-000250,qualification-synthetic,g,62014.0,19.439281071903288,1.0757947177981413,000250-0014
scale-000250,qualification-synthetic,g,62015.0,21.75991997182778,0.9029722785870505,000250-0015
scale-000250,qualification-synthetic,g,62016.0,23.607414277339007,1.1526841003284836,000250-0016
scale-000250,qualification-synthetic,g,62017.0,26.56212612316764,0.8873983346546859,000250-0017
scale-000250,qualification-synthetic,g,62018.0,24.33056860919088,0.9753787513735303,000250-0018
scale-000250,qualification-synthetic,g,62019.0,25.521621537948135,0.8000841893962848,000250-0019
scale-000250,qualification-synthetic,g,62020.0,24.066304322512657,0.9130814818847314,000250-0020
scale-000250,qualification-synthetic,g,62021.0,21.40309376116915,1.1073183047269894,000250-0021
scale-000250,qualification-synthetic,g,62022.0,18.74798828484817,1.0971030525411054,000250-0022
scale-000250,qualification-synthetic,g,62023.0,19.431892617473896,0.8352091038970708,000250-0023
scale-000250,qualification-synthetic,g,62024.0,21.315243590336056,1.1317927492253625,000250-0024
scale-000250,qualification-synthetic,g,62025.0,20.99927882427841,0.8763193213956069,000250-0025
scale-000250,qualification-synthetic,g,62026.0,20.015491125981292,1.1776446879582927,000250-0026
scale-000250,qualification-synthetic,g,62027.0,18.833046420208884,0.8071823207987556,000250-0027
scale-000250,qualification-synthetic,g,62028.0,19.545552195647442,0.9872531388561099,000250-0028
scale-000250,qualification-synthetic,g,62029.0,19.017234294206688,0.9069973963429824,000250-0029
scale-000250,qualification-synthetic,g,62030.0,21.210016110692937,1.0258067767172458,000250-0030
scale-000250,qualification-synthetic,g,62031.0,21.103506986319086,0.8162445918026171,000250-0031
scale-000251,qualification-synthetic,g,62000.0,20.114790276991855,1.132384419709844,000251-0000
scale-000251,qualification-synthetic,g,62001.0,20.342441246081,0.9392220691344696,000251-0001
scale-000251,qualification-synthetic,g,62002.0,21.743634979168853,0.9145584519666086,000251-0002
scale-000251,qualification-synthetic,g,62003.0,20.5064125405531,1.0866162010387184,000251-0003
scale-000251,qualification-synthetic,g,62004.0,19.025594640862543,1.1142522617876207,000251-0004
scale-000251,qualification-synthetic,g,62005.0,20.71881033179626,0.8955179541630658,000251-0005
scale-000251,qualification-synthetic,g,62006.0,19.91194344233567,0.8574953645245954,000251-0006
scale-000251,qualification-synthetic,g,62007.0,19.860178605331793,1.0492811616866065,000251-0007
scale-000251,qualification-synthetic,g,62008.0,18.515631332521874,1.0459103437327844,000251-0008
scale-000251,qualification-synthetic,g,62009.0,20.154592103839065,1.06234174427182,000251-0009
scale-000251,qualification-synthetic,g,62010.0,18.728648456495954,0.9227655102019747,000251-0010
scale-000251,qualification-synthetic,g,62011.0,18.82391039077525,0.8759357550373152,000251-0011
scale-000251,qualification-synthetic,g,62012.0,21.55572111611058,0.8808439318665499,000251-0012
scale-000251,qualification-synthetic,g,62013.0,21.051975852568244,1.119011403824278,000251-0013
scale-000251,qualification-synthetic,g,62014.0,18.937256141832442,1.0447508827051488,000251-0014
scale-000251,qualification-synthetic,g,62015.0,20.1094662653811,1.0853566734353064,000251-0015
scale-000251,qualification-synthetic,g,62016.0,19.85832653768876,1.104090437464853,000251-0016
scale-000251,qualification-synthetic,g,62017.0,20.080068027780506,1.192407132847742,000251-0017
scale-000251,qualification-synthetic,g,62018.0,20.69709470891843,0.8517924059563049,000251-0018
scale-000251,qualification-synthetic,g,62019.0,19.36953475175803,1.141426814938844,000251-0019
scale-000251,qualification-synthetic,g,62020.0,18.09982725018782,1.173192993206207,000251-0020
scale-000251,qualification-synthetic,g,62021.0,21.305399294589762,0.8264826046669402,000251-0021
scale-000251,qualification-synthetic,g,62022.0,20.514505101733338,1.1296848487294735,000251-0022
scale-000251,qualification-synthetic,g,62023.0,19.93480329847158,1.125459419442388,000251-0023
scale-000251,qualification-synthetic,g,62024.0,19.371204597161267,0.9999202830505747,000251-0024
scale-000251,qualification-synthetic,g,62025.0,20.564842595989827,1.0497385662627639,000251-0025
scale-000251,qualification-synthetic,g,62026.0,19.366088988061012,0.81155845013126,000251-0026
scale-000251,qualification-synthetic,g,62027.0,21.69929088414584,1.0394174133859875,000251-0027
scale-000251,qualification-synthetic,g,62028.0,17.87246554782807,1.1275342646723283,000251-0028
scale-000251,qualification-synthetic,g,62029.0,19.52488627384117,1.064278378039801,000251-0029
scale-000251,qualification-synthetic,g,62030.0,17.77100683418106,0.8699387264209938,000251-0030
scale-000251,qualification-synthetic,g,62031.0,19.952252746258576,0.8890881535606553,000251-0031
scale-000252,qualification-synthetic,g,62000.0,19.56875146221436,0.9922297262268552,000252-0000
scale-000252,qualification-synthetic,g,62001.0,19.98970638312054,0.8215407089601083,000252-0001
scale-000252,qualification-synthetic,g,62002.0,18.822075855377264,1.0196559143446213,000252-0002
scale-000252,qualification-synthetic,g,62003.0,21.093768106703322,1.1386059969783737,000252-0003
scale-000252,qualification-synthetic,g,62004.0,20.37470463751809,0.9874260822796402,000252-0004
scale-000252,qualification-synthetic,g,62005.0,20.548347683834386,1.1600043051451892,000252-0005
scale-000252,qualification-synthetic,g,62006.0,19.550368572339714,1.1580339877996413,000252-0006
scale-000252,qualification-synthetic,g,62007.0,21.553528848671178,1.0591059507198226,000252-0007
scale-000252,qualification-synthetic,g,62008.0,17.75517705541307,1.112879827794995,000252-0008
scale-000252,qualification-synthetic,g,62009.0,18.889799977286927,1.1806782359343038,000252-0009
scale-000252,qualification-synthetic,g,62010.0,19.795201551979623,1.0070858740619852,000252-0010
scale-000252,qualification-synthetic,g,62011.0,19.75764507947599,0.8492737963129001,000252-0011
scale-000252,qualification-synthetic,g,62012.0,20.190853174055714,0.9690742162417101,000252-0012
scale-000252,qualification-synthetic,g,62013.0,19.707948999370995,1.1748457355127664,000252-0013
scale-000252,qualification-synthetic,g,62014.0,20.73408707030252,1.050019021612475,000252-0014
scale-000252,qualification-synthetic,g,62015.0,20.967241360254317,0.804870817038801,000252-0015
scale-000252,qualification-synthetic,g,62016.0,18.73673152172632,1.1718750079262132,000252-0016
scale-000252,qualification-synthetic,g,62017.0,19.52195955313872,0.8158105135196817,000252-0017
scale-000252,qualification-synthetic,g,62018.0,17.836592370355714,0.8465928578495026,000252-0018
scale-000252,qualification-synthetic,g,62019.0,19.316374286368315,0.9151218357058236,000252-0019
scale-000252,qualification-synthetic,g,62020.0,19.579804685399214,0.8488672366337225,000252-0020
scale-000252,qualification-synthetic,g,62021.0,21.002921523447494,0.8050405085608626,000252-0021
scale-000252,qualification-synthetic,g,62022.0,21.058888579211565,1.1233051194239108,000252-0022
scale-000252,qualification-synthetic,g,62023.0,21.887150333777267,1.0855846374923486,000252-0023
scale-000252,qualification-synthetic,g,62024.0,21.651002263088007,1.1836916359746918,000252-0024
scale-000252,qualification-synthetic,g,62025.0,19.74785736290654,0.9569310375188422,000252-0025
scale-000252,qualification-synthetic,g,62026.0,21.520897058509778,1.1387427941292332,000252-0026
scale-000252,qualification-synthetic,g,62027.0,19.059910140254157,1.1255876937744274,000252-0027
scale-000252,qualification-synthetic,g,62028.0,21.31237939104459,1.1620008044202865,000252-0028
scale-000252,qualification-synthetic,g,62029.0,22.742407382983462,0.9586782392019153,000252-0029
scale-000252,qualification-synthetic,g,62030.0,20.254712776261304,0.9748390632601723,000252-0030
scale-000252,qualification-synthetic,g,62031.0,19.084779764197677,1.0364204507237587,000252-0031
scale-000253,qualification-synthetic,g,62000.0,19.93279282470927,1.1445687105617426,000253-0000
scale-000253,qualification-synthetic,g,62001.0,17.152950862780834,1.1509061593422696,000253-0001
scale-000253,qualification-synthetic,g,62002.0,20.82171863488266,1.1786780280487013,000253-0002
scale-000253,qualification-synthetic,g,62003.0,19.033148927993523,1.1174966988221249,000253-0003
scale-000253,qualification-synthetic,g,62004.0,18.82661862142548,0.9798685778504324,000253-0004
scale-000253,qualification-synthetic,g,62005.0,20.9858279246848,0.8364157058746651,000253-0005
scale-000253,qualification-synthetic,g,62006.0,21.246972499073102,1.126628241503358,000253-0006
scale-000253,qualification-synthetic,g,62007.0,18.67065126715442,0.8906196659967913,000253-0007
scale-000253,qualification-synthetic,g,62008.0,20.31588253037672,1.0056042319135736,000253-0008
scale-000253,qualification-synthetic,g,62009.0,18.796535437274798,0.9043484680771962,000253-0009
scale-000253,qualification-synthetic,g,62010.0,19.77814061951982,0.8012240201833922,000253-0010
scale-000253,qualification-synthetic,g,62011.0,19.46426529706198,1.0618068160833907,000253-0011
scale-000253,qualification-synthetic,g,62012.0,22.159528916223838,1.0082749288318569,000253-0012
scale-000253,qualification-synthetic,g,62013.0,20.323997082853154,1.1109708435575818,000253-0013
scale-000253,qualification-synthetic,g,62014.0,18.69111425766051,0.8018183984666881,000253-0014
scale-000253,qualification-synthetic,g,62015.0,21.32532988279337,0.893901242831834,000253-0015
scale-000253,qualification-synthetic,g,62016.0,20.92800982935201,1.0975813706841537,000253-0016
scale-000253,qualification-synthetic,g,62017.0,20.53492515592195,0.8298924008499919,000253-0017
scale-000253,qualification-synthetic,g,62018.0,20.74012790446412,1.03956906662842,000253-0018
scale-000253,qualification-synthetic,g,62019.0,20.21412791291111,0.9972064381184069,000253-0019
scale-000253,qualification-synthetic,g,62020.0,20.527655408838072,0.979372271938561,000253-0020
scale-000253,qualification-synthetic,g,62021.0,20.86837296085261,1.163146948526543,000253-0021
scale-000253,qualification-synthetic,g,62022.0,19.104041581136077,0.89628748939454,000253-0022
scale-000253,qualification-synthetic,g,62023.0,20.742346717553346,0.9479673465128132,000253-0023
scale-000253,qualification-synthetic,g,62024.0,19.220966396669866,0.8443752937775193,000253-0024
scale-000253,qualification-synthetic,g,62025.0,15.433280118250684,0.9327455691834354,000253-0025
scale-000253,qualification-synthetic,g,62026.0,20.6793615966957,0.8732261354054096,000253-0026
scale-000253,qualification-synthetic,g,62027.0,20.42966411483199,1.04850196666409,000253-0027
scale-000253,qualification-synthetic,g,62028.0,19.0934365755092,1.1346886261287275,000253-0028
scale-000253,qualification-synthetic,g,62029.0,18.86688530044012,1.0309596182969307,000253-0029
scale-000253,qualification-synthetic,g,62030.0,21.00888403924502,0.8059952915828479,000253-0030
scale-000253,qualification-synthetic,g,62031.0,20.366929074699396,0.9759160546631098,000253-0031
scale-000254,qualification-synthetic,g,62000.0,21.39111577252936,1.050285912183034,000254-0000
scale-000254,qualification-synthetic,g,62001.0,20.977379619548802,0.8125214655504237,000254-0001
scale-000254,qualification-synthetic,g,62002.0,19.452262247041617,0.8157675197736087,000254-0002
scale-000254,qualification-synthetic,g,62003.0,21.679163918100006,0.8238169335883629,000254-0003
scale-000254,qualification-synthetic,g,62004.0,21.21525174068355,0.8370856089974706,000254-0004
scale-000254,qualification-synthetic,g,62005.0,21.200942353178363,0.9460301946078687,000254-0005
scale-000254,qualification-synthetic,g,62006.0,19.193288535233155,1.1054871661241066,000254-0006
scale-000254,qualification-synthetic,g,62007.0,20.113500436317363,0.9088174159835569,000254-0007
scale-000254,qualification-synthetic,g,62008.0,21.75792268992395,0.9674739945363615,000254-0008
scale-000254,qualification-synthetic,g,62009.0,19.807256348677434,0.8906125342361907,000254-0009
scale-000254,qualification-synthetic,g,62010.0,20.08005631679044,1.0033573923800305,000254-0010
scale-000254,qualification-synthetic,g,62011.0,18.904218465950187,1.002853127268143,000254-0011
scale-000254,qualification-synthetic,g,62012.0,19.273702161310034,1.0122801947392157,000254-0012
scale-000254,qualification-synthetic,g,62013.0,21.678517852897134,0.9383778549838656,000254-0013
scale-000254,qualification-synthetic,g,62014.0,21.446183347583016,0.9305491169648998,000254-0014
scale-000254,qualification-synthetic,g,62015.0,21.911806151817036,0.8453111257215757,000254-0015
scale-000254,qualification-synthetic,g,62016.0,20.206040836879637,0.9637176565807615,000254-0016
scale-000254,qualification-synthetic,g,62017.0,18.39240708036385,1.164119456230837,000254-0017
scale-000254,qualification-synthetic,g,62018.0,19.572127051937407,0.9180623106105772,000254-0018
scale-000254,qualification-synthetic,g,62019.0,20.151393472135396,1.1954122240272385,000254-0019
scale-000254,qualification-synthetic,g,62020.0,19.048548791576536,0.9374103919200725,000254-0020
scale-000254,qualification-synthetic,g,62021.0,21.854691591945848,0.8965807255067741,000254-0021
scale-000254,qualification-synthetic,g,62022.0,19.882436178777105,0.9502724612648696,000254-0022
scale-000254,qualification-synthetic,g,62023.0,19.49650492516957,1.0558760214558522,000254-0023
scale-000254,qualification-synthetic,g,62024.0,18.0813605981732,1.1882984069509968,000254-0024
scale-000254,qualification-synthetic,g,62025.0,19.978232583736595,1.0025032033189958,000254-0025
scale-000254,qualification-synthetic,g,62026.0,19.739881188536156,1.14703131343464,000254-0026
scale-000254,qualification-synthetic,g,62027.0,18.78790343782281,1.0197665774502893,000254-0027
scale-000254,qualification-synthetic,g,62028.0,17.510940381935075,1.0800266863803936,000254-0028
scale-000254,qualification-synthetic,g,62029.0,20.688911369464716,1.077128040299524,000254-0029
scale-000254,qualification-synthetic,g,62030.0,20.65109158601595,0.994346143883901,000254-0030
scale-000254,qualification-synthetic,g,62031.0,21.976279773206535,0.9239328952698229,000254-0031
scale-000255,qualification-synthetic,g,62000.0,21.462133634571185,0.8540648640851081,000255-0000
scale-000255,qualification-synthetic,g,62001.0,18.660164965883325,1.0036559419965367,000255-0001
scale-000255,qualification-synthetic,g,62002.0,20.01873302600662,0.8058252516169239,000255-0002
scale-000255,qualification-synthetic,g,62003.0,18.29722097487168,0.9221776360352721,000255-0003
scale-000255,qualification-synthetic,g,62004.0,19.88118209657831,1.0106284095453717,000255-0004
scale-000255,qualification-synthetic,g,62005.0,20.651915954981163,1.0485784164382026,000255-0005
scale-000255,qualification-synthetic,g,62006.0,20.18676067351484,1.0859723782559239,000255-0006
scale-000255,qualification-synthetic,g,62007.0,19.217101186394235,1.013472357665176,000255-0007
scale-000255,qualification-synthetic,g,62008.0,20.586349872421298,0.9355152230145257,000255-0008
scale-000255,qualification-synthetic,g,62009.0,18.294466426773464,0.8135884433931994,000255-0009
scale-000255,qualification-synthetic,g,62010.0,16.576976615758017,0.9466489681012675,000255-0010
scale-000255,qualification-synthetic,g,62011.0,20.019551358361635,0.9592344023817869,000255-0011
scale-000255,qualification-synthetic,g,62012.0,20.021108238334953,1.1704717235918145,000255-0012
scale-000255,qualification-synthetic,g,62013.0,20.817836189248364,1.104331202377738,000255-0013
scale-000255,qualification-synthetic,g,62014.0,23.671870405357158,1.1717907768544564,000255-0014
scale-000255,qualification-synthetic,g,62015.0,17.648050403256402,1.0705721779580988,000255-0015
scale-000255,qualification-synthetic,g,62016.0,20.2726379414153,1.0972736594216361,000255-0016
scale-000255,qualification-synthetic,g,62017.0,19.514739238776112,1.0077257070342656,000255-0017
scale-000255,qualification-synthetic,g,62018.0,19.825689036893085,0.9588203564643893,000255-0018
scale-000255,qualification-synthetic,g,62019.0,20.51203608504142,1.188669051860842,000255-0019
scale-000255,qualification-synthetic,g,62020.0,20.185053329343706,0.830590685902601,000255-0020
scale-000255,qualification-synthetic,g,62021.0,19.732486616424815,1.0711764002972053,000255-0021
scale-000255,qualification-synthetic,g,62022.0,23.86193467947454,1.143705497260234,000255-0022
scale-000255,qualification-synthetic,g,62023.0,20.10343540960348,0.8834993597328071,000255-0023
scale-000255,qualification-synthetic,g,62024.0,19.757378087175603,0.892971641937017,000255-0024
scale-000255,qualification-synthetic,g,62025.0,20.67013719533602,0.9528875171413055,000255-0025
scale-000255,qualification-synthetic,g,62026.0,18.61780323430181,1.1680069883353779,000255-0026
scale-000255,qualification-synthetic,g,62027.0,21.114599875377372,1.136239444157283,000255-0027
scale-000255,qualification-synthetic,g,62028.0,20.23598051747789,1.1764448536519239,000255-0028
scale-000255,qualification-synthetic,g,62029.0,19.165128552647264,1.1683762264683082,000255-0029
scale-000255,qualification-synthetic,g,62030.0,20.61035147605949,0.9180485365730301,000255-0030
scale-000255,qualification-synthetic,g,62031.0,18.988631291726612,0.955648119397072,000255-0031
scale-000256,qualification-synthetic,g,62000.0,20.009861493278297,1.085926324456841,000256-0000
scale-000256,qualification-synthetic,g,62001.0,20.36335805159086,1.136685915859846,000256-0001
scale-000256,qualification-synthetic,g,62002.0,20.09519656868281,0.8711837597784031,000256-0002
scale-000256,qualification-synthetic,g,62003.0,21.084964736258797,0.864347983947838,000256-0003
scale-000256,qualification-synthetic,g,62004.0,20.040734449071117,0.8955791442275229,000256-0004
scale-000256,qualification-synthetic,g,62005.0,18.76283162042308,1.1876742594331575,000256-0005
scale-000256,qualification-synthetic,g,62006.0,22.49618855947754,1.027480679035983,000256-0006
scale-000256,qualification-synthetic,g,62007.0,20.464699090513847,0.9274571759700607,000256-0007
scale-000256,qualification-synthetic,g,62008.0,19.59160233964139,0.8655756898884852,000256-0008
scale-000256,qualification-synthetic,g,62009.0,17.28295209041753,1.1554060851270593,000256-0009
scale-000256,qualification-synthetic,g,62010.0,18.80176090045893,1.1910510929409501,000256-0010
scale-000256,qualification-synthetic,g,62011.0,21.007226812387504,0.9755512139651079,000256-0011
scale-000256,qualification-synthetic,g,62012.0,19.87031954051995,0.8636105637670713,000256-0012
scale-000256,qualification-synthetic,g,62013.0,20.787349704810936,1.188706886448795,000256-0013
scale-000256,qualification-synthetic,g,62014.0,20.942469355498503,1.0891098683544398,000256-0014
scale-000256,qualification-synthetic,g,62015.0,20.26709335144016,1.1800008909520763,000256-0015
scale-000256,qualification-synthetic,g,62016.0,17.302723380194955,1.0432398544230852,000256-0016
scale-000256,qualification-synthetic,g,62017.0,20.983548085232524,0.8739058019345906,000256-0017
scale-000256,qualification-synthetic,g,62018.0,20.325999266716586,1.108156981307366,000256-0018
scale-000256,qualification-synthetic,g,62019.0,18.089671918506507,1.1893269696690412,000256-0019
scale-000256,qualification-synthetic,g,62020.0,19.3549631288743,0.9568940622450394,000256-0020
scale-000256,qualification-synthetic,g,62021.0,19.45343213688286,0.8169377765745925,000256-0021
scale-000256,qualification-synthetic,g,62022.0,18.814458750446168,0.9470411940483289,000256-0022
scale-000256,qualification-synthetic,g,62023.0,20.407050258185645,1.1633820366381655,000256-0023
scale-000256,qualification-synthetic,g,62024.0,20.55675608059381,0.8094048760399443,000256-0024
scale-000256,qualification-synthetic,g,62025.0,19.441093652927833,0.9019317329310278,000256-0025
scale-000256,qualification-synthetic,g,62026.0,19.994951236000087,1.122856704613363,000256-0026
scale-000256,qualification-synthetic,g,62027.0,19.78298467546461,1.1164847378296474,000256-0027
scale-000256,qualification-synthetic,g,62028.0,20.025287559249414,1.0878726926879463,000256-0028
scale-000256,qualification-synthetic,g,62029.0,20.96507544514908,1.1931100003303614,000256-0029
scale-000256,qualification-synthetic,g,62030.0,21.050331572917802,1.1099230614222568,000256-0030
scale-000256,qualification-synthetic,g,62031.0,20.638681035104707,1.0436861080917994,000256-0031
scale-000257,qualification-synthetic,g,62000.0,19.81796435773262,1.0055511352691653,000257-0000
scale-000257,qualification-synthetic,g,62001.0,23.579365655168715,0.9540827610218412,000257-0001
scale-000257,qualification-synthetic,g,62002.0,19.367584521564435,1.0275084153028033,000257-0002
scale-000257,qualification-synthetic,g,62003.0,19.798742590724434,1.1677967991267975,000257-0003
scale-000257,qualification-synthetic,g,62004.0,20.85647712447271,0.8402555918870452,000257-0004
scale-000257,qualification-synthetic,g,62005.0,20.626044930691123,1.1472793446936131,000257-0005
scale-000257,qualification-synthetic,g,62006.0,21.37495275752838,0.9774948629458212,000257-0006
scale-000257,qualification-synthetic,g,62007.0,19.89194913071919,1.076361152036261,000257-0007
scale-000257,qualification-synthetic,g,62008.0,19.99871317342339,0.9337290458562881,000257-0008
scale-000257,qualification-synthetic,g,62009.0,19.79416915739942,0.800490447906388,000257-0009
scale-000257,qualification-synthetic,g,62010.0,21.38085169147245,0.8461697783860209,000257-0010
scale-000257,qualification-synthetic,g,62011.0,19.33793333883625,1.1107914188246282,000257-0011
scale-000257,qualification-synthetic,g,62012.0,18.492491237512517,1.0621090745999628,000257-0012
scale-000257,qualification-synthetic,g,62013.0,20.138832821574102,0.9199493469117379,000257-0013
scale-000257,qualification-synthetic,g,62014.0,19.905614870490002,1.0953344812068933,000257-0014
scale-000257,qualification-synthetic,g,62015.0,19.841445349413828,1.1106411989329716,000257-0015
scale-000257,qualification-synthetic,g,62016.0,18.316676808621654,0.9859435083185174,000257-0016
scale-000257,qualification-synthetic,g,62017.0,21.24382477774834,1.063202440032321,000257-0017
scale-000257,qualification-synthetic,g,62018.0,18.186862378481752,1.025898683250275,000257-0018
scale-000257,qualification-synthetic,g,62019.0,20.726660189037336,0.9084893219925667,000257-0019
scale-000257,qualification-synthetic,g,62020.0,19.400992524188048,1.0875794703647057,000257-0020
scale-000257,qualification-synthetic,g,62021.0,22.458864576982272,0.9538599549607492,000257-0021
scale-000257,qualification-synthetic,g,62022.0,20.970874025774528,0.8138274282084881,000257-0022
scale-000257,qualification-synthetic,g,62023.0,18.90012399002659,1.096410560550125,000257-0023
scale-000257,qualification-synthetic,g,62024.0,18.397611743013176,1.0986770586038594,000257-0024
scale-000257,qualification-synthetic,g,62025.0,20.606622283403883,0.9871676962508421,000257-0025
scale-000257,qualification-synthetic,g,62026.0,19.7218997153486,1.065474814526671,000257-0026
scale-000257,qualification-synthetic,g,62027.0,19.71663399226712,0.8947175066291545,000257-0027
scale-000257,qualification-synthetic,g,62028.0,17.321158937160327,1.1556051541797563,000257-0028
scale-000257,qualification-synthetic,g,62029.0,19.95087993051757,0.893716460475179,000257-0029
scale-000257,qualification-synthetic,g,62030.0,21.439510897791806,0.9699710189783352,000257-0030
scale-000257,qualification-synthetic,g,62031.0,19.655475972486737,0.8617400717958471,000257-0031
scale-000258,qualification-synthetic,g,62000.0,20.823500693441126,1.0757034104328784,000258-0000
scale-000258,qualification-synthetic,g,62001.0,21.747077926313448,1.1513424530861267,000258-0001
scale-000258,qualification-synthetic,g,62002.0,20.529851111543426,0.9920992004591451,000258-0002
scale-000258,qualification-synthetic,g,62003.0,18.868243367552207,1.1374098128306593,000258-0003
scale-000258,qualification-synthetic,g,62004.0,22.515407444224202,1.1801556789712913,000258-0004
scale-000258,qualification-synthetic,g,62005.0,20.710942826167425,0.8696190629453581,000258-0005
scale-000258,qualification-synthetic,g,62006.0,19.52104158305819,1.0466787608768104,000258-0006
scale-000258,qualification-synthetic,g,62007.0,16.985484313989677,1.0583068746560598,000258-0007
scale-000258,qualification-synthetic,g,62008.0,17.363125676136626,0.946447608487071,000258-0008
scale-000258,qualification-synthetic,g,62009.0,19.191002307302927,1.15726872086658,000258-0009
scale-000258,qualification-synthetic,g,62010.0,20.567810206131853,0.9633789379190947,000258-0010
scale-000258,qualification-synthetic,g,62011.0,19.832926551805457,1.0086362516490854,000258-0011
scale-000258,qualification-synthetic,g,62012.0,20.20747679682866,1.1782818775037858,000258-0012
scale-000258,qualification-synthetic,g,62013.0,19.867465747646598,1.1172059897799396,000258-0013
scale-000258,qualification-synthetic,g,62014.0,20.59622341967763,0.995551656328465,000258-0014
scale-000258,qualification-synthetic,g,62015.0,18.387324364397035,1.1120802645313996,000258-0015
scale-000258,qualification-synthetic,g,62016.0,19.69654581427649,0.8052160070499755,000258-0016
scale-000258,qualification-synthetic,g,62017.0,22.43851538732243,1.039456982785932,000258-0017
scale-000258,qualification-synthetic,g,62018.0,19.36251078985693,1.1921149427784419,000258-0018
scale-000258,qualification-synthetic,g,62019.0,19.974054493660024,0.8645431945292855,000258-0019
scale-000258,qualification-synthetic,g,62020.0,19.829804356755105,0.8817335891495218,000258-0020
scale-000258,qualification-synthetic,g,62021.0,17.69580393457904,0.8251510138934759,000258-0021
scale-000258,qualification-synthetic,g,62022.0,20.98387818581013,0.8567518407828817,000258-0022
scale-000258,qualification-synthetic,g,62023.0,19.404046027006316,0.9177962684972911,000258-0023
scale-000258,qualification-synthetic,g,62024.0,18.215272763674808,0.9976456683751274,000258-0024
scale-000258,qualification-synthetic,g,62025.0,21.07535609437745,1.0649500976953699,000258-0025
scale-000258,qualification-synthetic,g,62026.0,20.70756741862145,0.9156692413579685,000258-0026
scale-000258,qualification-synthetic,g,62027.0,18.91704002343078,1.0880700130611725,000258-0027
scale-000258,qualification-synthetic,g,62028.0,19.569662717731955,0.8150149600355744,000258-0028
scale-000258,qualification-synthetic,g,62029.0,21.263470135842653,1.0010341311459061,000258-0029
scale-000258,qualification-synthetic,g,62030.0,19.288722290103777,1.1038221366890146,000258-0030
scale-000258,qualification-synthetic,g,62031.0,20.199061742844776,1.0613346741907366,000258-0031
scale-000259,qualification-synthetic,g,62000.0,20.53096918731131,0.993959211044069,000259-0000
scale-000259,qualification-synthetic,g,62001.0,20.92404363892433,0.9749114725931368,000259-0001
scale-000259,qualification-synthetic,g,62002.0,20.855633655407704,0.8360333928067805,000259-0002
scale-000259,qualification-synthetic,g,62003.0,21.423267032034694,0.8232470818571849,000259-0003
scale-000259,qualification-synthetic,g,62004.0,19.483032708953502,0.9397862900934622,000259-0004
scale-000259,qualification-synthetic,g,62005.0,17.62027013437111,1.1552665357194527,000259-0005
scale-000259,qualification-synthetic,g,62006.0,21.006425533370134,0.8930046980353857,000259-0006
scale-000259,qualification-synthetic,g,62007.0,19.552221827566235,0.8700541170765724,000259-0007
scale-000259,qualification-synthetic,g,62008.0,17.699352942130425,1.0025320051262299,000259-0008
scale-000259,qualification-synthetic,g,62009.0,19.052368509266028,1.0431595909083913,000259-0009
scale-000259,qualification-synthetic,g,62010.0,21.29421039066209,0.8837406675245324,000259-0010
scale-000259,qualification-synthetic,g,62011.0,20.11446865246595,0.9146375006686006,000259-0011
scale-000259,qualification-synthetic,g,62012.0,19.955626757929117,0.8175241498710605,000259-0012
scale-000259,qualification-synthetic,g,62013.0,19.256718368329867,0.9281036025331183,000259-0013
scale-000259,qualification-synthetic,g,62014.0,19.52804627609279,0.948480047796872,000259-0014
scale-000259,qualification-synthetic,g,62015.0,19.292827011887777,0.8110652495870632,000259-0015
scale-000259,qualification-synthetic,g,62016.0,22.028082882268826,1.0037649274208775,000259-0016
scale-000259,qualification-synthetic,g,62017.0,20.36185959159119,0.9422398500529504,000259-0017
scale-000259,qualification-synthetic,g,62018.0,19.412960834549573,1.188570698964938,000259-0018
scale-000259,qualification-synthetic,g,62019.0,19.700418286432985,0.9735012121147276,000259-0019
scale-000259,qualification-synthetic,g,62020.0,19.20439732656817,0.9514976346251317,000259-0020
scale-000259,qualification-synthetic,g,62021.0,19.99878509274563,1.067913158463089,000259-0021
scale-000259,qualification-synthetic,g,62022.0,20.11338491350535,1.1027938285144134,000259-0022
scale-000259,qualification-synthetic,g,62023.0,19.2840748298174,0.9600584249085082,000259-0023
scale-000259,qualification-synthetic,g,62024.0,21.91108557647612,0.9178049346182409,000259-0024
scale-000259,qualification-synthetic,g,62025.0,18.80968605205819,0.9542984629378306,000259-0025
scale-000259,qualification-synthetic,g,62026.0,18.563758278535612,0.920882243611638,000259-0026
scale-000259,qualification-synthetic,g,62027.0,18.291618073846166,1.1686365627160384,000259-0027
scale-000259,qualification-synthetic,g,62028.0,20.07522561457836,0.886805553384823,000259-0028
scale-000259,qualification-synthetic,g,62029.0,19.76053247810156,0.8721190932184477,000259-0029
scale-000259,qualification-synthetic,g,62030.0,19.465286615439673,0.925452442162713,000259-0030
scale-000259,qualification-synthetic,g,62031.0,20.341475324465918,0.9027820109662203,000259-0031
scale-000260,qualification-synthetic,g,62000.0,19.424353853481165,0.8719479239965191,000260-0000
scale-000260,qualification-synthetic,g,62001.0,20.85504137851915,1.1915690831801127,000260-0001
scale-000260,qualification-synthetic,g,62002.0,17.545608058469387,1.0613973408388884,000260-0002
scale-000260,qualification-synthetic,g,62003.0,20.648319026595075,1.0882410156063576,000260-0003
scale-000260,qualification-synthetic,g,62004.0,19.841929073685236,1.1145370488455688,000260-0004
scale-000260,qualification-synthetic,g,62005.0,19.55047589732589,0.9329625439610909,000260-0005
scale-000260,qualification-synthetic,g,62006.0,20.32989824713956,1.1987841830852743,000260-0006
scale-000260,qualification-synthetic,g,62007.0,19.765707985270105,1.0110527148311383,000260-0007
scale-000260,qualification-synthetic,g,62008.0,20.439937662427635,1.117577237132681,000260-0008
scale-000260,qualification-synthetic,g,62009.0,20.6076422536133,1.1773867553318822,000260-0009
scale-000260,qualification-synthetic,g,62010.0,18.75078149740055,0.8814827438560583,000260-0010
scale-000260,qualification-synthetic,g,62011.0,19.507785612475036,1.1479080776927872,000260-0011
scale-000260,qualification-synthetic,g,62012.0,21.525716749924538,0.8420937954890684,000260-0012
scale-000260,qualification-synthetic,g,62013.0,20.066743963875528,1.1803117355355521,000260-0013
scale-000260,qualification-synthetic,g,62014.0,18.462869973745622,0.9775053198341594,000260-0014
scale-000260,qualification-synthetic,g,62015.0,19.194290998996088,1.0974451437316262,000260-0015
scale-000260,qualification-synthetic,g,62016.0,22.09027325144955,0.8912022401578269,000260-0016
scale-000260,qualification-synthetic,g,62017.0,19.563797436553976,0.8364691612359795,000260-0017
scale-000260,qualification-synthetic,g,62018.0,19.95451192546803,0.9171381066807515,000260-0018
scale-000260,qualification-synthetic,g,62019.0,19.39947299094541,0.8580418268241092,000260-0019
scale-000260,qualification-synthetic,g,62020.0,19.310851424145486,1.1054315809391784,000260-0020
scale-000260,qualification-synthetic,g,62021.0,20.19576290344462,0.8112201706632747,000260-0021
scale-000260,qualification-synthetic,g,62022.0,21.344125952635874,1.1746599925333725,000260-0022
scale-000260,qualification-synthetic,g,62023.0,16.585276544537745,1.0956022089162663,000260-0023
scale-000260,qualification-synthetic,g,62024.0,20.595581537433937,1.0191677725356434,000260-0024
scale-000260,qualification-synthetic,g,62025.0,20.324450206642563,0.8439812426741578,000260-0025
scale-000260,qualification-synthetic,g,62026.0,20.124555234450817,0.9068643554657604,000260-0026
scale-000260,qualification-synthetic,g,62027.0,21.677501468641395,0.9615453153357594,000260-0027
scale-000260,qualification-synthetic,g,62028.0,19.293784801943286,0.8679940229767534,000260-0028
scale-000260,qualification-synthetic,g,62029.0,20.36631650341105,0.9853202130197529,000260-0029
scale-000260,qualification-synthetic,g,62030.0,20.153216610680932,1.0034128145914578,000260-0030
scale-000260,qualification-synthetic,g,62031.0,19.250779269651655,1.0978823358884404,000260-0031
scale-000261,qualification-synthetic,g,62000.0,19.542176273004486,0.8606742634805069,000261-0000
scale-000261,qualification-synthetic,g,62001.0,22.704703687355636,1.1669796380303705,000261-0001
scale-000261,qualification-synthetic,g,62002.0,20.37870980995164,1.0563721070707397,000261-0002
scale-000261,qualification-synthetic,g,62003.0,19.78205392975465,1.0531127472387884,000261-0003
scale-000261,qualification-synthetic,g,62004.0,21.106480170602982,0.8553075544806487,000261-0004
scale-000261,qualification-synthetic,g,62005.0,21.031555366711046,0.8854486748845255,000261-0005
scale-000261,qualification-synthetic,g,62006.0,21.143458003306908,0.9033728697206254,000261-0006
scale-000261,qualification-synthetic,g,62007.0,21.430387381142367,1.1328115152859284,000261-0007
scale-000261,qualification-synthetic,g,62008.0,20.431570565035734,0.8833385459117443,000261-0008
scale-000261,qualification-synthetic,g,62009.0,20.121972775358365,1.1113531841170556,000261-0009
scale-000261,qualification-synthetic,g,62010.0,21.336658776750973,0.9157905834152537,000261-0010
scale-000261,qualification-synthetic,g,62011.0,21.152398247925383,0.8344766637838399,000261-0011
scale-000261,qualification-synthetic,g,62012.0,20.36763785044692,0.8565299587457493,000261-0012
scale-000261,qualification-synthetic,g,62013.0,19.333822011703518,0.9940648718975995,000261-0013
scale-000261,qualification-synthetic,g,62014.0,19.669176799333243,1.041249397528835,000261-0014
scale-000261,qualification-synthetic,g,62015.0,19.024673713484844,0.9455897790320658,000261-0015
scale-000261,qualification-synthetic,g,62016.0,19.841188875644725,1.0891249660725693,000261-0016
scale-000261,qualification-synthetic,g,62017.0,19.916444672322807,0.986202574364771,000261-0017
scale-000261,qualification-synthetic,g,62018.0,21.293808280286846,1.0468577532158931,000261-0018
scale-000261,qualification-synthetic,g,62019.0,19.963488963305796,0.9771000379803412,000261-0019
scale-000261,qualification-synthetic,g,62020.0,19.880561871723657,1.1688306888649727,000261-0020
scale-000261,qualification-synthetic,g,62021.0,19.865442053782765,0.8439605171402141,000261-0021
scale-000261,qualification-synthetic,g,62022.0,20.110989634934146,0.8488073395638337,000261-0022
scale-000261,qualification-synthetic,g,62023.0,21.17390684745967,0.9931830689172034,000261-0023
scale-000261,qualification-synthetic,g,62024.0,21.784161084674643,1.1016991007605015,000261-0024
scale-000261,qualification-synthetic,g,62025.0,21.08208005271153,0.9330918483757898,000261-0025
scale-000261,qualification-synthetic,g,62026.0,19.346207787719248,0.8657082133220225,000261-0026
scale-000261,qualification-synthetic,g,62027.0,18.99610476390369,0.8534410479835123,000261-0027
scale-000261,qualification-synthetic,g,62028.0,19.086590001416138,0.9208814106475238,000261-0028
scale-000261,qualification-synthetic,g,62029.0,19.482863081509436,0.8323647703182621,000261-0029
scale-000261,qualification-synthetic,g,62030.0,18.832043659296257,0.8979192912013546,000261-0030
scale-000261,qualification-synthetic,g,62031.0,21.32014948012683,1.0397740444344838,000261-0031
scale-000262,qualification-synthetic,g,62000.0,19.442400685108627,0.9695518988376982,000262-0000
scale-000262,qualification-synthetic,g,62001.0,19.86828540875665,1.0898627774925402,000262-0001
scale-000262,qualification-synthetic,g,62002.0,19.806733394825045,0.8035966816480664,000262-0002
scale-000262,qualification-synthetic,g,62003.0,21.07345060423993,0.9704227546448916,000262-0003
scale-000262,qualification-synthetic,g,62004.0,20.98792772733085,0.8096738967934989,000262-0004
scale-000262,qualification-synthetic,g,62005.0,21.265864242085307,1.052369221210482,000262-0005
scale-000262,qualification-synthetic,g,62006.0,17.152973961849973,1.1805021725738645,000262-0006
scale-000262,qualification-synthetic,g,62007.0,20.13128617144034,0.8124560204365356,000262-0007
scale-000262,qualification-synthetic,g,62008.0,18.862614888914134,0.8669106478822111,000262-0008
scale-000262,qualification-synthetic,g,62009.0,19.997859161266238,0.9199271522317242,000262-0009
scale-000262,qualification-synthetic,g,62010.0,18.961715178593277,1.1274735264572753,000262-0010
scale-000262,qualification-synthetic,g,62011.0,19.241657249222772,0.9384750246396375,000262-0011
scale-000262,qualification-synthetic,g,62012.0,20.826446614747752,0.9498746283073609,000262-0012
scale-000262,qualification-synthetic,g,62013.0,21.915105203720092,1.1859424011729844,000262-0013
scale-000262,qualification-synthetic,g,62014.0,19.76178870335147,0.9911718777990997,000262-0014
scale-000262,qualification-synthetic,g,62015.0,19.383211458310058,1.029678932825887,000262-0015
scale-000262,qualification-synthetic,g,62016.0,16.32759262450547,0.9157500864346168,000262-0016
scale-000262,qualification-synthetic,g,62017.0,23.10591864394831,1.1320466180132218,000262-0017
scale-000262,qualification-synthetic,g,62018.0,19.925057575427783,1.0547155760666342,000262-0018
scale-000262,qualification-synthetic,g,62019.0,19.055591703553674,0.809410990441746,000262-0019
scale-000262,qualification-synthetic,g,62020.0,20.752554210652626,0.9180122288111918,000262-0020
scale-000262,qualification-synthetic,g,62021.0,18.611259331549896,0.9678900309434045,000262-0021
scale-000262,qualification-synthetic,g,62022.0,21.24091101639123,1.1120780027460646,000262-0022
scale-000262,qualification-synthetic,g,62023.0,18.67730048678535,1.0183918358956858,000262-0023
scale-000262,qualification-synthetic,g,62024.0,18.016809140713704,0.9456190921966531,000262-0024
scale-000262,qualification-synthetic,g,62025.0,20.842136928804045,0.9062440615564218,000262-0025
scale-000262,qualification-synthetic,g,62026.0,22.304956908312615,1.1862849768652381,000262-0026
scale-000262,qualification-synthetic,g,62027.0,18.581794549787364,0.9462286936472035,000262-0027
scale-000262,qualification-synthetic,g,62028.0,23.074983906778183,1.1223819877446959,000262-0028
scale-000262,qualification-synthetic,g,62029.0,20.66150327967715,0.9068714195990786,000262-0029
scale-000262,qualification-synthetic,g,62030.0,19.997721612766934,0.9589819424478008,000262-0030
scale-000262,qualification-synthetic,g,62031.0,20.557897016248127,1.172998863641546,000262-0031
scale-000263,qualification-synthetic,g,62000.0,19.077189372397232,1.0181365472129575,000263-0000
scale-000263,qualification-synthetic,g,62001.0,24.241389950306477,1.178315441041663,000263-0001
scale-000263,qualification-synthetic,g,62002.0,22.148095938922864,0.9378306859461845,000263-0002
scale-000263,qualification-synthetic,g,62003.0,20.126315266411176,0.9680462717168323,000263-0003
scale-000263,qualification-synthetic,g,62004.0,19.744700630695316,0.9402232242535981,000263-0004
scale-000263,qualification-synthetic,g,62005.0,20.91188908999574,1.1205081736551832,000263-0005
scale-000263,qualification-synthetic,g,62006.0,21.281585176205862,1.1516087416084404,000263-0006
scale-000263,qualification-synthetic,g,62007.0,19.53660515619809,1.1807459035689143,000263-0007
scale-000263,qualification-synthetic,g,62008.0,20.58477689654829,0.95182685334806,000263-0008
scale-000263,qualification-synthetic,g,62009.0,19.9073214427832,1.0180230313456275,000263-0009
scale-000263,qualification-synthetic,g,62010.0,18.537405746377015,1.1877467363458285,000263-0010
scale-000263,qualification-synthetic,g,62011.0,18.344470890527916,1.0179291769115442,000263-0011
scale-000263,qualification-synthetic,g,62012.0,20.240855930583358,0.898347860870206,000263-0012
scale-000263,qualification-synthetic,g,62013.0,19.438937155020977,0.8981721192374922,000263-0013
scale-000263,qualification-synthetic,g,62014.0,19.3840867268785,0.9910931203403214,000263-0014
scale-000263,qualification-synthetic,g,62015.0,17.53671374211529,1.0877566896632707,000263-0015
scale-000263,qualification-synthetic,g,62016.0,17.34692515698633,0.953679782609744,000263-0016
scale-000263,qualification-synthetic,g,62017.0,21.63897607448623,0.8079323802907321,000263-0017
scale-000263,qualification-synthetic,g,62018.0,20.367270986599678,0.8992287009733279,000263-0018
scale-000263,qualification-synthetic,g,62019.0,20.989817492906045,1.0933406727007886,000263-0019
scale-000263,qualification-synthetic,g,62020.0,21.99250906643555,1.069891365951442,000263-0020
scale-000263,qualification-synthetic,g,62021.0,20.066782685934985,1.049903346088391,000263-0021
scale-000263,qualification-synthetic,g,62022.0,23.185472436721952,1.0299594187228085,000263-0022
scale-000263,qualification-synthetic,g,62023.0,18.20704347952738,0.8271730251866171,000263-0023
scale-000263,qualification-synthetic,g,62024.0,20.226123464487266,0.8007678243213463,000263-0024
scale-000263,qualification-synthetic,g,62025.0,19.917108417759184,0.978596042926649,000263-0025
scale-000263,qualification-synthetic,g,62026.0,21.24252873453929,0.8812108269931312,000263-0026
scale-000263,qualification-synthetic,g,62027.0,20.649818064428473,1.1788833516347355,000263-0027
scale-000263,qualification-synthetic,g,62028.0,18.74937381838463,0.8515982808648599,000263-0028
scale-000263,qualification-synthetic,g,62029.0,19.772851290828047,1.0471729403912988,000263-0029
scale-000263,qualification-synthetic,g,62030.0,18.456282880550894,1.093658487170073,000263-0030
scale-000263,qualification-synthetic,g,62031.0,20.66355574622276,1.1929500046552943,000263-0031
scale-000264,qualification-synthetic,g,62000.0,18.721649409540525,0.9558702817791607,000264-0000
scale-000264,qualification-synthetic,g,62001.0,20.968855548384703,1.1360840080863726,000264-0001
scale-000264,qualification-synthetic,g,62002.0,19.831389953419645,0.8766873977699502,000264-0002
scale-000264,qualification-synthetic,g,62003.0,19.05733763836298,0.9505813205618342,000264-0003
scale-000264,qualification-synthetic,g,62004.0,19.840353026764205,0.9153278268107472,000264-0004
scale-000264,qualification-synthetic,g,62005.0,20.99388301352492,0.9706271929331826,000264-0005
scale-000264,qualification-synthetic,g,62006.0,21.059226299538608,0.8541406396992344,000264-0006
scale-000264,qualification-synthetic,g,62007.0,20.0731006478746,1.1261838456631048,000264-0007
scale-000264,qualification-synthetic,g,62008.0,20.1512538718001,0.8408921393188267,000264-0008
scale-000264,qualification-synthetic,g,62009.0,21.691384985379287,0.9754572683541012,000264-0009
scale-000264,qualification-synthetic,g,62010.0,20.633229232398914,0.8494491889121681,000264-0010
scale-000264,qualification-synthetic,g,62011.0,17.836668665787684,1.013784400660155,000264-0011
scale-000264,qualification-synthetic,g,62012.0,19.91171403786587,1.1692988023584114,000264-0012
scale-000264,qualification-synthetic,g,62013.0,20.755703120024418,1.0363685735120831,000264-0013
scale-000264,qualification-synthetic,g,62014.0,20.529207836259967,1.1076999300875061,000264-0014
scale-000264,qualification-synthetic,g,62015.0,19.08925517979953,1.0299768475638276,000264-0015
scale-000264,qualification-synthetic,g,62016.0,20.730030978710086,1.0182987906340568,000264-0016
scale-000264,qualification-synthetic,g,62017.0,20.498056000779226,0.916145112395384,000264-0017
scale-000264,qualification-synthetic,g,62018.0,18.55071758838505,1.0573568456826732,000264-0018
scale-000264,qualification-synthetic,g,62019.0,18.669295390008617,0.8475411922712283,000264-0019
scale-000264,qualification-synthetic,g,62020.0,19.535999874491264,0.9300647919042161,000264-0020
scale-000264,qualification-synthetic,g,62021.0,19.68912458395615,0.887807875373314,000264-0021
scale-000264,qualification-synthetic,g,62022.0,20.251372187428977,0.8578563517788779,000264-0022
scale-000264,qualification-synthetic,g,62023.0,19.606332067735796,1.0892162657967455,000264-0023
scale-000264,qualification-synthetic,g,62024.0,17.416446254940567,0.939234895672106,000264-0024
scale-000264,qualification-synthetic,g,62025.0,20.86798966749003,0.873522025191191,000264-0025
scale-000264,qualification-synthetic,g,62026.0,19.76555739326305,0.9035745264280265,000264-0026
scale-000264,qualification-synthetic,g,62027.0,19.15322228809959,0.8747133648512889,000264-0027
scale-000264,qualification-synthetic,g,62028.0,20.276797427428104,1.1576051983604283,000264-0028
scale-000264,qualification-synthetic,g,62029.0,23.89813091309609,1.1352164810555572,000264-0029
scale-000264,qualification-synthetic,g,62030.0,18.154579461056475,0.8896656155151206,000264-0030
scale-000264,qualification-synthetic,g,62031.0,21.163300365752395,0.9235534281660225,000264-0031
scale-000265,qualification-synthetic,g,62000.0,19.12656577699165,0.9018825238712022,000265-0000
scale-000265,qualification-synthetic,g,62001.0,19.454163223412145,1.128356648466535,000265-0001
scale-000265,qualification-synthetic,g,62002.0,18.940184631009757,1.126449931583942,000265-0002
scale-000265,qualification-synthetic,g,62003.0,19.725151706270392,0.9921040657514187,000265-0003
scale-000265,qualification-synthetic,g,62004.0,20.463164350091063,0.9655922928948418,000265-0004
scale-000265,qualification-synthetic,g,62005.0,19.134705644033406,1.0512161443734378,000265-0005
scale-000265,qualification-synthetic,g,62006.0,19.056982719031502,0.8402866566734464,000265-0006
scale-000265,qualification-synthetic,g,62007.0,19.317966984416618,0.887051725725536,000265-0007
scale-000265,qualification-synthetic,g,62008.0,18.843550429927056,1.0403417574942921,000265-0008
scale-000265,qualification-synthetic,g,62009.0,19.592758545778413,0.866855492102825,000265-0009
scale-000265,qualification-synthetic,g,62010.0,19.93270812523936,0.9573007347393453,000265-0010
scale-000265,qualification-synthetic,g,62011.0,18.990903472656793,0.9911301889031704,000265-0011
scale-000265,qualification-synthetic,g,62012.0,16.089626398976968,0.9504868272658701,000265-0012
scale-000265,qualification-synthetic,g,62013.0,20.645954895506,1.1433766322043828,000265-0013
scale-000265,qualification-synthetic,g,62014.0,19.70340008484533,1.1402406491070673,000265-0014
scale-000265,qualification-synthetic,g,62015.0,18.467558164482554,1.166543725415846,000265-0015
scale-000265,qualification-synthetic,g,62016.0,18.98444771362168,1.1660524840427238,000265-0016
scale-000265,qualification-synthetic,g,62017.0,18.91652624504038,0.9430758627717118,000265-0017
scale-000265,qualification-synthetic,g,62018.0,19.744601950219884,1.020235335700008,000265-0018
scale-000265,qualification-synthetic,g,62019.0,20.497708293377148,1.048815072580304,000265-0019
scale-000265,qualification-synthetic,g,62020.0,19.460806320944894,1.1349259047874178,000265-0020
scale-000265,qualification-synthetic,g,62021.0,19.884866870502012,0.887157148962883,000265-0021
scale-000265,qualification-synthetic,g,62022.0,19.181315436087182,0.9460940769687238,000265-0022
scale-000265,qualification-synthetic,g,62023.0,19.95452712547139,1.0526363376701058,000265-0023
scale-000265,qualification-synthetic,g,62024.0,21.387714155534365,0.9742874805726254,000265-0024
scale-000265,qualification-synthetic,g,62025.0,19.4177147631666,1.1831975004504554,000265-0025
scale-000265,qualification-synthetic,g,62026.0,20.03757006066217,0.9724603664898783,000265-0026
scale-000265,qualification-synthetic,g,62027.0,21.71225680146029,0.9403445506042499,000265-0027
scale-000265,qualification-synthetic,g,62028.0,18.73656811857035,0.8596574983128106,000265-0028
scale-000265,qualification-synthetic,g,62029.0,19.27713561334388,0.9238627545418824,000265-0029
scale-000265,qualification-synthetic,g,62030.0,19.82955900019839,1.1260440675195658,000265-0030
scale-000265,qualification-synthetic,g,62031.0,18.96163671345696,1.1411568499489262,000265-0031
scale-000266,qualification-synthetic,g,62000.0,18.652943623090685,0.8066725648673807,000266-0000
scale-000266,qualification-synthetic,g,62001.0,21.31966523952094,1.1732656562561163,000266-0001
scale-000266,qualification-synthetic,g,62002.0,18.353332469243796,0.8695650797122487,000266-0002
scale-000266,qualification-synthetic,g,62003.0,19.311236681289795,1.0197595186198627,000266-0003
scale-000266,qualification-synthetic,g,62004.0,19.694279446212423,0.9002032839595341,000266-0004
scale-000266,qualification-synthetic,g,62005.0,20.74902286608438,0.9777305393923319,000266-0005
scale-000266,qualification-synthetic,g,62006.0,19.941236021455968,1.1812965009416527,000266-0006
scale-000266,qualification-synthetic,g,62007.0,19.961452814654166,1.1019044830767237,000266-0007
scale-000266,qualification-synthetic,g,62008.0,19.129679379679693,0.8233413678406942,000266-0008
scale-000266,qualification-synthetic,g,62009.0,19.89218964006079,1.099358224408515,000266-0009
scale-000266,qualification-synthetic,g,62010.0,21.113999441019658,1.0897461790310976,000266-0010
scale-000266,qualification-synthetic,g,62011.0,19.009767729158405,1.1240064390661075,000266-0011
scale-000266,qualification-synthetic,g,62012.0,20.29030369729457,0.911516275210273,000266-0012
scale-000266,qualification-synthetic,g,62013.0,17.738115357100128,1.1736759609393972,000266-0013
scale-000266,qualification-synthetic,g,62014.0,19.774939208601335,0.9026662267883196,000266-0014
scale-000266,qualification-synthetic,g,62015.0,19.1773185792053,0.9594555020626273,000266-0015
scale-000266,qualification-synthetic,g,62016.0,15.49153141164334,1.1842713082071301,000266-0016
scale-000266,qualification-synthetic,g,62017.0,20.895572543650058,0.9251712887721866,000266-0017
scale-000266,qualification-synthetic,g,62018.0,19.864260302865347,0.8404984259066176,000266-0018
scale-000266,qualification-synthetic,g,62019.0,20.472337900928576,1.1439206363972332,000266-0019
scale-000266,qualification-synthetic,g,62020.0,20.344298720728563,0.8679793243293196,000266-0020
scale-000266,qualification-synthetic,g,62021.0,20.10778928421666,0.8923534099059902,000266-0021
scale-000266,qualification-synthetic,g,62022.0,19.825649444545462,1.0125593663574586,000266-0022
scale-000266,qualification-synthetic,g,62023.0,21.94971459817762,1.179627781623174,000266-0023
scale-000266,qualification-synthetic,g,62024.0,17.637317940873487,0.9591280678626338,000266-0024
scale-000266,qualification-synthetic,g,62025.0,21.444476683625002,1.0877672894554689,000266-0025
scale-000266,qualification-synthetic,g,62026.0,19.69952986610433,1.0981126243569617,000266-0026
scale-000266,qualification-synthetic,g,62027.0,19.67020706627407,1.1686494755548504,000266-0027
scale-000266,qualification-synthetic,g,62028.0,20.292664732145884,0.839705591176895,000266-0028
scale-000266,qualification-synthetic,g,62029.0,18.7500921908236,0.8457572349566903,000266-0029
scale-000266,qualification-synthetic,g,62030.0,20.988710684409245,1.1623537933605772,000266-0030
scale-000266,qualification-synthetic,g,62031.0,19.609619088724493,0.9489644887608532,000266-0031
scale-000267,qualification-synthetic,g,62000.0,18.977932281949716,1.034344529340963,000267-0000
scale-000267,qualification-synthetic,g,62001.0,19.069414179416256,0.9153538403162161,000267-0001
scale-000267,qualification-synthetic,g,62002.0,20.698890839740574,0.8604287015882918,000267-0002
scale-000267,qualification-synthetic,g,62003.0,20.292261695938024,0.9517053155950145,000267-0003
scale-000267,qualification-synthetic,g,62004.0,20.407088153088242,0.9396272654238356,000267-0004
scale-000267,qualification-synthetic,g,62005.0,16.757847796705843,0.9280001226291198,000267-0005
scale-000267,qualification-synthetic,g,62006.0,21.815823404505466,1.0519864891304624,000267-0006
scale-000267,qualification-synthetic,g,62007.0,19.495450818773314,1.0719533852263528,000267-0007
scale-000267,qualification-synthetic,g,62008.0,21.872369960876586,1.0134933783924946,000267-0008
scale-000267,qualification-synthetic,g,62009.0,20.192289645151828,1.199244134766447,000267-0009
scale-000267,qualification-synthetic,g,62010.0,19.51983029744566,0.9221720638002803,000267-0010
scale-000267,qualification-synthetic,g,62011.0,19.36737150514908,1.0799384908601266,000267-0011
scale-000267,qualification-synthetic,g,62012.0,19.99430261038628,1.1003107452776724,000267-0012
scale-000267,qualification-synthetic,g,62013.0,20.73189769084252,0.8998903350411035,000267-0013
scale-000267,qualification-synthetic,g,62014.0,18.041727304163135,0.8567482377655704,000267-0014
scale-000267,qualification-synthetic,g,62015.0,18.876220273876285,0.8143717042079336,000267-0015
scale-000267,qualification-synthetic,g,62016.0,20.290665789566976,1.03480277822607,000267-0016
scale-000267,qualification-synthetic,g,62017.0,19.618392653249785,0.8801440342207457,000267-0017
scale-000267,qualification-synthetic,g,62018.0,19.808130806541296,1.0022587082557095,000267-0018
scale-000267,qualification-synthetic,g,62019.0,19.82841761235861,0.9165660449532672,000267-0019
scale-000267,qualification-synthetic,g,62020.0,20.462331489458215,1.0764037374090494,000267-0020
scale-000267,qualification-synthetic,g,62021.0,20.283289655485937,0.8669887960626586,000267-0021
scale-000267,qualification-synthetic,g,62022.0,19.38097780118574,0.9106569835258064,000267-0022
scale-000267,qualification-synthetic,g,62023.0,21.295717982720152,0.8139096364452483,000267-0023
scale-000267,qualification-synthetic,g,62024.0,18.431571108895227,1.169907506647796,000267-0024
scale-000267,qualification-synthetic,g,62025.0,20.128822177110795,1.076215268235294,000267-0025
scale-000267,qualification-synthetic,g,62026.0,21.888937269255866,0.892898126422178,000267-0026
scale-000267,qualification-synthetic,g,62027.0,20.444749689912094,0.8653190488198813,000267-0027
scale-000267,qualification-synthetic,g,62028.0,20.514257607637358,1.0739385124179148,000267-0028
scale-000267,qualification-synthetic,g,62029.0,19.446316426976985,0.8103082845842193,000267-0029
scale-000267,qualification-synthetic,g,62030.0,19.672925455943286,0.8959711218095624,000267-0030
scale-000267,qualification-synthetic,g,62031.0,20.517344370732488,1.0595929567859332,000267-0031
scale-000268,qualification-synthetic,g,62000.0,18.684365581320158,1.0213076699842822,000268-0000
scale-000268,qualification-synthetic,g,62001.0,21.078640240722443,0.8892165342145772,000268-0001
scale-000268,qualification-synthetic,g,62002.0,20.894240146211384,0.8285842205391748,000268-0002
scale-000268,qualification-synthetic,g,62003.0,19.7786620198031,1.0902465613184313,000268-0003
scale-000268,qualification-synthetic,g,62004.0,19.0792645089657,0.899123024496888,000268-0004
scale-000268,qualification-synthetic,g,62005.0,19.122190682364458,1.04018254785164,000268-0005
scale-000268,qualification-synthetic,g,62006.0,17.91078547887509,1.1825502845625788,000268-0006
scale-000268,qualification-synthetic,g,62007.0,19.428726342780518,0.9943827643308267,000268-0007
scale-000268,qualification-synthetic,g,62008.0,17.817605479669158,1.029907590813229,000268-0008
scale-000268,qualification-synthetic,g,62009.0,18.712130493109605,1.0367521834012892,000268-0009
scale-000268,qualification-synthetic,g,62010.0,19.127071608177047,0.8804838732196331,000268-0010
scale-000268,qualification-synthetic,g,62011.0,16.83482335516586,1.156874543344328,000268-0011
scale-000268,qualification-synthetic,g,62012.0,20.383080667757614,1.1085789094905607,000268-0012
scale-000268,qualification-synthetic,g,62013.0,19.950618429858583,0.935255071929019,000268-0013
scale-000268,qualification-synthetic,g,62014.0,20.02722770036619,1.0607077562850666,000268-0014
scale-000268,qualification-synthetic,g,62015.0,19.000080060537247,0.9617035925657007,000268-0015
scale-000268,qualification-synthetic,g,62016.0,19.970966093641177,1.021711915167627,000268-0016
scale-000268,qualification-synthetic,g,62017.0,19.471335031226843,0.8460854318889576,000268-0017
scale-000268,qualification-synthetic,g,62018.0,19.142938467793734,0.8855156686628153,000268-0018
scale-000268,qualification-synthetic,g,62019.0,19.106369360003498,0.8319502922443995,000268-0019
scale-000268,qualification-synthetic,g,62020.0,19.986194813549645,1.052664864745052,000268-0020
scale-000268,qualification-synthetic,g,62021.0,19.984799338696618,1.0837595512607179,000268-0021
scale-000268,qualification-synthetic,g,62022.0,20.56874022596616,1.1615555037453742,000268-0022
scale-000268,qualification-synthetic,g,62023.0,19.72954785718194,1.0712893011953761,000268-0023
scale-000268,qualification-synthetic,g,62024.0,20.218264962076262,0.9199425181332406,000268-0024
scale-000268,qualification-synthetic,g,62025.0,18.893713434645527,0.9375471726780696,000268-0025
scale-000268,qualification-synthetic,g,62026.0,17.638043972589493,1.0635792405890054,000268-0026
scale-000268,qualification-synthetic,g,62027.0,19.580931849111824,0.9410512478017502,000268-0027
scale-000268,qualification-synthetic,g,62028.0,17.327655482221346,1.189525450298812,000268-0028
scale-000268,qualification-synthetic,g,62029.0,15.508222767272787,0.9492823955468087,000268-0029
scale-000268,qualification-synthetic,g,62030.0,21.33081294878785,0.9810216211963605,000268-0030
scale-000268,qualification-synthetic,g,62031.0,19.64362946826587,0.9136335224046364,000268-0031
scale-000269,qualification-synthetic,g,62000.0,17.766021228609205,1.1462935060852537,000269-0000
scale-000269,qualification-synthetic,g,62001.0,20.04539041437897,1.0189185894490864,000269-0001
scale-000269,qualification-synthetic,g,62002.0,20.721974136799574,1.1569980010468943,000269-0002
scale-000269,qualification-synthetic,g,62003.0,20.158491718308856,0.9223115390447767,000269-0003
scale-000269,qualification-synthetic,g,62004.0,18.905584386295473,0.9833681451850791,000269-0004
scale-000269,qualification-synthetic,g,62005.0,19.203155628174503,0.854595012419747,000269-0005
scale-000269,qualification-synthetic,g,62006.0,20.092812182690775,1.0668412741630964,000269-0006
scale-000269,qualification-synthetic,g,62007.0,21.748147314757375,0.9860659031648761,000269-0007
scale-000269,qualification-synthetic,g,62008.0,20.518562565438145,1.1601717559612426,000269-0008
scale-000269,qualification-synthetic,g,62009.0,20.01556067328148,1.1015155464358728,000269-0009
scale-000269,qualification-synthetic,g,62010.0,19.99533770108795,0.8465351366837408,000269-0010
scale-000269,qualification-synthetic,g,62011.0,20.046722827426365,1.01099850547952,000269-0011
scale-000269,qualification-synthetic,g,62012.0,20.673884498460467,0.9971795809651338,000269-0012
scale-000269,qualification-synthetic,g,62013.0,19.971533796990208,1.1739810828452792,000269-0013
scale-000269,qualification-synthetic,g,62014.0,20.532087906509478,0.9338334291668627,000269-0014
scale-000269,qualification-synthetic,g,62015.0,20.704227091824908,0.8350433621718735,000269-0015
scale-000269,qualification-synthetic,g,62016.0,18.98920000994236,1.016594690329372,000269-0016
scale-000269,qualification-synthetic,g,62017.0,16.763520556898165,1.102731983045894,000269-0017
scale-000269,qualification-synthetic,g,62018.0,20.507476445576145,0.8843206040834775,000269-0018
scale-000269,qualification-synthetic,g,62019.0,21.668479281341924,0.9288861222354508,000269-0019
scale-000269,qualification-synthetic,g,62020.0,15.828282337248599,0.9860683795955497,000269-0020
scale-000269,qualification-synthetic,g,62021.0,20.558521222431438,1.1626174954367599,000269-0021
scale-000269,qualification-synthetic,g,62022.0,19.53074994000604,0.8176230805094398,000269-0022
scale-000269,qualification-synthetic,g,62023.0,20.391858943949227,0.978785180144044,000269-0023
scale-000269,qualification-synthetic,g,62024.0,21.360340161722615,0.9271589311374498,000269-0024
scale-000269,qualification-synthetic,g,62025.0,20.381678281648163,1.0855879821080654,000269-0025
scale-000269,qualification-synthetic,g,62026.0,19.70819594839415,0.9817675956169702,000269-0026
scale-000269,qualification-synthetic,g,62027.0,19.811103432811638,0.819343100608645,000269-0027
scale-000269,qualification-synthetic,g,62028.0,21.341419400666144,1.0519271486007475,000269-0028
scale-000269,qualification-synthetic,g,62029.0,19.355110036443183,1.0273868787213705,000269-0029
scale-000269,qualification-synthetic,g,62030.0,17.13250357385695,1.1711693501334406,000269-0030
scale-000269,qualification-synthetic,g,62031.0,18.442751531413805,1.1354691795360592,000269-0031
scale-000270,qualification-synthetic,g,62000.0,20.344450168520943,1.1737349568372073,000270-0000
scale-000270,qualification-synthetic,g,62001.0,19.553506769993678,1.1068921726962284,000270-0001
scale-000270,qualification-synthetic,g,62002.0,20.004485449004882,0.9084825047804875,000270-0002
scale-000270,qualification-synthetic,g,62003.0,21.659747124087694,1.0988397844036373,000270-0003
scale-000270,qualification-synthetic,g,62004.0,21.4999473479607,0.986319970904398,000270-0004
scale-000270,qualification-synthetic,g,62005.0,20.07169444581504,1.093734699612584,000270-0005
scale-000270,qualification-synthetic,g,62006.0,21.810940369934347,0.8994216855969742,000270-0006
scale-000270,qualification-synthetic,g,62007.0,21.299230752780424,0.9132842024350479,000270-0007
scale-000270,qualification-synthetic,g,62008.0,20.320384232455822,0.8217428782066811,000270-0008
scale-000270,qualification-synthetic,g,62009.0,21.050023367011274,0.9293786458592844,000270-0009
scale-000270,qualification-synthetic,g,62010.0,19.327549423844058,1.1786685857092285,000270-0010
scale-000270,qualification-synthetic,g,62011.0,19.560358751146932,1.125243118282314,000270-0011
scale-000270,qualification-synthetic,g,62012.0,21.456240279061426,0.9937542035097034,000270-0012
scale-000270,qualification-synthetic,g,62013.0,20.357112575300818,1.092028430588224,000270-0013
scale-000270,qualification-synthetic,g,62014.0,19.64921488606256,1.0197061823115068,000270-0014
scale-000270,qualification-synthetic,g,62015.0,21.729229137381832,0.8978163266124176,000270-0015
scale-000270,qualification-synthetic,g,62016.0,20.281220250251355,1.1575599123544904,000270-0016
scale-000270,qualification-synthetic,g,62017.0,19.897317703611645,0.9646163554471657,000270-0017
scale-000270,qualification-synthetic,g,62018.0,19.37512340326352,1.0904791360355353,000270-0018
scale-000270,qualification-synthetic,g,62019.0,20.424318174660545,0.9260325787869838,000270-0019
scale-000270,qualification-synthetic,g,62020.0,19.65234146717544,1.0733516868635324,000270-0020
scale-000270,qualification-synthetic,g,62021.0,18.33522582044356,1.0113197285776148,000270-0021
scale-000270,qualification-synthetic,g,62022.0,20.987707127949164,0.867197282927809,000270-0022
scale-000270,qualification-synthetic,g,62023.0,19.595445857583737,1.0490614709821562,000270-0023
scale-000270,qualification-synthetic,g,62024.0,20.446950819192413,1.1067273312105572,000270-0024
scale-000270,qualification-synthetic,g,62025.0,19.949854460951286,0.9698163132103984,000270-0025
scale-000270,qualification-synthetic,g,62026.0,20.12719967991635,0.8091811068444104,000270-0026
scale-000270,qualification-synthetic,g,62027.0,20.608001760978116,0.9894065149713545,000270-0027
scale-000270,qualification-synthetic,g,62028.0,18.705734341499685,1.0952119215456249,000270-0028
scale-000270,qualification-synthetic,g,62029.0,21.247833211238866,1.122932057307411,000270-0029
scale-000270,qualification-synthetic,g,62030.0,20.357229351611636,1.1067497508249422,000270-0030
scale-000270,qualification-synthetic,g,62031.0,20.83428493626635,1.039086795958055,000270-0031
scale-000271,qualification-synthetic,g,62000.0,18.759678147787447,0.9579796156396414,000271-0000
scale-000271,qualification-synthetic,g,62001.0,18.68153975429555,0.8803634959214651,000271-0001
scale-000271,qualification-synthetic,g,62002.0,19.6558338588867,0.896359160852075,000271-0002
scale-000271,qualification-synthetic,g,62003.0,19.595900175480516,1.0702596187128997,000271-0003
scale-000271,qualification-synthetic,g,62004.0,15.305360156566655,1.185641669150582,000271-0004
scale-000271,qualification-synthetic,g,62005.0,19.3426144621917,0.8963371879237046,000271-0005
scale-000271,qualification-synthetic,g,62006.0,21.275752017551806,0.9087475181287347,000271-0006
scale-000271,qualification-synthetic,g,62007.0,21.83128421807664,0.8336922053673339,000271-0007
scale-000271,qualification-synthetic,g,62008.0,20.440892382099314,0.9709829168256046,000271-0008
scale-000271,qualification-synthetic,g,62009.0,20.729285429583964,0.8116101094750685,000271-0009
scale-000271,qualification-synthetic,g,62010.0,19.573895352192505,1.0618696540898682,000271-0010
scale-000271,qualification-synthetic,g,62011.0,19.373126102415192,0.9568588408967541,000271-0011
scale-000271,qualification-synthetic,g,62012.0,21.35028943214201,0.9337173539018262,000271-0012
scale-000271,qualification-synthetic,g,62013.0,20.965376746516664,1.001081171990753,000271-0013
scale-000271,qualification-synthetic,g,62014.0,19.08989363881585,1.0257666625595165,000271-0014
scale-000271,qualification-synthetic,g,62015.0,22.00237340393658,1.1247390698228914,000271-0015
scale-000271,qualification-synthetic,g,62016.0,19.127787696993035,1.0632991504579092,000271-0016
scale-000271,qualification-synthetic,g,62017.0,18.26447337561291,1.1792370889620378,000271-0017
scale-000271,qualification-synthetic,g,62018.0,20.625353926574604,0.922116935157668,000271-0018
scale-000271,qualification-synthetic,g,62019.0,20.198880699595136,0.9171348079654699,000271-0019
scale-000271,qualification-synthetic,g,62020.0,18.08664545538221,1.0218543701601996,000271-0020
scale-000271,qualification-synthetic,g,62021.0,20.020515494156086,0.8690335664273002,000271-0021
scale-000271,qualification-synthetic,g,62022.0,17.94137585295387,0.9665638461095436,000271-0022
scale-000271,qualification-synthetic,g,62023.0,17.634016957781522,0.8858841854684151,000271-0023
scale-000271,qualification-synthetic,g,62024.0,20.43651997653681,1.0838142827047161,000271-0024
scale-000271,qualification-synthetic,g,62025.0,19.999297880369138,1.0725756388149235,000271-0025
scale-000271,qualification-synthetic,g,62026.0,19.9700059464929,0.9293057263392434,000271-0026
scale-000271,qualification-synthetic,g,62027.0,19.607578611406556,1.0253048128169913,000271-0027
scale-000271,qualification-synthetic,g,62028.0,21.06164308363611,1.15502172529443,000271-0028
scale-000271,qualification-synthetic,g,62029.0,21.287372967094935,0.9835446377351664,000271-0029
scale-000271,qualification-synthetic,g,62030.0,20.906152179263415,0.9779963997228651,000271-0030
scale-000271,qualification-synthetic,g,62031.0,18.809780048192714,0.938872681187534,000271-0031
scale-000272,qualification-synthetic,g,62000.0,19.86171907682436,1.1586255852453407,000272-0000
scale-000272,qualification-synthetic,g,62001.0,19.887021470009728,0.8389412268479576,000272-0001
scale-000272,qualification-synthetic,g,62002.0,19.26794756928919,0.8714467343000999,000272-0002
scale-000272,qualification-synthetic,g,62003.0,17.444387947658686,1.1638269707228663,000272-0003
scale-000272,qualification-synthetic,g,62004.0,21.14710958714245,0.841358390955495,000272-0004
scale-000272,qualification-synthetic,g,62005.0,19.235481735737903,1.1582622595968937,000272-0005
scale-000272,qualification-synthetic,g,62006.0,20.521278821144453,1.095453578997363,000272-0006
scale-000272,qualification-synthetic,g,62007.0,19.71421109606399,0.854788921419512,000272-0007
scale-000272,qualification-synthetic,g,62008.0,20.217653518062598,0.8088271355932808,000272-0008
scale-000272,qualification-synthetic,g,62009.0,19.912987135576582,1.1044213549060293,000272-0009
scale-000272,qualification-synthetic,g,62010.0,20.814720434013598,1.075069995437202,000272-0010
scale-000272,qualification-synthetic,g,62011.0,20.609932035885343,1.1029912976809058,000272-0011
scale-000272,qualification-synthetic,g,62012.0,19.44965688104387,0.8465326901253052,000272-0012
scale-000272,qualification-synthetic,g,62013.0,18.29688506060307,0.8290215717862965,000272-0013
scale-000272,qualification-synthetic,g,62014.0,18.556448731503576,1.0472963523248089,000272-0014
scale-000272,qualification-synthetic,g,62015.0,21.292116806689766,0.8354003041898976,000272-0015
scale-000272,qualification-synthetic,g,62016.0,19.341560613848085,0.8738635354809072,000272-0016
scale-000272,qualification-synthetic,g,62017.0,21.76644135280941,0.9066773838465141,000272-0017
scale-000272,qualification-synthetic,g,62018.0,18.585320795762218,1.1208961169136586,000272-0018
scale-000272,qualification-synthetic,g,62019.0,18.20870173695902,0.9879194927362235,000272-0019
scale-000272,qualification-synthetic,g,62020.0,20.924219388349382,1.0453267524123162,000272-0020
scale-000272,qualification-synthetic,g,62021.0,19.01829185067725,1.16003053866957,000272-0021
scale-000272,qualification-synthetic,g,62022.0,19.67080597648024,1.0171533430821444,000272-0022
scale-000272,qualification-synthetic,g,62023.0,20.08805430476182,0.8251690662130394,000272-0023
scale-000272,qualification-synthetic,g,62024.0,19.62212885446206,0.8378104281237654,000272-0024
scale-000272,qualification-synthetic,g,62025.0,18.082756783435965,0.8236144750433327,000272-0025
scale-000272,qualification-synthetic,g,62026.0,18.731102416244234,1.0677102788596236,000272-0026
scale-000272,qualification-synthetic,g,62027.0,19.279320373582042,0.842773908607816,000272-0027
scale-000272,qualification-synthetic,g,62028.0,19.552800887518828,1.129871519420024,000272-0028
scale-000272,qualification-synthetic,g,62029.0,20.562323565804736,0.8629558909266049,000272-0029
scale-000272,qualification-synthetic,g,62030.0,19.859840395627618,1.1905122799931152,000272-0030
scale-000272,qualification-synthetic,g,62031.0,18.588290270891736,1.080922996579682,000272-0031
scale-000273,qualification-synthetic,g,62000.0,19.406322553517715,1.027472329608506,000273-0000
scale-000273,qualification-synthetic,g,62001.0,19.516714584653105,0.8147672931484183,000273-0001
scale-000273,qualification-synthetic,g,62002.0,19.509227662641464,1.1106393448697212,000273-0002
scale-000273,qualification-synthetic,g,62003.0,20.268935634962556,0.8848321916542762,000273-0003
scale-000273,qualification-synthetic,g,62004.0,19.29041764545581,1.0288850355605328,000273-0004
scale-000273,qualification-synthetic,g,62005.0,20.107860745661664,0.8399776094970356,000273-0005
scale-000273,qualification-synthetic,g,62006.0,19.837842248894955,0.8561885136744166,000273-0006
scale-000273,qualification-synthetic,g,62007.0,19.879999896121255,1.01995250085262,000273-0007
scale-000273,qualification-synthetic,g,62008.0,23.20443540671642,1.122925429631996,000273-0008
scale-000273,qualification-synthetic,g,62009.0,18.07652857708943,1.1104420262522614,000273-0009
scale-000273,qualification-synthetic,g,62010.0,21.01351183596337,1.104262469167173,000273-0010
scale-000273,qualification-synthetic,g,62011.0,18.099229099656252,1.0412268848731832,000273-0011
scale-000273,qualification-synthetic,g,62012.0,20.432419566109946,0.8521601652614643,000273-0012
scale-000273,qualification-synthetic,g,62013.0,19.248310971130653,0.9162607145851674,000273-0013
scale-000273,qualification-synthetic,g,62014.0,21.775289815867886,1.103119408901932,000273-0014
scale-000273,qualification-synthetic,g,62015.0,20.557330282299347,1.0414678012025194,000273-0015
scale-000273,qualification-synthetic,g,62016.0,20.501977561160444,0.9228121812467106,000273-0016
scale-000273,qualification-synthetic,g,62017.0,20.101772299611145,0.8571224618892491,000273-0017
scale-000273,qualification-synthetic,g,62018.0,17.170120850621327,1.1162082809624707,000273-0018
scale-000273,qualification-synthetic,g,62019.0,21.103421625959385,0.9853461534553093,000273-0019
scale-000273,qualification-synthetic,g,62020.0,18.829741331314864,0.9264149961090697,000273-0020
scale-000273,qualification-synthetic,g,62021.0,21.666557519392946,0.8706179051151117,000273-0021
scale-000273,qualification-synthetic,g,62022.0,20.611799766653665,0.891321909476095,000273-0022
scale-000273,qualification-synthetic,g,62023.0,20.921133823347397,0.9871245734982524,000273-0023
scale-000273,qualification-synthetic,g,62024.0,22.619265102558362,1.041386062538027,000273-0024
scale-000273,qualification-synthetic,g,62025.0,20.39405712778188,1.1788218301787645,000273-0025
scale-000273,qualification-synthetic,g,62026.0,19.95773356435637,0.8295118868323484,000273-0026
scale-000273,qualification-synthetic,g,62027.0,20.345388821470898,0.8281609194611179,000273-0027
scale-000273,qualification-synthetic,g,62028.0,21.586126316463535,0.9175135171655634,000273-0028
scale-000273,qualification-synthetic,g,62029.0,21.054214876175187,0.8067985445519927,000273-0029
scale-000273,qualification-synthetic,g,62030.0,20.400906533475293,1.1155071357524784,000273-0030
scale-000273,qualification-synthetic,g,62031.0,17.984083519528035,1.1049498318303836,000273-0031
scale-000274,qualification-synthetic,g,62000.0,20.877355758569575,0.8954353152594462,000274-0000
scale-000274,qualification-synthetic,g,62001.0,20.282755485653862,1.0092503028813238,000274-0001
scale-000274,qualification-synthetic,g,62002.0,20.660572523100946,1.1137966003355126,000274-0002
scale-000274,qualification-synthetic,g,62003.0,20.568849271893704,1.0486929938067493,000274-0003
scale-000274,qualification-synthetic,g,62004.0,19.789935630577027,1.0795324369814328,000274-0004
scale-000274,qualification-synthetic,g,62005.0,20.31187252405045,0.9547602879736848,000274-0005
scale-000274,qualification-synthetic,g,62006.0,21.10225454430069,1.1691078566348017,000274-0006
scale-000274,qualification-synthetic,g,62007.0,19.207551601839693,0.8160979851015076,000274-0007
scale-000274,qualification-synthetic,g,62008.0,21.30398934690524,1.166589140423961,000274-0008
scale-000274,qualification-synthetic,g,62009.0,19.442202841281052,1.046419915594512,000274-0009
scale-000274,qualification-synthetic,g,62010.0,20.427425151586302,1.0637084139178032,000274-0010
scale-000274,qualification-synthetic,g,62011.0,19.953522747929632,0.9895943128997448,000274-0011
scale-000274,qualification-synthetic,g,62012.0,20.72632408547518,0.9413854535928099,000274-0012
scale-000274,qualification-synthetic,g,62013.0,20.809971146148015,1.017266713083052,000274-0013
scale-000274,qualification-synthetic,g,62014.0,18.185883430067424,0.9675377305712043,000274-0014
scale-000274,qualification-synthetic,g,62015.0,20.25394440667541,0.9381439103223559,000274-0015
scale-000274,qualification-synthetic,g,62016.0,19.81344913871284,1.0186105884718815,000274-0016
scale-000274,qualification-synthetic,g,62017.0,19.416960322595386,1.0908374516450787,000274-0017
scale-000274,qualification-synthetic,g,62018.0,20.397525982608563,1.070516842083431,000274-0018
scale-000274,qualification-synthetic,g,62019.0,17.411701411461273,1.0836073563917439,000274-0019
scale-000274,qualification-synthetic,g,62020.0,18.174651178598026,0.8656881089076224,000274-0020
scale-000274,qualification-synthetic,g,62021.0,21.93387735461742,0.8456516659789332,000274-0021
scale-000274,qualification-synthetic,g,62022.0,20.170683486063254,0.8248496052424001,000274-0022
scale-000274,qualification-synthetic,g,62023.0,21.68268667113831,1.0379575224665247,000274-0023
scale-000274,qualification-synthetic,g,62024.0,20.736762316066027,1.008372078400604,000274-0024
scale-000274,qualification-synthetic,g,62025.0,23.348944503229813,1.1611340909667907,000274-0025
scale-000274,qualification-synthetic,g,62026.0,22.783095135349775,1.1654166028596926,000274-0026
scale-000274,qualification-synthetic,g,62027.0,19.832423605291954,1.0598946812509544,000274-0027
scale-000274,qualification-synthetic,g,62028.0,20.139597752600167,0.8483277194158647,000274-0028
scale-000274,qualification-synthetic,g,62029.0,20.117667693629095,1.1865384374840555,000274-0029
scale-000274,qualification-synthetic,g,62030.0,19.195740261782138,1.1062681681627706,000274-0030
scale-000274,qualification-synthetic,g,62031.0,21.09816505153853,1.0390459796163325,000274-0031
scale-000275,qualification-synthetic,g,62000.0,20.25005782529763,1.1768151529628856,000275-0000
scale-000275,qualification-synthetic,g,62001.0,20.21122472945435,0.9511558618819425,000275-0001
scale-000275,qualification-synthetic,g,62002.0,19.998694815884875,1.1444602113509157,000275-0002
scale-000275,qualification-synthetic,g,62003.0,18.158103443136763,1.1377955718521096,000275-0003
scale-000275,qualification-synthetic,g,62004.0,22.383953988351863,1.0203704786795333,000275-0004
scale-000275,qualification-synthetic,g,62005.0,21.68184006083359,1.1602219482735148,000275-0005
scale-000275,qualification-synthetic,g,62006.0,19.85249181634227,0.9652693453609282,000275-0006
scale-000275,qualification-synthetic,g,62007.0,20.581755562747194,0.9716527148713664,000275-0007
scale-000275,qualification-synthetic,g,62008.0,18.96820238253846,1.0011804908773005,000275-0008
scale-000275,qualification-synthetic,g,62009.0,20.30879029688402,0.9423064081510197,000275-0009
scale-000275,qualification-synthetic,g,62010.0,22.2068744692282,1.1523938740312216,000275-0010
scale-000275,qualification-synthetic,g,62011.0,19.449605176978988,0.8400951607692138,000275-0011
scale-000275,qualification-synthetic,g,62012.0,19.49080535751364,0.9483353611195587,000275-0012
scale-000275,qualification-synthetic,g,62013.0,19.679222837233663,0.918661647293032,000275-0013
scale-000275,qualification-synthetic,g,62014.0,20.205643412515844,0.8108522595784464,000275-0014
scale-000275,qualification-synthetic,g,62015.0,20.003966050585017,0.8089196985833568,000275-0015
scale-000275,qualification-synthetic,g,62016.0,20.006278459279496,0.8331428734475463,000275-0016
scale-000275,qualification-synthetic,g,62017.0,21.20977926423273,1.1528984724774385,000275-0017
scale-000275,qualification-synthetic,g,62018.0,19.6960732156919,1.0587506320934055,000275-0018
scale-000275,qualification-synthetic,g,62019.0,21.205399066363682,0.8280572753355013,000275-0019
scale-000275,qualification-synthetic,g,62020.0,18.91849518044168,0.9855699392363046,000275-0020
scale-000275,qualification-synthetic,g,62021.0,19.416782956847218,1.0534463532879579,000275-0021
scale-000275,qualification-synthetic,g,62022.0,21.074173911518194,1.116215697149173,000275-0022
scale-000275,qualification-synthetic,g,62023.0,21.16049545067816,0.9007921018768419,000275-0023
scale-000275,qualification-synthetic,g,62024.0,23.27006467153113,1.011419291388317,000275-0024
scale-000275,qualification-synthetic,g,62025.0,21.73975294049268,0.8698575475890493,000275-0025
scale-000275,qualification-synthetic,g,62026.0,21.679547809809645,1.1019761671516088,000275-0026
scale-000275,qualification-synthetic,g,62027.0,20.543750343025096,1.1271355881600356,000275-0027
scale-000275,qualification-synthetic,g,62028.0,18.945944769747886,1.098035970181563,000275-0028
scale-000275,qualification-synthetic,g,62029.0,19.721439998372258,1.0629078300420127,000275-0029
scale-000275,qualification-synthetic,g,62030.0,19.129056995372732,0.8404815462901399,000275-0030
scale-000275,qualification-synthetic,g,62031.0,21.24666475341318,0.8901355982583943,000275-0031
scale-000276,qualification-synthetic,g,62000.0,21.68249780522427,1.0723822684509101,000276-0000
scale-000276,qualification-synthetic,g,62001.0,19.66259529027897,0.9042260359411791,000276-0001
scale-000276,qualification-synthetic,g,62002.0,21.410423370167845,0.8294322887914373,000276-0002
scale-000276,qualification-synthetic,g,62003.0,19.003376607400792,1.0650203695366678,000276-0003
scale-000276,qualification-synthetic,g,62004.0,20.82454226245203,0.888896844539516,000276-0004
scale-000276,qualification-synthetic,g,62005.0,21.174353713867895,0.8810994383554878,000276-0005
scale-000276,qualification-synthetic,g,62006.0,20.833393549372254,0.9142256741278267,000276-0006
scale-000276,qualification-synthetic,g,62007.0,20.500774732576936,0.8077574957402018,000276-0007
scale-000276,qualification-synthetic,g,62008.0,23.209787699236198,0.9929988390591298,000276-0008
scale-000276,qualification-synthetic,g,62009.0,20.002733765928973,0.8305563810817884,000276-0009
scale-000276,qualification-synthetic,g,62010.0,20.065808141939527,0.8847978023917132,000276-0010
scale-000276,qualification-synthetic,g,62011.0,19.405570175639745,0.8133593825641838,000276-0011
scale-000276,qualification-synthetic,g,62012.0,20.17727728923561,1.0260035798574962,000276-0012
scale-000276,qualification-synthetic,g,62013.0,23.18224731767357,1.116915412333174,000276-0013
scale-000276,qualification-synthetic,g,62014.0,21.88762613237261,0.9824530571250583,000276-0014
scale-000276,qualification-synthetic,g,62015.0,19.866550915087522,0.919350106620445,000276-0015
scale-000276,qualification-synthetic,g,62016.0,17.426057357074527,1.016296748928782,000276-0016
scale-000276,qualification-synthetic,g,62017.0,20.419183821605703,0.9036927449519399,000276-0017
scale-000276,qualification-synthetic,g,62018.0,19.26383141589309,1.1953775236117266,000276-0018
scale-000276,qualification-synthetic,g,62019.0,20.18571402288533,0.830757406549087,000276-0019
scale-000276,qualification-synthetic,g,62020.0,17.449174555433466,1.1686756661174984,000276-0020
scale-000276,qualification-synthetic,g,62021.0,20.388592611469402,0.8326117768884033,000276-0021
scale-000276,qualification-synthetic,g,62022.0,19.72934150936195,0.8066065447813558,000276-0022
scale-000276,qualification-synthetic,g,62023.0,19.55104356891061,1.112897817161175,000276-0023
scale-000276,qualification-synthetic,g,62024.0,19.49905230697,0.943665557083342,000276-0024
scale-000276,qualification-synthetic,g,62025.0,20.313268991485515,0.8816116784812832,000276-0025
scale-000276,qualification-synthetic,g,62026.0,21.271290680695557,1.1730898837575332,000276-0026
scale-000276,qualification-synthetic,g,62027.0,19.55258536650742,0.9950863649566796,000276-0027
scale-000276,qualification-synthetic,g,62028.0,16.063508642941674,1.1356597611881083,000276-0028
scale-000276,qualification-synthetic,g,62029.0,18.39612294759639,1.1272872694885756,000276-0029
scale-000276,qualification-synthetic,g,62030.0,19.694014095766246,0.9480872160951261,000276-0030
scale-000276,qualification-synthetic,g,62031.0,18.42596870943752,0.9060387955017865,000276-0031
scale-000277,qualification-synthetic,g,62000.0,21.689381258567284,1.038596433140208,000277-0000
scale-000277,qualification-synthetic,g,62001.0,19.990346896984022,1.051095698656462,000277-0001
scale-000277,qualification-synthetic,g,62002.0,21.874815875339703,1.054176332131505,000277-0002
scale-000277,qualification-synthetic,g,62003.0,20.5326165412542,0.975924008135277,000277-0003
scale-000277,qualification-synthetic,g,62004.0,19.037081312650066,0.8729144390054743,000277-0004
scale-000277,qualification-synthetic,g,62005.0,19.94680052909123,0.9287188498348881,000277-0005
scale-000277,qualification-synthetic,g,62006.0,20.60005840625456,1.092747827032689,000277-0006
scale-000277,qualification-synthetic,g,62007.0,18.324378755477106,0.9074121678097428,000277-0007
scale-000277,qualification-synthetic,g,62008.0,15.388286091497381,1.0251490538381187,000277-0008
scale-000277,qualification-synthetic,g,62009.0,17.43436294069307,1.0130115584336463,000277-0009
scale-000277,qualification-synthetic,g,62010.0,20.11120433674052,0.9026508918915891,000277-0010
scale-000277,qualification-synthetic,g,62011.0,19.80137069303433,1.0586352674786195,000277-0011
scale-000277,qualification-synthetic,g,62012.0,20.783705655016764,0.816782284777358,000277-0012
scale-000277,qualification-synthetic,g,62013.0,20.71284917656303,1.053842567838596,000277-0013
scale-000277,qualification-synthetic,g,62014.0,18.81636667566272,1.0585719844208967,000277-0014
scale-000277,qualification-synthetic,g,62015.0,20.126034160484814,0.8853296340987766,000277-0015
scale-000277,qualification-synthetic,g,62016.0,20.684568990862502,0.8945718623837853,000277-0016
scale-000277,qualification-synthetic,g,62017.0,19.87360305482366,1.0246537578097776,000277-0017
scale-000277,qualification-synthetic,g,62018.0,20.558214622428654,1.063992723263086,000277-0018
scale-000277,qualification-synthetic,g,62019.0,19.327357425008106,0.9112068233523661,000277-0019
scale-000277,qualification-synthetic,g,62020.0,19.732201375303482,1.188266856757019,000277-0020
scale-000277,qualification-synthetic,g,62021.0,20.619876318069625,0.9385599515070345,000277-0021
scale-000277,qualification-synthetic,g,62022.0,18.543707675520515,0.875032906690061,000277-0022
scale-000277,qualification-synthetic,g,62023.0,20.131756177445286,1.1418514063833762,000277-0023
scale-000277,qualification-synthetic,g,62024.0,19.665751979770505,1.0732069507367359,000277-0024
scale-000277,qualification-synthetic,g,62025.0,20.778461209552678,0.9090772866395238,000277-0025
scale-000277,qualification-synthetic,g,62026.0,19.462324384444454,1.0186877068405966,000277-0026
scale-000277,qualification-synthetic,g,62027.0,19.555164183231547,1.0389927923184836,000277-0027
scale-000277,qualification-synthetic,g,62028.0,20.071483935546965,1.1010292180018606,000277-0028
scale-000277,qualification-synthetic,g,62029.0,19.578449822717904,0.8722421860295964,000277-0029
scale-000277,qualification-synthetic,g,62030.0,20.404401965161032,1.0968648831645824,000277-0030
scale-000277,qualification-synthetic,g,62031.0,18.977849691652263,1.0563886029273981,000277-0031
scale-000278,qualification-synthetic,g,62000.0,19.11860698704192,0.853996948349452,000278-0000
scale-000278,qualification-synthetic,g,62001.0,19.90252325957942,1.146613903406004,000278-0001
scale-000278,qualification-synthetic,g,62002.0,21.013081949586244,1.016018209280947,000278-0002
scale-000278,qualification-synthetic,g,62003.0,19.966985601232487,1.063664139827923,000278-0003
scale-000278,qualification-synthetic,g,62004.0,20.558332457640645,0.9709434003695095,000278-0004
scale-000278,qualification-synthetic,g,62005.0,21.337560521686697,0.984818225837878,000278-0005
scale-000278,qualification-synthetic,g,62006.0,18.433403923125237,1.033415168653705,000278-0006
scale-000278,qualification-synthetic,g,62007.0,21.11651954760753,0.9360298208446467,000278-0007
scale-000278,qualification-synthetic,g,62008.0,20.27681128702589,0.9921168208511026,000278-0008
scale-000278,qualification-synthetic,g,62009.0,19.91423145816342,0.8542559254805762,000278-0009
scale-000278,qualification-synthetic,g,62010.0,20.93399597814267,0.8600033435159581,000278-0010
scale-000278,qualification-synthetic,g,62011.0,20.061305145871604,1.1800369972017766,000278-0011
scale-000278,qualification-synthetic,g,62012.0,18.921139288562422,0.8372235603416117,000278-0012
scale-000278,qualification-synthetic,g,62013.0,23.660786707526622,0.9422523104732918,000278-0013
scale-000278,qualification-synthetic,g,62014.0,19.836216894033694,0.8981602845749702,000278-0014
scale-000278,qualification-synthetic,g,62015.0,19.396185810672023,0.9243974090022122,000278-0015
scale-000278,qualification-synthetic,g,62016.0,21.27354178720009,0.9891205364304734,000278-0016
scale-000278,qualification-synthetic,g,62017.0,20.28354069716078,1.0520674429382437,000278-0017
scale-000278,qualification-synthetic,g,62018.0,20.924212476107385,0.8178705044059047,000278-0018
scale-000278,qualification-synthetic,g,62019.0,15.419075072314582,0.9382882226375385,000278-0019
scale-000278,qualification-synthetic,g,62020.0,20.068210547668617,0.9076828070191296,000278-0020
scale-000278,qualification-synthetic,g,62021.0,18.959140916215492,0.9768034239872103,000278-0021
scale-000278,qualification-synthetic,g,62022.0,18.70231931894156,0.899474148916294,000278-0022
scale-000278,qualification-synthetic,g,62023.0,20.401103734373976,0.9634099883550977,000278-0023
scale-000278,qualification-synthetic,g,62024.0,19.396836288365748,0.9364138814001394,000278-0024
scale-000278,qualification-synthetic,g,62025.0,21.67729787292549,1.1613718639593478,000278-0025
scale-000278,qualification-synthetic,g,62026.0,19.92882142256925,1.1460531833039984,000278-0026
scale-000278,qualification-synthetic,g,62027.0,19.436112589491273,1.150557906094646,000278-0027
scale-000278,qualification-synthetic,g,62028.0,19.33871224206645,0.8403379637553628,000278-0028
scale-000278,qualification-synthetic,g,62029.0,19.651076545520617,0.9147963561837031,000278-0029
scale-000278,qualification-synthetic,g,62030.0,16.91815406828283,0.9425699369393521,000278-0030
scale-000278,qualification-synthetic,g,62031.0,18.402965889559905,1.1834289403382332,000278-0031
scale-000279,qualification-synthetic,g,62000.0,19.289447742206853,0.9620846859201486,000279-0000
scale-000279,qualification-synthetic,g,62001.0,21.586140055500366,1.0766518900104995,000279-0001
scale-000279,qualification-synthetic,g,62002.0,20.580531627594997,1.0275517658743663,000279-0002
scale-000279,qualification-synthetic,g,62003.0,19.326390121430784,0.8366686210843772,000279-0003
scale-000279,qualification-synthetic,g,62004.0,20.137507495833244,1.1073923379427173,000279-0004
scale-000279,qualification-synthetic,g,62005.0,20.171121888346867,1.033962206159057,000279-0005
scale-000279,qualification-synthetic,g,62006.0,20.440952182524747,1.152722411321391,000279-0006
scale-000279,qualification-synthetic,g,62007.0,18.528885650245385,1.1212581236982142,000279-0007
scale-000279,qualification-synthetic,g,62008.0,19.18215549483793,0.8851008072631509,000279-0008
scale-000279,qualification-synthetic,g,62009.0,20.743277661970296,0.8843593033017008,000279-0009
scale-000279,qualification-synthetic,g,62010.0,20.807711350674584,0.916088085680847,000279-0010
scale-000279,qualification-synthetic,g,62011.0,20.470159311191345,1.1400985773886836,000279-0011
scale-000279,qualification-synthetic,g,62012.0,20.440374435020427,1.105637212799204,000279-0012
scale-000279,qualification-synthetic,g,62013.0,20.34709287827215,0.9280330908922101,000279-0013
scale-000279,qualification-synthetic,g,62014.0,19.472775179757498,0.8187159324688775,000279-0014
scale-000279,qualification-synthetic,g,62015.0,20.623052792613255,0.9683110680496855,000279-0015
scale-000279,qualification-synthetic,g,62016.0,22.082872310354986,1.1676581981465515,000279-0016
scale-000279,qualification-synthetic,g,62017.0,17.350958692588165,1.1228016879122382,000279-0017
scale-000279,qualification-synthetic,g,62018.0,20.564025662421546,0.9573864936115153,000279-0018
scale-000279,qualification-synthetic,g,62019.0,19.659097516313665,0.8735663865525953,000279-0019
scale-000279,qualification-synthetic,g,62020.0,20.366083979287918,1.1483597172368147,000279-0020
scale-000279,qualification-synthetic,g,62021.0,19.680631093800667,0.8573000171755257,000279-0021
scale-000279,qualification-synthetic,g,62022.0,25.060426847757775,1.195258390434882,000279-0022
scale-000279,qualification-synthetic,g,62023.0,20.229030001582398,1.194120806151987,000279-0023
scale-000279,qualification-synthetic,g,62024.0,20.187055515069442,1.1916207189152932,000279-0024
scale-000279,qualification-synthetic,g,62025.0,20.20639960131179,1.023024370599219,000279-0025
scale-000279,qualification-synthetic,g,62026.0,17.217588748637525,0.9318568433724387,000279-0026
scale-000279,qualification-synthetic,g,62027.0,20.98105637708911,0.9885342186584786,000279-0027
scale-000279,qualification-synthetic,g,62028.0,19.635244869108167,0.9197294418805296,000279-0028
scale-000279,qualification-synthetic,g,62029.0,19.594265179658322,0.8258524875809452,000279-0029
scale-000279,qualification-synthetic,g,62030.0,18.976759321196404,1.0840853146555238,000279-0030
scale-000279,qualification-synthetic,g,62031.0,18.808236904026536,1.067456819213336,000279-0031
scale-000280,qualification-synthetic,g,62000.0,18.939573287282585,0.9574152610613346,000280-0000
scale-000280,qualification-synthetic,g,62001.0,18.83170948704656,1.1906063210915316,000280-0001
scale-000280,qualification-synthetic,g,62002.0,20.075111406330617,0.8312836559013412,000280-0002
scale-000280,qualification-synthetic,g,62003.0,19.23478885949856,0.9241485117015927,000280-0003
scale-000280,qualification-synthetic,g,62004.0,21.964628014354673,0.9001664118985561,000280-0004
scale-000280,qualification-synthetic,g,62005.0,19.700407748087052,1.00592318643519,000280-0005
scale-000280,qualification-synthetic,g,62006.0,21.279276418866072,1.1647185353303802,000280-0006
scale-000280,qualification-synthetic,g,62007.0,19.951749111062536,0.8566071822640736,000280-0007
scale-000280,qualification-synthetic,g,62008.0,21.345254783246748,1.125157560322213,000280-0008
scale-000280,qualification-synthetic,g,62009.0,19.627834139348405,1.0360710212596311,000280-0009
scale-000280,qualification-synthetic,g,62010.0,19.458334638000363,0.926537735274533,000280-0010
scale-000280,qualification-synthetic,g,62011.0,19.91510261221637,0.9408279926378368,000280-0011
scale-000280,qualification-synthetic,g,62012.0,23.330599609516547,1.1454471162598936,000280-0012
scale-000280,qualification-synthetic,g,62013.0,20.893009011373547,1.1913962577388146,000280-0013
scale-000280,qualification-synthetic,g,62014.0,18.738276134301856,1.1668978793190203,000280-0014
scale-000280,qualification-synthetic,g,62015.0,20.598808733973794,0.8611003141864647,000280-0015
scale-000280,qualification-synthetic,g,62016.0,20.604314059713964,1.1950837368797511,000280-0016
scale-000280,qualification-synthetic,g,62017.0,19.5841197292445,0.9396056296998185,000280-0017
scale-000280,qualification-synthetic,g,62018.0,20.360979209683162,0.8740085583776459,000280-0018
scale-000280,qualification-synthetic,g,62019.0,19.96010324296265,0.8815089136184369,000280-0019
scale-000280,qualification-synthetic,g,62020.0,19.78184793264703,0.8008367188669997,000280-0020
scale-000280,qualification-synthetic,g,62021.0,21.465207981406497,0.8932691724872303,000280-0021
scale-000280,qualification-synthetic,g,62022.0,20.070882289764896,0.8101289687374814,000280-0022
scale-000280,qualification-synthetic,g,62023.0,21.155463215568663,1.0990589124329648,000280-0023
scale-000280,qualification-synthetic,g,62024.0,19.243260781807003,0.8358925162486298,000280-0024
scale-000280,qualification-synthetic,g,62025.0,22.40915867683328,0.9465000127766813,000280-0025
scale-000280,qualification-synthetic,g,62026.0,18.654521016892115,1.095680009388648,000280-0026
scale-000280,qualification-synthetic,g,62027.0,20.257209210355796,1.064224971941837,000280-0027
scale-000280,qualification-synthetic,g,62028.0,21.904972148726603,1.0048421293880778,000280-0028
scale-000280,qualification-synthetic,g,62029.0,19.68756631696367,0.9611342020078513,000280-0029
scale-000280,qualification-synthetic,g,62030.0,20.586241903001167,0.8730585715401583,000280-0030
scale-000280,qualification-synthetic,g,62031.0,19.229033594808357,1.0069471774502272,000280-0031
scale-000281,qualification-synthetic,g,62000.0,18.614118808124452,1.02839478140387,000281-0000
scale-000281,qualification-synthetic,g,62001.0,20.683219807733934,0.9258038546693537,000281-0001
scale-000281,qualification-synthetic,g,62002.0,20.030247567166136,0.9506250785359867,000281-0002
scale-000281,qualification-synthetic,g,62003.0,19.463259748584314,1.176072801906491,000281-0003
scale-000281,qualification-synthetic,g,62004.0,19.225353583399784,1.1537406451423138,000281-0004
scale-000281,qualification-synthetic,g,62005.0,20.77316460674362,0.8244829039666339,000281-0005
scale-000281,qualification-synthetic,g,62006.0,19.443329965967227,0.910909963417891,000281-0006
scale-000281,qualification-synthetic,g,62007.0,20.094285171548496,1.177909037759958,000281-0007
scale-000281,qualification-synthetic,g,62008.0,20.622438121860114,1.099160935102984,000281-0008
scale-000281,qualification-synthetic,g,62009.0,20.52480235462808,0.9299389092897629,000281-0009
scale-000281,qualification-synthetic,g,62010.0,20.072742629534694,0.8657042941866362,000281-0010
scale-000281,qualification-synthetic,g,62011.0,19.227117494084723,1.1919420110297714,000281-0011
scale-000281,qualification-synthetic,g,62012.0,19.447823621866846,1.0909715585887505,000281-0012
scale-000281,qualification-synthetic,g,62013.0,18.039568695487024,1.1385340516398808,000281-0013
scale-000281,qualification-synthetic,g,62014.0,19.974437085457893,1.1085698974056246,000281-0014
scale-000281,qualification-synthetic,g,62015.0,19.681859991812008,0.9979753148375976,000281-0015
scale-000281,qualification-synthetic,g,62016.0,21.310885003588506,1.0181524157317552,000281-0016
scale-000281,qualification-synthetic,g,62017.0,18.742350344576693,1.1893239671722162,000281-0017
scale-000281,qualification-synthetic,g,62018.0,19.32584568643946,0.983134473241376,000281-0018
scale-000281,qualification-synthetic,g,62019.0,22.71686471353847,0.8209274689526813,000281-0019
scale-000281,qualification-synthetic,g,62020.0,21.362920763804304,0.823776836720851,000281-0020
scale-000281,qualification-synthetic,g,62021.0,19.094203975034517,0.9098377329012796,000281-0021
scale-000281,qualification-synthetic,g,62022.0,19.912870569660022,1.1403707900821287,000281-0022
scale-000281,qualification-synthetic,g,62023.0,20.22222101693367,1.0464366372060516,000281-0023
scale-000281,qualification-synthetic,g,62024.0,18.293146631152226,1.062083858344731,000281-0024
scale-000281,qualification-synthetic,g,62025.0,17.785587450983233,1.1448353321443205,000281-0025
scale-000281,qualification-synthetic,g,62026.0,19.409471098343626,0.876729977436164,000281-0026
scale-000281,qualification-synthetic,g,62027.0,18.85423933349438,1.131720442307493,000281-0027
scale-000281,qualification-synthetic,g,62028.0,21.25622125068232,1.1645783051845742,000281-0028
scale-000281,qualification-synthetic,g,62029.0,20.39658846922614,0.9238671578950615,000281-0029
scale-000281,qualification-synthetic,g,62030.0,19.584949760832078,0.8363541924306461,000281-0030
scale-000281,qualification-synthetic,g,62031.0,20.6041398155019,1.0717901889152635,000281-0031
scale-000282,qualification-synthetic,g,62000.0,21.464939678754664,1.1657786750552552,000282-0000
scale-000282,qualification-synthetic,g,62001.0,20.281076620070266,0.9233792863992765,000282-0001
scale-000282,qualification-synthetic,g,62002.0,19.63816162241157,0.8954461092427938,000282-0002
scale-000282,qualification-synthetic,g,62003.0,19.529669886257402,0.9107320410607925,000282-0003
scale-000282,qualification-synthetic,g,62004.0,19.84148262796052,0.9413787617185108,000282-0004
scale-000282,qualification-synthetic,g,62005.0,21.496474841607196,1.0754099035900309,000282-0005
scale-000282,qualification-synthetic,g,62006.0,19.350837322307502,1.0907910842353603,000282-0006
scale-000282,qualification-synthetic,g,62007.0,19.742399593896153,0.9866219501510198,000282-0007
scale-000282,qualification-synthetic,g,62008.0,22.17026917685593,0.8198413034252948,000282-0008
scale-000282,qualification-synthetic,g,62009.0,18.61352934521098,0.8031340755554063,000282-0009
scale-000282,qualification-synthetic,g,62010.0,21.07826394753465,1.0847512468944565,000282-0010
scale-000282,qualification-synthetic,g,62011.0,19.69989157395958,1.137439768992907,000282-0011
scale-000282,qualification-synthetic,g,62012.0,21.37264218845307,0.8503152980854001,000282-0012
scale-000282,qualification-synthetic,g,62013.0,20.03668608816781,1.0581190566693213,000282-0013
scale-000282,qualification-synthetic,g,62014.0,20.33734644490225,1.1001768604479918,000282-0014
scale-000282,qualification-synthetic,g,62015.0,20.693388131863625,0.9310188197274277,000282-0015
scale-000282,qualification-synthetic,g,62016.0,20.495233511504864,1.1689590373534469,000282-0016
scale-000282,qualification-synthetic,g,62017.0,20.83112291061921,1.1114141373871849,000282-0017
scale-000282,qualification-synthetic,g,62018.0,17.39626961866432,1.1137265869809192,000282-0018
scale-000282,qualification-synthetic,g,62019.0,20.991771120286778,0.9049387171279709,000282-0019
scale-000282,qualification-synthetic,g,62020.0,20.44979878719256,1.1040265048942899,000282-0020
scale-000282,qualification-synthetic,g,62021.0,19.12432663762215,0.9318277654277473,000282-0021
scale-000282,qualification-synthetic,g,62022.0,19.83581226198632,1.0364457542421386,000282-0022
scale-000282,qualification-synthetic,g,62023.0,20.940215604092828,1.0841846505300414,000282-0023
scale-000282,qualification-synthetic,g,62024.0,19.027172939741032,0.8018868714745985,000282-0024
scale-000282,qualification-synthetic,g,62025.0,21.81271012248844,0.9730767654599064,000282-0025
scale-000282,qualification-synthetic,g,62026.0,21.937803100036508,1.093610784474656,000282-0026
scale-000282,qualification-synthetic,g,62027.0,20.012826016686166,0.8882303551379874,000282-0027
scale-000282,qualification-synthetic,g,62028.0,20.124131129637238,0.9791114348618827,000282-0028
scale-000282,qualification-synthetic,g,62029.0,18.372909138121322,0.9454593680758788,000282-0029
scale-000282,qualification-synthetic,g,62030.0,20.316496499866496,1.1672773574138469,000282-0030
scale-000282,qualification-synthetic,g,62031.0,19.449918296189367,1.015149092520275,000282-0031
scale-000283,qualification-synthetic,g,62000.0,21.09119904964789,1.1483267264427741,000283-0000
scale-000283,qualification-synthetic,g,62001.0,21.257757857513933,1.0687627230106274,000283-0001
scale-000283,qualification-synthetic,g,62002.0,21.34261623332314,1.132725225903513,000283-0002
scale-000283,qualification-synthetic,g,62003.0,18.103148382149186,1.1936913071937147,000283-0003
scale-000283,qualification-synthetic,g,62004.0,20.446019490776635,0.8412969383806914,000283-0004
scale-000283,qualification-synthetic,g,62005.0,19.684835745671354,0.9772936665860106,000283-0005
scale-000283,qualification-synthetic,g,62006.0,19.830514191709515,1.048187510580751,000283-0006
scale-000283,qualification-synthetic,g,62007.0,19.50533823575457,0.8684521620534821,000283-0007
scale-000283,qualification-synthetic,g,62008.0,20.601610595486672,1.0360961197739251,000283-0008
scale-000283,qualification-synthetic,g,62009.0,20.204163417634422,1.1207321237164438,000283-0009
scale-000283,qualification-synthetic,g,62010.0,23.356547808733648,1.1807286170708455,000283-0010
scale-000283,qualification-synthetic,g,62011.0,20.99444797218511,0.8090959129028714,000283-0011
scale-000283,qualification-synthetic,g,62012.0,21.534253423882138,1.1018742394370253,000283-0012
scale-000283,qualification-synthetic,g,62013.0,18.98101179562051,1.0539541862217423,000283-0013
scale-000283,qualification-synthetic,g,62014.0,18.218190060411253,0.815115838113309,000283-0014
scale-000283,qualification-synthetic,g,62015.0,20.042136052546095,0.9997606644106959,000283-0015
scale-000283,qualification-synthetic,g,62016.0,20.774535797871632,0.8618589237522127,000283-0016
scale-000283,qualification-synthetic,g,62017.0,20.186399725306487,0.9933782335910851,000283-0017
scale-000283,qualification-synthetic,g,62018.0,20.8641971160345,0.940035564830834,000283-0018
scale-000283,qualification-synthetic,g,62019.0,19.696873204710286,0.9867393537010807,000283-0019
scale-000283,qualification-synthetic,g,62020.0,18.55007959987114,0.9323447450304455,000283-0020
scale-000283,qualification-synthetic,g,62021.0,20.44526117508942,0.8277911052153076,000283-0021
scale-000283,qualification-synthetic,g,62022.0,20.450495735483052,1.0218746086250532,000283-0022
scale-000283,qualification-synthetic,g,62023.0,22.875727701207733,0.8710999101839018,000283-0023
scale-000283,qualification-synthetic,g,62024.0,19.094497723153378,0.8245190702619476,000283-0024
scale-000283,qualification-synthetic,g,62025.0,20.299681015830526,0.9314227915852812,000283-0025
scale-000283,qualification-synthetic,g,62026.0,18.9747017112279,0.8095386608761168,000283-0026
scale-000283,qualification-synthetic,g,62027.0,21.89707619843949,1.016614479303646,000283-0027
scale-000283,qualification-synthetic,g,62028.0,17.849058183335,1.0663861458124484,000283-0028
scale-000283,qualification-synthetic,g,62029.0,20.871856525932795,0.943669897007259,000283-0029
scale-000283,qualification-synthetic,g,62030.0,20.705929808013604,0.8548845999296969,000283-0030
scale-000283,qualification-synthetic,g,62031.0,20.521400557977636,1.047511581096849,000283-0031
scale-000284,qualification-synthetic,g,62000.0,21.004795151737273,0.8463241740325469,000284-0000
scale-000284,qualification-synthetic,g,62001.0,21.15339319602139,1.1596757487566187,000284-0001
scale-000284,qualification-synthetic,g,62002.0,19.2813082912405,1.0436008533636578,000284-0002
scale-000284,qualification-synthetic,g,62003.0,18.61473644956758,1.0656775895913995,000284-0003
scale-000284,qualification-synthetic,g,62004.0,17.777268942813855,1.1733183999557484,000284-0004
scale-000284,qualification-synthetic,g,62005.0,19.80252607580165,0.872781334036783,000284-0005
scale-000284,qualification-synthetic,g,62006.0,20.937534375211914,1.139898775945102,000284-0006
scale-000284,qualification-synthetic,g,62007.0,19.75268521519053,0.8313778541440915,000284-0007
scale-000284,qualification-synthetic,g,62008.0,18.672278828189597,0.8499081714505861,000284-0008
scale-000284,qualification-synthetic,g,62009.0,19.94981095513439,0.9860934046596643,000284-0009
scale-000284,qualification-synthetic,g,62010.0,19.108285317073797,0.8115753216638091,000284-0010
scale-000284,qualification-synthetic,g,62011.0,20.86681675207774,1.0530958045986862,000284-0011
scale-000284,qualification-synthetic,g,62012.0,19.636556268595985,0.803656838959258,000284-0012
scale-000284,qualification-synthetic,g,62013.0,21.520850351011244,0.9995227044184104,000284-0013
scale-000284,qualification-synthetic,g,62014.0,18.876596952593253,0.9582168314422843,000284-0014
scale-000284,qualification-synthetic,g,62015.0,20.455227853938272,0.910129659601678,000284-0015
scale-000284,qualification-synthetic,g,62016.0,20.566402970624996,0.9039584518001416,000284-0016
scale-000284,qualification-synthetic,g,62017.0,21.762442143016465,1.17030047971291,000284-0017
scale-000284,qualification-synthetic,g,62018.0,20.011420580229856,0.8794609386607825,000284-0018
scale-000284,qualification-synthetic,g,62019.0,24.47672113195651,0.9521133695115791,000284-0019
scale-000284,qualification-synthetic,g,62020.0,19.41374198532642,0.8056478384463225,000284-0020
scale-000284,qualification-synthetic,g,62021.0,19.859377856981297,0.8060613655245634,000284-0021
scale-000284,qualification-synthetic,g,62022.0,18.340887256194232,1.060606721968946,000284-0022
scale-000284,qualification-synthetic,g,62023.0,20.496627557508223,0.8101269585802342,000284-0023
scale-000284,qualification-synthetic,g,62024.0,19.073171042454113,1.0658905625502682,000284-0024
scale-000284,qualification-synthetic,g,62025.0,19.004305104195925,0.987595789734401,000284-0025
scale-000284,qualification-synthetic,g,62026.0,21.38013282859904,1.1062427579267893,000284-0026
scale-000284,qualification-synthetic,g,62027.0,19.091099849891954,0.8814168912242417,000284-0027
scale-000284,qualification-synthetic,g,62028.0,20.477754459198916,0.9462994343485176,000284-0028
scale-000284,qualification-synthetic,g,62029.0,17.740192066157526,1.1376017425864924,000284-0029
scale-000284,qualification-synthetic,g,62030.0,19.618931626208305,0.822769499891185,000284-0030
scale-000284,qualification-synthetic,g,62031.0,17.798397446742953,0.9729877022605615,000284-0031
scale-000285,qualification-synthetic,g,62000.0,18.848686865757067,1.1032253162721968,000285-0000
scale-000285,qualification-synthetic,g,62001.0,19.360243914159266,1.04993106876466,000285-0001
scale-000285,qualification-synthetic,g,62002.0,18.77584186432484,1.0771154464810133,000285-0002
scale-000285,qualification-synthetic,g,62003.0,21.198289557873657,0.8516593566322422,000285-0003
scale-000285,qualification-synthetic,g,62004.0,19.10002650714409,0.9856922415207795,000285-0004
scale-000285,qualification-synthetic,g,62005.0,19.36316414281394,1.0613056369875846,000285-0005
scale-000285,qualification-synthetic,g,62006.0,20.452994973555242,1.1798457225063375,000285-0006
scale-000285,qualification-synthetic,g,62007.0,20.41619268173708,1.1859900354997284,000285-0007
scale-000285,qualification-synthetic,g,62008.0,17.763969744740102,1.182524239541788,000285-0008
scale-000285,qualification-synthetic,g,62009.0,24.47440729794747,0.8614666297233371,000285-0009
scale-000285,qualification-synthetic,g,62010.0,20.52751721177367,0.8104339819180444,000285-0010
scale-000285,qualification-synthetic,g,62011.0,20.912521328656048,0.9561481289170263,000285-0011
scale-000285,qualification-synthetic,g,62012.0,19.574509796787794,1.0829790866549107,000285-0012
scale-000285,qualification-synthetic,g,62013.0,20.658875862319295,0.9168536902567137,000285-0013
scale-000285,qualification-synthetic,g,62014.0,18.99074572338915,0.9952037234102922,000285-0014
scale-000285,qualification-synthetic,g,62015.0,21.44846455397133,1.0404534360504973,000285-0015
scale-000285,qualification-synthetic,g,62016.0,19.70196618444085,1.152588106618598,000285-0016
scale-000285,qualification-synthetic,g,62017.0,19.37088352378849,0.9120451329554058,000285-0017
scale-000285,qualification-synthetic,g,62018.0,22.335369935870375,1.1553652618598516,000285-0018
scale-000285,qualification-synthetic,g,62019.0,19.82659919428178,0.817046476980544,000285-0019
scale-000285,qualification-synthetic,g,62020.0,19.342083100944578,0.874138550161607,000285-0020
scale-000285,qualification-synthetic,g,62021.0,20.10892872741588,1.1779276939993577,000285-0021
scale-000285,qualification-synthetic,g,62022.0,19.982364990023154,1.1272759367645253,000285-0022
scale-000285,qualification-synthetic,g,62023.0,20.60465294679265,0.9132930668135524,000285-0023
scale-000285,qualification-synthetic,g,62024.0,20.569353418729495,1.0561868304566866,000285-0024
scale-000285,qualification-synthetic,g,62025.0,18.177828434588815,0.8769100670053336,000285-0025
scale-000285,qualification-synthetic,g,62026.0,17.990275435134958,1.0693484304262084,000285-0026
scale-000285,qualification-synthetic,g,62027.0,20.042735075410295,0.9459124032782823,000285-0027
scale-000285,qualification-synthetic,g,62028.0,20.532921958716987,0.9643159155268168,000285-0028
scale-000285,qualification-synthetic,g,62029.0,21.02563292908173,1.0798682873969838,000285-0029
scale-000285,qualification-synthetic,g,62030.0,21.437247393969503,0.8777153783116981,000285-0030
scale-000285,qualification-synthetic,g,62031.0,20.67532529505015,0.8185357458763809,000285-0031
scale-000286,qualification-synthetic,g,62000.0,17.714859837291044,0.9630771966022881,000286-0000
scale-000286,qualification-synthetic,g,62001.0,21.057087453403582,0.9031524139973671,000286-0001
scale-000286,qualification-synthetic,g,62002.0,19.34826590119291,1.1609465031754842,000286-0002
scale-000286,qualification-synthetic,g,62003.0,18.97612084268848,0.9310443045411109,000286-0003
scale-000286,qualification-synthetic,g,62004.0,20.0617479451019,1.0923798305739298,000286-0004
scale-000286,qualification-synthetic,g,62005.0,20.37162996624212,0.9681097846113793,000286-0005
scale-000286,qualification-synthetic,g,62006.0,20.970677985582846,0.9693453714510923,000286-0006
scale-000286,qualification-synthetic,g,62007.0,19.891636611009275,0.8001115644788144,000286-0007
scale-000286,qualification-synthetic,g,62008.0,20.73366213505973,0.872890641882137,000286-0008
scale-000286,qualification-synthetic,g,62009.0,20.857972844566298,1.15910904144668,000286-0009
scale-000286,qualification-synthetic,g,62010.0,18.49223691436303,1.1862799287995445,000286-0010
scale-000286,qualification-synthetic,g,62011.0,20.663282516871448,1.043501643439275,000286-0011
scale-000286,qualification-synthetic,g,62012.0,21.189547267018614,0.9480147223840792,000286-0012
scale-000286,qualification-synthetic,g,62013.0,21.088780609018524,1.1545640620198936,000286-0013
scale-000286,qualification-synthetic,g,62014.0,21.055635019712685,0.8077115660481685,000286-0014
scale-000286,qualification-synthetic,g,62015.0,20.01525026079279,1.0141898540681658,000286-0015
scale-000286,qualification-synthetic,g,62016.0,17.09970453610029,1.1817448982290937,000286-0016
scale-000286,qualification-synthetic,g,62017.0,19.82167196387286,0.9204191050004759,000286-0017
scale-000286,qualification-synthetic,g,62018.0,21.172700652579483,0.90670500441342,000286-0018
scale-000286,qualification-synthetic,g,62019.0,18.65239850678808,0.9349158394206175,000286-0019
scale-000286,qualification-synthetic,g,62020.0,17.35677993707915,1.1827707160430743,000286-0020
scale-000286,qualification-synthetic,g,62021.0,19.26158902509712,1.148835590094307,000286-0021
scale-000286,qualification-synthetic,g,62022.0,22.830935491431607,0.8997098902652109,000286-0022
scale-000286,qualification-synthetic,g,62023.0,18.852636801070332,0.8953127743075323,000286-0023
scale-000286,qualification-synthetic,g,62024.0,22.288895482578873,0.8560570186243565,000286-0024
scale-000286,qualification-synthetic,g,62025.0,20.74047737906622,0.8618108557305557,000286-0025
scale-000286,qualification-synthetic,g,62026.0,21.65079484304582,1.1885863196227604,000286-0026
scale-000286,qualification-synthetic,g,62027.0,18.75514043466411,1.0875385877524113,000286-0027
scale-000286,qualification-synthetic,g,62028.0,19.13121324608318,1.0672335945347773,000286-0028
scale-000286,qualification-synthetic,g,62029.0,20.1366654909734,0.8663542259889634,000286-0029
scale-000286,qualification-synthetic,g,62030.0,19.732256036982115,1.0314691620803746,000286-0030
scale-000286,qualification-synthetic,g,62031.0,17.700588989144325,1.0780105513394749,000286-0031
scale-000287,qualification-synthetic,g,62000.0,20.5980208916516,0.8721645704433416,000287-0000
scale-000287,qualification-synthetic,g,62001.0,21.161494596041383,0.8776728026807107,000287-0001
scale-000287,qualification-synthetic,g,62002.0,19.3500086372052,1.168820698968897,000287-0002
scale-000287,qualification-synthetic,g,62003.0,19.758802164751426,1.00555750879963,000287-0003
scale-000287,qualification-synthetic,g,62004.0,20.446140588138622,1.1651091299524599,000287-0004
scale-000287,qualification-synthetic,g,62005.0,17.678206116450887,1.1795884107780634,000287-0005
scale-000287,qualification-synthetic,g,62006.0,19.65997124693011,0.8305669102196936,000287-0006
scale-000287,qualification-synthetic,g,62007.0,17.35618886459875,1.153181550658768,000287-0007
scale-000287,qualification-synthetic,g,62008.0,20.587704058304073,0.9882818307513151,000287-0008
scale-000287,qualification-synthetic,g,62009.0,19.709504186419455,1.1536327482501991,000287-0009
scale-000287,qualification-synthetic,g,62010.0,19.410215219488155,1.1373950307561886,000287-0010
scale-000287,qualification-synthetic,g,62011.0,20.43342994780048,1.1721828725015022,000287-0011
scale-000287,qualification-synthetic,g,62012.0,18.382218327590316,1.0479168724001586,000287-0012
scale-000287,qualification-synthetic,g,62013.0,20.25983580909849,0.9398004445065259,000287-0013
scale-000287,qualification-synthetic,g,62014.0,18.395715978691708,1.0068811083430353,000287-0014
scale-000287,qualification-synthetic,g,62015.0,21.416469610128566,1.054760895346504,000287-0015
scale-000287,qualification-synthetic,g,62016.0,19.42402511332132,0.8603846026973959,000287-0016
scale-000287,qualification-synthetic,g,62017.0,18.587964096685358,1.065195541846991,000287-0017
scale-000287,qualification-synthetic,g,62018.0,18.757985095097222,1.1771925031449195,000287-0018
scale-000287,qualification-synthetic,g,62019.0,19.233880367483636,1.1470664740565704,000287-0019
scale-000287,qualification-synthetic,g,62020.0,20.796328506539364,1.1352245340943325,000287-0020
scale-000287,qualification-synthetic,g,62021.0,19.64421835500642,1.157174126436771,000287-0021
scale-000287,qualification-synthetic,g,62022.0,22.027053301911895,1.1036886982794565,000287-0022
scale-000287,qualification-synthetic,g,62023.0,20.686549022293065,1.069777089800598,000287-0023
scale-000287,qualification-synthetic,g,62024.0,19.54281963062347,1.198250755559339,000287-0024
scale-000287,qualification-synthetic,g,62025.0,19.393834186601175,0.8439462836317188,000287-0025
scale-000287,qualification-synthetic,g,62026.0,22.284184087097376,0.8074893634759297,000287-0026
scale-000287,qualification-synthetic,g,62027.0,20.340741812085493,0.8066739989927515,000287-0027
scale-000287,qualification-synthetic,g,62028.0,18.53265095500295,1.0879795374263355,000287-0028
scale-000287,qualification-synthetic,g,62029.0,19.84025907275774,1.1087072625743282,000287-0029
scale-000287,qualification-synthetic,g,62030.0,19.47723433427353,0.8908926235060123,000287-0030
scale-000287,qualification-synthetic,g,62031.0,14.983450302853328,1.101749609558285,000287-0031
scale-000288,qualification-synthetic,g,62000.0,21.47613246482019,0.9706638537281709,000288-0000
scale-000288,qualification-synthetic,g,62001.0,18.903569182467894,1.0949943415000392,000288-0001
scale-000288,qualification-synthetic,g,62002.0,21.844431910466657,1.133404543646629,000288-0002
scale-000288,qualification-synthetic,g,62003.0,19.794740050944128,0.9635240618464885,000288-0003
scale-000288,qualification-synthetic,g,62004.0,26.468343831259773,1.1544635719879741,000288-0004
scale-000288,qualification-synthetic,g,62005.0,18.546953159381733,1.0011385193024207,000288-0005
scale-000288,qualification-synthetic,g,62006.0,11.365659276997752,1.1673882049845803,000288-0006
scale-000288,qualification-synthetic,g,62007.0,19.314927665839473,1.0455372862819525,000288-0007
scale-000288,qualification-synthetic,g,62008.0,19.859719833640714,0.9342817726436542,000288-0008
scale-000288,qualification-synthetic,g,62009.0,22.320131642887475,0.920448462086042,000288-0009
scale-000288,qualification-synthetic,g,62010.0,24.327720956526576,1.098396515258897,000288-0010
scale-000288,qualification-synthetic,g,62011.0,20.799628631779285,0.8188816544593236,000288-0011
scale-000288,qualification-synthetic,g,62012.0,21.411750919990364,0.8951838168613901,000288-0012
scale-000288,qualification-synthetic,g,62013.0,19.810912729804016,0.920355816386272,000288-0013
scale-000288,qualification-synthetic,g,62014.0,20.21604480887856,0.8306591109441113,000288-0014
scale-000288,qualification-synthetic,g,62015.0,18.66916788295805,0.923660187726593,000288-0015
scale-000288,qualification-synthetic,g,62016.0,20.730501317420767,0.9557736008325406,000288-0016
scale-000288,qualification-synthetic,g,62017.0,20.230686416160594,1.1140778597934309,000288-0017
scale-000288,qualification-synthetic,g,62018.0,19.061884910018005,1.1379947705791613,000288-0018
scale-000288,qualification-synthetic,g,62019.0,19.5318414594002,0.9636955741820494,000288-0019
scale-000288,qualification-synthetic,g,62020.0,21.469154257878156,1.1651402759359881,000288-0020
scale-000288,qualification-synthetic,g,62021.0,20.50518934717113,1.0373861549628056,000288-0021
scale-000288,qualification-synthetic,g,62022.0,20.491442158746842,1.0754364991641345,000288-0022
scale-000288,qualification-synthetic,g,62023.0,18.578295253839624,0.8063668014749567,000288-0023
scale-000288,qualification-synthetic,g,62024.0,17.960804398749506,0.9707121251438521,000288-0024
scale-000288,qualification-synthetic,g,62025.0,19.69654055295554,0.9677028627512723,000288-0025
scale-000288,qualification-synthetic,g,62026.0,18.17683966927032,1.136905506470207,000288-0026
scale-000288,qualification-synthetic,g,62027.0,19.83410161485075,0.9131500470212771,000288-0027
scale-000288,qualification-synthetic,g,62028.0,18.955394529493002,0.8757434545825654,000288-0028
scale-000288,qualification-synthetic,g,62029.0,20.243528911422743,1.0650313387989088,000288-0029
scale-000288,qualification-synthetic,g,62030.0,19.96220055786275,1.0640304654793684,000288-0030
scale-000288,qualification-synthetic,g,62031.0,20.22715487600338,0.9167195398510458,000288-0031
scale-000289,qualification-synthetic,g,62000.0,22.85983091814011,0.9489823908175047,000289-0000
scale-000289,qualification-synthetic,g,62001.0,20.47514632579154,1.0702826537756773,000289-0001
scale-000289,qualification-synthetic,g,62002.0,19.84702852974827,0.913039959305706,000289-0002
scale-000289,qualification-synthetic,g,62003.0,18.932930234996576,0.8669357788263827,000289-0003
scale-000289,qualification-synthetic,g,62004.0,16.99238521237107,1.0618986040886393,000289-0004
scale-000289,qualification-synthetic,g,62005.0,21.377815151212936,1.1732557925303353,000289-0005
scale-000289,qualification-synthetic,g,62006.0,20.09868225578469,0.8980335269401606,000289-0006
scale-000289,qualification-synthetic,g,62007.0,18.76267929888484,0.823028036035469,000289-0007
scale-000289,qualification-synthetic,g,62008.0,21.087936867482913,1.0275693194540676,000289-0008
scale-000289,qualification-synthetic,g,62009.0,19.367642664202695,0.9545909178890248,000289-0009
scale-000289,qualification-synthetic,g,62010.0,20.948924922303153,1.0180176893961703,000289-0010
scale-000289,qualification-synthetic,g,62011.0,19.440563292485766,1.1980386621777523,000289-0011
scale-000289,qualification-synthetic,g,62012.0,19.195724131506413,1.1749656941009061,000289-0012
scale-000289,qualification-synthetic,g,62013.0,20.0637167062658,0.8606353795111847,000289-0013
scale-000289,qualification-synthetic,g,62014.0,20.262207467622666,1.0637956613940884,000289-0014
scale-000289,qualification-synthetic,g,62015.0,19.918251198298215,0.9827818601799418,000289-0015
scale-000289,qualification-synthetic,g,62016.0,18.543036003269396,1.1076029205342315,000289-0016
scale-000289,qualification-synthetic,g,62017.0,19.776074298809384,1.1709821089778638,000289-0017
scale-000289,qualification-synthetic,g,62018.0,21.35201790856043,0.9802020089586642,000289-0018
scale-000289,qualification-synthetic,g,62019.0,18.321723110280583,0.814648863668413,000289-0019
scale-000289,qualification-synthetic,g,62020.0,19.269651336317096,1.0503298683759457,000289-0020
scale-000289,qualification-synthetic,g,62021.0,21.009257164469705,1.1177628714497825,000289-0021
scale-000289,qualification-synthetic,g,62022.0,19.530299142374343,1.018408023123477,000289-0022
scale-000289,qualification-synthetic,g,62023.0,21.03096115955143,1.0028536829281656,000289-0023
scale-000289,qualification-synthetic,g,62024.0,19.750964295686607,0.8491071632448459,000289-0024
scale-000289,qualification-synthetic,g,62025.0,19.646201746857106,0.9446307221086571,000289-0025
scale-000289,qualification-synthetic,g,62026.0,20.325242817749253,0.8785207687879548,000289-0026
scale-000289,qualification-synthetic,g,62027.0,21.4209441039072,0.9911994257159111,000289-0027
scale-000289,qualification-synthetic,g,62028.0,18.020101517288012,1.0629701763737074,000289-0028
scale-000289,qualification-synthetic,g,62029.0,12.854235459148697,1.1306773772543837,000289-0029
scale-000289,qualification-synthetic,g,62030.0,20.954009253753867,1.137943209087728,000289-0030
scale-000289,qualification-synthetic,g,62031.0,18.48539001242174,1.0743762999657287,000289-0031
scale-000290,qualification-synthetic,g,62000.0,20.319691714675194,1.0206532471193406,000290-0000
scale-000290,qualification-synthetic,g,62001.0,19.099958224689647,1.0667616371494368,000290-0001
scale-000290,qualification-synthetic,g,62002.0,20.133709180651294,0.9794853234608196,000290-0002
scale-000290,qualification-synthetic,g,62003.0,19.9834427689793,0.9881924534925215,000290-0003
scale-000290,qualification-synthetic,g,62004.0,20.725912349809168,1.0525657904088699,000290-0004
scale-000290,qualification-synthetic,g,62005.0,23.225720921041987,1.1376702295005734,000290-0005
scale-000290,qualification-synthetic,g,62006.0,20.54367057747699,0.9715390777655855,000290-0006
scale-000290,qualification-synthetic,g,62007.0,19.790500844054836,1.039241944674825,000290-0007
scale-000290,qualification-synthetic,g,62008.0,21.44839692832346,0.949543611537416,000290-0008
scale-000290,qualification-synthetic,g,62009.0,19.815534653204136,0.8888402597940501,000290-0009
scale-000290,qualification-synthetic,g,62010.0,20.051652207283638,1.1519831039280786,000290-0010
scale-000290,qualification-synthetic,g,62011.0,19.829705529010198,0.8132055548213881,000290-0011
scale-000290,qualification-synthetic,g,62012.0,21.817516065983046,1.116094884113322,000290-0012
scale-000290,qualification-synthetic,g,62013.0,20.936688485275212,0.9515999501013855,000290-0013
scale-000290,qualification-synthetic,g,62014.0,18.31438336887767,1.0441038705064967,000290-0014
scale-000290,qualification-synthetic,g,62015.0,19.176224465166978,0.9908331117214513,000290-0015
scale-000290,qualification-synthetic,g,62016.0,19.2565225888394,0.9248249382065855,000290-0016
scale-000290,qualification-synthetic,g,62017.0,20.30339823796597,1.0381302622948336,000290-0017
scale-000290,qualification-synthetic,g,62018.0,19.998094624570815,1.057539509213154,000290-0018
scale-000290,qualification-synthetic,g,62019.0,18.854668486249647,1.0663791046369702,000290-0019
scale-000290,qualification-synthetic,g,62020.0,20.594076857192796,1.1480612130692798,000290-0020
scale-000290,qualification-synthetic,g,62021.0,21.75163387397566,1.115678968596953,000290-0021
scale-000290,qualification-synthetic,g,62022.0,20.564068135312464,0.9474735343848807,000290-0022
scale-000290,qualification-synthetic,g,62023.0,19.05341348328917,1.1916043678303148,000290-0023
scale-000290,qualification-synthetic,g,62024.0,19.356482907413124,1.0369464904363226,000290-0024
scale-000290,qualification-synthetic,g,62025.0,18.91974324149644,0.8382991605966046,000290-0025
scale-000290,qualification-synthetic,g,62026.0,19.841198542995304,1.0677830353200592,000290-0026
scale-000290,qualification-synthetic,g,62027.0,17.981264236071414,1.1673655114976274,000290-0027
scale-000290,qualification-synthetic,g,62028.0,20.49148825095833,1.1813443096351814,000290-0028
scale-000290,qualification-synthetic,g,62029.0,24.843128415711227,0.9874325026970052,000290-0029
scale-000290,qualification-synthetic,g,62030.0,20.758073382591192,1.1988025023448445,000290-0030
scale-000290,qualification-synthetic,g,62031.0,20.1390350486822,0.83338850275351,000290-0031
scale-000291,qualification-synthetic,g,62000.0,18.01813015028018,0.9019685330830243,000291-0000
scale-000291,qualification-synthetic,g,62001.0,20.532143648419726,1.0986391035454475,000291-0001
scale-000291,qualification-synthetic,g,62002.0,18.18940420350166,1.031982963950223,000291-0002
scale-000291,qualification-synthetic,g,62003.0,20.035732761234346,0.8424144572989715,000291-0003
scale-000291,qualification-synthetic,g,62004.0,19.12366657177039,1.0241504542022193,000291-0004
scale-000291,qualification-synthetic,g,62005.0,19.667168430293493,1.0629338802146648,000291-0005
scale-000291,qualification-synthetic,g,62006.0,21.285498344788003,0.94457275979203,000291-0006
scale-000291,qualification-synthetic,g,62007.0,20.14955226749724,0.825668871822452,000291-0007
scale-000291,qualification-synthetic,g,62008.0,21.13894538374895,0.8929308151446917,000291-0008
scale-000291,qualification-synthetic,g,62009.0,20.75401436137628,1.1364359826149215,000291-0009
scale-000291,qualification-synthetic,g,62010.0,20.344037607535597,0.9399543866896389,000291-0010
scale-000291,qualification-synthetic,g,62011.0,20.161954966959275,1.0415395886750358,000291-0011
scale-000291,qualification-synthetic,g,62012.0,19.53617128541811,1.132801810384399,000291-0012
scale-000291,qualification-synthetic,g,62013.0,18.899179013422238,0.8573935697004199,000291-0013
scale-000291,qualification-synthetic,g,62014.0,19.780334187427325,1.1582877712022601,000291-0014
scale-000291,qualification-synthetic,g,62015.0,19.186340124821246,1.1477241550107216,000291-0015
scale-000291,qualification-synthetic,g,62016.0,19.35888836903494,0.8765923743806019,000291-0016
scale-000291,qualification-synthetic,g,62017.0,20.12734931226929,0.8422104727273692,000291-0017
scale-000291,qualification-synthetic,g,62018.0,17.248258855051972,0.9367459601469836,000291-0018
scale-000291,qualification-synthetic,g,62019.0,18.572449395183106,0.9810746520629531,000291-0019
scale-000291,qualification-synthetic,g,62020.0,20.506105237839922,0.892952192678795,000291-0020
scale-000291,qualification-synthetic,g,62021.0,20.49375400568398,0.929248481759975,000291-0021
scale-000291,qualification-synthetic,g,62022.0,25.678250267585504,1.1819190466230218,000291-0022
scale-000291,qualification-synthetic,g,62023.0,21.804376525400258,1.1665673518287825,000291-0023
scale-000291,qualification-synthetic,g,62024.0,19.53748699785182,0.835759185916763,000291-0024
scale-000291,qualification-synthetic,g,62025.0,20.449157923364563,0.9014612844210039,000291-0025
scale-000291,qualification-synthetic,g,62026.0,20.90193775091949,0.8391226601186859,000291-0026
scale-000291,qualification-synthetic,g,62027.0,19.414452029423938,1.0227335863209548,000291-0027
scale-000291,qualification-synthetic,g,62028.0,20.588213157891403,0.9732987748402523,000291-0028
scale-000291,qualification-synthetic,g,62029.0,19.7431294450726,1.115623341413622,000291-0029
scale-000291,qualification-synthetic,g,62030.0,19.653329480524434,1.1760641798469564,000291-0030
scale-000291,qualification-synthetic,g,62031.0,20.062664865131136,1.1648556983156657,000291-0031
scale-000292,qualification-synthetic,g,62000.0,20.38872758618459,0.9351484487484709,000292-0000
scale-000292,qualification-synthetic,g,62001.0,20.752671881547144,1.1779915423233551,000292-0001
scale-000292,qualification-synthetic,g,62002.0,20.82910459029821,1.0059446807277634,000292-0002
scale-000292,qualification-synthetic,g,62003.0,19.2779998366495,0.9923539994098778,000292-0003
scale-000292,qualification-synthetic,g,62004.0,17.891915281337486,1.1957672213231907,000292-0004
scale-000292,qualification-synthetic,g,62005.0,18.318575511278027,0.8476384184523424,000292-0005
scale-000292,qualification-synthetic,g,62006.0,19.669038341709562,1.0914376812964244,000292-0006
scale-000292,qualification-synthetic,g,62007.0,22.310471414544295,0.8879263391463653,000292-0007
scale-000292,qualification-synthetic,g,62008.0,18.038298556200203,1.00524472823096,000292-0008
scale-000292,qualification-synthetic,g,62009.0,19.27544949498646,0.9937004773492338,000292-0009
scale-000292,qualification-synthetic,g,62010.0,21.067254580782333,0.9839990153607387,000292-0010
scale-000292,qualification-synthetic,g,62011.0,19.639979186437,0.9515877282323613,000292-0011
scale-000292,qualification-synthetic,g,62012.0,20.13589631627665,1.060423181606056,000292-0012
scale-000292,qualification-synthetic,g,62013.0,18.24380424830834,0.9167624318848777,000292-0013
scale-000292,qualification-synthetic,g,62014.0,17.928053999778033,1.1839165653270673,000292-0014
scale-000292,qualification-synthetic,g,62015.0,19.03054843325511,0.9493683845243356,000292-0015
scale-000292,qualification-synthetic,g,62016.0,21.60813957186143,0.8309976664526317,000292-0016
scale-000292,qualification-synthetic,g,62017.0,19.040941313344437,1.1371965640109243,000292-0017
scale-000292,qualification-synthetic,g,62018.0,20.002953810971608,1.1951125287489863,000292-0018
scale-000292,qualification-synthetic,g,62019.0,20.878484032977827,0.810923974013436,000292-0019
scale-000292,qualification-synthetic,g,62020.0,21.080716940484123,1.0098201976933003,000292-0020
scale-000292,qualification-synthetic,g,62021.0,18.945709537721747,0.8398034123966618,000292-0021
scale-000292,qualification-synthetic,g,62022.0,19.759975394075028,0.8479298462654037,000292-0022
scale-000292,qualification-synthetic,g,62023.0,18.055757861355943,1.0641471990757219,000292-0023
scale-000292,qualification-synthetic,g,62024.0,22.395253913902152,0.8539005013624453,000292-0024
scale-000292,qualification-synthetic,g,62025.0,19.43993463135003,1.10782109704522,000292-0025
scale-000292,qualification-synthetic,g,62026.0,19.73737048864501,0.9327530822948654,000292-0026
scale-000292,qualification-synthetic,g,62027.0,19.350539327300886,0.9258962964627803,000292-0027
scale-000292,qualification-synthetic,g,62028.0,19.950802696088267,1.1297129328952409,000292-0028
scale-000292,qualification-synthetic,g,62029.0,21.017809158959427,1.0130435012929269,000292-0029
scale-000292,qualification-synthetic,g,62030.0,18.7393957997454,1.0455581694159588,000292-0030
scale-000292,qualification-synthetic,g,62031.0,21.48278561525013,1.046187162926536,000292-0031
scale-000293,qualification-synthetic,g,62000.0,17.97341826666666,1.0139902179792541,000293-0000
scale-000293,qualification-synthetic,g,62001.0,20.129428018613208,1.0085701300131518,000293-0001
scale-000293,qualification-synthetic,g,62002.0,19.58685932262658,0.9232287819397079,000293-0002
scale-000293,qualification-synthetic,g,62003.0,20.168549667035112,1.0379698532604031,000293-0003
scale-000293,qualification-synthetic,g,62004.0,18.68065894078887,1.0263533849009696,000293-0004
scale-000293,qualification-synthetic,g,62005.0,22.6382867869655,1.1532368655049339,000293-0005
scale-000293,qualification-synthetic,g,62006.0,21.19165980272671,0.9479288178874795,000293-0006
scale-000293,qualification-synthetic,g,62007.0,18.23397721684142,1.1730331628721682,000293-0007
scale-000293,qualification-synthetic,g,62008.0,20.360239693789843,0.981890951927636,000293-0008
scale-000293,qualification-synthetic,g,62009.0,22.57073167038385,1.1623999585373168,000293-0009
scale-000293,qualification-synthetic,g,62010.0,17.844864774922872,0.9101082674516858,000293-0010
scale-000293,qualification-synthetic,g,62011.0,19.519212004966132,0.9385655389198486,000293-0011
scale-000293,qualification-synthetic,g,62012.0,19.03882723647364,1.0290415181326982,000293-0012
scale-000293,qualification-synthetic,g,62013.0,20.65496024445264,0.9864910051917634,000293-0013
scale-000293,qualification-synthetic,g,62014.0,21.017635923609667,1.1263185674096396,000293-0014
scale-000293,qualification-synthetic,g,62015.0,19.508761279809274,1.148883412773043,000293-0015
scale-000293,qualification-synthetic,g,62016.0,20.230388833124085,1.1377890448821435,000293-0016
scale-000293,qualification-synthetic,g,62017.0,19.605812488908757,0.8182282133396703,000293-0017
scale-000293,qualification-synthetic,g,62018.0,19.10992830937816,1.116208134963876,000293-0018
scale-000293,qualification-synthetic,g,62019.0,20.321950700693854,0.8432489163255369,000293-0019
scale-000293,qualification-synthetic,g,62020.0,18.36858895119004,0.8993908122291531,000293-0020
scale-000293,qualification-synthetic,g,62021.0,20.523087893272027,0.8711335879116165,000293-0021
scale-000293,qualification-synthetic,g,62022.0,19.597205784834397,0.8224671207768584,000293-0022
scale-000293,qualification-synthetic,g,62023.0,23.10803296443505,1.0835076368436758,000293-0023
scale-000293,qualification-synthetic,g,62024.0,19.99792975034101,1.094583164652477,000293-0024
scale-000293,qualification-synthetic,g,62025.0,21.251880237447242,0.9828873418222913,000293-0025
scale-000293,qualification-synthetic,g,62026.0,19.65860144152352,0.8270358388020131,000293-0026
scale-000293,qualification-synthetic,g,62027.0,19.85506350239725,1.1644955152064118,000293-0027
scale-000293,qualification-synthetic,g,62028.0,19.950124252421002,1.0950880726274017,000293-0028
scale-000293,qualification-synthetic,g,62029.0,21.042218449389498,1.1776040713961282,000293-0029
scale-000293,qualification-synthetic,g,62030.0,19.723198253857728,0.9031365966918453,000293-0030
scale-000293,qualification-synthetic,g,62031.0,19.45502624713565,0.9323652372503386,000293-0031
scale-000294,qualification-synthetic,g,62000.0,20.689929551222086,1.086534058050392,000294-0000
scale-000294,qualification-synthetic,g,62001.0,20.22745236826069,1.1749627928288677,000294-0001
scale-000294,qualification-synthetic,g,62002.0,19.155806347615965,0.9698897161663873,000294-0002
scale-000294,qualification-synthetic,g,62003.0,19.545319174273505,0.811437499624987,000294-0003
scale-000294,qualification-synthetic,g,62004.0,19.639831121860883,0.9755274920702915,000294-0004
scale-000294,qualification-synthetic,g,62005.0,20.233293033011282,1.132484936323833,000294-0005
scale-000294,qualification-synthetic,g,62006.0,19.237535472243145,0.9400734697812149,000294-0006
scale-000294,qualification-synthetic,g,62007.0,21.640881600731852,1.1283433830877054,000294-0007
scale-000294,qualification-synthetic,g,62008.0,20.28278347059675,1.1451751535105508,000294-0008
scale-000294,qualification-synthetic,g,62009.0,21.162112006554224,1.0015515089876477,000294-0009
scale-000294,qualification-synthetic,g,62010.0,18.72128556236855,0.8760989583301009,000294-0010
scale-000294,qualification-synthetic,g,62011.0,20.98797832982837,0.9122027807607789,000294-0011
scale-000294,qualification-synthetic,g,62012.0,19.83258880743581,0.8803082898279606,000294-0012
scale-000294,qualification-synthetic,g,62013.0,22.66419424991112,1.1534223392696867,000294-0013
scale-000294,qualification-synthetic,g,62014.0,19.615148029745495,1.1521899820520407,000294-0014
scale-000294,qualification-synthetic,g,62015.0,20.279898107812176,0.8837526539373955,000294-0015
scale-000294,qualification-synthetic,g,62016.0,20.80176902009316,1.1293167385406195,000294-0016
scale-000294,qualification-synthetic,g,62017.0,18.891562058160126,0.80731626760213,000294-0017
scale-000294,qualification-synthetic,g,62018.0,18.82326428994939,1.0865642532124926,000294-0018
scale-000294,qualification-synthetic,g,62019.0,21.10708265061582,0.8882408445810049,000294-0019
scale-000294,qualification-synthetic,g,62020.0,19.808170286955697,1.180591091157878,000294-0020
scale-000294,qualification-synthetic,g,62021.0,20.168169889382717,0.9761684613764152,000294-0021
scale-000294,qualification-synthetic,g,62022.0,19.61290670047385,1.1016374734553038,000294-0022
scale-000294,qualification-synthetic,g,62023.0,20.238322132859402,1.141776111819169,000294-0023
scale-000294,qualification-synthetic,g,62024.0,19.603908449462498,0.8925888476858993,000294-0024
scale-000294,qualification-synthetic,g,62025.0,22.3392521685177,1.1519988170230815,000294-0025
scale-000294,qualification-synthetic,g,62026.0,20.892972238625322,1.1756246997988127,000294-0026
scale-000294,qualification-synthetic,g,62027.0,21.220631566104494,0.9920280744326457,000294-0027
scale-000294,qualification-synthetic,g,62028.0,17.907294331512105,1.0126658132509034,000294-0028
scale-000294,qualification-synthetic,g,62029.0,21.434648014230323,0.8436681521100373,000294-0029
scale-000294,qualification-synthetic,g,62030.0,21.773431729295375,0.8323203522692835,000294-0030
scale-000294,qualification-synthetic,g,62031.0,21.123647672240935,1.1238430940797313,000294-0031
scale-000295,qualification-synthetic,g,62000.0,20.077865610015195,0.8924525610033158,000295-0000
scale-000295,qualification-synthetic,g,62001.0,21.195656279973733,0.9004537255221683,000295-0001
scale-000295,qualification-synthetic,g,62002.0,20.4878191645257,1.0137211972903954,000295-0002
scale-000295,qualification-synthetic,g,62003.0,20.725393236951124,0.8628695497601323,000295-0003
scale-000295,qualification-synthetic,g,62004.0,19.569875635062925,1.1524360993140956,000295-0004
scale-000295,qualification-synthetic,g,62005.0,18.77066759470413,0.9893909287807209,000295-0005
scale-000295,qualification-synthetic,g,62006.0,21.373693037343518,1.1914467791322592,000295-0006
scale-000295,qualification-synthetic,g,62007.0,19.608259095882925,1.131713880260342,000295-0007
scale-000295,qualification-synthetic,g,62008.0,18.04141990737634,0.8920248269539132,000295-0008
scale-000295,qualification-synthetic,g,62009.0,20.319216737261378,1.1622381329517362,000295-0009
scale-000295,qualification-synthetic,g,62010.0,19.333455221171423,0.8375217434111649,000295-0010
scale-000295,qualification-synthetic,g,62011.0,19.437357526273797,0.8285767851669106,000295-0011
scale-000295,qualification-synthetic,g,62012.0,20.04243714252635,0.9367659885979235,000295-0012
scale-000295,qualification-synthetic,g,62013.0,20.96398324704148,1.0620776006415937,000295-0013
scale-000295,qualification-synthetic,g,62014.0,22.759637462547797,0.8527439486365106,000295-0014
scale-000295,qualification-synthetic,g,62015.0,21.15981141396576,0.9726884416048347,000295-0015
scale-000295,qualification-synthetic,g,62016.0,20.42467831550875,0.9750020342986834,000295-0016
scale-000295,qualification-synthetic,g,62017.0,19.155716116329963,0.9122162625960553,000295-0017
scale-000295,qualification-synthetic,g,62018.0,19.14314568980166,1.1657606360104003,000295-0018
scale-000295,qualification-synthetic,g,62019.0,19.15738843738029,1.1135695412696573,000295-0019
scale-000295,qualification-synthetic,g,62020.0,21.187230221567592,1.0635473285538368,000295-0020
scale-000295,qualification-synthetic,g,62021.0,19.24035996269515,0.8028434955548355,000295-0021
scale-000295,qualification-synthetic,g,62022.0,19.393497604284978,1.1276023989611215,000295-0022
scale-000295,qualification-synthetic,g,62023.0,21.017076596158475,1.167434001790492,000295-0023
scale-000295,qualification-synthetic,g,62024.0,18.211232035085807,0.9165560196801144,000295-0024
scale-000295,qualification-synthetic,g,62025.0,21.106558033894324,0.9864170905216079,000295-0025
scale-000295,qualification-synthetic,g,62026.0,20.887045448797103,1.196250633620189,000295-0026
scale-000295,qualification-synthetic,g,62027.0,18.80393497523703,0.8001843347738179,000295-0027
scale-000295,qualification-synthetic,g,62028.0,19.936078657955797,1.0466770189635717,000295-0028
scale-000295,qualification-synthetic,g,62029.0,21.00886117142768,0.9741001993922376,000295-0029
scale-000295,qualification-synthetic,g,62030.0,20.858390009750305,0.8061177275641073,000295-0030
scale-000295,qualification-synthetic,g,62031.0,19.106009587293453,0.8987739061744103,000295-0031
scale-000296,qualification-synthetic,g,62000.0,18.15922310858573,1.1662292236265683,000296-0000
scale-000296,qualification-synthetic,g,62001.0,20.01265684525541,0.9888133044551528,000296-0001
scale-000296,qualification-synthetic,g,62002.0,20.356350466572536,0.864282246836188,000296-0002
scale-000296,qualification-synthetic,g,62003.0,20.004738468214697,0.9798947827870971,000296-0003
scale-000296,qualification-synthetic,g,62004.0,20.23331391463924,1.11458130204115,000296-0004
scale-000296,qualification-synthetic,g,62005.0,15.856867595541852,0.8314254529974605,000296-0005
scale-000296,qualification-synthetic,g,62006.0,20.732781802997437,0.9035964847601393,000296-0006
scale-000296,qualification-synthetic,g,62007.0,21.275600893752344,0.9838329633878666,000296-0007
scale-000296,qualification-synthetic,g,62008.0,20.56864820597837,0.8666308218199212,000296-0008
scale-000296,qualification-synthetic,g,62009.0,20.93081517186096,1.0016048728693177,000296-0009
scale-000296,qualification-synthetic,g,62010.0,22.067743573590203,0.9077738596179489,000296-0010
scale-000296,qualification-synthetic,g,62011.0,20.67995031491915,0.8029277178600543,000296-0011
scale-000296,qualification-synthetic,g,62012.0,19.55888227559199,1.1523280537748628,000296-0012
scale-000296,qualification-synthetic,g,62013.0,20.426453938961345,1.055124328574331,000296-0013
scale-000296,qualification-synthetic,g,62014.0,19.37760999073705,0.8031630988963508,000296-0014
scale-000296,qualification-synthetic,g,62015.0,18.538962891227232,0.9189032590192663,000296-0015
scale-000296,qualification-synthetic,g,62016.0,20.965770319247774,0.9930873146597491,000296-0016
scale-000296,qualification-synthetic,g,62017.0,23.32499713228434,0.8629325539981547,000296-0017
scale-000296,qualification-synthetic,g,62018.0,19.36110372961382,1.0253471619268155,000296-0018
scale-000296,qualification-synthetic,g,62019.0,20.91480887908376,1.1180714618059524,000296-0019
scale-000296,qualification-synthetic,g,62020.0,20.705277397976598,0.9706519392757443,000296-0020
scale-000296,qualification-synthetic,g,62021.0,19.660855988983492,1.12551783891405,000296-0021
scale-000296,qualification-synthetic,g,62022.0,22.153098789747055,1.189464230678412,000296-0022
scale-000296,qualification-synthetic,g,62023.0,17.377862987656517,1.1865344597158107,000296-0023
scale-000296,qualification-synthetic,g,62024.0,21.29951960401451,0.8884405947011332,000296-0024
scale-000296,qualification-synthetic,g,62025.0,19.833809892294045,1.0400523951806502,000296-0025
scale-000296,qualification-synthetic,g,62026.0,19.12865191457065,0.8836851687443209,000296-0026
scale-000296,qualification-synthetic,g,62027.0,20.430071787821692,0.9282201750498033,000296-0027
scale-000296,qualification-synthetic,g,62028.0,20.929928672715736,1.1252079518045932,000296-0028
scale-000296,qualification-synthetic,g,62029.0,20.49600457123423,0.8952471951037879,000296-0029
scale-000296,qualification-synthetic,g,62030.0,19.632031509354253,1.185838251453864,000296-0030
scale-000296,qualification-synthetic,g,62031.0,19.733159519815327,0.9212022791671077,000296-0031
scale-000297,qualification-synthetic,g,62000.0,22.56885194220792,0.9072174878602476,000297-0000
scale-000297,qualification-synthetic,g,62001.0,18.27271443060344,1.1573194294765907,000297-0001
scale-000297,qualification-synthetic,g,62002.0,18.62195867202873,1.0607636367222923,000297-0002
scale-000297,qualification-synthetic,g,62003.0,20.033911029499066,1.0739059142909295,000297-0003
scale-000297,qualification-synthetic,g,62004.0,19.8862022824751,1.0921871438706319,000297-0004
scale-000297,qualification-synthetic,g,62005.0,21.206503099086714,1.0183505963899289,000297-0005
scale-000297,qualification-synthetic,g,62006.0,18.41526726011795,1.1085456656598214,000297-0006
scale-000297,qualification-synthetic,g,62007.0,19.20296853297096,0.9008509513206313,000297-0007
scale-000297,qualification-synthetic,g,62008.0,20.7947523596701,1.0952676023953123,000297-0008
scale-000297,qualification-synthetic,g,62009.0,20.966620557450863,1.1282640857574069,000297-0009
scale-000297,qualification-synthetic,g,62010.0,20.342621918123413,1.043279122387498,000297-0010
scale-000297,qualification-synthetic,g,62011.0,18.3948500901429,1.1306068772595863,000297-0011
scale-000297,qualification-synthetic,g,62012.0,21.257719531430627,1.1801590599214002,000297-0012
scale-000297,qualification-synthetic,g,62013.0,19.507928810153707,0.8502626972270008,000297-0013
scale-000297,qualification-synthetic,g,62014.0,18.82339514579694,0.8844930524235746,000297-0014
scale-000297,qualification-synthetic,g,62015.0,19.293555934357933,1.0964447997809907,000297-0015
scale-000297,qualification-synthetic,g,62016.0,20.058513675294442,0.9271353541409838,000297-0016
scale-000297,qualification-synthetic,g,62017.0,20.335994447797546,1.0082237568714774,000297-0017
scale-000297,qualification-synthetic,g,62018.0,20.724926602228336,0.8028516839429272,000297-0018
scale-000297,qualification-synthetic,g,62019.0,19.69727173157116,1.1186580106307753,000297-0019
scale-000297,qualification-synthetic,g,62020.0,19.400642986068572,0.9230880908417156,000297-0020
scale-000297,qualification-synthetic,g,62021.0,19.94353829365219,0.870672323746833,000297-0021
scale-000297,qualification-synthetic,g,62022.0,20.238354446008003,1.0407561962308034,000297-0022
scale-000297,qualification-synthetic,g,62023.0,20.033129386909728,0.9386701985582744,000297-0023
scale-000297,qualification-synthetic,g,62024.0,20.168906721438777,0.8949633283681869,000297-0024
scale-000297,qualification-synthetic,g,62025.0,19.913586618820958,0.8428027227155013,000297-0025
scale-000297,qualification-synthetic,g,62026.0,18.90575279951974,0.9616234048461719,000297-0026
scale-000297,qualification-synthetic,g,62027.0,20.52287761427843,0.804064213169212,000297-0027
scale-000297,qualification-synthetic,g,62028.0,19.339228796445468,1.07022586709631,000297-0028
scale-000297,qualification-synthetic,g,62029.0,17.542460214841824,1.0164671328937647,000297-0029
scale-000297,qualification-synthetic,g,62030.0,21.99474462009995,1.0138951244103105,000297-0030
scale-000297,qualification-synthetic,g,62031.0,19.06283780890186,1.0958612376853303,000297-0031
scale-000298,qualification-synthetic,g,62000.0,20.660929774966917,1.1527862761215817,000298-0000
scale-000298,qualification-synthetic,g,62001.0,19.87999621213746,1.192180236755246,000298-0001
scale-000298,qualification-synthetic,g,62002.0,20.784879179408623,1.0703335758539902,000298-0002
scale-000298,qualification-synthetic,g,62003.0,22.114098714148525,0.8887644620018216,000298-0003
scale-000298,qualification-synthetic,g,62004.0,20.537081369796347,1.044378496972147,000298-0004
scale-000298,qualification-synthetic,g,62005.0,19.538501179468426,0.9797791387686903,000298-0005
scale-000298,qualification-synthetic,g,62006.0,17.66663995185464,1.133303058461846,000298-0006
scale-000298,qualification-synthetic,g,62007.0,21.25221348802498,1.096498094262131,000298-0007
scale-000298,qualification-synthetic,g,62008.0,18.597057544017932,1.075176667508559,000298-0008
scale-000298,qualification-synthetic,g,62009.0,17.489139478327832,0.9875848140939114,000298-0009
scale-000298,qualification-synthetic,g,62010.0,20.354495679700893,0.8784076378420774,000298-0010
scale-000298,qualification-synthetic,g,62011.0,18.561806425632042,1.0048284248245591,000298-0011
scale-000298,qualification-synthetic,g,62012.0,21.240836623406764,0.839771965163156,000298-0012
scale-000298,qualification-synthetic,g,62013.0,20.572108681434987,0.9263887472728093,000298-0013
scale-000298,qualification-synthetic,g,62014.0,17.949308345610326,0.9112213511545402,000298-0014
scale-000298,qualification-synthetic,g,62015.0,19.86660982373948,0.8114225283217165,000298-0015
scale-000298,qualification-synthetic,g,62016.0,21.535463105850283,0.9707354037111569,000298-0016
scale-000298,qualification-synthetic,g,62017.0,19.94493591045743,1.0086849054406655,000298-0017
scale-000298,qualification-synthetic,g,62018.0,18.80716619724797,0.910622068238783,000298-0018
scale-000298,qualification-synthetic,g,62019.0,20.532369275143658,0.9325908670194162,000298-0019
scale-000298,qualification-synthetic,g,62020.0,20.06392860761069,0.886285162979669,000298-0020
scale-000298,qualification-synthetic,g,62021.0,19.922309431213414,0.8328273284823677,000298-0021
scale-000298,qualification-synthetic,g,62022.0,20.10116356308356,1.050289263392351,000298-0022
scale-000298,qualification-synthetic,g,62023.0,21.286295866526146,1.0876669170303408,000298-0023
scale-000298,qualification-synthetic,g,62024.0,19.385648624110658,0.8351697543610539,000298-0024
scale-000298,qualification-synthetic,g,62025.0,19.881717498527134,0.8029176915142233,000298-0025
scale-000298,qualification-synthetic,g,62026.0,20.662767175174064,0.9691195281249813,000298-0026
scale-000298,qualification-synthetic,g,62027.0,19.714248331937224,0.9849984883302461,000298-0027
scale-000298,qualification-synthetic,g,62028.0,18.858729957809196,0.8008005083444656,000298-0028
scale-000298,qualification-synthetic,g,62029.0,19.54875933790678,0.9932728049936059,000298-0029
scale-000298,qualification-synthetic,g,62030.0,18.217434535571805,1.1428498662505826,000298-0030
scale-000298,qualification-synthetic,g,62031.0,20.135971801498872,1.1529122996001941,000298-0031
scale-000299,qualification-synthetic,g,62000.0,20.032131075802422,1.142719075357586,000299-0000
scale-000299,qualification-synthetic,g,62001.0,17.6694000650634,1.1040335869272833,000299-0001
scale-000299,qualification-synthetic,g,62002.0,17.762125289303604,1.1567549363069072,000299-0002
scale-000299,qualification-synthetic,g,62003.0,18.09384833239869,0.8622398930859283,000299-0003
scale-000299,qualification-synthetic,g,62004.0,20.711566508065186,1.0255075563331868,000299-0004
scale-000299,qualification-synthetic,g,62005.0,21.11551863123374,0.8360754808174202,000299-0005
scale-000299,qualification-synthetic,g,62006.0,17.099496789192365,1.137979145895684,000299-0006
scale-000299,qualification-synthetic,g,62007.0,21.00170800847033,0.8024021363885621,000299-0007
scale-000299,qualification-synthetic,g,62008.0,19.089702995452377,0.9510804694838235,000299-0008
scale-000299,qualification-synthetic,g,62009.0,21.59047378626752,0.9822060232231149,000299-0009
scale-000299,qualification-synthetic,g,62010.0,18.49216794635169,1.1865033333737993,000299-0010
scale-000299,qualification-synthetic,g,62011.0,19.883613021291275,0.8374433451700668,000299-0011
scale-000299,qualification-synthetic,g,62012.0,22.49102270272481,0.8843258944803489,000299-0012
scale-000299,qualification-synthetic,g,62013.0,20.799740653467563,1.0811579669725193,000299-0013
scale-000299,qualification-synthetic,g,62014.0,18.554874649054874,0.8735738866372486,000299-0014
scale-000299,qualification-synthetic,g,62015.0,19.185580386576856,0.8414226764828812,000299-0015
scale-000299,qualification-synthetic,g,62016.0,20.17873771756039,1.0519133953687658,000299-0016
scale-000299,qualification-synthetic,g,62017.0,18.794473402373395,1.1487938997603016,000299-0017
scale-000299,qualification-synthetic,g,62018.0,19.901831780941485,1.153063160812792,000299-0018
scale-000299,qualification-synthetic,g,62019.0,20.664433886749823,0.8431645139934763,000299-0019
scale-000299,qualification-synthetic,g,62020.0,19.103078608718587,0.9053379991643637,000299-0020
scale-000299,qualification-synthetic,g,62021.0,20.01688037742588,1.1514849474510283,000299-0021
scale-000299,qualification-synthetic,g,62022.0,19.194963158997083,1.107148715042352,000299-0022
scale-000299,qualification-synthetic,g,62023.0,20.889633835431617,0.9844145832800711,000299-0023
scale-000299,qualification-synthetic,g,62024.0,19.35798196223077,1.1769920207113977,000299-0024
scale-000299,qualification-synthetic,g,62025.0,19.473909345187902,0.8788655025197546,000299-0025
scale-000299,qualification-synthetic,g,62026.0,20.7382746044488,1.0235101458147138,000299-0026
scale-000299,qualification-synthetic,g,62027.0,20.220950393430762,0.9296734008083154,000299-0027
scale-000299,qualification-synthetic,g,62028.0,21.018524228649436,0.8574460099385264,000299-0028
scale-000299,qualification-synthetic,g,62029.0,23.88882904508778,0.8136358488937548,000299-0029
scale-000299,qualification-synthetic,g,62030.0,19.229256203142874,1.1260492231395915,000299-0030
scale-000299,qualification-synthetic,g,62031.0,20.02249660604518,1.191533163215948,000299-0031
