source_id,survey,band,mjd,flux,flux_error,observation_id
scale-000000,qualification-synthetic,g,62000.0,20.198429255358377,0.8857768491960838,000000-0000
scale-000000,qualification-synthetic,g,62001.0,20.643521188442833,0.941318845110215,000000-0001
scale-000000,qualification-synthetic,g,62002.0,20.222738710995394,0.9191994206519264,000000-0002
scale-000000,qualification-synthetic,g,62003.0,19.460112517566415,1.0182962155737896,000000-0003
scale-000000,qualification-synthetic,g,62004.0,19.611663649466774,0.8803049711403655,000000-0004
scale-000000,qualification-synthetic,g,62005.0,20.860529022768116,1.0377110251865604,000000-0005
scale-000000,qualification-synthetic,g,62006.0,22.398912997823793,1.1721274572016784,000000-0006
scale-000000,qualification-synthetic,g,62007.0,20.09845179525436,0.9102974108157971,000000-0007
scale-000000,qualification-synthetic,g,62008.0,21.554457890989923,1.014597660479563,000000-0008
scale-000000,qualification-synthetic,g,62009.0,19.269925932004533,0.9280434097901111,000000-0009
scale-000000,qualification-synthetic,g,62010.0,20.083799985636325,1.0754225490565081,000000-0010
scale-000000,qualification-synthetic,g,62011.0,19.27984001973757,0.8183563578339411,000000-0011
scale-000000,qualification-synthetic,g,62012.0,19.495841763503627,1.0193364504714442,000000-0012
scale-000000,qualification-synthetic,g,62013.0,19.843050420352046,1.0857465783001319,000000-0013
scale-000000,qualification-synthetic,g,62014.0,21.243218225527176,1.0419062320541912,000000-0014
scale-000000,qualification-synthetic,g,62015.0,22.783577651425237,1.0660376072256572,000000-0015
scale-000000,qualification-synthetic,g,62016.0,24.759359020904675,0.9768772090040438,000000-0016
scale-000000,qualification-synthetic,g,62017.0,27.51134082854046,0.9653164741904446,000000-0017
scale-000000,qualification-synthetic,g,62018.0,26.73690046963562,0.9568405959889257,000000-0018
scale-000000,qualification-synthetic,g,62019.0,25.656785466026182,1.0164495848584747,000000-0019
scale-000000,qualification-synthetic,g,62020.0,25.63910106412588,1.1438871776765565,000000-0020
scale-000000,qualification-synthetic,g,62021.0,22.380084558534087,0.9668934870432295,000000-0021
scale-000000,qualification-synthetic,g,62022.0,20.163646277225855,0.9054871806967629,000000-0022
scale-000000,qualification-synthetic,g,62023.0,19.635309013369238,0.8937456525896829,000000-0023
scale-000000,qualification-synthetic,g,62024.0,19.734735945416222,0.9697689631776532,000000-0024
scale-000000,qualification-synthetic,g,62025.0,22.107784267430734,0.9295500437840157,000000-0025
scale-000000,qualification-synthetic,g,62026.0,19.292728728886328,1.1026258466028631,000000-0026
scale-000000,qualification-synthetic,g,62027.0,19.442368542907047,1.1832167336677109,000000-0027
scale-000000,qualification-synthetic,g,62028.0,19.821860755811297,0.8173566329347123,000000-0028
scale-000000,qualification-synthetic,g,62029.0,20.690573214431492,1.062735031421628,000000-0029
scale-000000,qualification-synthetic,g,62030.0,21.415364428189356,0.872834273155337,000000-0030
scale-000000,qualification-synthetic,g,62031.0,19.98819315705923,1.0356559215674135,000000-0031
scale-000001,qualification-synthetic,g,62000.0,16.667653917510503,1.1451423425905405,000001-0000
scale-000001,qualification-synthetic,g,62001.0,20.679312748703094,1.0821208641998845,000001-0001
scale-000001,qualification-synthetic,g,62002.0,19.64924907622437,0.9528066358664267,000001-0002
scale-000001,qualification-synthetic,g,62003.0,18.169793867969528,1.0559226867427662,000001-0003
scale-000001,qualification-synthetic,g,62004.0,19.479127120549965,1.1781219600670745,000001-0004
scale-000001,qualification-synthetic,g,62005.0,19.44026464800093,0.810972948407621,000001-0005
scale-000001,qualification-synthetic,g,62006.0,19.415493034741683,1.157453893917814,000001-0006
scale-000001,qualification-synthetic,g,62007.0,20.645146492448394,1.1194725510263135,000001-0007
scale-000001,qualification-synthetic,g,62008.0,21.109030392921106,1.0411591724202995,000001-0008
scale-000001,qualification-synthetic,g,62009.0,20.075790454517588,0.9504324899793996,000001-0009
scale-000001,qualification-synthetic,g,62010.0,20.894762101708718,1.0903658090923287,000001-0010
scale-000001,qualification-synthetic,g,62011.0,20.139219044594796,0.9696991748770918,000001-0011
scale-000001,qualification-synthetic,g,62012.0,20.184353203946937,1.1766480434940578,000001-0012
scale-000001,qualification-synthetic,g,62013.0,20.95521083512679,0.8125092052092551,000001-0013
scale-000001,qualification-synthetic,g,62014.0,19.54319519870754,0.9849744022998771,000001-0014
scale-000001,qualification-synthetic,g,62015.0,18.804550994109725,1.1717051658831716,000001-0015
scale-000001,qualification-synthetic,g,62016.0,21.181065957616067,1.1415484760080719,000001-0016
scale-000001,qualification-synthetic,g,62017.0,18.464769690459157,0.9390776457393737,000001-0017
scale-000001,qualification-synthetic,g,62018.0,19.696982173914297,0.8043321376568082,000001-0018
scale-000001,qualification-synthetic,g,62019.0,20.622047447378435,1.1297103581491639,000001-0019
scale-000001,qualification-synthetic,g,62020.0,20.23761534203624,1.016892589219972,000001-0020
scale-000001,qualification-synthetic,g,62021.0,18.853481806923355,1.1904973820288707,000001-0021
scale-000001,qualification-synthetic,g,62022.0,19.96763973740179,0.9522830120458299,000001-0022
scale-000001,qualification-synthetic,g,62023.0,20.468459575730794,0.9317167753087717,000001-0023
scale-000001,qualification-synthetic,g,62024.0,19.607157428035208,0.8098838235686809,000001-0024
scale-000001,qualification-synthetic,g,62025.0,20.884656837925313,0.9797151647825834,000001-0025
scale-000001,qualification-synthetic,g,62026.0,19.94720662905013,0.9719640102997399,000001-0026
scale-000001,qualification-synthetic,g,62027.0,19.658687790291946,1.1690553037572087,000001-0027
scale-000001,qualification-synthetic,g,62028.0,22.624412191633503,0.8640953520574473,000001-0028
scale-000001,qualification-synthetic,g,62029.0,20.435598609272578,1.0606050495958301,000001-0029
scale-000001,qualification-synthetic,g,62030.0,21.573133823213155,0.9827526682283282,000001-0030
scale-000001,qualification-synthetic,g,62031.0,21.62495811687459,1.1665684365904458,000001-0031
scale-000002,qualification-synthetic,g,62000.0,20.431809498418158,1.171424159520537,000002-0000
scale-000002,qualification-synthetic,g,62001.0,20.061642645496846,0.9574955113430561,000002-0001
scale-000002,qualification-synthetic,g,62002.0,23.627894396584953,1.1899313057087928,000002-0002
scale-000002,qualification-synthetic,g,62003.0,22.023620220850983,1.190177423219095,000002-0003
scale-000002,qualification-synthetic,g,62004.0,20.575915056845222,1.180247619814425,000002-0004
scale-000002,qualification-synthetic,g,62005.0,20.737831083757,1.0961877948504397,000002-0005
scale-000002,qualification-synthetic,g,62006.0,20.704587446222533,0.9049875565231732,000002-0006
scale-000002,qualification-synthetic,g,62007.0,19.188526592658878,0.9369560763613298,000002-0007
scale-000002,qualification-synthetic,g,62008.0,20.030949137574982,1.0738652565383513,000002-0008
scale-000002,qualification-synthetic,g,62009.0,20.490916666737615,0.8336888951221311,000002-0009
scale-000002,qualification-synthetic,g,62010.0,19.63441795169023,1.0697549000949953,000002-0010
scale-000002,qualification-synthetic,g,62011.0,20.323911428467554,1.0777562450005271,000002-0011
scale-000002,qualification-synthetic,g,62012.0,20.287721435169924,0.8516489934929427,000002-0012
scale-000002,qualification-synthetic,g,62013.0,20.318727287839103,1.1330657363587127,000002-0013
scale-000002,qualification-synthetic,g,62014.0,20.556344704598803,0.8655831218912929,000002-0014
scale-000002,qualification-synthetic,g,62015.0,17.86766777755302,1.0125176026794163,000002-0015
scale-000002,qualification-synthetic,g,62016.0,19.668258288156206,0.9476364304662437,000002-0016
scale-000002,qualification-synthetic,g,62017.0,18.679807624657084,0.9194085097644029,000002-0017
scale-000002,qualification-synthetic,g,62018.0,17.9249332830325,1.1434969521815208,000002-0018
scale-000002,qualification-synthetic,g,62019.0,18.003329708334977,1.142699756135823,000002-0019
scale-000002,qualification-synthetic,g,62020.0,19.678039816292053,0.8673595570569628,000002-0020
scale-000002,qualification-synthetic,g,62021.0,20.32157845705148,1.1644667888344586,000002-0021
scale-000002,qualification-synthetic,g,62022.0,19.926973260882523,1.1347950580965371,000002-0022
scale-000002,qualification-synthetic,g,62023.0,20.51600338384706,0.9971415981408885,000002-0023
scale-000002,qualification-synthetic,g,62024.0,20.40089206969848,0.8485579541668501,000002-0024
scale-000002,qualification-synthetic,g,62025.0,19.344620053055046,0.9243319267896849,000002-0025
scale-000002,qualification-synthetic,g,62026.0,19.59440429336572,0.9626516205448774,000002-0026
scale-000002,qualification-synthetic,g,62027.0,19.949354756741272,0.9070436088163066,000002-0027
scale-000002,qualification-synthetic,g,62028.0,21.514102122308167,1.1075597527670007,000002-0028
scale-000002,qualification-synthetic,g,62029.0,21.19696678463162,1.0890796493087287,000002-0029
scale-000002,qualification-synthetic,g,62030.0,20.54603555699147,1.0366378051270582,000002-0030
scale-000002,qualification-synthetic,g,62031.0,18.240516507163342,1.153653147723407,000002-0031
scale-000003,qualification-synthetic,g,62000.0,20.814900858921,1.13532221466333,000003-0000
scale-000003,qualification-synthetic,g,62001.0,21.623250974646254,1.0048590571588722,000003-0001
scale-000003,qualification-synthetic,g,62002.0,20.68872018940369,1.1611628738974642,000003-0002
scale-000003,qualification-synthetic,g,62003.0,20.682903583787304,1.1881171745582924,000003-0003
scale-000003,qualification-synthetic,g,62004.0,22.61897316440035,0.8636501694062929,000003-0004
scale-000003,qualification-synthetic,g,62005.0,20.72941654670746,0.8383047360509525,000003-0005
scale-000003,qualification-synthetic,g,62006.0,20.81970312186678,1.1642111974657896,000003-0006
scale-000003,qualification-synthetic,g,62007.0,19.865523928485295,1.0007471671747186,000003-0007
scale-000003,qualification-synthetic,g,62008.0,19.92677068213615,1.157671174867307,000003-0008
scale-000003,qualification-synthetic,g,62009.0,21.107127779349124,0.9543459940362674,000003-0009
scale-000003,qualification-synthetic,g,62010.0,18.888721853810736,0.9723446752276852,000003-0010
scale-000003,qualification-synthetic,g,62011.0,19.34094938555187,0.9266545403788187,000003-0011
scale-000003,qualification-synthetic,g,62012.0,20.93535902551578,0.9365756556591237,000003-0012
scale-000003,qualification-synthetic,g,62013.0,19.540336385246952,1.1710378053243968,000003-0013
scale-000003,qualification-synthetic,g,62014.0,20.12064188695147,0.8459986293160712,000003-0014
scale-000003,qualification-synthetic,g,62015.0,17.901468138452998,1.1875118806152785,000003-0015
scale-000003,qualification-synthetic,g,62016.0,20.909764689250945,0.8366821436271834,000003-0016
scale-000003,qualification-synthetic,g,62017.0,19.34476638832221,1.036838597220222,000003-0017
scale-000003,qualification-synthetic,g,62018.0,21.068397524550374,1.1780397465300398,000003-0018
scale-000003,qualification-synthetic,g,62019.0,20.73255359876131,1.1340085146906553,000003-0019
scale-000003,qualification-synthetic,g,62020.0,18.605744221348754,0.9351454082460949,000003-0020
scale-000003,qualification-synthetic,g,62021.0,19.12235570018161,0.9891202686404835,000003-0021
scale-000003,qualification-synthetic,g,62022.0,20.898163724763183,0.9571992383240182,000003-0022
scale-000003,qualification-synthetic,g,62023.0,18.194588393249223,1.087459151678706,000003-0023
scale-000003,qualification-synthetic,g,62024.0,19.657650450715618,0.8608953412984812,000003-0024
scale-000003,qualification-synthetic,g,62025.0,19.876950420380727,1.1659000032688855,000003-0025
scale-000003,qualification-synthetic,g,62026.0,21.830775411443753,1.1478972038772488,000003-0026
scale-000003,qualification-synthetic,g,62027.0,17.942358200922563,0.9624256606665467,000003-0027
scale-000003,qualification-synthetic,g,62028.0,19.63758219905246,1.129715975335271,000003-0028
scale-000003,qualification-synthetic,g,62029.0,17.878480039430812,0.8482148488843242,000003-0029
scale-000003,qualification-synthetic,g,62030.0,22.28050592764513,1.1620510689028793,000003-0030
scale-000003,qualification-synthetic,g,62031.0,20.0684541153089,1.097632919732254,000003-0031
scale-000004,qualification-synthetic,g,62000.0,20.10662427536467,1.1138443351498664,000004-0000
scale-000004,qualification-synthetic,g,62001.0,19.866718653240625,1.0035693545031856,000004-0001
scale-000004,qualification-synthetic,g,62002.0,18.185292246976235,1.092068044981012,000004-0002
scale-000004,qualification-synthetic,g,62003.0,21.523917220193518,0.827643700804801,000004-0003
scale-000004,qualification-synthetic,g,62004.0,19.11287055855164,0.8360782953750674,000004-0004
scale-000004,qualification-synthetic,g,62005.0,18.74562881468102,1.02235819343313,000004-0005
scale-000004,qualification-synthetic,g,62006.0,21.107468507776886,1.0402089014145928,000004-0006
scale-000004,qualification-synthetic,g,62007.0,20.14687093872289,1.1733333547977667,000004-0007
scale-000004,qualification-synthetic,g,62008.0,21.68338907282932,0.9985717156684062,000004-0008
scale-000004,qualification-synthetic,g,62009.0,20.902201599987624,1.1607545339199008,000004-0009
scale-000004,qualification-synthetic,g,62010.0,20.588031886448107,0.9524164329941112,000004-0010
scale-000004,qualification-synthetic,g,62011.0,21.019842107818825,1.0604003940500168,000004-0011
scale-000004,qualification-synthetic,g,62012.0,20.32439105502035,0.9557390619640604,000004-0012
scale-000004,qualification-synthetic,g,62013.0,19.85827423173116,1.1816846147658464,000004-0013
scale-000004,qualification-synthetic,g,62014.0,19.88357560312927,0.8544673299152351,000004-0014
scale-000004,qualification-synthetic,g,62015.0,20.54106958001301,1.0988284215997814,000004-0015
scale-000004,qualification-synthetic,g,62016.0,18.520316172435233,0.865091649107034,000004-0016
scale-000004,qualification-synthetic,g,62017.0,21.00461261170508,1.1722819838357275,000004-0017
scale-000004,qualification-synthetic,g,62018.0,22.48172002857421,1.043542224993796,000004-0018
scale-000004,qualification-synthetic,g,62019.0,21.67989953211746,1.0981398018148198,000004-0019
scale-000004,qualification-synthetic,g,62020.0,21.310745783978177,0.8359772212051153,000004-0020
scale-000004,qualification-synthetic,g,62021.0,18.839954641446024,0.8015526248938254,000004-0021
scale-000004,qualification-synthetic,g,62022.0,20.449678134378257,0.8999165863950239,000004-0022
scale-000004,qualification-synthetic,g,62023.0,18.657965162382165,1.0166102751127788,000004-0023
scale-000004,qualification-synthetic,g,62024.0,19.57413087506704,0.8932073582766439,000004-0024
scale-000004,qualification-synthetic,g,62025.0,19.826267982237972,0.9804520928741073,000004-0025
scale-000004,qualification-synthetic,g,62026.0,20.887485048402986,0.9455455460519664,000004-0026
scale-000004,qualification-synthetic,g,62027.0,15.726866294145822,0.9414225890270332,000004-0027
scale-000004,qualification-synthetic,g,62028.0,19.6658092373748,0.9010037060860859,000004-0028
scale-000004,qualification-synthetic,g,62029.0,20.68673800020498,0.8517949273083284,000004-0029
scale-000004,qualification-synthetic,g,62030.0,19.022182446696238,0.9999602624229473,000004-0030
scale-000004,qualification-synthetic,g,62031.0,18.053828710549652,1.1220055520054941,000004-0031
scale-000005,qualification-synthetic,g,62000.0,18.398823900860116,1.0282165421621314,000005-0000
scale-000005,qualification-synthetic,g,62001.0,20.619365901119792,0.9342899202977101,000005-0001
scale-000005,qualification-synthetic,g,62002.0,18.10465119517643,1.0335620370323526,000005-0002
scale-000005,qualification-synthetic,g,62003.0,19.708282724429885,0.8942531386548433,000005-0003
scale-000005,qualification-synthetic,g,62004.0,20.20071318575384,0.9261369162159426,000005-0004
scale-000005,qualification-synthetic,g,62005.0,21.173931040482138,0.8041318432478228,000005-0005
scale-000005,qualification-synthetic,g,62006.0,20.668008429390255,0.818936035416238,000005-0006
scale-000005,qualification-synthetic,g,62007.0,20.268913384484406,0.9667306907570145,000005-0007
scale-000005,qualification-synthetic,g,62008.0,19.839015227333867,0.8295878495530022,000005-0008
scale-000005,qualification-synthetic,g,62009.0,21.12705273026671,1.0778611181619069,000005-0009
scale-000005,qualification-synthetic,g,62010.0,21.48249645124473,0.9734125819219598,000005-0010
scale-000005,qualification-synthetic,g,62011.0,21.545199132100674,1.1193494770332213,000005-0011
scale-000005,qualification-synthetic,g,62012.0,20.031345945810532,1.06851366942703,000005-0012
scale-000005,qualification-synthetic,g,62013.0,20.35382311110725,0.8346272739871105,000005-0013
scale-000005,qualification-synthetic,g,62014.0,19.279567394139164,1.1135062068891288,000005-0014
scale-000005,qualification-synthetic,g,62015.0,20.15898506643373,0.9496401785820168,000005-0015
scale-000005,qualification-synthetic,g,62016.0,20.938848486106792,1.1915609442738893,000005-0016
scale-000005,qualification-synthetic,g,62017.0,20.74278538673849,0.843096783367137,000005-0017
scale-000005,qualification-synthetic,g,62018.0,20.09359179171459,0.9372704347872616,000005-0018
scale-000005,qualification-synthetic,g,62019.0,19.97529400493742,0.8562778675477551,000005-0019
scale-000005,qualification-synthetic,g,62020.0,18.360830103565306,1.0098358971751116,000005-0020
scale-000005,qualification-synthetic,g,62021.0,18.174937807923996,0.8037906218563955,000005-0021
scale-000005,qualification-synthetic,g,62022.0,20.384082623684694,1.0545667482783232,000005-0022
scale-000005,qualification-synthetic,g,62023.0,20.15554348132578,0.9448778606538527,000005-0023
scale-000005,qualification-synthetic,g,62024.0,18.823130089950148,1.1691589425547655,000005-0024
scale-000005,qualification-synthetic,g,62025.0,18.7327061793787,1.0930237084381444,000005-0025
scale-000005,qualification-synthetic,g,62026.0,19.717872233071805,1.162143395660126,000005-0026
scale-000005,qualification-synthetic,g,62027.0,19.219025661585206,1.1332092765951878,000005-0027
scale-000005,qualification-synthetic,g,62028.0,17.447027579428074,1.1724777527731696,000005-0028
scale-000005,qualification-synthetic,g,62029.0,20.099350102040045,1.02661228732969,000005-0029
scale-000005,qualification-synthetic,g,62030.0,21.02015487145782,1.0153135879097916,000005-0030
scale-000005,qualification-synthetic,g,62031.0,20.427770398726793,0.9806604135595363,000005-0031
scale-000006,qualification-synthetic,g,62000.0,20.520764535542664,0.9430667776510465,000006-0000
scale-000006,qualification-synthetic,g,62001.0,19.593023754678647,0.8591676317473849,000006-0001
scale-000006,qualification-synthetic,g,62002.0,20.14469655601273,1.0245316709894543,000006-0002
scale-000006,qualification-synthetic,g,62003.0,18.932678324541182,0.974716340132312,000006-0003
scale-000006,qualification-synthetic,g,62004.0,18.099230872536072,1.1628588861946705,000006-0004
scale-000006,qualification-synthetic,g,62005.0,20.375737353056195,1.086999511421919,000006-0005
scale-000006,qualification-synthetic,g,62006.0,24.184489815372906,1.1757201582436556,000006-0006
scale-000006,qualification-synthetic,g,62007.0,20.051081121727094,0.8971120444875962,000006-0007
scale-000006,qualification-synthetic,g,62008.0,18.66556242491604,1.0491911635338678,000006-0008
scale-000006,qualification-synthetic,g,62009.0,20.624172945970525,0.9152711567281929,000006-0009
scale-000006,qualification-synthetic,g,62010.0,19.090440881449076,0.8676099603162347,000006-0010
scale-000006,qualification-synthetic,g,62011.0,21.895840281773427,0.8100202765287272,000006-0011
scale-000006,qualification-synthetic,g,62012.0,19.837962251437478,0.8711128636752434,000006-0012
scale-000006,qualification-synthetic,g,62013.0,19.58525922187836,0.8499332194500211,000006-0013
scale-000006,qualification-synthetic,g,62014.0,20.4696916564874,1.111069404270269,000006-0014
scale-000006,qualification-synthetic,g,62015.0,21.619958107034662,1.048885561289141,000006-0015
scale-000006,qualification-synthetic,g,62016.0,19.239753936115704,0.8190571136214264,000006-0016
scale-000006,qualification-synthetic,g,62017.0,17.23560841929495,1.1396271155540814,000006-0017
scale-000006,qualification-synthetic,g,62018.0,21.097459184779822,0.8232629179316331,000006-0018
scale-000006,qualification-synthetic,g,62019.0,19.828862303839532,1.1584339454346708,000006-0019
scale-000006,qualification-synthetic,g,62020.0,20.708252134455986,0.9910256582534938,000006-0020
scale-000006,qualification-synthetic,g,62021.0,20.261765358265517,1.0192342897808304,000006-0021
scale-000006,qualification-synthetic,g,62022.0,19.45309618969051,0.8943933778882741,000006-0022
scale-000006,qualification-synthetic,g,62023.0,19.727873645276347,1.0664105080751587,000006-0023
scale-000006,qualification-synthetic,g,62024.0,18.767049125981586,0.8055935146059362,000006-0024
scale-000006,qualification-synthetic,g,62025.0,20.511667488840935,0.9394484335672716,000006-0025
scale-000006,qualification-synthetic,g,62026.0,18.868974005315913,1.1538183914702318,000006-0026
scale-000006,qualification-synthetic,g,62027.0,19.23780436128945,0.9299099936691129,000006-0027
scale-000006,qualification-synthetic,g,62028.0,21.90256730575486,1.0761182482631124,000006-0028
scale-000006,qualification-synthetic,g,62029.0,18.03438381531163,0.9426978137968661,000006-0029
scale-000006,qualification-synthetic,g,62030.0,20.331442964980972,0.8345140437970289,000006-0030
scale-000006,qualification-synthetic,g,62031.0,20.709077780600513,1.1853206319850826,000006-0031
scale-000007,qualification-synthetic,g,62000.0,19.01974276900565,1.0273956041809866,000007-0000
scale-000007,qualification-synthetic,g,62001.0,19.196615065880707,1.071428577687596,000007-0001
scale-000007,qualification-synthetic,g,62002.0,20.15306603685504,1.0420379120662278,000007-0002
scale-000007,qualification-synthetic,g,62003.0,18.98446413843528,1.0959368744056972,000007-0003
scale-000007,qualification-synthetic,g,62004.0,20.12084780530592,1.194647815624006,000007-0004
scale-000007,qualification-synthetic,g,62005.0,20.183765154400692,0.8885444503351382,000007-0005
scale-000007,qualification-synthetic,g,62006.0,20.487710057955823,0.8197233188071691,000007-0006
scale-000007,qualification-synthetic,g,62007.0,22.12266282621722,1.1339493969661654,000007-0007
scale-000007,qualification-synthetic,g,62008.0,18.1039049924247,1.0233848939456203,000007-0008
scale-000007,qualification-synthetic,g,62009.0,26.64176229591879,1.138176075027984,000007-0009
scale-000007,qualification-synthetic,g,62010.0,20.010882792298297,0.825616824192169,000007-0010
scale-000007,qualification-synthetic,g,62011.0,18.181931009305732,0.969900081770887,000007-0011
scale-000007,qualification-synthetic,g,62012.0,20.619223533159055,1.1490982480246448,000007-0012
scale-000007,qualification-synthetic,g,62013.0,24.46615266203186,1.1282787246517612,000007-0013
scale-000007,qualification-synthetic,g,62014.0,20.05383550599322,0.9659719688358013,000007-0014
scale-000007,qualification-synthetic,g,62015.0,20.609423651138258,1.0996563749445627,000007-0015
scale-000007,qualification-synthetic,g,62016.0,21.449018185830308,1.1802820887612608,000007-0016
scale-000007,qualification-synthetic,g,62017.0,19.27073200112803,1.0008659739947856,000007-0017
scale-000007,qualification-synthetic,g,62018.0,19.4494769901857,1.1161260924356065,000007-0018
scale-000007,qualification-synthetic,g,62019.0,21.64392437176705,1.0073251631416837,000007-0019
scale-000007,qualification-synthetic,g,62020.0,20.550454127078908,1.0155232642838987,000007-0020
scale-000007,qualification-synthetic,g,62021.0,20.811698773515907,1.1612367907343557,000007-0021
scale-000007,qualification-synthetic,g,62022.0,20.788253338774766,1.0060946105293496,000007-0022
scale-000007,qualification-synthetic,g,62023.0,21.122851907949023,0.9041090252628209,000007-0023
scale-000007,qualification-synthetic,g,62024.0,17.58726077912703,1.0391521142963112,000007-0024
scale-000007,qualification-synthetic,g,62025.0,20.357365594425602,1.0295489905190343,000007-0025
scale-000007,qualification-synthetic,g,62026.0,19.898745943611104,1.0085699128936378,000007-0026
scale-000007,qualification-synthetic,g,62027.0,17.855015779174256,0.944061369456514,000007-0027
scale-000007,qualification-synthetic,g,62028.0,20.259426673600935,1.031882555464028,000007-0028
scale-000007,qualification-synthetic,g,62029.0,20.712490622348554,1.0048969218414336,000007-0029
scale-000007,qualification-synthetic,g,62030.0,18.54219606737157,1.1258966479717192,000007-0030
scale-000007,qualification-synthetic,g,62031.0,19.617091340127747,0.8292003697598673,000007-0031
scale-000008,qualification-synthetic,g,62000.0,19.493407851747936,1.167934269229119,000008-0000
scale-000008,qualification-synthetic,g,62001.0,20.519296871074406,1.0451457365890804,000008-0001
scale-000008,qualification-synthetic,g,62002.0,21.044399615287332,0.9318694470192582,000008-0002
scale-000008,qualification-synthetic,g,62003.0,19.518819019509714,0.9048034261383577,000008-0003
scale-000008,qualification-synthetic,g,62004.0,19.535746061813615,1.1863728459515264,000008-0004
scale-000008,qualification-synthetic,g,62005.0,19.158890041069103,1.09607089856509,000008-0005
scale-000008,qualification-synthetic,g,62006.0,19.839410692227034,0.9491231308034903,000008-0006
scale-000008,qualification-synthetic,g,62007.0,18.838211599044783,0.9023645064444695,000008-0007
scale-000008,qualification-synthetic,g,62008.0,18.878226632873908,1.1845436447921298,000008-0008
scale-000008,qualification-synthetic,g,62009.0,20.724469506407235,1.0403405252170939,000008-0009
scale-000008,qualification-synthetic,g,62010.0,19.55733134805342,1.0914203271269658,000008-0010
scale-000008,qualification-synthetic,g,62011.0,19.914103376517552,1.1647533631024458,000008-0011
scale-000008,qualification-synthetic,g,62012.0,20.02892653167661,0.9306432313061028,000008-0012
scale-000008,qualification-synthetic,g,62013.0,19.101601766171566,0.8274724042843313,000008-0013
scale-000008,qualification-synthetic,g,62014.0,22.338711618161323,0.9432936161117459,000008-0014
scale-000008,qualification-synthetic,g,62015.0,19.613726805837864,0.9437479035399317,000008-0015
scale-000008,qualification-synthetic,g,62016.0,18.18949617765515,1.1533099579908268,000008-0016
scale-000008,qualification-synthetic,g,62017.0,18.30211891125643,0.9381695798916435,000008-0017
scale-000008,qualification-synthetic,g,62018.0,19.316727521988046,1.0481682404878279,000008-0018
scale-000008,qualification-synthetic,g,62019.0,21.42729114297303,1.076257357401508,000008-0019
scale-000008,qualification-synthetic,g,62020.0,19.670527523430454,1.0946873051112973,000008-0020
scale-000008,qualification-synthetic,g,62021.0,20.015481844695618,0.9048025381181486,000008-0021
scale-000008,qualification-synthetic,g,62022.0,21.745540077716893,1.07214105465993,000008-0022
scale-000008,qualification-synthetic,g,62023.0,19.71118450545498,1.1688190121125093,000008-0023
scale-000008,qualification-synthetic,g,62024.0,20.11521063717698,1.0211254686819693,000008-0024
scale-000008,qualification-synthetic,g,62025.0,20.438175463343388,0.8811316010836536,000008-0025
scale-000008,qualification-synthetic,g,62026.0,20.55202397343622,1.1756872279006576,000008-0026
scale-000008,qualification-synthetic,g,62027.0,18.992651618303345,1.050757200350194,000008-0027
scale-000008,qualification-synthetic,g,62028.0,19.727177934811582,0.8569127169058273,000008-0028
scale-000008,qualification-synthetic,g,62029.0,20.549563265034298,0.9653861322289462,000008-0029
scale-000008,qualification-synthetic,g,62030.0,21.18575838580609,0.9850665477964204,000008-0030
scale-000008,qualification-synthetic,g,62031.0,20.4404780933281,1.1501849130455435,000008-0031
scale-000009,qualification-synthetic,g,62000.0,21.374340717036763,0.8810215316070242,000009-0000
scale-000009,qualification-synthetic,g,62001.0,20.335237536269606,1.074027105931212,000009-0001
scale-000009,qualification-synthetic,g,62002.0,19.64735870552263,0.9393779917627741,000009-0002
scale-000009,qualification-synthetic,g,62003.0,17.621965422885,1.1632370666656615,000009-0003
scale-000009,qualification-synthetic,g,62004.0,20.461237604015004,1.0449346998388713,000009-0004
scale-000009,qualification-synthetic,g,62005.0,21.070427905446664,0.9864834289360397,000009-0005
scale-000009,qualification-synthetic,g,62006.0,21.145251601341425,0.9675408934000912,000009-0006
scale-000009,qualification-synthetic,g,62007.0,20.142362660100382,1.1099706090286037,000009-0007
scale-000009,qualification-synthetic,g,62008.0,18.6680963064302,0.8729984811021451,000009-0008
scale-000009,qualification-synthetic,g,62009.0,22.588647014591707,1.0149063975191799,000009-0009
scale-000009,qualification-synthetic,g,62010.0,21.03369248188348,1.0271174637051625,000009-0010
scale-000009,qualification-synthetic,g,62011.0,21.713417075017418,0.9895430217863896,000009-0011
scale-000009,qualification-synthetic,g,62012.0,21.477107823524797,0.9284298350167406,000009-0012
scale-000009,qualification-synthetic,g,62013.0,20.89233963135584,0.9890104255767281,000009-0013
scale-000009,qualification-synthetic,g,62014.0,19.40938191629256,1.185630997752505,000009-0014
scale-000009,qualification-synthetic,g,62015.0,19.184441821508194,1.0715413058173031,000009-0015
scale-000009,qualification-synthetic,g,62016.0,21.303045516637088,1.1362493665133786,000009-0016
scale-000009,qualification-synthetic,g,62017.0,19.56472419648154,0.8977139346695306,000009-0017
scale-000009,qualification-synthetic,g,62018.0,21.643444891129914,0.9746883318059343,000009-0018
scale-000009,qualification-synthetic,g,62019.0,20.003217613159087,1.1284171071815081,000009-0019
scale-000009,qualification-synthetic,g,62020.0,21.187415263384803,0.9055465158395485,000009-0020
scale-000009,qualification-synthetic,g,62021.0,20.404040000518,0.9857074475621824,000009-0021
scale-000009,qualification-synthetic,g,62022.0,20.266418427860195,0.9187408086570666,000009-0022
scale-000009,qualification-synthetic,g,62023.0,18.94350737724136,0.824986111379129,000009-0023
scale-000009,qualification-synthetic,g,62024.0,20.12540022814178,1.1167173876926366,000009-0024
scale-000009,qualification-synthetic,g,62025.0,20.20584906658807,1.088837175839222,000009-0025
scale-000009,qualification-synthetic,g,62026.0,16.45045806822827,1.0410131925158683,000009-0026
scale-000009,qualification-synthetic,g,62027.0,19.239563490633223,1.150357117683373,000009-0027
scale-000009,qualification-synthetic,g,62028.0,20.572891702139554,1.1966832278286743,000009-0028
scale-000009,qualification-synthetic,g,62029.0,21.81122782132293,1.056061850769335,000009-0029
scale-000009,qualification-synthetic,g,62030.0,21.085871680925305,1.0837080323439872,000009-0030
scale-000009,qualification-synthetic,g,62031.0,20.519299952219733,1.0449845909483988,000009-0031
scale-000010,qualification-synthetic,g,62000.0,19.484506327728884,0.9719448344587691,000010-0000
scale-000010,qualification-synthetic,g,62001.0,20.26214145624057,1.1290706727377804,000010-0001
scale-000010,qualification-synthetic,g,62002.0,20.30287031994416,1.0874792832500613,000010-0002
scale-000010,qualification-synthetic,g,62003.0,21.590834970190958,0.8114149981371233,000010-0003
scale-000010,qualification-synthetic,g,62004.0,20.14578403818913,0.9085322511291046,000010-0004
scale-000010,qualification-synthetic,g,62005.0,18.679078427506557,0.8858466785167884,000010-0005
scale-000010,qualification-synthetic,g,62006.0,19.886452105296765,1.0480060854261009,000010-0006
scale-000010,qualification-synthetic,g,62007.0,19.406762969138775,1.1744528222581256,000010-0007
scale-000010,qualification-synthetic,g,62008.0,22.232287928917934,1.1378380182701442,000010-0008
scale-000010,qualification-synthetic,g,62009.0,20.590709232857815,0.8851986391424757,000010-0009
scale-000010,qualification-synthetic,g,62010.0,20.405243297746456,1.197235358461238,000010-0010
scale-000010,qualification-synthetic,g,62011.0,18.460955332844005,0.8546739463168778,000010-0011
scale-000010,qualification-synthetic,g,62012.0,19.90327088870198,1.0405428017171843,000010-0012
scale-000010,qualification-synthetic,g,62013.0,21.060451555196398,0.8570102807296569,000010-0013
scale-000010,qualification-synthetic,g,62014.0,21.17328525468774,1.1563791871730529,000010-0014
scale-000010,qualification-synthetic,g,62015.0,19.84872200936245,0.9634470944528346,000010-0015
scale-000010,qualification-synthetic,g,62016.0,19.17834419729856,0.872236320587534,000010-0016
scale-000010,qualification-synthetic,g,62017.0,21.193512966024834,0.81236810464266,000010-0017
scale-000010,qualification-synthetic,g,62018.0,23.37065493314346,1.199318787976391,000010-0018
scale-000010,qualification-synthetic,g,62019.0,18.939846544379357,1.1603847321487029,000010-0019
scale-000010,qualification-synthetic,g,62020.0,12.672222648597218,0.8606285586204192,000010-0020
scale-000010,qualification-synthetic,g,62021.0,19.365502846332163,1.143221436724438,000010-0021
scale-000010,qualification-synthetic,g,62022.0,18.685242294952268,0.8508222788182334,000010-0022
scale-000010,qualification-synthetic,g,62023.0,20.151378976093707,1.0304149478291318,000010-0023
scale-000010,qualification-synthetic,g,62024.0,17.47222346905994,1.0876549873571992,000010-0024
scale-000010,qualification-synthetic,g,62025.0,18.431378394818793,1.117312439719312,000010-0025
scale-000010,qualification-synthetic,g,62026.0,19.7390674342745,0.9792982105766208,000010-0026
scale-000010,qualification-synthetic,g,62027.0,20.02578644526314,0.8930377730346505,000010-0027
scale-000010,qualification-synthetic,g,62028.0,19.919194721134595,0.9797149041982136,000010-0028
scale-000010,qualification-synthetic,g,62029.0,19.936083984133692,1.155233003301625,000010-0029
scale-000010,qualification-synthetic,g,62030.0,19.754538530001657,1.0096800899631493,000010-0030
scale-000010,qualification-synthetic,g,62031.0,20.449068409223358,0.8715266648422727,000010-0031
scale-000011,qualification-synthetic,g,62000.0,24.81615469172557,1.048826656383415,000011-0000
scale-000011,qualification-synthetic,g,62001.0,20.544216513324578,0.9675827285622488,000011-0001
scale-000011,qualification-synthetic,g,62002.0,19.940919705681903,0.8850011706384245,000011-0002
scale-000011,qualification-synthetic,g,62003.0,20.299092456943345,1.1908156270502295,000011-0003
scale-000011,qualification-synthetic,g,62004.0,19.821801732760253,1.0109118345455461,000011-0004
scale-000011,qualification-synthetic,g,62005.0,19.57697803773919,0.8381596528476822,000011-0005
scale-000011,qualification-synthetic,g,62006.0,19.170658058596228,0.9010948438002141,000011-0006
scale-000011,qualification-synthetic,g,62007.0,19.44237376365138,1.0896201080851062,000011-0007
scale-000011,qualification-synthetic,g,62008.0,21.086078683851458,0.8848606639439501,000011-0008
scale-000011,qualification-synthetic,g,62009.0,20.8037628153272,1.1310891226609843,000011-0009
scale-000011,qualification-synthetic,g,62010.0,18.325474646319094,1.085550715310008,000011-0010
scale-000011,qualification-synthetic,g,62011.0,19.237129600864186,1.159894574286198,000011-0011
scale-000011,qualification-synthetic,g,62012.0,21.010126607714753,1.1153992017044476,000011-0012
scale-000011,qualification-synthetic,g,62013.0,19.745789852192242,1.0279185312510783,000011-0013
scale-000011,qualification-synthetic,g,62014.0,19.322048882946913,0.9949110242432488,000011-0014
scale-000011,qualification-synthetic,g,62015.0,19.94493750939455,0.8502331160947335,000011-0015
scale-000011,qualification-synthetic,g,62016.0,19.50742834092065,1.1564013921562697,000011-0016
scale-000011,qualification-synthetic,g,62017.0,20.049453770911416,0.9478169056047949,000011-0017
scale-000011,qualification-synthetic,g,62018.0,20.266156867340563,1.1826357896243407,000011-0018
scale-000011,qualification-synthetic,g,62019.0,19.54623521453593,1.0997331673764315,000011-0019
scale-000011,qualification-synthetic,g,62020.0,18.62496107645511,1.0645808934741714,000011-0020
scale-000011,qualification-synthetic,g,62021.0,19.648827794050046,0.9557191969998697,000011-0021
scale-000011,qualification-synthetic,g,62022.0,22.66230558458568,1.172680908910211,000011-0022
scale-000011,qualification-synthetic,g,62023.0,17.538238534722616,0.9623359880106181,000011-0023
scale-000011,qualification-synthetic,g,62024.0,19.430088592905886,1.1931147729923317,000011-0024
scale-000011,qualification-synthetic,g,62025.0,19.36772171603576,0.8226543201515907,000011-0025
scale-000011,qualification-synthetic,g,62026.0,19.891378650576463,0.9473475657511277,000011-0026
scale-000011,qualification-synthetic,g,62027.0,20.712105426910426,0.8672393138941485,000011-0027
scale-000011,qualification-synthetic,g,62028.0,19.87368217067074,1.1197079007170174,000011-0028
scale-000011,qualification-synthetic,g,62029.0,22.207068979552098,1.1566013241239712,000011-0029
scale-000011,qualification-synthetic,g,62030.0,19.6307210234966,0.9321367918577266,000011-0030
scale-000011,qualification-synthetic,g,62031.0,19.88892461323524,1.1496608465416671,000011-0031
scale-000012,qualification-synthetic,g,62000.0,18.754417033800898,0.9822488792812714,000012-0000
scale-000012,qualification-synthetic,g,62001.0,20.645330813335566,0.93461851767635,000012-0001
scale-000012,qualification-synthetic,g,62002.0,20.691283254146544,1.0131041354893178,000012-0002
scale-000012,qualification-synthetic,g,62003.0,20.744587136633562,0.9314005001465865,000012-0003
scale-000012,qualification-synthetic,g,62004.0,19.840244752214943,0.8290412249089912,000012-0004
scale-000012,qualification-synthetic,g,62005.0,19.942089031179375,1.1514190947301381,000012-0005
scale-000012,qualification-synthetic,g,62006.0,18.807910143186927,1.0079732482324877,000012-0006
scale-000012,qualification-synthetic,g,62007.0,18.268865163857086,0.92757036561554,000012-0007
scale-000012,qualification-synthetic,g,62008.0,19.72231413776982,0.9444269134836928,000012-0008
scale-000012,qualification-synthetic,g,62009.0,21.06144748097798,0.8642121349883972,000012-0009
scale-000012,qualification-synthetic,g,62010.0,18.835597480547086,1.1844795717428476,000012-0010
scale-000012,qualification-synthetic,g,62011.0,18.609191955091244,1.1371913797637316,000012-0011
scale-000012,qualification-synthetic,g,62012.0,20.015135980023945,1.1674104688934537,000012-0012
scale-000012,qualification-synthetic,g,62013.0,20.370217807494065,1.0979061663201994,000012-0013
scale-000012,qualification-synthetic,g,62014.0,21.6874254538641,1.1429647546648471,000012-0014
scale-000012,qualification-synthetic,g,62015.0,21.35904835027018,0.9731255422460843,000012-0015
scale-000012,qualification-synthetic,g,62016.0,19.347727039475437,1.112777825134786,000012-0016
scale-000012,qualification-synthetic,g,62017.0,21.006967887591426,1.1396511754371106,000012-0017
scale-000012,qualification-synthetic,g,62018.0,19.680956571657937,1.018490738016724,000012-0018
scale-000012,qualification-synthetic,g,62019.0,19.76278629155601,1.0726135581021197,000012-0019
scale-000012,qualification-synthetic,g,62020.0,20.374745571920105,0.9035456092365501,000012-0020
scale-000012,qualification-synthetic,g,62021.0,19.41907334802901,1.103221661289487,000012-0021
scale-000012,qualification-synthetic,g,62022.0,19.64345275282344,0.9222170424041937,000012-0022
scale-000012,qualification-synthetic,g,62023.0,20.530205571059543,0.9477382821230061,000012-0023
scale-000012,qualification-synthetic,g,62024.0,22.300892286425015,1.0324883433920014,000012-0024
scale-000012,qualification-synthetic,g,62025.0,19.510707643186898,0.952114196662045,000012-0025
scale-000012,qualification-synthetic,g,62026.0,20.943331288924153,1.1321784904782346,000012-0026
scale-000012,qualification-synthetic,g,62027.0,19.768021611616565,1.0921930313705304,000012-0027
scale-000012,qualification-synthetic,g,62028.0,20.66076384413884,0.894127568554005,000012-0028
scale-000012,qualification-synthetic,g,62029.0,20.825122214612318,0.8595324138947741,000012-0029
scale-000012,qualification-synthetic,g,62030.0,21.29093136610893,1.1811594315772798,000012-0030
scale-000012,qualification-synthetic,g,62031.0,19.48964934300613,0.8119518117393327,000012-0031
scale-000013,qualification-synthetic,g,62000.0,16.353944221301603,1.1475923449040195,000013-0000
scale-000013,qualification-synthetic,g,62001.0,16.921184064696117,1.1303135176844363,000013-0001
scale-000013,qualification-synthetic,g,62002.0,20.634201689772244,1.1002302883460855,000013-0002
scale-000013,qualification-synthetic,g,62003.0,19.299148207181332,1.1082285063874784,000013-0003
scale-000013,qualification-synthetic,g,62004.0,18.694688188092854,1.1996552139377195,000013-0004
scale-000013,qualification-synthetic,g,62005.0,20.034824225194413,1.1813652668294865,000013-0005
scale-000013,qualification-synthetic,g,62006.0,19.142463667856795,0.8083770029268134,000013-0006
scale-000013,qualification-synthetic,g,62007.0,20.000181189494096,0.8804353409560853,000013-0007
scale-000013,qualification-synthetic,g,62008.0,20.914499183594796,1.18155853321807,000013-0008
scale-000013,qualification-synthetic,g,62009.0,20.57293942828872,1.110026687779711,000013-0009
scale-000013,qualification-synthetic,g,62010.0,20.338907139016534,0.954518750079792,000013-0010
scale-000013,qualification-synthetic,g,62011.0,18.890646354801085,1.1767891572900246,000013-0011
scale-000013,qualification-synthetic,g,62012.0,20.37716072949612,1.1518214507741655,000013-0012
scale-000013,qualification-synthetic,g,62013.0,20.680281027433146,0.8217824314525634,000013-0013
scale-000013,qualification-synthetic,g,62014.0,16.819074525615882,1.1779126380081038,000013-0014
scale-000013,qualification-synthetic,g,62015.0,19.899084091491712,0.8158097110780202,000013-0015
scale-000013,qualification-synthetic,g,62016.0,20.707596127429024,1.165033485245206,000013-0016
scale-000013,qualification-synthetic,g,62017.0,19.014549952419536,0.8357935014946045,000013-0017
scale-000013,qualification-synthetic,g,62018.0,19.94533569662528,0.97268369981985,000013-0018
scale-000013,qualification-synthetic,g,62019.0,19.642018342309772,0.8326568392782128,000013-0019
scale-000013,qualification-synthetic,g,62020.0,21.083121924144137,1.0159620969551413,000013-0020
scale-000013,qualification-synthetic,g,62021.0,18.994806908071265,0.9135811908222777,000013-0021
scale-000013,qualification-synthetic,g,62022.0,20.5676932957408,0.8600107730017508,000013-0022
scale-000013,qualification-synthetic,g,62023.0,20.82353658444234,1.1964627395447922,000013-0023
scale-000013,qualification-synthetic,g,62024.0,19.464216343571394,1.0798304189757544,000013-0024
scale-000013,qualification-synthetic,g,62025.0,20.490009256342006,0.9431892027829306,000013-0025
scale-000013,qualification-synthetic,g,62026.0,19.60845516608802,0.829600736276891,000013-0026
scale-000013,qualification-synthetic,g,62027.0,19.068080016979067,1.118060659216913,000013-0027
scale-000013,qualification-synthetic,g,62028.0,20.02746891457566,1.1650520386715832,000013-0028
scale-000013,qualification-synthetic,g,62029.0,19.07046898956352,1.1006494963858304,000013-0029
scale-000013,qualification-synthetic,g,62030.0,20.358021408829636,0.8488907706437927,000013-0030
scale-000013,qualification-synthetic,g,62031.0,18.99919269152194,0.9861983121684157,000013-0031
scale-000014,qualification-synthetic,g,62000.0,18.959685700948828,0.9614294583460955,000014-0000
scale-000014,qualification-synthetic,g,62001.0,19.77831107371019,0.8201347176875781,000014-0001
scale-000014,qualification-synthetic,g,62002.0,21.717019047165593,0.9498772579546745,000014-0002
scale-000014,qualification-synthetic,g,62003.0,19.636819084370128,0.8453132377875925,000014-0003
scale-000014,qualification-synthetic,g,62004.0,20.416632617135054,1.1692704871457467,000014-0004
scale-000014,qualification-synthetic,g,62005.0,20.282110110676,1.0781809898734358,000014-0005
scale-000014,qualification-synthetic,g,62006.0,20.21167657942382,1.1672002925597562,000014-0006
scale-000014,qualification-synthetic,g,62007.0,20.249077717109923,0.8891656812083716,000014-0007
scale-000014,qualification-synthetic,g,62008.0,19.993480092143812,1.104757930983107,000014-0008
scale-000014,qualification-synthetic,g,62009.0,21.018427434451944,0.9751936470889365,000014-0009
scale-000014,qualification-synthetic,g,62010.0,20.517241851789382,0.8004980103663926,000014-0010
scale-000014,qualification-synthetic,g,62011.0,20.182322403254116,0.9966192838738492,000014-0011
scale-000014,qualification-synthetic,g,62012.0,20.781247573272456,1.1744721162973035,000014-0012
scale-000014,qualification-synthetic,g,62013.0,19.59667569393126,0.9677186484232133,000014-0013
scale-000014,qualification-synthetic,g,62014.0,20.909848650171863,0.9312221253340355,000014-0014
scale-000014,qualification-synthetic,g,62015.0,21.44480876938385,0.9746551610439779,000014-0015
scale-000014,qualification-synthetic,g,62016.0,18.862711092963757,0.9488777013711317,000014-0016
scale-000014,qualification-synthetic,g,62017.0,20.17052772821317,0.8551733484125703,000014-0017
scale-000014,qualification-synthetic,g,62018.0,21.395342941327524,1.0453110849319955,000014-0018
scale-000014,qualification-synthetic,g,62019.0,20.024446314897894,0.923853155971237,000014-0019
scale-000014,qualification-synthetic,g,62020.0,20.66254124899447,0.8354239453479322,000014-0020
scale-000014,qualification-synthetic,g,62021.0,21.067986367519488,1.1694607886749462,000014-0021
scale-000014,qualification-synthetic,g,62022.0,19.269294640454874,0.9243330800468523,000014-0022
scale-000014,qualification-synthetic,g,62023.0,19.429815159252712,1.1530427292055403,000014-0023
scale-000014,qualification-synthetic,g,62024.0,21.151572679365866,1.0509763630164077,000014-0024
scale-000014,qualification-synthetic,g,62025.0,19.874523878455058,0.9352928669551387,000014-0025
scale-000014,qualification-synthetic,g,62026.0,21.203086260827032,1.1134409492314785,000014-0026
scale-000014,qualification-synthetic,g,62027.0,22.042893281479188,1.1952704127369647,000014-0027
scale-000014,qualification-synthetic,g,62028.0,19.63279159301072,0.9201464846662581,000014-0028
scale-000014,qualification-synthetic,g,62029.0,20.180631261309355,0.8423728546930637,000014-0029
scale-000014,qualification-synthetic,g,62030.0,20.05363844923684,0.956806209241694,000014-0030
scale-000014,qualification-synthetic,g,62031.0,19.78481415986148,0.9765798256367904,000014-0031
scale-000015,qualification-synthetic,g,62000.0,19.36336567654839,1.164653199941506,000015-0000
scale-000015,qualification-synthetic,g,62001.0,20.0666935010263,0.8148252361582494,000015-0001
scale-000015,qualification-synthetic,g,62002.0,19.260489339855386,0.8754729081567931,000015-0002
scale-000015,qualification-synthetic,g,62003.0,17.531209321424516,1.1663670714321812,000015-0003
scale-000015,qualification-synthetic,g,62004.0,20.91077809871775,0.8412253119340685,000015-0004
scale-000015,qualification-synthetic,g,62005.0,18.84128887415722,1.1267468389708848,000015-0005
scale-000015,qualification-synthetic,g,62006.0,20.60676503794741,1.1331713598703461,000015-0006
scale-000015,qualification-synthetic,g,62007.0,19.834372768306014,0.959779506483128,000015-0007
scale-000015,qualification-synthetic,g,62008.0,20.8565972031333,1.1692673776796618,000015-0008
scale-000015,qualification-synthetic,g,62009.0,20.015741465385993,1.1684357716783462,000015-0009
scale-000015,qualification-synthetic,g,62010.0,19.991507595226015,0.8181179245698352,000015-0010
scale-000015,qualification-synthetic,g,62011.0,18.23733492067573,1.0108624016808243,000015-0011
scale-000015,qualification-synthetic,g,62012.0,21.217469443406877,1.0448303967921388,000015-0012
scale-000015,qualification-synthetic,g,62013.0,21.061611379508687,1.0307583352324965,000015-0013
scale-000015,qualification-synthetic,g,62014.0,19.87630348707283,0.8274000807248918,000015-0014
scale-000015,qualification-synthetic,g,62015.0,19.988945130961774,0.9315751884687042,000015-0015
scale-000015,qualification-synthetic,g,62016.0,20.37018822767082,1.0546914660471562,000015-0016
scale-000015,qualification-synthetic,g,62017.0,19.24279630549055,0.9855014381011755,000015-0017
scale-000015,qualification-synthetic,g,62018.0,19.899677307863474,0.890403492809733,000015-0018
scale-000015,qualification-synthetic,g,62019.0,22.53283600129157,0.95372768697889,000015-0019
scale-000015,qualification-synthetic,g,62020.0,19.52733350531498,0.8325240909036915,000015-0020
scale-000015,qualification-synthetic,g,62021.0,20.347035199255345,0.957671408463217,000015-0021
scale-000015,qualification-synthetic,g,62022.0,18.153672635993807,0.9705089367962556,000015-0022
scale-000015,qualification-synthetic,g,62023.0,19.41147062234493,1.0208627887453057,000015-0023
scale-000015,qualification-synthetic,g,62024.0,18.81953045547262,0.9998737681169558,000015-0024
scale-000015,qualification-synthetic,g,62025.0,19.37500979847363,1.0853333380733914,000015-0025
scale-000015,qualification-synthetic,g,62026.0,19.34083497572044,0.8161076375232201,000015-0026
scale-000015,qualification-synthetic,g,62027.0,20.342012443891118,0.9924436216446073,000015-0027
scale-000015,qualification-synthetic,g,62028.0,22.81583907685462,0.9610968493919844,000015-0028
scale-000015,qualification-synthetic,g,62029.0,20.494488546351402,1.0962930337760932,000015-0029
scale-000015,qualification-synthetic,g,62030.0,22.42689386012334,0.8027118562026911,000015-0030
scale-000015,qualification-synthetic,g,62031.0,19.835749164147828,0.9478633017525349,000015-0031
scale-000016,qualification-synthetic,g,62000.0,19.45684447428012,0.8820238073090274,000016-0000
scale-000016,qualification-synthetic,g,62001.0,19.71970161149102,1.1372230001159886,000016-0001
scale-000016,qualification-synthetic,g,62002.0,21.634499767043728,0.8631661916768097,000016-0002
scale-000016,qualification-synthetic,g,62003.0,19.910561686386014,1.1519602176167716,000016-0003
scale-000016,qualification-synthetic,g,62004.0,19.40888415352466,0.9899808718642689,000016-0004
scale-000016,qualification-synthetic,g,62005.0,21.926046206904903,1.1471967863429602,000016-0005
scale-000016,qualification-synthetic,g,62006.0,19.4817355436173,0.9092697619841811,000016-0006
scale-000016,qualification-synthetic,g,62007.0,19.375182699080515,0.9659200849412763,000016-0007
scale-000016,qualification-synthetic,g,62008.0,18.182955942782517,1.0990395927150038,000016-0008
scale-000016,qualification-synthetic,g,62009.0,22.641339221272307,1.106704692086829,000016-0009
scale-000016,qualification-synthetic,g,62010.0,20.145068155456404,1.0983039981520686,000016-0010
scale-000016,qualification-synthetic,g,62011.0,19.965499214974955,1.0600475868467016,000016-0011
scale-000016,qualification-synthetic,g,62012.0,20.61325226355281,1.1246373462915729,000016-0012
scale-000016,qualification-synthetic,g,62013.0,19.973138081349607,1.0048839303644885,000016-0013
scale-000016,qualification-synthetic,g,62014.0,20.544155574910654,0.8745435611165656,000016-0014
scale-000016,qualification-synthetic,g,62015.0,17.66005051668537,1.0040385401897647,000016-0015
scale-000016,qualification-synthetic,g,62016.0,19.926798560381386,0.9585460892909006,000016-0016
scale-000016,qualification-synthetic,g,62017.0,19.027508673540126,1.0471272283946083,000016-0017
scale-000016,qualification-synthetic,g,62018.0,19.972183795823284,1.1376593959603023,000016-0018
scale-000016,qualification-synthetic,g,62019.0,21.58540263735588,0.8810934427527953,000016-0019
scale-000016,qualification-synthetic,g,62020.0,19.648321795241312,0.9000936041834514,000016-0020
scale-000016,qualification-synthetic,g,62021.0,18.01629246505517,1.1707036369656876,000016-0021
scale-000016,qualification-synthetic,g,62022.0,19.54147728929378,1.0389588281804474,000016-0022
scale-000016,qualification-synthetic,g,62023.0,19.653151190014103,0.8999987546217509,000016-0023
scale-000016,qualification-synthetic,g,62024.0,18.941226533662892,1.0717492131751358,000016-0024
scale-000016,qualification-synthetic,g,62025.0,20.453499381938908,0.865034204765881,000016-0025
scale-000016,qualification-synthetic,g,62026.0,20.49800519971701,1.0675895977334777,000016-0026
scale-000016,qualification-synthetic,g,62027.0,19.396889948306043,1.0109753318827686,000016-0027
scale-000016,qualification-synthetic,g,62028.0,20.41273085262705,0.829544498204864,000016-0028
scale-000016,qualification-synthetic,g,62029.0,21.523804661525958,1.1050541494532944,000016-0029
scale-000016,qualification-synthetic,g,62030.0,20.356233060776944,1.1757042488925489,000016-0030
scale-000016,qualification-synthetic,g,62031.0,20.704282902836397,0.8297476168565563,000016-0031
scale-000017,qualification-synthetic,g,62000.0,21.36815091289632,1.0667068124096653,000017-0000
scale-000017,qualification-synthetic,g,62001.0,20.15704544735993,1.0536425906242215,000017-0001
scale-000017,qualification-synthetic,g,62002.0,19.137246784623645,0.8634508910374904,000017-0002
scale-000017,qualification-synthetic,g,62003.0,19.355727870245495,0.8512857775478712,000017-0003
scale-000017,qualification-synthetic,g,62004.0,21.06050555478,1.1754412213480616,000017-0004
scale-000017,qualification-synthetic,g,62005.0,22.722642527155436,1.082463982398307,000017-0005
scale-000017,qualification-synthetic,g,62006.0,19.74321540323707,1.1332854571460582,000017-0006
scale-000017,qualification-synthetic,g,62007.0,20.592670024247095,1.0989034303193244,000017-0007
scale-000017,qualification-synthetic,g,62008.0,14.395713957454477,1.0906420466957547,000017-0008
scale-000017,qualification-synthetic,g,62009.0,19.823294730966392,0.8513932504131255,000017-0009
scale-000017,qualification-synthetic,g,62010.0,20.529669161911713,0.8545307983804221,000017-0010
scale-000017,qualification-synthetic,g,62011.0,18.965342012175483,0.8503189916711359,000017-0011
scale-000017,qualification-synthetic,g,62012.0,20.795295421823255,0.9611349743891565,000017-0012
scale-000017,qualification-synthetic,g,62013.0,22.438427842046966,0.8187578667577109,000017-0013
scale-000017,qualification-synthetic,g,62014.0,20.212595608068515,1.0195599067339511,000017-0014
scale-000017,qualification-synthetic,g,62015.0,20.900108551487705,1.1129387855583956,000017-0015
scale-000017,qualification-synthetic,g,62016.0,21.77557256377527,1.0321195618367685,000017-0016
scale-000017,qualification-synthetic,g,62017.0,19.920849173182557,1.0967443244647814,000017-0017
scale-000017,qualification-synthetic,g,62018.0,21.86811609452844,1.0317136426875808,000017-0018
scale-000017,qualification-synthetic,g,62019.0,20.07349708388985,1.1655684380778757,000017-0019
scale-000017,qualification-synthetic,g,62020.0,20.479250699932848,0.8539068254177162,000017-0020
scale-000017,qualification-synthetic,g,62021.0,19.38166500693924,0.8815649251468952,000017-0021
scale-000017,qualification-synthetic,g,62022.0,18.883855488204574,0.8307253426105308,000017-0022
scale-000017,qualification-synthetic,g,62023.0,18.241885580612863,0.9891317716654333,000017-0023
scale-000017,qualification-synthetic,g,62024.0,18.61048797020912,1.0551847018461333,000017-0024
scale-000017,qualification-synthetic,g,62025.0,19.019017593173906,0.9992596052606606,000017-0025
scale-000017,qualification-synthetic,g,62026.0,21.60402234322003,1.0828413812781752,000017-0026
scale-000017,qualification-synthetic,g,62027.0,19.972720178475974,1.1461168533766697,000017-0027
scale-000017,qualification-synthetic,g,62028.0,22.424790579607688,1.1833628716445679,000017-0028
scale-000017,qualification-synthetic,g,62029.0,18.47493184745657,1.0333582150271765,000017-0029
scale-000017,qualification-synthetic,g,62030.0,19.499957747597254,0.8891562586918852,000017-0030
scale-000017,qualification-synthetic,g,62031.0,19.16324093773186,1.1977772217673688,000017-0031
scale-000018,qualification-synthetic,g,62000.0,19.43862315241976,1.1269272498320602,000018-0000
scale-000018,qualification-synthetic,g,62001.0,19.364693950261277,1.0179563990200382,000018-0001
scale-000018,qualification-synthetic,g,62002.0,19.876983038095005,1.0554040203999773,000018-0002
scale-000018,qualification-synthetic,g,62003.0,20.846211697398992,0.990462995817383,000018-0003
scale-000018,qualification-synthetic,g,62004.0,18.60866564114667,1.1965579336561858,000018-0004
scale-000018,qualification-synthetic,g,62005.0,21.307099513098578,1.0152347124143155,000018-0005
scale-000018,qualification-synthetic,g,62006.0,18.921608081035156,0.9911934002668341,000018-0006
scale-000018,qualification-synthetic,g,62007.0,18.615986942316873,1.0009569726325322,000018-0007
scale-000018,qualification-synthetic,g,62008.0,21.72905808023156,0.9099456134077453,000018-0008
scale-000018,qualification-synthetic,g,62009.0,19.477520282019817,1.0560997950669515,000018-0009
scale-000018,qualification-synthetic,g,62010.0,20.43830205094548,0.9550691575105602,000018-0010
scale-000018,qualification-synthetic,g,62011.0,17.516881542531706,0.8330801187455279,000018-0011
scale-000018,qualification-synthetic,g,62012.0,18.8125801295073,1.0262377646080942,000018-0012
scale-000018,qualification-synthetic,g,62013.0,19.298708531339386,1.175378986450205,000018-0013
scale-000018,qualification-synthetic,g,62014.0,20.994174225464615,1.1968214915581314,000018-0014
scale-000018,qualification-synthetic,g,62015.0,20.25233335795611,1.1688298340804355,000018-0015
scale-000018,qualification-synthetic,g,62016.0,20.09727188235499,0.9073122528987574,000018-0016
scale-000018,qualification-synthetic,g,62017.0,19.88369283843354,1.0601430021955474,000018-0017
scale-000018,qualification-synthetic,g,62018.0,19.033945919407508,0.9374739241609246,000018-0018
scale-000018,qualification-synthetic,g,62019.0,18.895472479394197,1.103022013086371,000018-0019
scale-000018,qualification-synthetic,g,62020.0,20.30560825117481,1.0178581577410533,000018-0020
scale-000018,qualification-synthetic,g,62021.0,20.844312336240634,0.9043181910272102,000018-0021
scale-000018,qualification-synthetic,g,62022.0,18.822384320227602,0.904422732943496,000018-0022
scale-000018,qualification-synthetic,g,62023.0,14.995207555007777,1.1828153476038352,000018-0023
scale-000018,qualification-synthetic,g,62024.0,19.900253728154823,1.027717811030509,000018-0024
scale-000018,qualification-synthetic,g,62025.0,20.59303870148772,0.9569327952411253,000018-0025
scale-000018,qualification-synthetic,g,62026.0,19.481852997858308,1.1164971457926023,000018-0026
scale-000018,qualification-synthetic,g,62027.0,21.255265474633994,0.9918183461795569,000018-0027
scale-000018,qualification-synthetic,g,62028.0,21.76610619174542,1.0184728152389317,000018-0028
scale-000018,qualification-synthetic,g,62029.0,21.12955231950448,0.955758372504439,000018-0029
scale-000018,qualification-synthetic,g,62030.0,19.957488677728385,1.0066831194064145,000018-0030
scale-000018,qualification-synthetic,g,62031.0,21.04066470419974,1.166697238277608,000018-0031
scale-000019,qualification-synthetic,g,62000.0,20.438227945166155,0.8986196843201583,000019-0000
scale-000019,qualification-synthetic,g,62001.0,17.212822163630516,0.8819955491058123,000019-0001
scale-000019,qualification-synthetic,g,62002.0,19.51106022620992,1.156177415591648,000019-0002
scale-000019,qualification-synthetic,g,62003.0,20.05153028164121,0.8493302152594204,000019-0003
scale-000019,qualification-synthetic,g,62004.0,19.1301379127741,0.9906561229561377,000019-0004
scale-000019,qualification-synthetic,g,62005.0,19.60808476922346,0.8759034595627809,000019-0005
scale-000019,qualification-synthetic,g,62006.0,21.16167905516624,0.9322109667259447,000019-0006
scale-000019,qualification-synthetic,g,62007.0,19.721089457777342,0.8230494217290367,000019-0007
scale-000019,qualification-synthetic,g,62008.0,17.623910123327196,0.969453236557565,000019-0008
scale-000019,qualification-synthetic,g,62009.0,18.488041469494835,1.1647470060326506,000019-0009
scale-000019,qualification-synthetic,g,62010.0,20.750245045222783,0.9431172239283232,000019-0010
scale-000019,qualification-synthetic,g,62011.0,19.46593613088872,0.9796627707808907,000019-0011
scale-000019,qualification-synthetic,g,62012.0,20.318024724844587,1.0832840024237098,000019-0012
scale-000019,qualification-synthetic,g,62013.0,20.24762705415595,0.8584023385876708,000019-0013
scale-000019,qualification-synthetic,g,62014.0,18.784718345779375,1.1342097027693003,000019-0014
scale-000019,qualification-synthetic,g,62015.0,19.526558165282403,1.154160920664515,000019-0015
scale-000019,qualification-synthetic,g,62016.0,19.711997453827557,1.1588932024061014,000019-0016
scale-000019,qualification-synthetic,g,62017.0,19.619978944466194,0.9894426950800334,000019-0017
scale-000019,qualification-synthetic,g,62018.0,20.02547122075465,0.9032225903959132,000019-0018
scale-000019,qualification-synthetic,g,62019.0,19.790825428538547,0.8133239521911875,000019-0019
scale-000019,qualification-synthetic,g,62020.0,19.82022382843593,1.1679132453836492,000019-0020
scale-000019,qualification-synthetic,g,62021.0,19.696714072702655,0.9644712978880852,000019-0021
scale-000019,qualification-synthetic,g,62022.0,19.675621787827566,0.8653791505849648,000019-0022
scale-000019,qualification-synthetic,g,62023.0,22.696571175479786,1.1661322715106521,000019-0023
scale-000019,qualification-synthetic,g,62024.0,20.932849017697727,1.1750878185381988,000019-0024
scale-000019,qualification-synthetic,g,62025.0,19.947931198147433,1.138900402810214,000019-0025
scale-000019,qualification-synthetic,g,62026.0,19.89294633723984,0.922681336306477,000019-0026
scale-000019,qualification-synthetic,g,62027.0,19.40484048355605,1.0089236468730858,000019-0027
scale-000019,qualification-synthetic,g,62028.0,19.21917190046647,1.1758634977804079,000019-0028
scale-000019,qualification-synthetic,g,62029.0,20.355989697691886,0.8707723552110539,000019-0029
scale-000019,qualification-synthetic,g,62030.0,22.109250856851922,0.8731245876687215,000019-0030
scale-000019,qualification-synthetic,g,62031.0,20.216899453985125,1.1511716435765873,000019-0031
scale-000020,qualification-synthetic,g,62000.0,19.1920297896689,0.8386270664757544,000020-0000
scale-000020,qualification-synthetic,g,62001.0,20.25017143517396,1.1490459253295193,000020-0001
scale-000020,qualification-synthetic,g,62002.0,19.844057227082654,1.0244611672905555,000020-0002
scale-000020,qualification-synthetic,g,62003.0,20.88603244301459,0.9772510564983695,000020-0003
scale-000020,qualification-synthetic,g,62004.0,19.28476638873275,1.1976094672313544,000020-0004
scale-000020,qualification-synthetic,g,62005.0,18.320100474977583,0.9493471995106586,000020-0005
scale-000020,qualification-synthetic,g,62006.0,19.756057485468418,0.8716033645977589,000020-0006
scale-000020,qualification-synthetic,g,62007.0,18.291656793570205,0.9008694966249987,000020-0007
scale-000020,qualification-synthetic,g,62008.0,19.45819233919147,0.822954829960884,000020-0008
scale-000020,qualification-synthetic,g,62009.0,20.98182808565381,1.1857978025837002,000020-0009
scale-000020,qualification-synthetic,g,62010.0,19.43617748102401,1.1223266620743115,000020-0010
scale-000020,qualification-synthetic,g,62011.0,18.583242940259087,1.1231236774238154,000020-0011
scale-000020,qualification-synthetic,g,62012.0,20.000511576167156,0.8848532462321139,000020-0012
scale-000020,qualification-synthetic,g,62013.0,18.16018283188632,0.8423855785569216,000020-0013
scale-000020,qualification-synthetic,g,62014.0,20.35369444905571,0.9874786446403275,000020-0014
scale-000020,qualification-synthetic,g,62015.0,20.67446226156252,1.0318786988384918,000020-0015
scale-000020,qualification-synthetic,g,62016.0,20.551907698144355,0.9999417136477303,000020-0016
scale-000020,qualification-synthetic,g,62017.0,21.597248246725012,1.0064661420884207,000020-0017
scale-000020,qualification-synthetic,g,62018.0,19.0863878774639,0.9329949121857443,000020-0018
scale-000020,qualification-synthetic,g,62019.0,20.151369721594765,1.1361530613472188,000020-0019
scale-000020,qualification-synthetic,g,62020.0,20.29209708308892,0.904482318129465,000020-0020
scale-000020,qualification-synthetic,g,62021.0,15.921571264355837,0.9741420172818936,000020-0021
scale-000020,qualification-synthetic,g,62022.0,20.964693762994163,0.861930790076484,000020-0022
scale-000020,qualification-synthetic,g,62023.0,21.02671455579149,1.1848560583649543,000020-0023
scale-000020,qualification-synthetic,g,62024.0,20.42380514805986,0.9460242921134387,000020-0024
scale-000020,qualification-synthetic,g,62025.0,18.84115577609386,0.8848727613266499,000020-0025
scale-000020,qualification-synthetic,g,62026.0,20.01413227365707,0.8163264781883118,000020-0026
scale-000020,qualification-synthetic,g,62027.0,20.752600989566503,0.8081561698470083,000020-0027
scale-000020,qualification-synthetic,g,62028.0,20.31196916402509,1.0465521778514906,000020-0028
scale-000020,qualification-synthetic,g,62029.0,18.0031903973171,1.1810899125595007,000020-0029
scale-000020,qualification-synthetic,g,62030.0,21.574041835182367,0.8944243069741893,000020-0030
scale-000020,qualification-synthetic,g,62031.0,19.64406180818018,1.0501052952186887,000020-0031
scale-000021,qualification-synthetic,g,62000.0,19.47545561997311,1.0300024668224708,000021-0000
scale-000021,qualification-synthetic,g,62001.0,20.112922801420744,1.048660286366621,000021-0001
scale-000021,qualification-synthetic,g,62002.0,18.797656169860204,1.136792760117204,000021-0002
scale-000021,qualification-synthetic,g,62003.0,19.26709259401261,0.9957766744761449,000021-0003
scale-000021,qualification-synthetic,g,62004.0,20.003415718819536,1.0775861293862972,000021-0004
scale-000021,qualification-synthetic,g,62005.0,20.076870370785073,0.8254459682074403,000021-0005
scale-000021,qualification-synthetic,g,62006.0,20.578481191455026,0.8524152620857504,000021-0006
scale-000021,qualification-synthetic,g,62007.0,20.33269577021578,1.1745490853409375,000021-0007
scale-000021,qualification-synthetic,g,62008.0,21.026682256756033,0.8039431406127021,000021-0008
scale-000021,qualification-synthetic,g,62009.0,20.30160126425063,0.8252293272954829,000021-0009
scale-000021,qualification-synthetic,g,62010.0,18.350911353659,0.8981878717783164,000021-0010
scale-000021,qualification-synthetic,g,62011.0,19.402040485362253,1.1459800114293117,000021-0011
scale-000021,qualification-synthetic,g,62012.0,20.425633646094113,0.8973742825131164,000021-0012
scale-000021,qualification-synthetic,g,62013.0,19.44706165771924,0.995935237543812,000021-0013
scale-000021,qualification-synthetic,g,62014.0,19.743295563055376,1.1505204692479538,000021-0014
scale-000021,qualification-synthetic,g,62015.0,19.75037230774503,1.1029783426840618,000021-0015
scale-000021,qualification-synthetic,g,62016.0,20.68378453751843,0.8466861204410245,000021-0016
scale-000021,qualification-synthetic,g,62017.0,20.22269265328619,1.152088376874032,000021-0017
scale-000021,qualification-synthetic,g,62018.0,18.30266323165218,0.9740373631641184,000021-0018
scale-000021,qualification-synthetic,g,62019.0,19.740738581382917,0.8793245051179401,000021-0019
scale-000021,qualification-synthetic,g,62020.0,20.448231419025714,0.9589803485734023,000021-0020
scale-000021,qualification-synthetic,g,62021.0,22.069910529166584,1.1743803818485696,000021-0021
scale-000021,qualification-synthetic,g,62022.0,19.76286139456984,0.8349795330740469,000021-0022
scale-000021,qualification-synthetic,g,62023.0,19.746836648889474,0.9680014224393542,000021-0023
scale-000021,qualification-synthetic,g,62024.0,20.317973091101592,0.8192735493952236,000021-0024
scale-000021,qualification-synthetic,g,62025.0,22.293316457648704,1.0504188175344726,000021-0025
scale-000021,qualification-synthetic,g,62026.0,22.18533829391562,1.0731124470706839,000021-0026
scale-000021,qualification-synthetic,g,62027.0,16.523897773653744,1.1023654051314344,000021-0027
scale-000021,qualification-synthetic,g,62028.0,18.810889797052035,0.9106697566871366,000021-0028
scale-000021,qualification-synthetic,g,62029.0,21.171092070722317,0.8944631739379156,000021-0029
scale-000021,qualification-synthetic,g,62030.0,20.3951196814096,0.9925159439589836,000021-0030
scale-000021,qualification-synthetic,g,62031.0,20.080182199778545,0.8756859434224599,000021-0031
scale-000022,qualification-synthetic,g,62000.0,20.97743185321631,1.0680224883447929,000022-0000
scale-000022,qualification-synthetic,g,62001.0,19.057384214430087,1.1956784322858498,000022-0001
scale-000022,qualification-synthetic,g,62002.0,18.876707491036576,1.1815217694270612,000022-0002
scale-000022,qualification-synthetic,g,62003.0,19.601998423542188,1.1917045257363732,000022-0003
scale-000022,qualification-synthetic,g,62004.0,19.39145914054422,0.8168916861393788,000022-0004
scale-000022,qualification-synthetic,g,62005.0,18.62759228949099,1.1161071344248599,000022-0005
scale-000022,qualification-synthetic,g,62006.0,22.010403220813124,1.1154980782680628,000022-0006
scale-000022,qualification-synthetic,g,62007.0,19.298458819314792,0.8994877001252414,000022-0007
scale-000022,qualification-synthetic,g,62008.0,16.95064191398503,0.9477474326825717,000022-0008
scale-000022,qualification-synthetic,g,62009.0,20.962863273599652,0.8194488442646417,000022-0009
scale-000022,qualification-synthetic,g,62010.0,19.63386003700575,0.8921827991010922,000022-0010
scale-000022,qualification-synthetic,g,62011.0,19.256429406037185,1.1089359597102684,000022-0011
scale-000022,qualification-synthetic,g,62012.0,21.32216707294547,0.8984087088389107,000022-0012
scale-000022,qualification-synthetic,g,62013.0,20.582134963334227,0.9623057199218962,000022-0013
scale-000022,qualification-synthetic,g,62014.0,21.384789205423072,1.061230586148947,000022-0014
scale-000022,qualification-synthetic,g,62015.0,20.758417457703885,0.814591493528964,000022-0015
scale-000022,qualification-synthetic,g,62016.0,19.610067954626597,1.0317687388693821,000022-0016
scale-000022,qualification-synthetic,g,62017.0,21.067929924386284,1.193943520131522,000022-0017
scale-000022,qualification-synthetic,g,62018.0,18.963841287091146,0.8223660714913253,000022-0018
scale-000022,qualification-synthetic,g,62019.0,19.03801070059606,0.8167125336674407,000022-0019
scale-000022,qualification-synthetic,g,62020.0,20.222330785117677,0.8424062155919961,000022-0020
scale-000022,qualification-synthetic,g,62021.0,18.846064678916115,1.0697142071105827,000022-0021
scale-000022,qualification-synthetic,g,62022.0,20.325455955824967,0.9308350429602307,000022-0022
scale-000022,qualification-synthetic,g,62023.0,20.376515831420605,1.1627130431018329,000022-0023
scale-000022,qualification-synthetic,g,62024.0,17.518693992201353,1.1321334648068448,000022-0024
scale-000022,qualification-synthetic,g,62025.0,20.249552706853677,0.9934700963700045,000022-0025
scale-000022,qualification-synthetic,g,62026.0,18.635895834929176,0.9775812886123094,000022-0026
scale-000022,qualification-synthetic,g,62027.0,19.395913310315848,1.000816468832265,000022-0027
scale-000022,qualification-synthetic,g,62028.0,17.95806240002587,1.0360332446037686,000022-0028
scale-000022,qualification-synthetic,g,62029.0,20.043475399878766,1.0074295777183189,000022-0029
scale-000022,qualification-synthetic,g,62030.0,22.20838203003971,0.8483819699618496,000022-0030
scale-000022,qualification-synthetic,g,62031.0,20.57234018091879,0.8904083438465441,000022-0031
scale-000023,qualification-synthetic,g,62000.0,20.19154976615754,1.1919327578380374,000023-0000
scale-000023,qualification-synthetic,g,62001.0,18.25246816075218,1.021488742137476,000023-0001
scale-000023,qualification-synthetic,g,62002.0,18.33738350065828,1.0461254203566555,000023-0002
scale-000023,qualification-synthetic,g,62003.0,20.70967837497307,0.9415745773737662,000023-0003
scale-000023,qualification-synthetic,g,62004.0,21.906694038735854,1.0278736141553237,000023-0004
scale-000023,qualification-synthetic,g,62005.0,20.477300686016843,1.1373776608475488,000023-0005
scale-000023,qualification-synthetic,g,62006.0,18.268141011208396,1.0595260267253592,000023-0006
scale-000023,qualification-synthetic,g,62007.0,20.9901400269968,0.902755387662066,000023-0007
scale-000023,qualification-synthetic,g,62008.0,21.6459184436589,0.8343378239791904,000023-0008
scale-000023,qualification-synthetic,g,62009.0,19.153010013633104,0.8331389194013512,000023-0009
scale-000023,qualification-synthetic,g,62010.0,20.294265424203374,0.966764444514569,000023-0010
scale-000023,qualification-synthetic,g,62011.0,24.813686905966573,1.0434432104849394,000023-0011
scale-000023,qualification-synthetic,g,62012.0,20.953132409467976,1.0964003005554575,000023-0012
scale-000023,qualification-synthetic,g,62013.0,19.723824857032106,0.8024729676660418,000023-0013
scale-000023,qualification-synthetic,g,62014.0,21.174037110405802,1.1683023876738625,000023-0014
scale-000023,qualification-synthetic,g,62015.0,20.50716543050717,1.0255351988902546,000023-0015
scale-000023,qualification-synthetic,g,62016.0,18.73589830227586,1.0510560381802274,000023-0016
scale-000023,qualification-synthetic,g,62017.0,18.932316610260322,1.0777014210872016,000023-0017
scale-000023,qualification-synthetic,g,62018.0,19.394968850491523,0.8354539444924153,000023-0018
scale-000023,qualification-synthetic,g,62019.0,20.46712061098778,0.8517817053813393,000023-0019
scale-000023,qualification-synthetic,g,62020.0,20.595707302151038,0.9472677633847129,000023-0020
scale-000023,qualification-synthetic,g,62021.0,21.045042102979878,1.0289327207541534,000023-0021
scale-000023,qualification-synthetic,g,62022.0,19.4688193870219,1.1535474263944894,000023-0022
scale-000023,qualification-synthetic,g,62023.0,19.594867471822646,1.0196921545453788,000023-0023
scale-000023,qualification-synthetic,g,62024.0,21.158868317878508,1.190060744072173,000023-0024
scale-000023,qualification-synthetic,g,62025.0,19.028101686012445,0.906309877867401,000023-0025
scale-000023,qualification-synthetic,g,62026.0,21.22418944763876,0.925577397729272,000023-0026
scale-000023,qualification-synthetic,g,62027.0,19.616119380036388,1.1323650489743649,000023-0027
scale-000023,qualification-synthetic,g,62028.0,21.398790932728986,0.9394277705705705,000023-0028
scale-000023,qualification-synthetic,g,62029.0,19.961425201435134,0.933434939511921,000023-0029
scale-000023,qualification-synthetic,g,62030.0,20.163237928286453,0.875861560795556,000023-0030
scale-000023,qualification-synthetic,g,62031.0,19.26479999549734,1.1531007976301493,000023-0031
scale-000024,qualification-synthetic,g,62000.0,20.6568475557427,1.0097959567538317,000024-0000
scale-000024,qualification-synthetic,g,62001.0,20.466338643302137,1.1220009705220393,000024-0001
scale-000024,qualification-synthetic,g,62002.0,19.752686730171874,1.0513442966372477,000024-0002
scale-000024,qualification-synthetic,g,62003.0,19.475373566735808,1.1570812239004533,000024-0003
scale-000024,qualification-synthetic,g,62004.0,19.766422219964724,0.8159115472565882,000024-0004
scale-000024,qualification-synthetic,g,62005.0,19.050518181771178,1.1492358293377223,000024-0005
scale-000024,qualification-synthetic,g,62006.0,18.81098398595115,0.8090803653586266,000024-0006
scale-000024,qualification-synthetic,g,62007.0,19.428427603528657,1.1772819145823619,000024-0007
scale-000024,qualification-synthetic,g,62008.0,20.807735658869305,0.9733684648544253,000024-0008
scale-000024,qualification-synthetic,g,62009.0,19.6532808487418,1.19392952086207,000024-0009
scale-000024,qualification-synthetic,g,62010.0,19.119712373210934,0.994806245552366,000024-0010
scale-000024,qualification-synthetic,g,62011.0,20.431929782924442,1.110550879060026,000024-0011
scale-000024,qualification-synthetic,g,62012.0,21.074596271294457,0.9044724368260505,000024-0012
scale-000024,qualification-synthetic,g,62013.0,14.895999071935007,0.9514416105940384,000024-0013
scale-000024,qualification-synthetic,g,62014.0,18.96395962944737,0.9661405301179022,000024-0014
scale-000024,qualification-synthetic,g,62015.0,19.088713468871838,1.043577108463623,000024-0015
scale-000024,qualification-synthetic,g,62016.0,19.89661578801217,1.1022306267684148,000024-0016
scale-000024,qualification-synthetic,g,62017.0,19.618136497048216,1.137362112086036,000024-0017
scale-000024,qualification-synthetic,g,62018.0,20.224850726476728,0.8027236131436998,000024-0018
scale-000024,qualification-synthetic,g,62019.0,20.263489951846495,1.027004465335982,000024-0019
scale-000024,qualification-synthetic,g,62020.0,19.6197087086917,0.8633347637762092,000024-0020
scale-000024,qualification-synthetic,g,62021.0,19.68468925287775,1.023430917887306,000024-0021
scale-000024,qualification-synthetic,g,62022.0,20.212634012894323,1.152276723957786,000024-0022
scale-000024,qualification-synthetic,g,62023.0,21.025855978690508,0.9133242693204725,000024-0023
scale-000024,qualification-synthetic,g,62024.0,19.9491489404178,1.0084543915951305,000024-0024
scale-000024,qualification-synthetic,g,62025.0,21.785453657948874,1.1040050162907398,000024-0025
scale-000024,qualification-synthetic,g,62026.0,21.01777985059655,1.07313382108605,000024-0026
scale-000024,qualification-synthetic,g,62027.0,18.77989948792463,1.1137783099876961,000024-0027
scale-000024,qualification-synthetic,g,62028.0,20.73036965783817,1.0069011796391671,000024-0028
scale-000024,qualification-synthetic,g,62029.0,18.91954046050392,1.0043060285374021,000024-0029
scale-000024,qualification-synthetic,g,62030.0,18.167678690800933,1.0160954772779969,000024-0030
scale-000024,qualification-synthetic,g,62031.0,18.282561704044035,0.9695079762250297,000024-0031
scale-000025,qualification-synthetic,g,62000.0,18.881102360372537,0.9557331741258259,000025-0000
scale-000025,qualification-synthetic,g,62001.0,20.861640058883477,0.9112847934908627,000025-0001
scale-000025,qualification-synthetic,g,62002.0,19.597261342435868,0.8772383798678858,000025-0002
scale-000025,qualification-synthetic,g,62003.0,19.581316308592665,0.8352150977975173,000025-0003
scale-000025,qualification-synthetic,g,62004.0,18.73951570042228,1.1061660660247647,000025-0004
scale-000025,qualification-synthetic,g,62005.0,19.75680735723862,1.1561477347328435,000025-0005
scale-000025,qualification-synthetic,g,62006.0,20.687516670571284,1.1881112728895529,000025-0006
scale-000025,qualification-synthetic,g,62007.0,20.49525721522771,0.9172304063640453,000025-0007
scale-000025,qualification-synthetic,g,62008.0,20.555524807258855,0.84985479234801,000025-0008
scale-000025,qualification-synthetic,g,62009.0,20.089242063518064,0.9097965890521741,000025-0009
scale-000025,qualification-synthetic,g,62010.0,20.490786174584652,1.025361626473879,000025-0010
scale-000025,qualification-synthetic,g,62011.0,18.77099390367898,0.8583692925415826,000025-0011
scale-000025,qualification-synthetic,g,62012.0,20.903974877648597,1.0561387193641938,000025-0012
scale-000025,qualification-synthetic,g,62013.0,21.10258370613053,1.1028899646866,000025-0013
scale-000025,qualification-synthetic,g,62014.0,18.633639098903384,1.0551157265855444,000025-0014
scale-000025,qualification-synthetic,g,62015.0,19.30986036301546,0.9451628851834782,000025-0015
scale-000025,qualification-synthetic,g,62016.0,20.35843611217601,1.1881647056320994,000025-0016
scale-000025,qualification-synthetic,g,62017.0,19.688885656106102,0.8811470035873207,000025-0017
scale-000025,qualification-synthetic,g,62018.0,17.81800726478929,1.1376340918723042,000025-0018
scale-000025,qualification-synthetic,g,62019.0,20.06710347399105,1.017852092082633,000025-0019
scale-000025,qualification-synthetic,g,62020.0,19.9686950607551,1.0047273738962745,000025-0020
scale-000025,qualification-synthetic,g,62021.0,20.40738660481979,1.0886253020712975,000025-0021
scale-000025,qualification-synthetic,g,62022.0,20.19511421350132,1.1825180932827202,000025-0022
scale-000025,qualification-synthetic,g,62023.0,19.577157967002627,1.197287577420015,000025-0023
scale-000025,qualification-synthetic,g,62024.0,21.230144237115642,1.0329091000314634,000025-0024
scale-000025,qualification-synthetic,g,62025.0,19.902507213690637,0.8317009049484059,000025-0025
scale-000025,qualification-synthetic,g,62026.0,20.50906323381775,1.103252686926989,000025-0026
scale-000025,qualification-synthetic,g,62027.0,17.71259159389576,0.851018711046818,000025-0027
scale-000025,qualification-synthetic,g,62028.0,20.153391116033216,0.942640305590436,000025-0028
scale-000025,qualification-synthetic,g,62029.0,19.5769347152773,0.863084498520086,000025-0029
scale-000025,qualification-synthetic,g,62030.0,19.804662175882708,1.0358019430284,000025-0030
scale-000025,qualification-synthetic,g,62031.0,18.779882243308542,0.9112731779844347,000025-0031
scale-000026,qualification-synthetic,g,62000.0,19.740988093380505,1.0052185350983154,000026-0000
scale-000026,qualification-synthetic,g,62001.0,21.920663479405917,0.9489054720958828,000026-0001
scale-000026,qualification-synthetic,g,62002.0,19.000967171746044,1.1416610706186905,000026-0002
scale-000026,qualification-synthetic,g,62003.0,20.007639483005416,1.195695847109237,000026-0003
scale-000026,qualification-synthetic,g,62004.0,19.76459143736475,0.8731341362895588,000026-0004
scale-000026,qualification-synthetic,g,62005.0,19.35728038153678,1.1763835340614597,000026-0005
scale-000026,qualification-synthetic,g,62006.0,18.1201068448254,0.9209735699331705,000026-0006
scale-000026,qualification-synthetic,g,62007.0,18.151044895564752,1.1432294508452308,000026-0007
scale-000026,qualification-synthetic,g,62008.0,19.196855268509147,0.8761573196913462,000026-0008
scale-000026,qualification-synthetic,g,62009.0,19.23707206654409,0.9654809522604955,000026-0009
scale-000026,qualification-synthetic,g,62010.0,20.79402849897772,0.9264251165028698,000026-0010
scale-000026,qualification-synthetic,g,62011.0,20.652221802242384,1.0724205827470732,000026-0011
scale-000026,qualification-synthetic,g,62012.0,18.942372535349648,1.1083289335728428,000026-0012
scale-000026,qualification-synthetic,g,62013.0,20.683252482746042,1.0010843885601153,000026-0013
scale-000026,qualification-synthetic,g,62014.0,20.78433993644802,0.8040839398574777,000026-0014
scale-000026,qualification-synthetic,g,62015.0,19.801173602469387,0.9879482937250823,000026-0015
scale-000026,qualification-synthetic,g,62016.0,18.43791595059761,0.9517011562205294,000026-0016
scale-000026,qualification-synthetic,g,62017.0,18.854611927866934,1.1941565626501391,000026-0017
scale-000026,qualification-synthetic,g,62018.0,20.132972652593935,1.0028620431093065,000026-0018
scale-000026,qualification-synthetic,g,62019.0,21.885733488330533,1.1608031451430574,000026-0019
scale-000026,qualification-synthetic,g,62020.0,20.175864597754337,0.8377270489921814,000026-0020
scale-000026,qualification-synthetic,g,62021.0,18.175234304873463,1.0990598951913226,000026-0021
scale-000026,qualification-synthetic,g,62022.0,19.2744706909912,1.0103064734933462,000026-0022
scale-000026,qualification-synthetic,g,62023.0,20.524076487071408,1.0579954981653703,000026-0023
scale-000026,qualification-synthetic,g,62024.0,20.061391297059046,0.9647126687090268,000026-0024
scale-000026,qualification-synthetic,g,62025.0,20.29744172040307,1.0105595389162187,000026-0025
scale-000026,qualification-synthetic,g,62026.0,18.664943686856933,0.9260705419146995,000026-0026
scale-000026,qualification-synthetic,g,62027.0,19.87916741386807,0.9493651207303849,000026-0027
scale-000026,qualification-synthetic,g,62028.0,19.151697961679243,1.0700590596672928,000026-0028
scale-000026,qualification-synthetic,g,62029.0,18.278958415798233,1.0094531853703863,000026-0029
scale-000026,qualification-synthetic,g,62030.0,20.750597817951316,0.8987855938961092,000026-0030
scale-000026,qualification-synthetic,g,62031.0,18.66000635675289,0.8195578512823292,000026-0031
scale-000027,qualification-synthetic,g,62000.0,20.65410379066879,1.02472715813903,000027-0000
scale-000027,qualification-synthetic,g,62001.0,19.913962430276918,0.9820367523371993,000027-0001
scale-000027,qualification-synthetic,g,62002.0,19.541083942611596,1.0135130954308667,000027-0002
scale-000027,qualification-synthetic,g,62003.0,20.10171262922213,1.0303172276364836,000027-0003
scale-000027,qualification-synthetic,g,62004.0,20.057789106074637,1.1022435980466958,000027-0004
scale-000027,qualification-synthetic,g,62005.0,18.44935167466536,1.0940488704698874,000027-0005
scale-000027,qualification-synthetic,g,62006.0,21.886885535953876,1.0081926032177875,000027-0006
scale-000027,qualification-synthetic,g,62007.0,20.667541110606145,0.8897123980886296,000027-0007
scale-000027,qualification-synthetic,g,62008.0,21.797261243095942,1.0060679606064125,000027-0008
scale-000027,qualification-synthetic,g,62009.0,18.971175316899668,1.164264020795358,000027-0009
scale-000027,qualification-synthetic,g,62010.0,20.682669827874058,1.0328047841201413,000027-0010
scale-000027,qualification-synthetic,g,62011.0,24.66467169455401,1.1749570186884664,000027-0011
scale-000027,qualification-synthetic,g,62012.0,20.541223757034167,1.0117352437220934,000027-0012
scale-000027,qualification-synthetic,g,62013.0,22.047494291826027,1.0044473900674769,000027-0013
scale-000027,qualification-synthetic,g,62014.0,19.938390375973555,1.191357562718694,000027-0014
scale-000027,qualification-synthetic,g,62015.0,19.242162085268436,1.0576010575565904,000027-0015
scale-000027,qualification-synthetic,g,62016.0,20.633479141466786,0.9834589796609193,000027-0016
scale-000027,qualification-synthetic,g,62017.0,18.63027805787459,0.8439474072126517,000027-0017
scale-000027,qualification-synthetic,g,62018.0,20.140382235693448,0.923977025607697,000027-0018
scale-000027,qualification-synthetic,g,62019.0,19.263024044621687,1.1592974234345386,000027-0019
scale-000027,qualification-synthetic,g,62020.0,19.209637046660824,0.8956407229558282,000027-0020
scale-000027,qualification-synthetic,g,62021.0,21.62630045832701,1.0953365444499765,000027-0021
scale-000027,qualification-synthetic,g,62022.0,20.680881118141723,0.947137488337609,000027-0022
scale-000027,qualification-synthetic,g,62023.0,19.77980730885392,0.97407893508276,000027-0023
scale-000027,qualification-synthetic,g,62024.0,19.194100125121484,1.1968151432096439,000027-0024
scale-000027,qualification-synthetic,g,62025.0,18.95644304102759,1.0086635663116206,000027-0025
scale-000027,qualification-synthetic,g,62026.0,20.692562844723152,0.9869660402140731,000027-0026
scale-000027,qualification-synthetic,g,62027.0,19.811899794298164,0.8940618923034664,000027-0027
scale-000027,qualification-synthetic,g,62028.0,21.568545807427547,0.8921760148695365,000027-0028
scale-000027,qualification-synthetic,g,62029.0,18.525626180722632,0.9328256647317011,000027-0029
scale-000027,qualification-synthetic,g,62030.0,19.154817675611735,1.058549293625525,000027-0030
scale-000027,qualification-synthetic,g,62031.0,19.41235529292612,0.9156529739498519,000027-0031
scale-000028,qualification-synthetic,g,62000.0,20.22296744727026,1.187997024930681,000028-0000
scale-000028,qualification-synthetic,g,62001.0,19.935259641915472,1.154283316965152,000028-0001
scale-000028,qualification-synthetic,g,62002.0,20.80637830859415,0.9780687102303286,000028-0002
scale-000028,qualification-synthetic,g,62003.0,18.678138671584758,1.0389148612712398,000028-0003
scale-000028,qualification-synthetic,g,62004.0,21.624443844376643,1.1613910501277005,000028-0004
scale-000028,qualification-synthetic,g,62005.0,17.268093454867532,1.1969923714781074,000028-0005
scale-000028,qualification-synthetic,g,62006.0,20.920033028195352,1.1912457193778818,000028-0006
scale-000028,qualification-synthetic,g,62007.0,21.095226659006997,0.8570128481779214,000028-0007
scale-000028,qualification-synthetic,g,62008.0,18.733107623787745,1.1606827079308166,000028-0008
scale-000028,qualification-synthetic,g,62009.0,20.447016828764234,0.8047800790143146,000028-0009
scale-000028,qualification-synthetic,g,62010.0,19.946387990329352,1.1991859164147842,000028-0010
scale-000028,qualification-synthetic,g,62011.0,19.303650933958917,1.0231379164347159,000028-0011
scale-000028,qualification-synthetic,g,62012.0,19.726674022609718,0.9695076965395932,000028-0012
scale-000028,qualification-synthetic,g,62013.0,19.854611581312408,0.8520551151330458,000028-0013
scale-000028,qualification-synthetic,g,62014.0,18.717481793523735,1.1045369893711474,000028-0014
scale-000028,qualification-synthetic,g,62015.0,17.06149993180817,1.1021555205049578,000028-0015
scale-000028,qualification-synthetic,g,62016.0,17.369687612609976,0.9946014209879469,000028-0016
scale-000028,qualification-synthetic,g,62017.0,20.051701566773545,1.0836042419030383,000028-0017
scale-000028,qualification-synthetic,g,62018.0,21.76811013449146,0.805737633344752,000028-0018
scale-000028,qualification-synthetic,g,62019.0,20.271283968268147,0.9977226892692262,000028-0019
scale-000028,qualification-synthetic,g,62020.0,19.601319155406067,1.0113053426119518,000028-0020
scale-000028,qualification-synthetic,g,62021.0,20.622509772618532,1.1861639495553298,000028-0021
scale-000028,qualification-synthetic,g,62022.0,20.9366426988983,0.9568630058530543,000028-0022
scale-000028,qualification-synthetic,g,62023.0,20.138464601427508,0.934569002699344,000028-0023
scale-000028,qualification-synthetic,g,62024.0,19.24459968197448,0.8940710353439546,000028-0024
scale-000028,qualification-synthetic,g,62025.0,18.7139529351739,1.1077022649320931,000028-0025
scale-000028,qualification-synthetic,g,62026.0,20.38827666670445,1.1273660022166825,000028-0026
scale-000028,qualification-synthetic,g,62027.0,20.117577429567692,0.9618707213016471,000028-0027
scale-000028,qualification-synthetic,g,62028.0,17.96675633511482,1.0326885607929857,000028-0028
scale-000028,qualification-synthetic,g,62029.0,18.97842795918376,0.8249776057879449,000028-0029
scale-000028,qualification-synthetic,g,62030.0,18.92184736514287,1.1307643263939076,000028-0030
scale-000028,qualification-synthetic,g,62031.0,21.046987283298524,0.879128569527787,000028-0031
scale-000029,qualification-synthetic,g,62000.0,20.41285007186991,0.9842486587742785,000029-0000
scale-000029,qualification-synthetic,g,62001.0,21.437050421240468,0.944457054927277,000029-0001
scale-000029,qualification-synthetic,g,62002.0,19.453337016962973,0.881029462886286,000029-0002
scale-000029,qualification-synthetic,g,62003.0,19.939745384961626,1.0357668472084733,000029-0003
scale-000029,qualification-synthetic,g,62004.0,21.804599624125515,1.0070869498929869,000029-0004
scale-000029,qualification-synthetic,g,62005.0,20.659189386221033,1.1053833138361697,000029-0005
scale-000029,qualification-synthetic,g,62006.0,19.715721752614773,1.0743600942566518,000029-0006
scale-000029,qualification-synthetic,g,62007.0,18.12543943471931,1.1406477015183676,000029-0007
scale-000029,qualification-synthetic,g,62008.0,19.763128995225244,1.0953531296262455,000029-0008
scale-000029,qualification-synthetic,g,62009.0,20.459603161140965,1.1295855872135405,000029-0009
scale-000029,qualification-synthetic,g,62010.0,20.356055329175003,0.8997828768158932,000029-0010
scale-000029,qualification-synthetic,g,62011.0,20.314815460183983,1.104356165113046,000029-0011
scale-000029,qualification-synthetic,g,62012.0,20.055908717362893,1.084801421852682,000029-0012
scale-000029,qualification-synthetic,g,62013.0,26.67893721670918,0.9658737323152301,000029-0013
scale-000029,qualification-synthetic,g,62014.0,19.17275721665485,1.0063017336490163,000029-0014
scale-000029,qualification-synthetic,g,62015.0,21.19388584640604,0.8043821227304268,000029-0015
scale-000029,qualification-synthetic,g,62016.0,21.348846328945307,1.0337359182975385,000029-0016
scale-000029,qualification-synthetic,g,62017.0,22.385361696825324,0.814489646894397,000029-0017
scale-000029,qualification-synthetic,g,62018.0,21.340606285262936,1.1560478263182878,000029-0018
scale-000029,qualification-synthetic,g,62019.0,19.054582504283108,0.8541812979484487,000029-0019
scale-000029,qualification-synthetic,g,62020.0,20.088731855497844,0.9261047249053218,000029-0020
scale-000029,qualification-synthetic,g,62021.0,20.422654839772896,0.8667957158373414,000029-0021
scale-000029,qualification-synthetic,g,62022.0,20.783910300865177,0.9872764849196164,000029-0022
scale-000029,qualification-synthetic,g,62023.0,20.049979112428087,1.0617214052683763,000029-0023
scale-000029,qualification-synthetic,g,62024.0,21.910997505841472,1.1375336067258566,000029-0024
scale-000029,qualification-synthetic,g,62025.0,23.4045298055442,1.0760909189642471,000029-0025
scale-000029,qualification-synthetic,g,62026.0,19.537485124742165,1.1263079626820007,000029-0026
scale-000029,qualification-synthetic,g,62027.0,21.49481837406311,0.879137498108506,000029-0027
scale-000029,qualification-synthetic,g,62028.0,19.13543007676165,1.172712127024247,000029-0028
scale-000029,qualification-synthetic,g,62029.0,20.225170342413836,0.917663102284851,000029-0029
scale-000029,qualification-synthetic,g,62030.0,21.66931373049217,1.0233369770104692,000029-0030
scale-000029,qualification-synthetic,g,62031.0,20.981014395631988,1.1164619334248505,000029-0031
scale-000030,qualification-synthetic,g,62000.0,18.934492658865004,1.0864970554482176,000030-0000
scale-000030,qualification-synthetic,g,62001.0,20.34862291734926,1.058812520477877,000030-0001
scale-000030,qualification-synthetic,g,62002.0,20.36305286413259,0.9944724709189154,000030-0002
scale-000030,qualification-synthetic,g,62003.0,17.52569715733564,1.1715434198027446,000030-0003
scale-000030,qualification-synthetic,g,62004.0,18.132974322742967,1.132910110210888,000030-0004
scale-000030,qualification-synthetic,g,62005.0,19.858622470870344,0.9898686263005025,000030-0005
scale-000030,qualification-synthetic,g,62006.0,19.06155349314943,0.9997466315817742,000030-0006
scale-000030,qualification-synthetic,g,62007.0,21.120616559974227,0.8998216125360792,000030-0007
scale-000030,qualification-synthetic,g,62008.0,21.20946920584297,1.1087976822070016,000030-0008
scale-000030,qualification-synthetic,g,62009.0,20.208700035229594,1.0199304487618166,000030-0009
scale-000030,qualification-synthetic,g,62010.0,22.564857279722844,0.864335568847699,000030-0010
scale-000030,qualification-synthetic,g,62011.0,19.57733772560954,1.1370192565134007,000030-0011
scale-000030,qualification-synthetic,g,62012.0,22.458304344246294,0.9152687063655716,000030-0012
scale-000030,qualification-synthetic,g,62013.0,19.96258264900585,1.1923555936010146,000030-0013
scale-000030,qualification-synthetic,g,62014.0,20.8251187276485,1.0255747079169988,000030-0014
scale-000030,qualification-synthetic,g,62015.0,20.077679224454304,0.8494181249680641,000030-0015
scale-000030,qualification-synthetic,g,62016.0,22.465699250553307,0.9619838720280691,000030-0016
scale-000030,qualification-synthetic,g,62017.0,21.868635788455183,1.0754923667724892,000030-0017
scale-000030,qualification-synthetic,g,62018.0,23.160210345862563,1.0937231292592375,000030-0018
scale-000030,qualification-synthetic,g,62019.0,19.770053862532496,1.0523177034554014,000030-0019
scale-000030,qualification-synthetic,g,62020.0,19.049161814673404,0.893656318410652,000030-0020
scale-000030,qualification-synthetic,g,62021.0,19.780998723522472,1.0411181876478144,000030-0021
scale-000030,qualification-synthetic,g,62022.0,20.70890354720443,0.8285889502366925,000030-0022
scale-000030,qualification-synthetic,g,62023.0,18.97110343079487,0.8389379503134802,000030-0023
scale-000030,qualification-synthetic,g,62024.0,20.971667378274574,0.8954947904053053,000030-0024
scale-000030,qualification-synthetic,g,62025.0,18.079883767987923,1.1275374425273395,000030-0025
scale-000030,qualification-synthetic,g,62026.0,21.299592493687992,0.9189107547876442,000030-0026
scale-000030,qualification-synthetic,g,62027.0,20.262866768160695,0.9521980020311611,000030-0027
scale-000030,qualification-synthetic,g,62028.0,20.147424645730545,0.9711365319948811,000030-0028
scale-000030,qualification-synthetic,g,62029.0,20.60414398835831,0.9819855723940281,000030-0029
scale-000030,qualification-synthetic,g,62030.0,19.89641444733761,1.0041639242626306,000030-0030
scale-000030,qualification-synthetic,g,62031.0,20.661635467791875,0.8992034201393242,000030-0031
scale-000031,qualification-synthetic,g,62000.0,19.149790058836835,0.8288117844138622,000031-0000
scale-000031,qualification-synthetic,g,62001.0,24.645123461498283,1.1518536624584879,000031-0001
scale-000031,qualification-synthetic,g,62002.0,21.784964020138194,0.9108834369689631,000031-0002
scale-000031,qualification-synthetic,g,62003.0,17.781140693778216,0.9066713315688856,000031-0003
scale-000031,qualification-synthetic,g,62004.0,20.58843918679312,0.8432909877130779,000031-0004
scale-000031,qualification-synthetic,g,62005.0,19.94681969032235,1.1092406249079474,000031-0005
scale-000031,qualification-synthetic,g,62006.0,20.274430879904045,0.9820824399269547,000031-0006
scale-000031,qualification-synthetic,g,62007.0,19.292751697629818,1.1749529965737353,000031-0007
scale-000031,qualification-synthetic,g,62008.0,21.106211089482382,1.0441628304319277,000031-0008
scale-000031,qualification-synthetic,g,62009.0,21.39129855876185,0.9043227307637492,000031-0009
scale-000031,qualification-synthetic,g,62010.0,19.460779608915598,1.0399651962565757,000031-0010
scale-000031,qualification-synthetic,g,62011.0,25.63692162156343,0.9220447348472672,000031-0011
scale-000031,qualification-synthetic,g,62012.0,21.376510666781734,0.8852687381980074,000031-0012
scale-000031,qualification-synthetic,g,62013.0,20.619696301927807,0.8906822588031499,000031-0013
scale-000031,qualification-synthetic,g,62014.0,20.017352609293198,1.1636829241563404,000031-0014
scale-000031,qualification-synthetic,g,62015.0,21.22643159374771,1.0007963645844955,000031-0015
scale-000031,qualification-synthetic,g,62016.0,19.048366583135273,1.030125909896525,000031-0016
scale-000031,qualification-synthetic,g,62017.0,19.89907914055206,0.9742139745790273,000031-0017
scale-000031,qualification-synthetic,g,62018.0,21.26128850847973,0.8969168423279521,000031-0018
scale-000031,qualification-synthetic,g,62019.0,21.084230979120242,0.8104587223849338,000031-0019
scale-000031,qualification-synthetic,g,62020.0,19.438733329049814,0.9727009023207506,000031-0020
scale-000031,qualification-synthetic,g,62021.0,20.513957451276315,0.9968694286912358,000031-0021
scale-000031,qualification-synthetic,g,62022.0,20.515555882115805,0.8904259609500362,000031-0022
scale-000031,qualification-synthetic,g,62023.0,20.98288792659645,1.1254824663964105,000031-0023
scale-000031,qualification-synthetic,g,62024.0,18.18120642033534,1.11276768841939,000031-0024
scale-000031,qualification-synthetic,g,62025.0,18.452643419822266,0.9925519662447778,000031-0025
scale-000031,qualification-synthetic,g,62026.0,20.11647837606826,0.8608260504245341,000031-0026
scale-000031,qualification-synthetic,g,62027.0,19.011631583195328,1.1879122590233513,000031-0027
scale-000031,qualification-synthetic,g,62028.0,20.984540772498164,0.9224834724644434,000031-0028
scale-000031,qualification-synthetic,g,62029.0,20.10401704673717,1.1007793757538982,000031-0029
scale-000031,qualification-synthetic,g,62030.0,19.149376579062608,0.8825719010016466,000031-0030
scale-000031,qualification-synthetic,g,62031.0,21.31018104822962,1.0424275049550102,000031-0031
scale-000032,qualification-synthetic,g,62000.0,19.613485575964695,1.088479207596198,000032-0000
scale-000032,qualification-synthetic,g,62001.0,21.916561748480717,0.9710553098437302,000032-0001
scale-000032,qualification-synthetic,g,62002.0,19.837649188317968,0.8905484743413963,000032-0002
scale-000032,qualification-synthetic,g,62003.0,20.287894139662697,0.9994344356312611,000032-0003
scale-000032,qualification-synthetic,g,62004.0,19.675724137003126,1.0096842849785748,000032-0004
scale-000032,qualification-synthetic,g,62005.0,19.41121562763644,0.8630520546961231,000032-0005
scale-000032,qualification-synthetic,g,62006.0,19.105556409883732,0.9837045820537836,000032-0006
scale-000032,qualification-synthetic,g,62007.0,17.13617247069322,1.0250623909500174,000032-0007
scale-000032,qualification-synthetic,g,62008.0,19.316643748406616,1.0881307625099275,000032-0008
scale-000032,qualification-synthetic,g,62009.0,21.144510391316572,1.1471322222635931,000032-0009
scale-000032,qualification-synthetic,g,62010.0,19.506211853638128,1.1497410064652747,000032-0010
scale-000032,qualification-synthetic,g,62011.0,19.213934789079147,0.8039223884865675,000032-0011
scale-000032,qualification-synthetic,g,62012.0,18.553815287468947,1.0272587151309058,000032-0012
scale-000032,qualification-synthetic,g,62013.0,19.921343896449848,0.8105322502269134,000032-0013
scale-000032,qualification-synthetic,g,62014.0,20.516260409052578,1.0665118367074187,000032-0014
scale-000032,qualification-synthetic,g,62015.0,20.016858395442274,1.0977877349623968,000032-0015
scale-000032,qualification-synthetic,g,62016.0,19.552252795724712,1.1255942137572497,000032-0016
scale-000032,qualification-synthetic,g,62017.0,19.03770784611573,1.0323785142157895,000032-0017
scale-000032,qualification-synthetic,g,62018.0,19.42117400620502,1.04143038320962,000032-0018
scale-000032,qualification-synthetic,g,62019.0,21.097618174827836,1.008021996074099,000032-0019
scale-000032,qualification-synthetic,g,62020.0,19.33763304899346,1.072622371623436,000032-0020
scale-000032,qualification-synthetic,g,62021.0,20.92815674398647,1.1939912576465266,000032-0021
scale-000032,qualification-synthetic,g,62022.0,21.44068510998672,0.9064045476466216,000032-0022
scale-000032,qualification-synthetic,g,62023.0,19.684805401585944,1.0591469730074499,000032-0023
scale-000032,qualification-synthetic,g,62024.0,20.050984549198535,0.9516149160776733,000032-0024
scale-000032,qualification-synthetic,g,62025.0,20.831603782227063,0.9803146916520425,000032-0025
scale-000032,qualification-synthetic,g,62026.0,20.515918865239087,0.8345736783566409,000032-0026
scale-000032,qualification-synthetic,g,62027.0,20.14492865477732,1.077517084341356,000032-0027
scale-000032,qualification-synthetic,g,62028.0,19.447564197275103,0.8893421130181932,000032-0028
scale-000032,qualification-synthetic,g,62029.0,20.567130128320677,1.1882020257547747,000032-0029
scale-000032,qualification-synthetic,g,62030.0,20.21666315553751,1.182254942341507,000032-0030
scale-000032,qualification-synthetic,g,62031.0,19.818853347620735,1.0556800194357017,000032-0031
scale-000033,qualification-synthetic,g,62000.0,19.57104132791413,0.8065362639252734,000033-0000
scale-000033,qualification-synthetic,g,62001.0,21.879164037948904,1.1758207684106654,000033-0001
scale-000033,qualification-synthetic,g,62002.0,21.379184108837965,1.0530196697985919,000033-0002
scale-000033,qualification-synthetic,g,62003.0,22.750087171204076,1.138938553943732,000033-0003
scale-000033,qualification-synthetic,g,62004.0,21.60822681094495,1.0382853301975132,000033-0004
scale-000033,qualification-synthetic,g,62005.0,19.270938053183414,1.0674691197109203,000033-0005
scale-000033,qualification-synthetic,g,62006.0,20.044813758506002,1.0701099855001264,000033-0006
scale-000033,qualification-synthetic,g,62007.0,19.110786064115626,1.116065070558537,000033-0007
scale-000033,qualification-synthetic,g,62008.0,21.47101753090913,1.1567349139692662,000033-0008
scale-000033,qualification-synthetic,g,62009.0,19.648733014174482,1.0159825662337862,000033-0009
scale-000033,qualification-synthetic,g,62010.0,20.704555170672947,1.0278463011061616,000033-0010
scale-000033,qualification-synthetic,g,62011.0,24.596420278772342,1.0469614709181394,000033-0011
scale-000033,qualification-synthetic,g,62012.0,18.653899990175063,1.1251114569606209,000033-0012
scale-000033,qualification-synthetic,g,62013.0,21.430300330467656,1.0423565905047856,000033-0013
scale-000033,qualification-synthetic,g,62014.0,21.321731312648854,0.9875685004956003,000033-0014
scale-000033,qualification-synthetic,g,62015.0,21.33402908295087,0.9514965858401359,000033-0015
scale-000033,qualification-synthetic,g,62016.0,19.565860420823995,0.835793137171362,000033-0016
scale-000033,qualification-synthetic,g,62017.0,20.394569172283305,0.888482194330183,000033-0017
scale-000033,qualification-synthetic,g,62018.0,18.59584272387914,1.1488642396087294,000033-0018
scale-000033,qualification-synthetic,g,62019.0,18.475826197415472,1.0159891145832107,000033-0019
scale-000033,qualification-synthetic,g,62020.0,19.28959198941153,0.9540551497863459,000033-0020
scale-000033,qualification-synthetic,g,62021.0,20.7328024852689,1.1284103791417863,000033-0021
scale-000033,qualification-synthetic,g,62022.0,20.003129007706146,0.910111702671013,000033-0022
scale-000033,qualification-synthetic,g,62023.0,20.010076770181215,0.9702433930822734,000033-0023
scale-000033,qualification-synthetic,g,62024.0,18.67109378006334,0.9716907138990145,000033-0024
scale-000033,qualification-synthetic,g,62025.0,16.447440416051954,1.0827384728193894,000033-0025
scale-000033,qualification-synthetic,g,62026.0,19.656302924754975,0.9073124540544023,000033-0026
scale-000033,qualification-synthetic,g,62027.0,19.622021716730153,0.8327374165622616,000033-0027
scale-000033,qualification-synthetic,g,62028.0,19.672216699148393,0.9619198433504589,000033-0028
scale-000033,qualification-synthetic,g,62029.0,20.344395465603316,1.0055932696475856,000033-0029
scale-000033,qualification-synthetic,g,62030.0,21.39149962644761,1.000572518772574,000033-0030
scale-000033,qualification-synthetic,g,62031.0,15.867688035161551,1.089025883105394,000033-0031
scale-000034,qualification-synthetic,g,62000.0,21.109846661543898,1.084211723571128,000034-0000
scale-000034,qualification-synthetic,g,62001.0,20.80222939996768,1.0795624036050973,000034-0001
scale-000034,qualification-synthetic,g,62002.0,21.415984373213906,1.0005785064563462,000034-0002
scale-000034,qualification-synthetic,g,62003.0,24.00059619094871,1.1452155290469646,000034-0003
scale-000034,qualification-synthetic,g,62004.0,22.07073120478725,1.012449459009355,000034-0004
scale-000034,qualification-synthetic,g,62005.0,20.234583685945697,0.936382430712727,000034-0005
scale-000034,qualification-synthetic,g,62006.0,20.9799450574771,1.0676194767320977,000034-0006
scale-000034,qualification-synthetic,g,62007.0,21.66726113977949,0.8887832755882208,000034-0007
scale-000034,qualification-synthetic,g,62008.0,19.247821476620096,1.0943161347284407,000034-0008
scale-000034,qualification-synthetic,g,62009.0,20.29791104818053,0.895126247196286,000034-0009
scale-000034,qualification-synthetic,g,62010.0,20.972056119575537,0.8659347477900466,000034-0010
scale-000034,qualification-synthetic,g,62011.0,20.704013489271883,0.908289563680699,000034-0011
scale-000034,qualification-synthetic,g,62012.0,19.180792894949384,0.9718991237098094,000034-0012
scale-000034,qualification-synthetic,g,62013.0,19.342101487908778,1.1891779776877356,000034-0013
scale-000034,qualification-synthetic,g,62014.0,20.13477567246718,1.0055853423999166,000034-0014
scale-000034,qualification-synthetic,g,62015.0,20.36630624445126,0.8866621680297766,000034-0015
scale-000034,qualification-synthetic,g,62016.0,19.527082798358432,0.9854557038773218,000034-0016
scale-000034,qualification-synthetic,g,62017.0,20.26765353173658,0.9564062610963614,000034-0017
scale-000034,qualification-synthetic,g,62018.0,19.900439293082574,1.055836728481959,000034-0018
scale-000034,qualification-synthetic,g,62019.0,19.616275281514337,0.8255733791987027,000034-0019
scale-000034,qualification-synthetic,g,62020.0,19.607002696483363,1.0185298468015525,000034-0020
scale-000034,qualification-synthetic,g,62021.0,20.234084812230094,1.0255134357950417,000034-0021
scale-000034,qualification-synthetic,g,62022.0,20.980247295978238,0.8087753612176782,000034-0022
scale-000034,qualification-synthetic,g,62023.0,20.750152186515063,0.9473009790000324,000034-0023
scale-000034,qualification-synthetic,g,62024.0,19.319269512466825,0.9811051315955195,000034-0024
scale-000034,qualification-synthetic,g,62025.0,21.037405261474053,1.0187557628341088,000034-0025
scale-000034,qualification-synthetic,g,62026.0,21.006622666520705,1.1459589174213771,000034-0026
scale-000034,qualification-synthetic,g,62027.0,19.130799131031598,1.0255835615851687,000034-0027
scale-000034,qualification-synthetic,g,62028.0,19.19562994054852,1.070386225622509,000034-0028
scale-000034,qualification-synthetic,g,62029.0,19.431382451998694,1.0987100475734501,000034-0029
scale-000034,qualification-synthetic,g,62030.0,20.374875300049478,1.1547003483142766,000034-0030
scale-000034,qualification-synthetic,g,62031.0,18.406084775350248,1.1337112433326577,000034-0031
scale-000035,qualification-synthetic,g,62000.0,19.6406051538006,1.0356080743507534,000035-0000
scale-000035,qualification-synthetic,g,62001.0,19.51846242372716,1.1872744395263781,000035-0001
scale-000035,qualification-synthetic,g,62002.0,22.31440309031876,0.8159496585545802,000035-0002
scale-000035,qualification-synthetic,g,62003.0,20.058362167121317,1.1820252459229343,000035-0003
scale-000035,qualification-synthetic,g,62004.0,20.16544454604257,1.0211804850315256,000035-0004
scale-000035,qualification-synthetic,g,62005.0,19.718458697179717,1.0077821796139368,000035-0005
scale-000035,qualification-synthetic,g,62006.0,21.469158344660443,1.0889073444841797,000035-0006
scale-000035,qualification-synthetic,g,62007.0,21.98718895408489,1.0691409136333743,000035-0007
scale-000035,qualification-synthetic,g,62008.0,19.56527192492196,0.928689364889122,000035-0008
scale-000035,qualification-synthetic,g,62009.0,20.977038686971003,0.9418766222228373,000035-0009
scale-000035,qualification-synthetic,g,62010.0,15.222489339242774,1.1965813525110816,000035-0010
scale-000035,qualification-synthetic,g,62011.0,18.382701746930024,1.1849764305231603,000035-0011
scale-000035,qualification-synthetic,g,62012.0,19.802336383437243,1.0837899650409524,000035-0012
scale-000035,qualification-synthetic,g,62013.0,19.941838803465206,1.1436206939264248,000035-0013
scale-000035,qualification-synthetic,g,62014.0,20.847227929010312,0.878010205453856,000035-0014
scale-000035,qualification-synthetic,g,62015.0,19.045222261329695,1.1685763668894515,000035-0015
scale-000035,qualification-synthetic,g,62016.0,21.739678535643822,1.0408769147130104,000035-0016
scale-000035,qualification-synthetic,g,62017.0,19.970889351095177,0.8827777453437867,000035-0017
scale-000035,qualification-synthetic,g,62018.0,21.648778733736226,1.0570573509083323,000035-0018
scale-000035,qualification-synthetic,g,62019.0,21.08685763825575,1.0555939220520547,000035-0019
scale-000035,qualification-synthetic,g,62020.0,20.956310280539057,1.1599332186924083,000035-0020
scale-000035,qualification-synthetic,g,62021.0,21.246409413218842,1.0584059387471272,000035-0021
scale-000035,qualification-synthetic,g,62022.0,21.01749154408762,0.8747983485689975,000035-0022
scale-000035,qualification-synthetic,g,62023.0,20.340219435984135,0.9429666034680816,000035-0023
scale-000035,qualification-synthetic,g,62024.0,19.062756820024234,0.9959177546039166,000035-0024
scale-000035,qualification-synthetic,g,62025.0,19.33251025322982,0.8291143270348694,000035-0025
scale-000035,qualification-synthetic,g,62026.0,20.77192033462827,1.0646610010921362,000035-0026
scale-000035,qualification-synthetic,g,62027.0,21.593527012896175,1.194021615795099,000035-0027
scale-000035,qualification-synthetic,g,62028.0,15.264382796727844,1.139968759248549,000035-0028
scale-000035,qualification-synthetic,g,62029.0,20.814365505274502,0.8407636467628037,000035-0029
scale-000035,qualification-synthetic,g,62030.0,21.15934376993726,1.0793461325759701,000035-0030
scale-000035,qualification-synthetic,g,62031.0,20.980306128846355,1.118548045529879,000035-0031
scale-000036,qualification-synthetic,g,62000.0,19.68385688176154,0.8060530434769133,000036-0000
scale-000036,qualification-synthetic,g,62001.0,21.07761197365082,0.975294392686505,000036-0001
scale-000036,qualification-synthetic,g,62002.0,20.621725732034033,0.8476089502201098,000036-0002
scale-000036,qualification-synthetic,g,62003.0,19.82286085012265,1.193308435859336,000036-0003
scale-000036,qualification-synthetic,g,62004.0,17.999346791136006,0.9234023139834515,000036-0004
scale-000036,qualification-synthetic,g,62005.0,21.36398657571128,1.013414981877201,000036-0005
scale-000036,qualification-synthetic,g,62006.0,22.704087615554393,0.9183511175700679,000036-0006
scale-000036,qualification-synthetic,g,62007.0,19.431424178065058,0.9937709481539891,000036-0007
scale-000036,qualification-synthetic,g,62008.0,22.537954059420038,1.1705462754558889,000036-0008
scale-000036,qualification-synthetic,g,62009.0,20.923952199334945,1.1891392720500424,000036-0009
scale-000036,qualification-synthetic,g,62010.0,19.895688011343804,0.8740616131869929,000036-0010
scale-000036,qualification-synthetic,g,62011.0,19.70871716163761,0.9590157834576805,000036-0011
scale-000036,qualification-synthetic,g,62012.0,19.499522626921987,1.1616189244173376,000036-0012
scale-000036,qualification-synthetic,g,62013.0,20.936850686439364,1.1013226966862322,000036-0013
scale-000036,qualification-synthetic,g,62014.0,19.561779049396037,1.1091803859836218,000036-0014
scale-000036,qualification-synthetic,g,62015.0,21.879527175988468,0.9049896730451105,000036-0015
scale-000036,qualification-synthetic,g,62016.0,19.881168095559048,1.1779425317110157,000036-0016
scale-000036,qualification-synthetic,g,62017.0,19.28234377456198,1.0815569086368353,000036-0017
scale-000036,qualification-synthetic,g,62018.0,22.36020613545674,0.9525111170453092,000036-0018
scale-000036,qualification-synthetic,g,62019.0,20.279271221369356,0.8009845837171479,000036-0019
scale-000036,qualification-synthetic,g,62020.0,19.2320983065784,0.8292064825930165,000036-0020
scale-000036,qualification-synthetic,g,62021.0,19.877257192590587,1.0239993276230868,000036-0021
scale-000036,qualification-synthetic,g,62022.0,18.127317199949587,1.1163385863579343,000036-0022
scale-000036,qualification-synthetic,g,62023.0,19.718197687120817,0.9244849147479662,000036-0023
scale-000036,qualification-synthetic,g,62024.0,18.47321381368397,1.0806796149690858,000036-0024
scale-000036,qualification-synthetic,g,62025.0,18.93284320380258,1.1747811748571892,000036-0025
scale-000036,qualification-synthetic,g,62026.0,22.573303455429503,0.9460671526284864,000036-0026
scale-000036,qualification-synthetic,g,62027.0,19.41756501412236,0.9805881318265658,000036-0027
scale-000036,qualification-synthetic,g,62028.0,19.800635171676422,1.1006756037595602,000036-0028
scale-000036,qualification-synthetic,g,62029.0,20.047503179056534,1.154207223921517,000036-0029
scale-000036,qualification-synthetic,g,62030.0,19.66709187422099,1.0255729247380843,000036-0030
scale-000036,qualification-synthetic,g,62031.0,21.958581435222627,1.0419553815721445,000036-0031
scale-000037,qualification-synthetic,g,62000.0,16.506103527866863,0.9604611639570643,000037-0000
scale-000037,qualification-synthetic,g,62001.0,18.089682256019746,0.9900676265736952,000037-0001
scale-000037,qualification-synthetic,g,62002.0,17.600701821162918,0.9309202710988203,000037-0002
scale-000037,qualification-synthetic,g,62003.0,21.58932648087827,1.0902517159699887,000037-0003
scale-000037,qualification-synthetic,g,62004.0,17.228371251608007,1.0678203048658752,000037-0004
scale-000037,qualification-synthetic,g,62005.0,20.43135221380843,0.9991677942432999,000037-0005
scale-000037,qualification-synthetic,g,62006.0,19.94836207238427,0.8745193891403712,000037-0006
scale-000037,qualification-synthetic,g,62007.0,18.505870705682966,1.065984515984551,000037-0007
scale-000037,qualification-synthetic,g,62008.0,20.7060255293,0.921272876983644,000037-0008
scale-000037,qualification-synthetic,g,62009.0,22.17483248156094,1.0794165814804302,000037-0009
scale-000037,qualification-synthetic,g,62010.0,18.505393967017127,1.1911159048767526,000037-0010
scale-000037,qualification-synthetic,g,62011.0,25.350758330645174,1.1954982265103347,000037-0011
scale-000037,qualification-synthetic,g,62012.0,20.661053781024204,0.811509832791838,000037-0012
scale-000037,qualification-synthetic,g,62013.0,19.783797457182654,0.9327877561878277,000037-0013
scale-000037,qualification-synthetic,g,62014.0,20.972500829758204,1.0756053032217536,000037-0014
scale-000037,qualification-synthetic,g,62015.0,20.35489232326301,1.0528653648811652,000037-0015
scale-000037,qualification-synthetic,g,62016.0,20.769153432103092,0.8178680424664276,000037-0016
scale-000037,qualification-synthetic,g,62017.0,18.784967598689963,0.9654123155478526,000037-0017
scale-000037,qualification-synthetic,g,62018.0,21.007522160145886,1.0942456604738655,000037-0018
scale-000037,qualification-synthetic,g,62019.0,19.536362470133778,0.9435327755278031,000037-0019
scale-000037,qualification-synthetic,g,62020.0,20.22973278116107,1.1305163002695222,000037-0020
scale-000037,qualification-synthetic,g,62021.0,20.269426136004697,0.8183437693890993,000037-0021
scale-000037,qualification-synthetic,g,62022.0,19.41027836974252,0.9618405282548489,000037-0022
scale-000037,qualification-synthetic,g,62023.0,20.24128540985675,0.9931412762383939,000037-0023
scale-000037,qualification-synthetic,g,62024.0,20.919381211534507,0.8322211618820603,000037-0024
scale-000037,qualification-synthetic,g,62025.0,18.85963124112747,0.9955178941319156,000037-0025
scale-000037,qualification-synthetic,g,62026.0,21.041889848242732,0.8756049556310914,000037-0026
scale-000037,qualification-synthetic,g,62027.0,21.43151145316968,0.9216224511503054,000037-0027
scale-000037,qualification-synthetic,g,62028.0,20.08751095374807,0.8362244423870081,000037-0028
scale-000037,qualification-synthetic,g,62029.0,20.63885756159409,0.8918034249093424,000037-0029
scale-000037,qualification-synthetic,g,62030.0,20.84612219641478,1.0762948796605099,000037-0030
scale-000037,qualification-synthetic,g,62031.0,20.211660935100415,0.8928385756053785,000037-0031
scale-000038,qualification-synthetic,g,62000.0,15.044703180946268,0.9405698288501975,000038-0000
scale-000038,qualification-synthetic,g,62001.0,20.305569753805354,1.1851967275439201,000038-0001
scale-000038,qualification-synthetic,g,62002.0,19.106654711002626,0.9652957234331486,000038-0002
scale-000038,qualification-synthetic,g,62003.0,18.240982251101002,1.1482973210369092,000038-0003
scale-000038,qualification-synthetic,g,62004.0,20.007015480644483,0.8408948907525005,000038-0004
scale-000038,qualification-synthetic,g,62005.0,21.220615756107094,1.0302867599316687,000038-0005
scale-000038,qualification-synthetic,g,62006.0,19.72642543318355,1.0987333179732037,000038-0006
scale-000038,qualification-synthetic,g,62007.0,18.125944222921508,1.1256590830494884,000038-0007
scale-000038,qualification-synthetic,g,62008.0,20.32520265388184,1.0530515859482685,000038-0008
scale-000038,qualification-synthetic,g,62009.0,20.823784608997826,0.92091517049136,000038-0009
scale-000038,qualification-synthetic,g,62010.0,20.894858587233326,0.9987285415672054,000038-0010
scale-000038,qualification-synthetic,g,62011.0,20.35380157558413,0.985567029668025,000038-0011
scale-000038,qualification-synthetic,g,62012.0,18.868090067292336,1.1102006202407533,000038-0012
scale-000038,qualification-synthetic,g,62013.0,20.312491140289094,1.1598053763730485,000038-0013
scale-000038,qualification-synthetic,g,62014.0,20.07349758583245,0.8835276694110764,000038-0014
scale-000038,qualification-synthetic,g,62015.0,20.105624772874815,0.9713705374005283,000038-0015
scale-000038,qualification-synthetic,g,62016.0,20.98800809424121,0.8271965394820162,000038-0016
scale-000038,qualification-synthetic,g,62017.0,19.681827569493663,0.9717833167918414,000038-0017
scale-000038,qualification-synthetic,g,62018.0,19.131152481753052,1.0421306123419747,000038-0018
scale-000038,qualification-synthetic,g,62019.0,21.99988231709948,0.8164349917553996,000038-0019
scale-000038,qualification-synthetic,g,62020.0,20.54738476923666,1.185421346762613,000038-0020
scale-000038,qualification-synthetic,g,62021.0,19.733526902366027,0.9802826913375122,000038-0021
scale-000038,qualification-synthetic,g,62022.0,20.67841778258993,1.0814144167429989,000038-0022
scale-000038,qualification-synthetic,g,62023.0,19.776235308155876,1.156654018331205,000038-0023
scale-000038,qualification-synthetic,g,62024.0,20.025083307210764,0.9272441143781166,000038-0024
scale-000038,qualification-synthetic,g,62025.0,21.75010989417124,0.9592737504742631,000038-0025
scale-000038,qualification-synthetic,g,62026.0,20.333114194630355,1.0527712385289592,000038-0026
scale-000038,qualification-synthetic,g,62027.0,20.305516143269912,0.9293638725256761,000038-0027
scale-000038,qualification-synthetic,g,62028.0,19.091014015029653,0.9850531060574639,000038-0028
scale-000038,qualification-synthetic,g,62029.0,20.025612665414776,1.1325283415252754,000038-0029
scale-000038,qualification-synthetic,g,62030.0,20.73823720725218,0.8378721115622082,000038-0030
scale-000038,qualification-synthetic,g,62031.0,18.401632361105133,1.0940295821276045,000038-0031
scale-000039,qualification-synthetic,g,62000.0,19.536089311455306,0.8891643349295973,000039-0000
scale-000039,qualification-synthetic,g,62001.0,21.668374231613456,0.8244005540384656,000039-0001
scale-000039,qualification-synthetic,g,62002.0,19.376978312494625,1.129249969514809,000039-0002
scale-000039,qualification-synthetic,g,62003.0,19.270058486995808,1.1262681324514925,000039-0003
scale-000039,qualification-synthetic,g,62004.0,18.707886910240827,1.04149941146713,000039-0004
scale-000039,qualification-synthetic,g,62005.0,19.784232894914187,0.826624965027855,000039-0005
scale-000039,qualification-synthetic,g,62006.0,18.438403671111537,1.1735522156655687,000039-0006
scale-000039,qualification-synthetic,g,62007.0,19.438169225770125,0.9047850645372102,000039-0007
scale-000039,qualification-synthetic,g,62008.0,20.933448262863596,0.8989684559183396,000039-0008
scale-000039,qualification-synthetic,g,62009.0,19.797462631672527,0.8489475409441315,000039-0009
scale-000039,qualification-synthetic,g,62010.0,21.308878061000748,1.1463800104477682,000039-0010
scale-000039,qualification-synthetic,g,62011.0,19.09840639938561,1.0327248609883461,000039-0011
scale-000039,qualification-synthetic,g,62012.0,20.50235242716722,1.0680411878625717,000039-0012
scale-000039,qualification-synthetic,g,62013.0,20.168832300659943,1.1617152539752889,000039-0013
scale-000039,qualification-synthetic,g,62014.0,18.749428729195188,0.9538053973250706,000039-0014
scale-000039,qualification-synthetic,g,62015.0,19.5135252761343,0.8272448467709399,000039-0015
scale-000039,qualification-synthetic,g,62016.0,20.127526161582562,0.9645804541156136,000039-0016
scale-000039,qualification-synthetic,g,62017.0,20.918051911118265,0.974136215904395,000039-0017
scale-000039,qualification-synthetic,g,62018.0,20.331083521788536,0.8159689680348382,000039-0018
scale-000039,qualification-synthetic,g,62019.0,19.41018937242053,0.8062577489252121,000039-0019
scale-000039,qualification-synthetic,g,62020.0,18.633166233174098,0.9685607915279296,000039-0020
scale-000039,qualification-synthetic,g,62021.0,20.322110270411137,0.9895410457136161,000039-0021
scale-000039,qualification-synthetic,g,62022.0,18.949072507799993,1.0983739860691504,000039-0022
scale-000039,qualification-synthetic,g,62023.0,19.43362153544023,0.9920242937756685,000039-0023
scale-000039,qualification-synthetic,g,62024.0,19.984877443642777,1.0065165475824838,000039-0024
scale-000039,qualification-synthetic,g,62025.0,20.7146114535959,0.8151424888925285,000039-0025
scale-000039,qualification-synthetic,g,62026.0,20.734741510538463,1.0196155572568635,000039-0026
scale-000039,qualification-synthetic,g,62027.0,18.576248826035325,1.1764343616099573,000039-0027
scale-000039,qualification-synthetic,g,62028.0,19.619772683249618,1.0882416995981101,000039-0028
scale-000039,qualification-synthetic,g,62029.0,19.312277075097068,0.9992690637241575,000039-0029
scale-000039,qualification-synthetic,g,62030.0,20.238600270876542,1.0788235312887577,000039-0030
scale-000039,qualification-synthetic,g,62031.0,20.32186047897504,0.9334549283925865,000039-0031
scale-000040,qualification-synthetic,g,62000.0,18.94526388324407,1.0355115052714234,000040-0000
scale-000040,qualification-synthetic,g,62001.0,21.290073149146533,0.9300061928644893,000040-0001
scale-000040,qualification-synthetic,g,62002.0,19.572707579443122,1.1761317421782085,000040-0002
scale-000040,qualification-synthetic,g,62003.0,20.015103222108586,1.12096964984579,000040-0003
scale-000040,qualification-synthetic,g,62004.0,18.708549608061283,1.1755336907216447,000040-0004
scale-000040,qualification-synthetic,g,62005.0,20.168655151342566,1.0380035547320987,000040-0005
scale-000040,qualification-synthetic,g,62006.0,19.444590930282352,0.8312943128261283,000040-0006
scale-000040,qualification-synthetic,g,62007.0,20.749162675991276,1.1937580568477741,000040-0007
scale-000040,qualification-synthetic,g,62008.0,19.716467314401104,1.0429146828756557,000040-0008
scale-000040,qualification-synthetic,g,62009.0,18.50981065048272,1.0497271431754582,000040-0009
scale-000040,qualification-synthetic,g,62010.0,18.419765455700066,0.8287348445578021,000040-0010
scale-000040,qualification-synthetic,g,62011.0,19.787060780828227,1.1932218625483597,000040-0011
scale-000040,qualification-synthetic,g,62012.0,19.282870553342665,0.9006670046353017,000040-0012
scale-000040,qualification-synthetic,g,62013.0,19.32609742229335,0.9415724082604543,000040-0013
scale-000040,qualification-synthetic,g,62014.0,20.119553258331976,1.1806083601923418,000040-0014
scale-000040,qualification-synthetic,g,62015.0,21.481608839363503,1.0965656062620857,000040-0015
scale-000040,qualification-synthetic,g,62016.0,20.831771943748848,1.1747053997721009,000040-0016
scale-000040,qualification-synthetic,g,62017.0,20.422505548533337,1.183826261651788,000040-0017
scale-000040,qualification-synthetic,g,62018.0,20.275610800698722,0.9279960962352488,000040-0018
scale-000040,qualification-synthetic,g,62019.0,21.06478103804159,0.9595908754782083,000040-0019
scale-000040,qualification-synthetic,g,62020.0,20.072293860473593,0.9264809721634746,000040-0020
scale-000040,qualification-synthetic,g,62021.0,19.79620783723421,1.1108955510883258,000040-0021
scale-000040,qualification-synthetic,g,62022.0,20.09796711176905,1.1765326584148261,000040-0022
scale-000040,qualification-synthetic,g,62023.0,20.160458110310987,1.16615200781496,000040-0023
scale-000040,qualification-synthetic,g,62024.0,18.95190472311477,1.1700335559486321,000040-0024
scale-000040,qualification-synthetic,g,62025.0,19.47131730395044,0.8295013512907592,000040-0025
scale-000040,qualification-synthetic,g,62026.0,20.13432749020375,0.923381675412475,000040-0026
scale-000040,qualification-synthetic,g,62027.0,19.166015375978045,1.1673051977492859,000040-0027
scale-000040,qualification-synthetic,g,62028.0,20.074801285363904,1.1318813001478616,000040-0028
scale-000040,qualification-synthetic,g,62029.0,17.2192515663881,0.8277452662251898,000040-0029
scale-000040,qualification-synthetic,g,62030.0,20.581141534189754,1.1405999562275757,000040-0030
scale-000040,qualification-synthetic,g,62031.0,21.06754526978764,1.050721450142663,000040-0031
scale-000041,qualification-synthetic,g,62000.0,20.520141388328828,0.9362574466013854,000041-0000
scale-000041,qualification-synthetic,g,62001.0,21.664455623497492,1.063710458463978,000041-0001
scale-000041,qualification-synthetic,g,62002.0,19.490817195784743,0.8504256642328457,000041-0002
scale-000041,qualification-synthetic,g,62003.0,19.458647833538393,0.8538799465366104,000041-0003
scale-000041,qualification-synthetic,g,62004.0,21.316430889567872,1.0056798972831253,000041-0004
scale-000041,qualification-synthetic,g,62005.0,20.696390189501415,0.9265611438577044,000041-0005
scale-000041,qualification-synthetic,g,62006.0,19.538191648373154,0.9063251313254278,000041-0006
scale-000041,qualification-synthetic,g,62007.0,18.564674993383132,1.189293312236256,000041-0007
scale-000041,qualification-synthetic,g,62008.0,21.062198494653636,0.9733141276397892,000041-0008
scale-000041,qualification-synthetic,g,62009.0,19.670394552275805,1.0588831300236161,000041-0009
scale-000041,qualification-synthetic,g,62010.0,19.479037169565373,0.9944854872239923,000041-0010
scale-000041,qualification-synthetic,g,62011.0,19.23483543824114,0.9887126100394342,000041-0011
scale-000041,qualification-synthetic,g,62012.0,20.420752115910336,1.0690241374410054,000041-0012
scale-000041,qualification-synthetic,g,62013.0,19.59581478122647,0.8473581248329117,000041-0013
scale-000041,qualification-synthetic,g,62014.0,19.565322417603788,1.0771752247890884,000041-0014
scale-000041,qualification-synthetic,g,62015.0,21.367388155719798,1.0150477882073135,000041-0015
scale-000041,qualification-synthetic,g,62016.0,18.984605228792763,1.0334862954081494,000041-0016
scale-000041,qualification-synthetic,g,62017.0,19.484564314882213,0.9344772340436043,000041-0017
scale-000041,qualification-synthetic,g,62018.0,19.801691183512908,1.1861916853892271,000041-0018
scale-000041,qualification-synthetic,g,62019.0,16.35525997289947,1.1845659826006387,000041-0019
scale-000041,qualification-synthetic,g,62020.0,19.868186334825015,0.8422603269687418,000041-0020
scale-000041,qualification-synthetic,g,62021.0,21.401016256980142,1.109467961523209,000041-0021
scale-000041,qualification-synthetic,g,62022.0,19.480815855557406,0.8289265234266264,000041-0022
scale-000041,qualification-synthetic,g,62023.0,19.109220273600712,0.8826473198630796,000041-0023
scale-000041,qualification-synthetic,g,62024.0,18.51312336430732,0.8543634777426524,000041-0024
scale-000041,qualification-synthetic,g,62025.0,19.19709781176468,1.0445764412105467,000041-0025
scale-000041,qualification-synthetic,g,62026.0,21.22644538311525,0.8193287677137304,000041-0026
scale-000041,qualification-synthetic,g,62027.0,16.406490650968436,1.087701178583177,000041-0027
scale-000041,qualification-synthetic,g,62028.0,19.087255976242304,1.127381020677008,000041-0028
scale-000041,qualification-synthetic,g,62029.0,20.10121614075956,1.189939588247786,000041-0029
scale-000041,qualification-synthetic,g,62030.0,18.14995993610627,1.1295867933079815,000041-0030
scale-000041,qualification-synthetic,g,62031.0,20.512701363347915,0.9105160777323368,000041-0031
scale-000042,qualification-synthetic,g,62000.0,20.898166120771094,0.8582639651228505,000042-0000
scale-000042,qualification-synthetic,g,62001.0,21.124952215972634,1.1680646588779422,000042-0001
scale-000042,qualification-synthetic,g,62002.0,19.70183898885138,0.8624540545600202,000042-0002
scale-000042,qualification-synthetic,g,62003.0,18.87056747825027,0.8204808762679173,000042-0003
scale-000042,qualification-synthetic,g,62004.0,16.119653777815042,0.9638146078028981,000042-0004
scale-000042,qualification-synthetic,g,62005.0,19.225979823685545,0.9691462639721198,000042-0005
scale-000042,qualification-synthetic,g,62006.0,21.333368996013878,0.9454126703586336,000042-0006
scale-000042,qualification-synthetic,g,62007.0,21.357065498903072,0.8573634953054509,000042-0007
scale-000042,qualification-synthetic,g,62008.0,18.718984025742305,1.0042721030033182,000042-0008
scale-000042,qualification-synthetic,g,62009.0,20.38724940588319,1.0512433383992814,000042-0009
scale-000042,qualification-synthetic,g,62010.0,19.50981402257061,0.8915149732090352,000042-0010
scale-000042,qualification-synthetic,g,62011.0,20.267992170043005,0.928648782014709,000042-0011
scale-000042,qualification-synthetic,g,62012.0,18.746534989191044,1.1574853966744814,000042-0012
scale-000042,qualification-synthetic,g,62013.0,18.818447531737757,0.9876046813082054,000042-0013
scale-000042,qualification-synthetic,g,62014.0,20.145777163129047,0.8640462085283082,000042-0014
scale-000042,qualification-synthetic,g,62015.0,20.46394261534064,0.9355431052398916,000042-0015
scale-000042,qualification-synthetic,g,62016.0,20.190224959915493,1.0977390339457165,000042-0016
scale-000042,qualification-synthetic,g,62017.0,21.687793089838724,1.161701585521135,000042-0017
scale-000042,qualification-synthetic,g,62018.0,19.8280154650868,0.8040489457410278,000042-0018
scale-000042,qualification-synthetic,g,62019.0,20.09442837472774,0.9547954116449695,000042-0019
scale-000042,qualification-synthetic,g,62020.0,18.837179829602174,0.9696554004623076,000042-0020
scale-000042,qualification-synthetic,g,62021.0,19.615613528201273,1.1802371771837246,000042-0021
scale-000042,qualification-synthetic,g,62022.0,18.296747880735857,0.864799030145506,000042-0022
scale-000042,qualification-synthetic,g,62023.0,18.71111005597147,1.1703721716202173,000042-0023
scale-000042,qualification-synthetic,g,62024.0,19.67231112487172,0.9482994196370466,000042-0024
scale-000042,qualification-synthetic,g,62025.0,23.91639514438916,0.8162035103868878,000042-0025
scale-000042,qualification-synthetic,g,62026.0,20.88018699340341,0.9382536276814938,000042-0026
scale-000042,qualification-synthetic,g,62027.0,21.10783823021394,0.8145033748739714,000042-0027
scale-000042,qualification-synthetic,g,62028.0,19.273218216151022,0.9119946363333543,000042-0028
scale-000042,qualification-synthetic,g,62029.0,19.09672944735832,0.8569641328508798,000042-0029
scale-000042,qualification-synthetic,g,62030.0,21.015812533348747,1.1238777115544551,000042-0030
scale-000042,qualification-synthetic,g,62031.0,18.806919349502945,0.8345640166405464,000042-0031
scale-000043,qualification-synthetic,g,62000.0,20.6279938389962,0.9085356819151763,000043-0000
scale-000043,qualification-synthetic,g,62001.0,21.645167109674166,0.9470142602250056,000043-0001
scale-000043,qualification-synthetic,g,62002.0,20.321886212568387,0.9848849428784073,000043-0002
scale-000043,qualification-synthetic,g,62003.0,19.727337967849554,0.8758660554425849,000043-0003
scale-000043,qualification-synthetic,g,62004.0,19.5341568711464,1.0906936912171268,000043-0004
scale-000043,qualification-synthetic,g,62005.0,21.642286414918043,1.0861324076247705,000043-0005
scale-000043,qualification-synthetic,g,62006.0,20.09872928922005,0.990207632320236,000043-0006
scale-000043,qualification-synthetic,g,62007.0,19.11462668911316,1.0624725711977414,000043-0007
scale-000043,qualification-synthetic,g,62008.0,19.377003688688742,1.165164945718717,000043-0008
scale-000043,qualification-synthetic,g,62009.0,18.506671480790146,0.8611971941623998,000043-0009
scale-000043,qualification-synthetic,g,62010.0,18.07173312496758,1.192235642530075,000043-0010
scale-000043,qualification-synthetic,g,62011.0,19.151595056505247,0.9988970176107725,000043-0011
scale-000043,qualification-synthetic,g,62012.0,19.41653907883413,0.8033575607757235,000043-0012
scale-000043,qualification-synthetic,g,62013.0,18.48169920626452,1.1700478025134173,000043-0013
scale-000043,qualification-synthetic,g,62014.0,20.214274445519322,1.026290684754064,000043-0014
scale-000043,qualification-synthetic,g,62015.0,20.429393551593467,1.0192461225288199,000043-0015
scale-000043,qualification-synthetic,g,62016.0,21.107444669211052,1.171357633160961,000043-0016
scale-000043,qualification-synthetic,g,62017.0,18.775496344041617,0.9189662519487505,000043-0017
scale-000043,qualification-synthetic,g,62018.0,21.482782563651657,0.8601775907047354,000043-0018
scale-000043,qualification-synthetic,g,62019.0,20.887173905042992,1.1402367858561513,000043-0019
scale-000043,qualification-synthetic,g,62020.0,18.656803260656435,0.974481590243822,000043-0020
scale-000043,qualification-synthetic,g,62021.0,19.433589161346287,0.9048352785631018,000043-0021
scale-000043,qualification-synthetic,g,62022.0,18.064752323752405,1.0121027944020697,000043-0022
scale-000043,qualification-synthetic,g,62023.0,19.879258232463062,0.9332338018066736,000043-0023
scale-000043,qualification-synthetic,g,62024.0,21.173318058968018,1.1894805414075091,000043-0024
scale-000043,qualification-synthetic,g,62025.0,19.55394833156235,1.0314824320932563,000043-0025
scale-000043,qualification-synthetic,g,62026.0,19.433850924674566,0.8642512831243861,000043-0026
scale-000043,qualification-synthetic,g,62027.0,22.275403249648384,0.8798607121825687,000043-0027
scale-000043,qualification-synthetic,g,62028.0,16.23814277287921,1.1283964734318042,000043-0028
scale-000043,qualification-synthetic,g,62029.0,19.923922562526407,1.1338554565065262,000043-0029
scale-000043,qualification-synthetic,g,62030.0,19.88892833731692,1.1307860896100146,000043-0030
scale-000043,qualification-synthetic,g,62031.0,19.447460373794016,1.1896405281285944,000043-0031
scale-000044,qualification-synthetic,g,62000.0,19.927585466392642,0.8129678762927212,000044-0000
scale-000044,qualification-synthetic,g,62001.0,16.22579458296341,1.0998549239594704,000044-0001
scale-000044,qualification-synthetic,g,62002.0,18.232426598465594,0.8352463907762079,000044-0002
scale-000044,qualification-synthetic,g,62003.0,18.912161535743934,0.8027433765179157,000044-0003
scale-000044,qualification-synthetic,g,62004.0,20.645550379484607,1.1315314043161488,000044-0004
scale-000044,qualification-synthetic,g,62005.0,20.596157603882013,0.8510344917960245,000044-0005
scale-000044,qualification-synthetic,g,62006.0,24.12710649027676,0.94834385795347,000044-0006
scale-000044,qualification-synthetic,g,62007.0,21.05656403987186,0.8871608373380689,000044-0007
scale-000044,qualification-synthetic,g,62008.0,20.298642039048957,1.078071834054006,000044-0008
scale-000044,qualification-synthetic,g,62009.0,20.8269855093433,1.163712124646849,000044-0009
scale-000044,qualification-synthetic,g,62010.0,19.167518975089543,1.1143504141609961,000044-0010
scale-000044,qualification-synthetic,g,62011.0,19.52314599642565,1.0890366081907705,000044-0011
scale-000044,qualification-synthetic,g,62012.0,20.068893830296293,0.9907279001383408,000044-0012
scale-000044,qualification-synthetic,g,62013.0,21.395627862945584,0.9418646408376266,000044-0013
scale-000044,qualification-synthetic,g,62014.0,19.653491748889724,1.1784107201670033,000044-0014
scale-000044,qualification-synthetic,g,62015.0,18.867578807711993,1.083951339786222,000044-0015
scale-000044,qualification-synthetic,g,62016.0,19.825391867238693,0.9757427247893666,000044-0016
scale-000044,qualification-synthetic,g,62017.0,21.55962146706575,0.8045541587609462,000044-0017
scale-000044,qualification-synthetic,g,62018.0,19.158486350740443,0.9383168361957392,000044-0018
scale-000044,qualification-synthetic,g,62019.0,20.270760069238786,0.846527495942181,000044-0019
scale-000044,qualification-synthetic,g,62020.0,18.85284188697032,0.8610340627192699,000044-0020
scale-000044,qualification-synthetic,g,62021.0,18.910237544833837,0.8502855105176027,000044-0021
scale-000044,qualification-synthetic,g,62022.0,18.264992742510238,0.9195112131764652,000044-0022
scale-000044,qualification-synthetic,g,62023.0,20.62263479410853,1.0263759919026152,000044-0023
scale-000044,qualification-synthetic,g,62024.0,21.062134647526833,0.9806979667730401,000044-0024
scale-000044,qualification-synthetic,g,62025.0,18.465333004384537,0.9875631671843953,000044-0025
scale-000044,qualification-synthetic,g,62026.0,20.448320531963812,0.8408590563188915,000044-0026
scale-000044,qualification-synthetic,g,62027.0,20.931482730814196,0.8775088828794858,000044-0027
scale-000044,qualification-synthetic,g,62028.0,21.309331668125402,0.9062823883439265,000044-0028
scale-000044,qualification-synthetic,g,62029.0,18.912699647125866,0.8445737145060337,000044-0029
scale-000044,qualification-synthetic,g,62030.0,17.304062680497008,0.8936655816970247,000044-0030
scale-000044,qualification-synthetic,g,62031.0,19.80728014978463,1.0447363450744729,000044-0031
scale-000045,qualification-synthetic,g,62000.0,21.46835592771144,1.1990746312128449,000045-0000
scale-000045,qualification-synthetic,g,62001.0,18.080427598644647,0.979225517078378,000045-0001
scale-000045,qualification-synthetic,g,62002.0,22.176236538674537,1.139738279325085,000045-0002
scale-000045,qualification-synthetic,g,62003.0,17.48384301346105,0.8508674540546431,000045-0003
scale-000045,qualification-synthetic,g,62004.0,18.333629126773353,1.1514062521838249,000045-0004
scale-000045,qualification-synthetic,g,62005.0,19.109127589700407,1.033312169944771,000045-0005
scale-000045,qualification-synthetic,g,62006.0,21.014210561058814,0.810744200157683,000045-0006
scale-000045,qualification-synthetic,g,62007.0,21.550620475935617,1.1796016061132544,000045-0007
scale-000045,qualification-synthetic,g,62008.0,20.269321681965454,0.9695661196773657,000045-0008
scale-000045,qualification-synthetic,g,62009.0,20.537019891013724,0.8629422892602816,000045-0009
scale-000045,qualification-synthetic,g,62010.0,20.492542668179926,0.9637158031799968,000045-0010
scale-000045,qualification-synthetic,g,62011.0,20.40516431574371,0.8785312996225842,000045-0011
scale-000045,qualification-synthetic,g,62012.0,17.042188015536986,1.0530606320269413,000045-0012
scale-000045,qualification-synthetic,g,62013.0,19.41536113699387,1.0425181634512668,000045-0013
scale-000045,qualification-synthetic,g,62014.0,20.390998998779242,1.0286310925963036,000045-0014
scale-000045,qualification-synthetic,g,62015.0,19.26814556171069,0.8931054577551416,000045-0015
scale-000045,qualification-synthetic,g,62016.0,20.576993568989224,1.1730007154747524,000045-0016
scale-000045,qualification-synthetic,g,62017.0,16.638372257238288,1.1530827368828171,000045-0017
scale-000045,qualification-synthetic,g,62018.0,20.929356772653435,1.1073184258685684,000045-0018
scale-000045,qualification-synthetic,g,62019.0,18.181609233424524,1.1430097166422883,000045-0019
scale-000045,qualification-synthetic,g,62020.0,18.680512346082832,0.9479401727367865,000045-0020
scale-000045,qualification-synthetic,g,62021.0,21.16979580592658,1.068106493990099,000045-0021
scale-000045,qualification-synthetic,g,62022.0,19.420856942047646,0.8655933093668058,000045-0022
scale-000045,qualification-synthetic,g,62023.0,20.229541229715036,1.1924052956854119,000045-0023
scale-000045,qualification-synthetic,g,62024.0,20.235410499044132,0.8400561596854056,000045-0024
scale-000045,qualification-synthetic,g,62025.0,19.626261555150904,0.8635658257723148,000045-0025
scale-000045,qualification-synthetic,g,62026.0,20.457884819331387,0.9241490723907093,000045-0026
scale-000045,qualification-synthetic,g,62027.0,20.1695914823238,1.146079307097615,000045-0027
scale-000045,qualification-synthetic,g,62028.0,20.003500091587355,0.9674587320507131,000045-0028
scale-000045,qualification-synthetic,g,62029.0,18.922458582476963,0.9338346517580646,000045-0029
scale-000045,qualification-synthetic,g,62030.0,20.976876956408944,1.1806902021208416,000045-0030
scale-000045,qualification-synthetic,g,62031.0,20.747886786896384,0.9892398545575369,000045-0031
scale-000046,qualification-synthetic,g,62000.0,17.482541811472704,1.1243345338395554,000046-0000
scale-000046,qualification-synthetic,g,62001.0,17.00377327948021,1.1478179757364821,000046-0001
scale-000046,qualification-synthetic,g,62002.0,20.418183359459746,0.9134101933641577,000046-0002
scale-000046,qualification-synthetic,g,62003.0,19.675892472113013,0.8865346833455505,000046-0003
scale-000046,qualification-synthetic,g,62004.0,20.27674758857928,0.8802998671319469,000046-0004
scale-000046,qualification-synthetic,g,62005.0,21.46767873197575,0.9365741537193935,000046-0005
scale-000046,qualification-synthetic,g,62006.0,20.6309096714936,0.8604424204972475,000046-0006
scale-000046,qualification-synthetic,g,62007.0,19.730019600986378,1.0133613373125352,000046-0007
scale-000046,qualification-synthetic,g,62008.0,19.863584934747124,0.9918466341032686,000046-0008
scale-000046,qualification-synthetic,g,62009.0,20.828382605322883,0.84259824171066,000046-0009
scale-000046,qualification-synthetic,g,62010.0,19.297772618323265,1.1497312158698358,000046-0010
scale-000046,qualification-synthetic,g,62011.0,16.6710174639518,1.014228335647299,000046-0011
scale-000046,qualification-synthetic,g,62012.0,22.730564264292283,0.9079478042198672,000046-0012
scale-000046,qualification-synthetic,g,62013.0,21.01687106425992,0.9603959353489764,000046-0013
scale-000046,qualification-synthetic,g,62014.0,19.790644303609856,0.8743235092952908,000046-0014
scale-000046,qualification-synthetic,g,62015.0,20.412452868312577,1.0961666543198427,000046-0015
scale-000046,qualification-synthetic,g,62016.0,19.829841711829005,0.8899013813556259,000046-0016
scale-000046,qualification-synthetic,g,62017.0,20.55832706515694,0.9539393369002523,000046-0017
scale-000046,qualification-synthetic,g,62018.0,21.17231143941334,1.1008974338253252,000046-0018
scale-000046,qualification-synthetic,g,62019.0,20.040433952256603,0.9772840764311652,000046-0019
scale-000046,qualification-synthetic,g,62020.0,20.22061394258207,0.85843683451755,000046-0020
scale-000046,qualification-synthetic,g,62021.0,19.2132210303333,1.1129619806635593,000046-0021
scale-000046,qualification-synthetic,g,62022.0,21.87281785225648,0.8287224593456054,000046-0022
scale-000046,qualification-synthetic,g,62023.0,19.93785787065543,1.167759596985074,000046-0023
scale-000046,qualification-synthetic,g,62024.0,19.0132459734956,0.9957362716536696,000046-0024
scale-000046,qualification-synthetic,g,62025.0,20.161847199861967,1.158262177473887,000046-0025
scale-000046,qualification-synthetic,g,62026.0,20.588513426890636,1.162616251161592,000046-0026
scale-000046,qualification-synthetic,g,62027.0,19.28014791144638,1.0846233554340856,000046-0027
scale-000046,qualification-synthetic,g,62028.0,19.366865215296787,1.1052964615621936,000046-0028
scale-000046,qualification-synthetic,g,62029.0,16.52913499973604,0.9647340755019065,000046-0029
scale-000046,qualification-synthetic,g,62030.0,20.4613116034924,0.8900839620391873,000046-0030
scale-000046,qualification-synthetic,g,62031.0,18.44354283725518,1.0634940218131714,000046-0031
scale-000047,qualification-synthetic,g,62000.0,18.774257559729076,0.8765317219979265,000047-0000
scale-000047,qualification-synthetic,g,62001.0,20.059170649186868,1.186289876113037,000047-0001
scale-000047,qualification-synthetic,g,62002.0,20.22142277103216,1.1694579013142323,000047-0002
scale-000047,qualification-synthetic,g,62003.0,19.75476543987051,0.9979876800599212,000047-0003
scale-000047,qualification-synthetic,g,62004.0,19.291497149920623,1.1987570121104172,000047-0004
scale-000047,qualification-synthetic,g,62005.0,18.666037554738356,0.9573165701528535,000047-0005
scale-000047,qualification-synthetic,g,62006.0,20.811266204063884,0.9090580414938243,000047-0006
scale-000047,qualification-synthetic,g,62007.0,21.44810804584379,0.9154792107664846,000047-0007
scale-000047,qualification-synthetic,g,62008.0,19.024374761603706,1.0941913297993116,000047-0008
scale-000047,qualification-synthetic,g,62009.0,20.356873796703272,0.9908880569723055,000047-0009
scale-000047,qualification-synthetic,g,62010.0,19.809279615174695,1.064266210895595,000047-0010
scale-000047,qualification-synthetic,g,62011.0,23.58458954808458,1.1133725001377683,000047-0011
scale-000047,qualification-synthetic,g,62012.0,19.991205805989175,1.1080921658119562,000047-0012
scale-000047,qualification-synthetic,g,62013.0,20.580720488178347,1.1143395743658873,000047-0013
scale-000047,qualification-synthetic,g,62014.0,19.93081038763616,0.828077474603726,000047-0014
scale-000047,qualification-synthetic,g,62015.0,19.83845114502309,0.8581727645151148,000047-0015
scale-000047,qualification-synthetic,g,62016.0,17.024066181509614,1.0177910595640978,000047-0016
scale-000047,qualification-synthetic,g,62017.0,20.932352062924842,1.0918774169991519,000047-0017
scale-000047,qualification-synthetic,g,62018.0,20.899055485433614,1.0484913838584722,000047-0018
scale-000047,qualification-synthetic,g,62019.0,20.495690516361154,1.1459950432002024,000047-0019
scale-000047,qualification-synthetic,g,62020.0,19.423224150539504,0.8686838300484842,000047-0020
scale-000047,qualification-synthetic,g,62021.0,20.63331697600736,1.010983078393025,000047-0021
scale-000047,qualification-synthetic,g,62022.0,19.76577349194531,0.8999701433239217,000047-0022
scale-000047,qualification-synthetic,g,62023.0,19.875624086263404,0.8640600115425061,000047-0023
scale-000047,qualification-synthetic,g,62024.0,20.514252460289885,0.814908820163962,000047-0024
scale-000047,qualification-synthetic,g,62025.0,20.111581932192795,0.940016271022722,000047-0025
scale-000047,qualification-synthetic,g,62026.0,19.136051644003917,0.849846696467669,000047-0026
scale-000047,qualification-synthetic,g,62027.0,20.518424586952978,1.1560943157914703,000047-0027
scale-000047,qualification-synthetic,g,62028.0,22.02095049422596,1.0491164061760772,000047-0028
scale-000047,qualification-synthetic,g,62029.0,20.207086532395817,1.0501728208440546,000047-0029
scale-000047,qualification-synthetic,g,62030.0,16.94169757856529,0.8690907933411095,000047-0030
scale-000047,qualification-synthetic,g,62031.0,19.517880852572173,0.9250595599228967,000047-0031
scale-000048,qualification-synthetic,g,62000.0,20.533699228116923,0.8721935880770132,000048-0000
scale-000048,qualification-synthetic,g,62001.0,17.505401428403626,1.0597902745862129,000048-0001
scale-000048,qualification-synthetic,g,62002.0,19.845835807875925,0.8654779391119846,000048-0002
scale-000048,qualification-synthetic,g,62003.0,21.72719662650114,0.9080897903031652,000048-0003
scale-000048,qualification-synthetic,g,62004.0,19.273654924462594,1.0183653522936582,000048-0004
scale-000048,qualification-synthetic,g,62005.0,20.173317755209847,0.8271355645405337,000048-0005
scale-000048,qualification-synthetic,g,62006.0,20.63120245425995,1.0439330236414406,000048-0006
scale-000048,qualification-synthetic,g,62007.0,20.331414907122753,1.0419182312269808,000048-0007
scale-000048,qualification-synthetic,g,62008.0,20.396242814037073,0.8945478482634476,000048-0008
scale-000048,qualification-synthetic,g,62009.0,20.572811135873955,0.8119406615909277,000048-0009
scale-000048,qualification-synthetic,g,62010.0,19.12220767235646,0.9786171751105825,000048-0010
scale-000048,qualification-synthetic,g,62011.0,18.758401393231253,0.9777773807641036,000048-0011
scale-000048,qualification-synthetic,g,62012.0,17.891851452899818,1.1195945276983108,000048-0012
scale-000048,qualification-synthetic,g,62013.0,18.800236762665104,0.9952261597607894,000048-0013
scale-000048,qualification-synthetic,g,62014.0,19.63199009269023,0.8412422953025838,000048-0014
scale-000048,qualification-synthetic,g,62015.0,18.657149047319216,1.098383998052583,000048-0015
scale-000048,qualification-synthetic,g,62016.0,19.13770368017591,1.048536550211469,000048-0016
scale-000048,qualification-synthetic,g,62017.0,24.55621537770927,0.9174163344288447,000048-0017
scale-000048,qualification-synthetic,g,62018.0,20.32779198295444,1.1422216774223088,000048-0018
scale-000048,qualification-synthetic,g,62019.0,19.425585384940717,0.92567838577872,000048-0019
scale-000048,qualification-synthetic,g,62020.0,20.570596081225904,1.1718263385145968,000048-0020
scale-000048,qualification-synthetic,g,62021.0,19.59294498141315,1.048461076587175,000048-0021
scale-000048,qualification-synthetic,g,62022.0,17.852890280136414,1.1133957510284227,000048-0022
scale-000048,qualification-synthetic,g,62023.0,20.76908239185568,1.0339529080875713,000048-0023
scale-000048,qualification-synthetic,g,62024.0,20.331807731897214,0.959641026825707,000048-0024
scale-000048,qualification-synthetic,g,62025.0,18.3471201937294,1.0567787857391258,000048-0025
scale-000048,qualification-synthetic,g,62026.0,21.007369924687005,0.819602928135324,000048-0026
scale-000048,qualification-synthetic,g,62027.0,20.48895192798615,0.8748288297754839,000048-0027
scale-000048,qualification-synthetic,g,62028.0,18.29699911071366,0.9772138244360586,000048-0028
scale-000048,qualification-synthetic,g,62029.0,23.387707664855064,1.0858473330323568,000048-0029
scale-000048,qualification-synthetic,g,62030.0,20.938269994519498,0.9125003610688932,000048-0030
scale-000048,qualification-synthetic,g,62031.0,21.942256242086486,1.0626757160548865,000048-0031
scale-000049,qualification-synthetic,g,62000.0,20.27577314647023,1.162699920672319,000049-0000
scale-000049,qualification-synthetic,g,62001.0,18.500287921004926,1.0355819237440589,000049-0001
scale-000049,qualification-synthetic,g,62002.0,19.82762640812821,0.8390805756775896,000049-0002
scale-000049,qualification-synthetic,g,62003.0,18.277649879645526,1.1857583083342578,000049-0003
scale-000049,qualification-synthetic,g,62004.0,19.251603783245418,1.069798276561026,000049-0004
scale-000049,qualification-synthetic,g,62005.0,19.531934259496463,0.9288593817020063,000049-0005
scale-000049,qualification-synthetic,g,62006.0,19.54596880370663,1.0960325341889778,000049-0006
scale-000049,qualification-synthetic,g,62007.0,20.318271557039168,1.0365128491289228,000049-0007
scale-000049,qualification-synthetic,g,62008.0,20.52928036759797,1.0387871295025521,000049-0008
scale-000049,qualification-synthetic,g,62009.0,18.746957624061753,1.1828736063530332,000049-0009
scale-000049,qualification-synthetic,g,62010.0,18.694761380679818,0.9780320815466201,000049-0010
scale-000049,qualification-synthetic,g,62011.0,19.88905665289853,0.8752732493245935,000049-0011
scale-000049,qualification-synthetic,g,62012.0,19.315248672724092,1.165640271051352,000049-0012
scale-000049,qualification-synthetic,g,62013.0,19.596792493056096,1.111844127946881,000049-0013
scale-000049,qualification-synthetic,g,62014.0,20.53219436925922,1.1866707435785528,000049-0014
scale-000049,qualification-synthetic,g,62015.0,21.741052755242244,0.9231015237970526,000049-0015
scale-000049,qualification-synthetic,g,62016.0,20.994126892525887,0.8032213967624652,000049-0016
scale-000049,qualification-synthetic,g,62017.0,19.375309005818586,0.879696841659422,000049-0017
scale-000049,qualification-synthetic,g,62018.0,19.94347968673616,1.1792635601174157,000049-0018
scale-000049,qualification-synthetic,g,62019.0,19.902681187742328,0.9968760010166583,000049-0019
scale-000049,qualification-synthetic,g,62020.0,19.443166464792917,1.143618014459361,000049-0020
scale-000049,qualification-synthetic,g,62021.0,20.06502557808779,0.9645447780619355,000049-0021
scale-000049,qualification-synthetic,g,62022.0,20.267763547681103,1.017037321151233,000049-0022
scale-000049,qualification-synthetic,g,62023.0,18.94329263067094,1.1297853982650954,000049-0023
scale-000049,qualification-synthetic,g,62024.0,19.247177601637148,0.9458520054890885,000049-0024
scale-000049,qualification-synthetic,g,62025.0,19.13284206755618,1.0533474929375632,000049-0025
scale-000049,qualification-synthetic,g,62026.0,20.54718968334214,1.168628601934387,000049-0026
scale-000049,qualification-synthetic,g,62027.0,21.725567004997767,0.9272296407303512,000049-0027
scale-000049,qualification-synthetic,g,62028.0,20.481455345106234,0.8930973572802084,000049-0028
scale-000049,qualification-synthetic,g,62029.0,21.5246666052838,1.0137772896339203,000049-0029
scale-000049,qualification-synthetic,g,62030.0,12.567179647262193,1.0511763058539958,000049-0030
scale-000049,qualification-synthetic,g,62031.0,18.10258990853286,1.139228804995205,000049-0031
scale-000050,qualification-synthetic,g,62000.0,20.26073436462224,1.194640044788501,000050-0000
scale-000050,qualification-synthetic,g,62001.0,19.598383334118985,0.8465208167566857,000050-0001
scale-000050,qualification-synthetic,g,62002.0,21.589057084128495,1.1017505449559963,000050-0002
scale-000050,qualification-synthetic,g,62003.0,20.571567423265645,1.1206859893559165,000050-0003
scale-000050,qualification-synthetic,g,62004.0,19.799733411808113,0.8725879162968543,000050-0004
scale-000050,qualification-synthetic,g,62005.0,17.787961212224147,1.1591853789927191,000050-0005
scale-000050,qualification-synthetic,g,62006.0,20.00417900752455,0.8756866730607409,000050-0006
scale-000050,qualification-synthetic,g,62007.0,19.681770107024533,0.8066427329058816,000050-0007
scale-000050,qualification-synthetic,g,62008.0,19.562936897677115,1.0500805102805195,000050-0008
scale-000050,qualification-synthetic,g,62009.0,18.211424019939095,1.1600750474710255,000050-0009
scale-000050,qualification-synthetic,g,62010.0,19.50011569869684,0.8323977137133297,000050-0010
scale-000050,qualification-synthetic,g,62011.0,17.76718689105378,1.082065471079353,000050-0011
scale-000050,qualification-synthetic,g,62012.0,19.090459595210685,1.1274592971417343,000050-0012
scale-000050,qualification-synthetic,g,62013.0,20.80084063486999,1.088866442891122,000050-0013
scale-000050,qualification-synthetic,g,62014.0,20.36391961728793,0.9393756408809097,000050-0014
scale-000050,qualification-synthetic,g,62015.0,22.68578808264377,0.9594711195263657,000050-0015
scale-000050,qualification-synthetic,g,62016.0,26.41192345646539,1.1973713872687968,000050-0016
scale-000050,qualification-synthetic,g,62017.0,25.97874057367903,1.0354742618373678,000050-0017
scale-000050,qualification-synthetic,g,62018.0,26.967504691879164,1.1010751221461224,000050-0018
scale-000050,qualification-synthetic,g,62019.0,25.81248951693081,1.1869481519408842,000050-0019
scale-000050,qualification-synthetic,g,62020.0,21.603649650848062,1.0990349473669916,000050-0020
scale-000050,qualification-synthetic,g,62021.0,21.24520028527275,0.8192617775391491,000050-0021
scale-000050,qualification-synthetic,g,62022.0,19.130178471667307,1.1212041454269341,000050-0022
scale-000050,qualification-synthetic,g,62023.0,19.92886784454858,0.9796492230409556,000050-0023
scale-000050,qualification-synthetic,g,62024.0,20.313575562993424,1.0639142124184897,000050-0024
scale-000050,qualification-synthetic,g,62025.0,19.04670467357976,1.0945145528345164,000050-0025
scale-000050,qualification-synthetic,g,62026.0,20.34628049234372,0.8229096838610661,000050-0026
scale-000050,qualification-synthetic,g,62027.0,20.018008325811497,1.0423759606732261,000050-0027
scale-000050,qualification-synthetic,g,62028.0,20.494636292860147,0.9627321352505368,000050-0028
scale-000050,qualification-synthetic,g,62029.0,20.194071087173075,1.1458538769873237,000050-0029
scale-000050,qualification-synthetic,g,62030.0,19.39502839790433,0.8944803314579716,000050-0030
scale-000050,qualification-synthetic,g,62031.0,20.05836973395181,1.1345270073432703,000050-0031
scale-000051,qualification-synthetic,g,62000.0,18.106581951417045,1.1122105121543693,000051-0000
scale-000051,qualification-synthetic,g,62001.0,18.515030422452913,1.1349828992094042,000051-0001
scale-000051,qualification-synthetic,g,62002.0,21.892447674933656,0.969915186107003,000051-0002
scale-000051,qualification-synthetic,g,62003.0,19.17607885284981,1.0328233093502064,000051-0003
scale-000051,qualification-synthetic,g,62004.0,19.789365949040693,1.0995762579095054,000051-0004
scale-000051,qualification-synthetic,g,62005.0,20.011292739333452,0.8575073717676995,000051-0005
scale-000051,qualification-synthetic,g,62006.0,21.22659532688903,1.1251035176618391,000051-0006
scale-000051,qualification-synthetic,g,62007.0,19.13739049168891,0.9600276650541345,000051-0007
scale-000051,qualification-synthetic,g,62008.0,20.080080072483955,0.8153686703555834,000051-0008
scale-000051,qualification-synthetic,g,62009.0,21.0281002983093,0.9736767752204287,000051-0009
scale-000051,qualification-synthetic,g,62010.0,20.19599979213106,0.9842262664754795,000051-0010
scale-000051,qualification-synthetic,g,62011.0,23.68007747261865,1.0698612020522278,000051-0011
scale-000051,qualification-synthetic,g,62012.0,19.41539563770015,0.9806631136969742,000051-0012
scale-000051,qualification-synthetic,g,62013.0,18.165145870237797,1.0028297926565937,000051-0013
scale-000051,qualification-synthetic,g,62014.0,20.249886424547988,0.9700148448207914,000051-0014
scale-000051,qualification-synthetic,g,62015.0,20.895803695109286,1.1320865385250585,000051-0015
scale-000051,qualification-synthetic,g,62016.0,19.473788932839287,0.997422749317684,000051-0016
scale-000051,qualification-synthetic,g,62017.0,19.620105000021542,1.1701558609273313,000051-0017
scale-000051,qualification-synthetic,g,62018.0,19.794681511144212,1.025318230137688,000051-0018
scale-000051,qualification-synthetic,g,62019.0,20.64631084575253,1.0782937788415563,000051-0019
scale-000051,qualification-synthetic,g,62020.0,19.232191313318793,0.9787710316809781,000051-0020
scale-000051,qualification-synthetic,g,62021.0,19.248137467155033,1.196402198128299,000051-0021
scale-000051,qualification-synthetic,g,62022.0,20.531111238278683,0.9365187075630276,000051-0022
scale-000051,qualification-synthetic,g,62023.0,21.775499623748193,1.1052930014591227,000051-0023
scale-000051,qualification-synthetic,g,62024.0,17.621821584812885,1.1400741873979134,000051-0024
scale-000051,qualification-synthetic,g,62025.0,18.904319631585004,1.1557391130636034,000051-0025
scale-000051,qualification-synthetic,g,62026.0,18.341395649063944,0.8845919851973163,000051-0026
scale-000051,qualification-synthetic,g,62027.0,20.087215735302905,1.1005512917225688,000051-0027
scale-000051,qualification-synthetic,g,62028.0,20.96510863394477,0.8699624231091018,000051-0028
scale-000051,qualification-synthetic,g,62029.0,19.65842891814416,0.8746428949299352,000051-0029
scale-000051,qualification-synthetic,g,62030.0,19.108446378588862,1.0785305499414275,000051-0030
scale-000051,qualification-synthetic,g,62031.0,18.334503365667278,1.1140184855191944,000051-0031
scale-000052,qualification-synthetic,g,62000.0,19.21441988489694,1.074029278310483,000052-0000
scale-000052,qualification-synthetic,g,62001.0,17.639811199937824,0.8194528351707351,000052-0001
scale-000052,qualification-synthetic,g,62002.0,20.14400959972252,1.168951487490852,000052-0002
scale-000052,qualification-synthetic,g,62003.0,20.68835672451718,0.8888401886571019,000052-0003
scale-000052,qualification-synthetic,g,62004.0,20.016097187819195,0.8004114485351816,000052-0004
scale-000052,qualification-synthetic,g,62005.0,22.215313176196325,1.1815765177091055,000052-0005
scale-000052,qualification-synthetic,g,62006.0,20.09009834581937,0.8791298761763711,000052-0006
scale-000052,qualification-synthetic,g,62007.0,21.166940677222065,1.0976185094104887,000052-0007
scale-000052,qualification-synthetic,g,62008.0,18.8198529096275,0.8434678475294803,000052-0008
scale-000052,qualification-synthetic,g,62009.0,20.057736101198714,1.188468596640857,000052-0009
scale-000052,qualification-synthetic,g,62010.0,23.349927500345984,0.854675237087711,000052-0010
scale-000052,qualification-synthetic,g,62011.0,18.92575668181912,0.9588093697041244,000052-0011
scale-000052,qualification-synthetic,g,62012.0,18.966148991454673,0.8704132957112528,000052-0012
scale-000052,qualification-synthetic,g,62013.0,18.809468276386003,1.1983845164787112,000052-0013
scale-000052,qualification-synthetic,g,62014.0,20.601966191117334,1.0521698650378495,000052-0014
scale-000052,qualification-synthetic,g,62015.0,20.269954130406962,0.9300308932183111,000052-0015
scale-000052,qualification-synthetic,g,62016.0,20.134772854606847,1.0003228676394473,000052-0016
scale-000052,qualification-synthetic,g,62017.0,20.6120460511368,0.8555578297743345,000052-0017
scale-000052,qualification-synthetic,g,62018.0,20.480158096579494,0.8958144071869589,000052-0018
scale-000052,qualification-synthetic,g,62019.0,19.929102584351085,0.9530152687576242,000052-0019
scale-000052,qualification-synthetic,g,62020.0,21.87593358748804,1.1246614937737769,000052-0020
scale-000052,qualification-synthetic,g,62021.0,19.12367260512919,1.195591003934294,000052-0021
scale-000052,qualification-synthetic,g,62022.0,19.62752394683398,1.1191441889553595,000052-0022
scale-000052,qualification-synthetic,g,62023.0,19.7749354863215,0.8213770839204585,000052-0023
scale-000052,qualification-synthetic,g,62024.0,19.046140719861338,0.8931014603139001,000052-0024
scale-000052,qualification-synthetic,g,62025.0,19.284626843902526,0.9955998512865787,000052-0025
scale-000052,qualification-synthetic,g,62026.0,20.78039321408789,0.9958890753165621,000052-0026
scale-000052,qualification-synthetic,g,62027.0,19.822207419889008,0.8390434515935978,000052-0027
scale-000052,qualification-synthetic,g,62028.0,19.753630679187975,1.0814792373167361,000052-0028
scale-000052,qualification-synthetic,g,62029.0,20.1509811648047,0.9944909744990491,000052-0029
scale-000052,qualification-synthetic,g,62030.0,21.496962238944693,0.9247806625566702,000052-0030
scale-000052,qualification-synthetic,g,62031.0,18.29035385532083,0.8706279397696767,000052-0031
scale-000053,qualification-synthetic,g,62000.0,21.856266638041767,0.8614962010582659,000053-0000
scale-000053,qualification-synthetic,g,62001.0,20.366221769361093,1.1744596570568264,000053-0001
scale-000053,qualification-synthetic,g,62002.0,19.988646125128845,1.0698045360462154,000053-0002
scale-000053,qualification-synthetic,g,62003.0,19.24666392871233,0.8712469183641146,000053-0003
scale-000053,qualification-synthetic,g,62004.0,18.890158548459762,0.9010056338652326,000053-0004
scale-000053,qualification-synthetic,g,62005.0,17.074551468264474,0.8740639577819423,000053-0005
scale-000053,qualification-synthetic,g,62006.0,19.694585301385196,1.1937999388104525,000053-0006
scale-000053,qualification-synthetic,g,62007.0,19.421004494082894,0.8997763238563073,000053-0007
scale-000053,qualification-synthetic,g,62008.0,19.97565679781675,0.818617756820557,000053-0008
scale-000053,qualification-synthetic,g,62009.0,21.218154267419,0.8146166206023162,000053-0009
scale-000053,qualification-synthetic,g,62010.0,19.511452977448528,0.924147685642718,000053-0010
scale-000053,qualification-synthetic,g,62011.0,20.46389970233877,1.159724640328993,000053-0011
scale-000053,qualification-synthetic,g,62012.0,19.867251285477284,1.085842058213329,000053-0012
scale-000053,qualification-synthetic,g,62013.0,21.07287239596892,0.9668551457844076,000053-0013
scale-000053,qualification-synthetic,g,62014.0,19.822773279718714,0.9711478468859486,000053-0014
scale-000053,qualification-synthetic,g,62015.0,19.897418526774384,0.9472479300469944,000053-0015
scale-000053,qualification-synthetic,g,62016.0,20.75400870651128,0.8364633539937079,000053-0016
scale-000053,qualification-synthetic,g,62017.0,20.67312483937492,1.0399445151808704,000053-0017
scale-000053,qualification-synthetic,g,62018.0,20.888492196151393,0.9838068478482529,000053-0018
scale-000053,qualification-synthetic,g,62019.0,20.25414234829294,0.8688525337727393,000053-0019
scale-000053,qualification-synthetic,g,62020.0,13.822639936030061,1.125286321957404,000053-0020
scale-000053,qualification-synthetic,g,62021.0,18.870272623333065,0.9264930103966514,000053-0021
scale-000053,qualification-synthetic,g,62022.0,20.697652924921883,1.0696849119595042,000053-0022
scale-000053,qualification-synthetic,g,62023.0,18.762471842452683,0.8709844463850364,000053-0023
scale-000053,qualification-synthetic,g,62024.0,19.81535271606932,0.8389275967953808,000053-0024
scale-000053,qualification-synthetic,g,62025.0,19.595868966079994,0.8897810674498842,000053-0025
scale-000053,qualification-synthetic,g,62026.0,18.831207878792476,1.120829499226698,000053-0026
scale-000053,qualification-synthetic,g,62027.0,19.893549156449534,1.0188583971216951,000053-0027
scale-000053,qualification-synthetic,g,62028.0,23.11553974048388,0.8270629883913864,000053-0028
scale-000053,qualification-synthetic,g,62029.0,20.939835550782014,1.0824169558059384,000053-0029
scale-000053,qualification-synthetic,g,62030.0,19.33172819925772,1.1426532356068855,000053-0030
scale-000053,qualification-synthetic,g,62031.0,19.38150625396414,0.8515844372239744,000053-0031
scale-000054,qualification-synthetic,g,62000.0,20.064754076161044,1.0762293025185556,000054-0000
scale-000054,qualification-synthetic,g,62001.0,21.2071814066859,1.0480411567625625,000054-0001
scale-000054,qualification-synthetic,g,62002.0,20.250430930929706,0.9367766431975135,000054-0002
scale-000054,qualification-synthetic,g,62003.0,18.802761738509364,0.9879543035403626,000054-0003
scale-000054,qualification-synthetic,g,62004.0,22.664061416546428,1.0372027857196282,000054-0004
scale-000054,qualification-synthetic,g,62005.0,20.138022611071303,1.0129902079885376,000054-0005
scale-000054,qualification-synthetic,g,62006.0,20.456584139051326,0.826763194493506,000054-0006
scale-000054,qualification-synthetic,g,62007.0,22.96996548350908,1.0440628384442256,000054-0007
scale-000054,qualification-synthetic,g,62008.0,19.191352158446715,0.8435662899538855,000054-0008
scale-000054,qualification-synthetic,g,62009.0,22.631149330972047,0.9300130625267373,000054-0009
scale-000054,qualification-synthetic,g,62010.0,19.20633616290908,1.0133896408230583,000054-0010
scale-000054,qualification-synthetic,g,62011.0,19.05476425409474,1.0035322845491395,000054-0011
scale-000054,qualification-synthetic,g,62012.0,20.0338753435831,1.171407231992992,000054-0012
scale-000054,qualification-synthetic,g,62013.0,18.744793745250174,1.1820961678336481,000054-0013
scale-000054,qualification-synthetic,g,62014.0,19.64045646452646,1.022660771047996,000054-0014
scale-000054,qualification-synthetic,g,62015.0,19.19220808467558,1.1682643919674651,000054-0015
scale-000054,qualification-synthetic,g,62016.0,20.75276928066973,1.0192524068940538,000054-0016
scale-000054,qualification-synthetic,g,62017.0,19.75447686940858,1.1278765611323909,000054-0017
scale-000054,qualification-synthetic,g,62018.0,20.252448147490526,0.9435363025976373,000054-0018
scale-000054,qualification-synthetic,g,62019.0,20.662883133069336,0.823629748904343,000054-0019
scale-000054,qualification-synthetic,g,62020.0,18.882780298315044,0.9517346840280307,000054-0020
scale-000054,qualification-synthetic,g,62021.0,18.861475694442387,1.0662461641099437,000054-0021
scale-000054,qualification-synthetic,g,62022.0,21.09482777060953,1.1426487755204615,000054-0022
scale-000054,qualification-synthetic,g,62023.0,18.15234117692143,1.0396758663557077,000054-0023
scale-000054,qualification-synthetic,g,62024.0,20.115964938602218,0.9713547524462898,000054-0024
scale-000054,qualification-synthetic,g,62025.0,19.360260270793443,1.0608442866725512,000054-0025
scale-000054,qualification-synthetic,g,62026.0,20.600918786002953,0.8947638923592522,000054-0026
scale-000054,qualification-synthetic,g,62027.0,23.491419254006036,0.992898200651056,000054-0027
scale-000054,qualification-synthetic,g,62028.0,20.49395701361557,1.1380228952787101,000054-0028
scale-000054,qualification-synthetic,g,62029.0,19.3773145135327,1.0332795321257928,000054-0029
scale-000054,qualification-synthetic,g,62030.0,18.694890601867368,0.9166215742098714,000054-0030
scale-000054,qualification-synthetic,g,62031.0,21.453503780087264,1.0800735610983156,000054-0031
scale-000055,qualification-synthetic,g,62000.0,18.91283215323631,1.0718902836705788,000055-0000
scale-000055,qualification-synthetic,g,62001.0,20.542952555922742,1.19946134631657,000055-0001
scale-000055,qualification-synthetic,g,62002.0,21.734079313803914,1.022192505115802,000055-0002
scale-000055,qualification-synthetic,g,62003.0,20.18682347251496,0.8511630782329308,000055-0003
scale-000055,qualification-synthetic,g,62004.0,20.51012888128086,0.877447392455913,000055-0004
scale-000055,qualification-synthetic,g,62005.0,21.9372636224235,1.0438174532282962,000055-0005
scale-000055,qualification-synthetic,g,62006.0,18.91777501685233,1.1933937330882145,000055-0006
scale-000055,qualification-synthetic,g,62007.0,17.75604786832234,0.8418108506162088,000055-0007
scale-000055,qualification-synthetic,g,62008.0,16.184458759355902,1.0515424935970268,000055-0008
scale-000055,qualification-synthetic,g,62009.0,17.219231674900197,1.105236439748152,000055-0009
scale-000055,qualification-synthetic,g,62010.0,19.899457930449223,0.9923838638985887,000055-0010
scale-000055,qualification-synthetic,g,62011.0,19.246646175002986,1.0178142887789488,000055-0011
scale-000055,qualification-synthetic,g,62012.0,19.116264592821334,1.01715409342514,000055-0012
scale-000055,qualification-synthetic,g,62013.0,21.37487146072384,0.8460272284494756,000055-0013
scale-000055,qualification-synthetic,g,62014.0,19.45012155114534,0.871122503341255,000055-0014
scale-000055,qualification-synthetic,g,62015.0,21.59858113221214,1.1634008561530158,000055-0015
scale-000055,qualification-synthetic,g,62016.0,20.111996520792324,0.8692326571357514,000055-0016
scale-000055,qualification-synthetic,g,62017.0,18.667466104567378,0.92421323061291,000055-0017
scale-000055,qualification-synthetic,g,62018.0,20.432421652504615,0.8593008766649054,000055-0018
scale-000055,qualification-synthetic,g,62019.0,21.00150198215005,0.8779703204714598,000055-0019
scale-000055,qualification-synthetic,g,62020.0,19.892915287415452,1.1612509824219779,000055-0020
scale-000055,qualification-synthetic,g,62021.0,20.340344078100138,0.8393027866724235,000055-0021
scale-000055,qualification-synthetic,g,62022.0,20.60247567721848,0.8356177773340759,000055-0022
scale-000055,qualification-synthetic,g,62023.0,20.275380629147225,1.0274738008255464,000055-0023
scale-000055,qualification-synthetic,g,62024.0,20.30370210628301,0.9377715403442776,000055-0024
scale-000055,qualification-synthetic,g,62025.0,22.108009621088733,1.1728839234002895,000055-0025
scale-000055,qualification-synthetic,g,62026.0,21.145006000331467,1.0523458775151215,000055-0026
scale-000055,qualification-synthetic,g,62027.0,21.435602732175095,1.046200341374748,000055-0027
scale-000055,qualification-synthetic,g,62028.0,20.24273724193489,0.986786143924388,000055-0028
scale-000055,qualification-synthetic,g,62029.0,21.355907418117102,0.9055861768258071,000055-0029
scale-000055,qualification-synthetic,g,62030.0,20.34403249622464,0.8287157972377434,000055-0030
scale-000055,qualification-synthetic,g,62031.0,20.31083006171994,1.087072437451511,000055-0031
scale-000056,qualification-synthetic,g,62000.0,20.386446785836434,1.1343342762552007,000056-0000
scale-000056,qualification-synthetic,g,62001.0,20.290497319569845,1.0405314331220639,000056-0001
scale-000056,qualification-synthetic,g,62002.0,20.16865615796336,1.0985666699799972,000056-0002
scale-000056,qualification-synthetic,g,62003.0,18.141234094117188,1.092342587802325,000056-0003
scale-000056,qualification-synthetic,g,62004.0,19.654513795214225,1.1180392604403275,000056-0004
scale-000056,qualification-synthetic,g,62005.0,22.384865442409975,1.053373792288521,000056-0005
scale-000056,qualification-synthetic,g,62006.0,15.947676647568837,0.9259604541653259,000056-0006
scale-000056,qualification-synthetic,g,62007.0,20.881972639439674,1.079929648345649,000056-0007
scale-000056,qualification-synthetic,g,62008.0,19.949225246006108,1.03544010847716,000056-0008
scale-000056,qualification-synthetic,g,62009.0,22.22739820091352,0.9232697385566926,000056-0009
scale-000056,qualification-synthetic,g,62010.0,19.391477649150914,0.9552532817187976,000056-0010
scale-000056,qualification-synthetic,g,62011.0,19.550202492741157,1.170983365953799,000056-0011
scale-000056,qualification-synthetic,g,62012.0,18.254948762048915,0.8070222706349756,000056-0012
scale-000056,qualification-synthetic,g,62013.0,19.614641510327655,0.9175239166224908,000056-0013
scale-000056,qualification-synthetic,g,62014.0,18.901162134871946,1.1841772897950562,000056-0014
scale-000056,qualification-synthetic,g,62015.0,17.852821053044252,0.8481389788110988,000056-0015
scale-000056,qualification-synthetic,g,62016.0,24.130457012956196,1.0647073516518994,000056-0016
scale-000056,qualification-synthetic,g,62017.0,19.841166210871343,0.9592082655971008,000056-0017
scale-000056,qualification-synthetic,g,62018.0,20.825531983462103,0.8334244944176122,000056-0018
scale-000056,qualification-synthetic,g,62019.0,18.933510631629805,1.0172946703260388,000056-0019
scale-000056,qualification-synthetic,g,62020.0,19.496111118107592,1.168398588841398,000056-0020
scale-000056,qualification-synthetic,g,62021.0,21.010111665607337,0.9663980630474561,000056-0021
scale-000056,qualification-synthetic,g,62022.0,17.563974837127446,1.1172314097412521,000056-0022
scale-000056,qualification-synthetic,g,62023.0,18.697087515700947,0.9540763211085451,000056-0023
scale-000056,qualification-synthetic,g,62024.0,20.198640126581655,1.1750291704737894,000056-0024
scale-000056,qualification-synthetic,g,62025.0,19.373945615389534,0.9963179311783877,000056-0025
scale-000056,qualification-synthetic,g,62026.0,24.182005081781718,0.8321428965956046,000056-0026
scale-000056,qualification-synthetic,g,62027.0,20.298057402087792,0.9277453708338678,000056-0027
scale-000056,qualification-synthetic,g,62028.0,21.312770164739973,1.0392378266605553,000056-0028
scale-000056,qualification-synthetic,g,62029.0,19.362660269686366,1.0502633000764303,000056-0029
scale-000056,qualification-synthetic,g,62030.0,19.228808068711643,1.1072761775858597,000056-0030
scale-000056,qualification-synthetic,g,62031.0,22.79110087774687,1.0347017731550057,000056-0031
scale-000057,qualification-synthetic,g,62000.0,16.255276736470694,1.1746514342575083,000057-0000
scale-000057,qualification-synthetic,g,62001.0,20.952404453105647,0.9874010088287362,000057-0001
scale-000057,qualification-synthetic,g,62002.0,20.7957320274298,0.8129629554309874,000057-0002
scale-000057,qualification-synthetic,g,62003.0,19.457893175151725,1.1459586232953665,000057-0003
scale-000057,qualification-synthetic,g,62004.0,20.74864286561307,1.1728919350239169,000057-0004
scale-000057,qualification-synthetic,g,62005.0,19.972278360009525,1.0700239592241874,000057-0005
scale-000057,qualification-synthetic,g,62006.0,18.284522474307494,1.09553033033676,000057-0006
scale-000057,qualification-synthetic,g,62007.0,20.738610821656113,1.0032542535395548,000057-0007
scale-000057,qualification-synthetic,g,62008.0,18.473641048540326,0.8708797114604324,000057-0008
scale-000057,qualification-synthetic,g,62009.0,16.79116882329115,1.0667281121782597,000057-0009
scale-000057,qualification-synthetic,g,62010.0,20.61422310257282,0.8747208667817845,000057-0010
scale-000057,qualification-synthetic,g,62011.0,19.52874269772696,1.1477125655708227,000057-0011
scale-000057,qualification-synthetic,g,62012.0,18.59240795742313,1.1844666882172792,000057-0012
scale-000057,qualification-synthetic,g,62013.0,20.69644720170861,1.007233641263385,000057-0013
scale-000057,qualification-synthetic,g,62014.0,20.06790580283842,0.8876215918934397,000057-0014
scale-000057,qualification-synthetic,g,62015.0,18.58987138192427,1.1455890230160128,000057-0015
scale-000057,qualification-synthetic,g,62016.0,18.973786288385423,0.8839555543592718,000057-0016
scale-000057,qualification-synthetic,g,62017.0,21.25323178427247,0.8705761868683545,000057-0017
scale-000057,qualification-synthetic,g,62018.0,20.260858855415606,0.9487696651732641,000057-0018
scale-000057,qualification-synthetic,g,62019.0,20.752519260213155,0.8082759716250124,000057-0019
scale-000057,qualification-synthetic,g,62020.0,20.369205729312753,0.9280167185109108,000057-0020
scale-000057,qualification-synthetic,g,62021.0,21.02258504019714,1.1554985600203498,000057-0021
scale-000057,qualification-synthetic,g,62022.0,19.15390995378561,0.8010128246133377,000057-0022
scale-000057,qualification-synthetic,g,62023.0,20.77444637882788,1.108190542214408,000057-0023
scale-000057,qualification-synthetic,g,62024.0,16.388012575291956,1.1825247917755288,000057-0024
scale-000057,qualification-synthetic,g,62025.0,20.59412943589679,0.8089712896301192,000057-0025
scale-000057,qualification-synthetic,g,62026.0,19.354117095462858,0.9946748497781094,000057-0026
scale-000057,qualification-synthetic,g,62027.0,21.06336376700439,1.1420541979669008,000057-0027
scale-000057,qualification-synthetic,g,62028.0,20.696566415228162,0.9156786512280112,000057-0028
scale-000057,qualification-synthetic,g,62029.0,21.301499162486532,1.161456470669547,000057-0029
scale-000057,qualification-synthetic,g,62030.0,19.82777655592777,0.818508075132371,000057-0030
scale-000057,qualification-synthetic,g,62031.0,18.34940734516923,1.1880929172448988,000057-0031
scale-000058,qualification-synthetic,g,62000.0,17.71248658357267,0.9794909768160327,000058-0000
scale-000058,qualification-synthetic,g,62001.0,16.737377808419705,0.9331625502134689,000058-0001
scale-000058,qualification-synthetic,g,62002.0,19.131062143476385,1.1079033358282067,000058-0002
scale-000058,qualification-synthetic,g,62003.0,20.65273825730072,0.9709024271134878,000058-0003
scale-000058,qualification-synthetic,g,62004.0,19.56049404920084,0.8657249326733925,000058-0004
scale-000058,qualification-synthetic,g,62005.0,20.99987831150206,1.125197856570242,000058-0005
scale-000058,qualification-synthetic,g,62006.0,18.72151445227662,0.8261632105362465,000058-0006
scale-000058,qualification-synthetic,g,62007.0,20.157077269293612,1.102091842998007,000058-0007
scale-000058,qualification-synthetic,g,62008.0,21.770370546552876,0.9740237227373646,000058-0008
scale-000058,qualification-synthetic,g,62009.0,22.378716549373316,1.0586326955146865,000058-0009
scale-000058,qualification-synthetic,g,62010.0,20.462618410537715,0.81481480571174,000058-0010
scale-000058,qualification-synthetic,g,62011.0,21.12341643740538,0.9986201848618086,000058-0011
scale-000058,qualification-synthetic,g,62012.0,18.07889478529101,1.1910310368931458,000058-0012
scale-000058,qualification-synthetic,g,62013.0,20.22233002189501,0.8491910426531688,000058-0013
scale-000058,qualification-synthetic,g,62014.0,18.17585784458807,1.0186028050366847,000058-0014
scale-000058,qualification-synthetic,g,62015.0,19.630761694291454,0.8362820389723316,000058-0015
scale-000058,qualification-synthetic,g,62016.0,20.64288897019178,1.0562939813780978,000058-0016
scale-000058,qualification-synthetic,g,62017.0,19.922613278861316,0.9167564858376348,000058-0017
scale-000058,qualification-synthetic,g,62018.0,20.70008418929679,0.9798139317773356,000058-0018
scale-000058,qualification-synthetic,g,62019.0,20.412676024397697,1.0078952494876174,000058-0019
scale-000058,qualification-synthetic,g,62020.0,19.7961095534289,0.8386244591281329,000058-0020
scale-000058,qualification-synthetic,g,62021.0,20.856333577906888,1.0735714868542057,000058-0021
scale-000058,qualification-synthetic,g,62022.0,20.520374832755863,0.8293746774701098,000058-0022
scale-000058,qualification-synthetic,g,62023.0,21.168898457495455,0.8436751928414894,000058-0023
scale-000058,qualification-synthetic,g,62024.0,21.367093245002874,0.9050551472455022,000058-0024
scale-000058,qualification-synthetic,g,62025.0,18.05490912769674,1.1831933611285326,000058-0025
scale-000058,qualification-synthetic,g,62026.0,19.580861642766013,1.127110369558014,000058-0026
scale-000058,qualification-synthetic,g,62027.0,19.802709777009124,0.8393341891571268,000058-0027
scale-000058,qualification-synthetic,g,62028.0,20.873134490644222,0.8217557744997135,000058-0028
scale-000058,qualification-synthetic,g,62029.0,19.77743038344867,0.8207926021772304,000058-0029
scale-000058,qualification-synthetic,g,62030.0,20.342940669372656,1.1126552506609542,000058-0030
scale-000058,qualification-synthetic,g,62031.0,18.986290044497544,1.1320498933124128,000058-0031
scale-000059,qualification-synthetic,g,62000.0,21.180630429434,1.05343058471504,000059-0000
scale-000059,qualification-synthetic,g,62001.0,20.983619460057337,0.879960816321883,000059-0001
scale-000059,qualification-synthetic,g,62002.0,18.180331511743667,1.1400064794458618,000059-0002
scale-000059,qualification-synthetic,g,62003.0,19.955153570306344,1.03845938160703,000059-0003
scale-000059,qualification-synthetic,g,62004.0,19.209525760755426,1.119944837693463,000059-0004
scale-000059,qualification-synthetic,g,62005.0,17.16355013227288,1.1470640747823233,000059-0005
scale-000059,qualification-synthetic,g,62006.0,19.416476950211834,1.0231739624435987,000059-0006
scale-000059,qualification-synthetic,g,62007.0,18.963208366540865,0.859591187847738,000059-0007
scale-000059,qualification-synthetic,g,62008.0,20.730556853242057,0.9194731818807249,000059-0008
scale-000059,qualification-synthetic,g,62009.0,19.8692024148673,0.9036320132283588,000059-0009
scale-000059,qualification-synthetic,g,62010.0,20.77622277490471,1.0117158471784642,000059-0010
scale-000059,qualification-synthetic,g,62011.0,20.552820783648013,1.1694694750545953,000059-0011
scale-000059,qualification-synthetic,g,62012.0,20.35552965647683,0.9484286699017329,000059-0012
scale-000059,qualification-synthetic,g,62013.0,19.483507271541885,1.0180243812091285,000059-0013
scale-000059,qualification-synthetic,g,62014.0,19.46746787516861,0.8252540801922942,000059-0014
scale-000059,qualification-synthetic,g,62015.0,19.552366670689754,0.9075014755644154,000059-0015
scale-000059,qualification-synthetic,g,62016.0,19.912176917005176,1.190935313708978,000059-0016
scale-000059,qualification-synthetic,g,62017.0,18.256478702818114,0.9004496094058161,000059-0017
scale-000059,qualification-synthetic,g,62018.0,20.327974393233422,0.8121918458027427,000059-0018
scale-000059,qualification-synthetic,g,62019.0,20.09677666699541,1.173564973195948,000059-0019
scale-000059,qualification-synthetic,g,62020.0,20.417199953145303,1.1212897088282057,000059-0020
scale-000059,qualification-synthetic,g,62021.0,21.876690518484715,0.965034775645074,000059-0021
scale-000059,qualification-synthetic,g,62022.0,21.06089679512,0.8886915626697502,000059-0022
scale-000059,qualification-synthetic,g,62023.0,20.420776118134395,1.1040072214245078,000059-0023
scale-000059,qualification-synthetic,g,62024.0,18.90982980832897,0.8731941148381378,000059-0024
scale-000059,qualification-synthetic,g,62025.0,20.844754745299728,1.1622385796499013,000059-0025
scale-000059,qualification-synthetic,g,62026.0,18.32968519538443,0.8521114360945827,000059-0026
scale-000059,qualification-synthetic,g,62027.0,17.476749793554752,1.0726636205878122,000059-0027
scale-000059,qualification-synthetic,g,62028.0,19.001577581907444,1.1088648458233614,000059-0028
scale-000059,qualification-synthetic,g,62029.0,18.30935688340957,1.1178806044856386,000059-0029
scale-000059,qualification-synthetic,g,62030.0,18.92060565569919,1.0024214646794216,000059-0030
scale-000059,qualification-synthetic,g,62031.0,20.695986471948967,1.1122971385029414,000059-0031
scale-000060,qualification-synthetic,g,62000.0,21.1283283776334,0.8972391607212268,000060-0000
scale-000060,qualification-synthetic,g,62001.0,20.135956335441527,1.1749227801597166,000060-0001
scale-000060,qualification-synthetic,g,62002.0,19.625528715156513,0.912741271339914,000060-0002
scale-000060,qualification-synthetic,g,62003.0,20.31760067475301,1.0931322051495673,000060-0003
scale-000060,qualification-synthetic,g,62004.0,19.888528800540538,1.073238166539764,000060-0004
scale-000060,qualification-synthetic,g,62005.0,18.879388372604897,0.9974058521517429,000060-0005
scale-000060,qualification-synthetic,g,62006.0,20.539633222516713,1.1843203572073895,000060-0006
scale-000060,qualification-synthetic,g,62007.0,18.99781374372672,1.1689591466284897,000060-0007
scale-000060,qualification-synthetic,g,62008.0,17.855396275456982,0.937272626314626,000060-0008
scale-000060,qualification-synthetic,g,62009.0,18.95617182397595,1.1292352882606018,000060-0009
scale-000060,qualification-synthetic,g,62010.0,18.979502557530324,1.0743865895525466,000060-0010
scale-000060,qualification-synthetic,g,62011.0,20.92837847662859,1.099758258899048,000060-0011
scale-000060,qualification-synthetic,g,62012.0,20.0386369494433,0.9139281134359077,000060-0012
scale-000060,qualification-synthetic,g,62013.0,18.901949519939695,1.1247863007149232,000060-0013
scale-000060,qualification-synthetic,g,62014.0,18.22641265710923,1.168027956423202,000060-0014
scale-000060,qualification-synthetic,g,62015.0,19.053742078474475,0.8340807281895165,000060-0015
scale-000060,qualification-synthetic,g,62016.0,19.157950339519473,1.161798869942475,000060-0016
scale-000060,qualification-synthetic,g,62017.0,20.902918378132256,1.1141862499726285,000060-0017
scale-000060,qualification-synthetic,g,62018.0,18.94929442586111,0.900783343058015,000060-0018
scale-000060,qualification-synthetic,g,62019.0,21.21203839436458,0.9896000996565986,000060-0019
scale-000060,qualification-synthetic,g,62020.0,20.29271105656069,0.8717353315766897,000060-0020
scale-000060,qualification-synthetic,g,62021.0,19.884463973325612,1.1983301452600312,000060-0021
scale-000060,qualification-synthetic,g,62022.0,21.792365043192813,1.1916367145297373,000060-0022
scale-000060,qualification-synthetic,g,62023.0,18.481368055136965,0.8475012841566751,000060-0023
scale-000060,qualification-synthetic,g,62024.0,18.48865245778267,1.179337961766436,000060-0024
scale-000060,qualification-synthetic,g,62025.0,20.50644600931675,1.1113624985505182,000060-0025
scale-000060,qualification-synthetic,g,62026.0,21.143145264113933,1.0229484519918954,000060-0026
scale-000060,qualification-synthetic,g,62027.0,19.313574436956415,0.9032335254613547,000060-0027
scale-000060,qualification-synthetic,g,62028.0,22.038031443332176,0.9230852938451771,000060-0028
scale-000060,qualification-synthetic,g,62029.0,20.57102702703909,1.0915186701175408,000060-0029
scale-000060,qualification-synthetic,g,62030.0,19.446612689934952,0.9409137332928724,000060-0030
scale-000060,qualification-synthetic,g,62031.0,20.864714793431443,0.8385457829900509,000060-0031
scale-000061,qualification-synthetic,g,62000.0,20.48919092371133,1.0789360415891545,000061-0000
scale-000061,qualification-synthetic,g,62001.0,18.25999159806594,1.0300654100392024,000061-0001
scale-000061,qualification-synthetic,g,62002.0,18.76435898333745,0.8882347745837984,000061-0002
scale-000061,qualification-synthetic,g,62003.0,19.876180194288075,1.0541379804383588,000061-0003
scale-000061,qualification-synthetic,g,62004.0,20.846346787152477,1.1380169682945231,000061-0004
scale-000061,qualification-synthetic,g,62005.0,19.431723242979007,0.9265245614044593,000061-0005
scale-000061,qualification-synthetic,g,62006.0,20.21308479039633,0.8621495711730901,000061-0006
scale-000061,qualification-synthetic,g,62007.0,20.531348006242293,1.160774873295661,000061-0007
scale-000061,qualification-synthetic,g,62008.0,19.960458558929272,1.0708162773141867,000061-0008
scale-000061,qualification-synthetic,g,62009.0,21.024584150302484,0.9418107225314033,000061-0009
scale-000061,qualification-synthetic,g,62010.0,18.414996136187746,0.9835919875877773,000061-0010
scale-000061,qualification-synthetic,g,62011.0,19.27808176077984,0.9002382321848129,000061-0011
scale-000061,qualification-synthetic,g,62012.0,20.48427734292623,1.0784900902009749,000061-0012
scale-000061,qualification-synthetic,g,62013.0,20.880065203034466,0.8255251970795766,000061-0013
scale-000061,qualification-synthetic,g,62014.0,20.898308856902666,0.8754082470165757,000061-0014
scale-000061,qualification-synthetic,g,62015.0,20.70056244400633,0.881722891498713,000061-0015
scale-000061,qualification-synthetic,g,62016.0,20.22600391639862,0.9228995866677189,000061-0016
scale-000061,qualification-synthetic,g,62017.0,19.71693404656734,1.033953073387988,000061-0017
scale-000061,qualification-synthetic,g,62018.0,21.346193959362445,1.0879209215202015,000061-0018
scale-000061,qualification-synthetic,g,62019.0,20.17612435271955,1.1140834363134715,000061-0019
scale-000061,qualification-synthetic,g,62020.0,20.104038906277854,1.0369383501918445,000061-0020
scale-000061,qualification-synthetic,g,62021.0,20.45059366346725,0.8514094093609386,000061-0021
scale-000061,qualification-synthetic,g,62022.0,19.436033225422086,1.1402449034124038,000061-0022
scale-000061,qualification-synthetic,g,62023.0,20.690467023346066,1.0255808509311972,000061-0023
scale-000061,qualification-synthetic,g,62024.0,21.232445173950097,1.1829841986768577,000061-0024
scale-000061,qualification-synthetic,g,62025.0,20.96892121445841,0.9690280123278412,000061-0025
scale-000061,qualification-synthetic,g,62026.0,21.582226928220063,0.8423681228234852,000061-0026
scale-000061,qualification-synthetic,g,62027.0,21.213212887408396,0.9087228628637295,000061-0027
scale-000061,qualification-synthetic,g,62028.0,19.74620257038895,1.0849692211638842,000061-0028
scale-000061,qualification-synthetic,g,62029.0,19.710262769361233,0.8332962872569047,000061-0029
scale-000061,qualification-synthetic,g,62030.0,21.686628836415014,1.15415410755601,000061-0030
scale-000061,qualification-synthetic,g,62031.0,20.09900145124669,0.8585595731004868,000061-0031
scale-000062,qualification-synthetic,g,62000.0,20.618071974998646,0.8587277157345341,000062-0000
scale-000062,qualification-synthetic,g,62001.0,20.52609992327309,0.8848951108859837,000062-0001
scale-000062,qualification-synthetic,g,62002.0,19.507014553263836,0.9392016859464624,000062-0002
scale-000062,qualification-synthetic,g,62003.0,20.341683316588174,0.8881336839395075,000062-0003
scale-000062,qualification-synthetic,g,62004.0,20.497166716173922,0.9439994614303275,000062-0004
scale-000062,qualification-synthetic,g,62005.0,20.64128979132364,1.0396207003755649,000062-0005
scale-000062,qualification-synthetic,g,62006.0,19.770199021017973,1.1492235106566415,000062-0006
scale-000062,qualification-synthetic,g,62007.0,20.667924906039065,1.191825035545704,000062-0007
scale-000062,qualification-synthetic,g,62008.0,20.30425758828347,1.064486540356083,000062-0008
scale-000062,qualification-synthetic,g,62009.0,20.133257413214693,0.8109503420750728,000062-0009
scale-000062,qualification-synthetic,g,62010.0,21.065434979812487,1.1581463764656152,000062-0010
scale-000062,qualification-synthetic,g,62011.0,20.639422582475518,0.9512894642251349,000062-0011
scale-000062,qualification-synthetic,g,62012.0,20.67898036267543,0.8041838982168831,000062-0012
scale-000062,qualification-synthetic,g,62013.0,22.62270739087596,0.9068610349308662,000062-0013
scale-000062,qualification-synthetic,g,62014.0,19.34066857372872,1.139157770505952,000062-0014
scale-000062,qualification-synthetic,g,62015.0,19.48235575816937,1.1604888512915745,000062-0015
scale-000062,qualification-synthetic,g,62016.0,19.12642261616317,1.1315037204495693,000062-0016
scale-000062,qualification-synthetic,g,62017.0,18.8455168535317,0.9810131470694398,000062-0017
scale-000062,qualification-synthetic,g,62018.0,19.855850502865085,1.0966175946508476,000062-0018
scale-000062,qualification-synthetic,g,62019.0,19.95845145335904,1.1758963730749592,000062-0019
scale-000062,qualification-synthetic,g,62020.0,19.34226499988359,0.9934617930500667,000062-0020
scale-000062,qualification-synthetic,g,62021.0,19.387463491142935,1.1561436577264101,000062-0021
scale-000062,qualification-synthetic,g,62022.0,20.50574042494055,0.8716606427317702,000062-0022
scale-000062,qualification-synthetic,g,62023.0,17.95750996889415,1.019087658353163,000062-0023
scale-000062,qualification-synthetic,g,62024.0,21.728407000042612,0.8674822644087761,000062-0024
scale-000062,qualification-synthetic,g,62025.0,19.782887330021754,1.155389238535587,000062-0025
scale-000062,qualification-synthetic,g,62026.0,21.720884803029655,0.8647941029269463,000062-0026
scale-000062,qualification-synthetic,g,62027.0,19.105740222435198,1.1411915686183176,000062-0027
scale-000062,qualification-synthetic,g,62028.0,19.272713114253907,0.8624298845345263,000062-0028
scale-000062,qualification-synthetic,g,62029.0,19.900801086070565,0.8045946704653363,000062-0029
scale-000062,qualification-synthetic,g,62030.0,21.48264788247873,1.0480648808081046,000062-0030
scale-000062,qualification-synthetic,g,62031.0,19.911034132946746,0.9127417391081541,000062-0031
scale-000063,qualification-synthetic,g,62000.0,19.876590576763526,1.0550831755064196,000063-0000
scale-000063,qualification-synthetic,g,62001.0,20.28029858282522,1.064038258819112,000063-0001
scale-000063,qualification-synthetic,g,62002.0,19.883845596759222,0.8689294236671422,000063-0002
scale-000063,qualification-synthetic,g,62003.0,19.75080847201745,1.1307300560046651,000063-0003
scale-000063,qualification-synthetic,g,62004.0,20.08170999066302,1.0053356220795184,000063-0004
scale-000063,qualification-synthetic,g,62005.0,20.527287985909638,0.8705372707511622,000063-0005
scale-000063,qualification-synthetic,g,62006.0,20.133705274895718,0.8804182280306989,000063-0006
scale-000063,qualification-synthetic,g,62007.0,19.059317950216645,1.0174405849944288,000063-0007
scale-000063,qualification-synthetic,g,62008.0,20.5075603295167,0.8809755882023729,000063-0008
scale-000063,qualification-synthetic,g,62009.0,18.223380225489084,0.9029392992163617,000063-0009
scale-000063,qualification-synthetic,g,62010.0,19.636856810262874,1.0556029500228,000063-0010
scale-000063,qualification-synthetic,g,62011.0,18.691619926148476,1.0904659731972068,000063-0011
scale-000063,qualification-synthetic,g,62012.0,19.070304375612892,1.1158966126120506,000063-0012
scale-000063,qualification-synthetic,g,62013.0,23.47205740710951,1.030377307257106,000063-0013
scale-000063,qualification-synthetic,g,62014.0,19.757103342569287,0.836693075945595,000063-0014
scale-000063,qualification-synthetic,g,62015.0,18.00348061310564,1.171932494405089,000063-0015
scale-000063,qualification-synthetic,g,62016.0,21.314313137223458,1.1674993106289882,000063-0016
scale-000063,qualification-synthetic,g,62017.0,20.014307895511156,1.1376507586005318,000063-0017
scale-000063,qualification-synthetic,g,62018.0,21.838573941422254,1.093174759914005,000063-0018
scale-000063,qualification-synthetic,g,62019.0,20.233476620095228,0.9426547959756167,000063-0019
scale-000063,qualification-synthetic,g,62020.0,20.81605781977802,0.9762564020688634,000063-0020
scale-000063,qualification-synthetic,g,62021.0,18.75794070941957,0.919660643245361,000063-0021
scale-000063,qualification-synthetic,g,62022.0,19.72085994110546,1.033101595555605,000063-0022
scale-000063,qualification-synthetic,g,62023.0,19.5167965718136,0.8640574309554754,000063-0023
scale-000063,qualification-synthetic,g,62024.0,20.656010148322387,1.1310182278386425,000063-0024
scale-000063,qualification-synthetic,g,62025.0,18.82713166158505,0.8875662277038244,000063-0025
scale-000063,qualification-synthetic,g,62026.0,20.183784974559295,1.1569722890407554,000063-0026
scale-000063,qualification-synthetic,g,62027.0,21.208527674438816,0.9379584465869771,000063-0027
scale-000063,qualification-synthetic,g,62028.0,21.699544719947383,1.0729185702610067,000063-0028
scale-000063,qualification-synthetic,g,62029.0,19.94662277683525,1.0542184764163198,000063-0029
scale-000063,qualification-synthetic,g,62030.0,19.276178950474087,1.1112169563165808,000063-0030
scale-000063,qualification-synthetic,g,62031.0,21.193012009867257,0.8820414333283967,000063-0031
scale-000064,qualification-synthetic,g,62000.0,17.70810943371698,1.170140610952492,000064-0000
scale-000064,qualification-synthetic,g,62001.0,20.283769590686806,1.0349231200344093,000064-0001
scale-000064,qualification-synthetic,g,62002.0,19.827777631663178,1.0555959697666224,000064-0002
scale-000064,qualification-synthetic,g,62003.0,20.337199083361654,1.1565802019007472,000064-0003
scale-000064,qualification-synthetic,g,62004.0,20.433640913338145,1.054960449598401,000064-0004
scale-000064,qualification-synthetic,g,62005.0,18.406375859428035,1.0282235960031592,000064-0005
scale-000064,qualification-synthetic,g,62006.0,19.781825536260772,0.8150584812572985,000064-0006
scale-000064,qualification-synthetic,g,62007.0,19.864619704120187,1.1253563641510458,000064-0007
scale-000064,qualification-synthetic,g,62008.0,19.934225003336344,0.9365205849921945,000064-0008
scale-000064,qualification-synthetic,g,62009.0,19.71717863894329,1.1546342302670463,000064-0009
scale-000064,qualification-synthetic,g,62010.0,20.45503721962132,1.1026307423877828,000064-0010
scale-000064,qualification-synthetic,g,62011.0,20.5612702594902,1.0689661576017044,000064-0011
scale-000064,qualification-synthetic,g,62012.0,20.57719389739073,1.109994048447751,000064-0012
scale-000064,qualification-synthetic,g,62013.0,18.46881293084359,0.9279964419043281,000064-0013
scale-000064,qualification-synthetic,g,62014.0,20.5731633962529,1.118193101845916,000064-0014
scale-000064,qualification-synthetic,g,62015.0,20.896966876166182,0.9540611063785343,000064-0015
scale-000064,qualification-synthetic,g,62016.0,20.719400924590012,1.1414571687444135,000064-0016
scale-000064,qualification-synthetic,g,62017.0,19.354210377824813,1.0812691462963109,000064-0017
scale-000064,qualification-synthetic,g,62018.0,21.615501808570748,1.072738493684837,000064-0018
scale-000064,qualification-synthetic,g,62019.0,18.213389648006288,1.1816116075213954,000064-0019
scale-000064,qualification-synthetic,g,62020.0,20.846027110666046,1.1233538358382762,000064-0020
scale-000064,qualification-synthetic,g,62021.0,18.5440810313437,1.1942440577621771,000064-0021
scale-000064,qualification-synthetic,g,62022.0,18.415405685785082,0.9957512256598404,000064-0022
scale-000064,qualification-synthetic,g,62023.0,19.883959536280486,1.0978314606186934,000064-0023
scale-000064,qualification-synthetic,g,62024.0,19.103802249501257,1.1669797600461862,000064-0024
scale-000064,qualification-synthetic,g,62025.0,20.661042530515413,0.844176138263245,000064-0025
scale-000064,qualification-synthetic,g,62026.0,21.565901309596036,0.9945474695499448,000064-0026
scale-000064,qualification-synthetic,g,62027.0,19.751582498955305,0.8688722790213522,000064-0027
scale-000064,qualification-synthetic,g,62028.0,19.849131927358453,0.9137525500674354,000064-0028
scale-000064,qualification-synthetic,g,62029.0,19.201773751354143,1.160142111768449,000064-0029
scale-000064,qualification-synthetic,g,62030.0,19.20456884850643,1.0402614129496024,000064-0030
scale-000064,qualification-synthetic,g,62031.0,19.870720171822917,1.1503347474504517,000064-0031
scale-000065,qualification-synthetic,g,62000.0,19.397083901350012,1.0871607749620606,000065-0000
scale-000065,qualification-synthetic,g,62001.0,18.49136753007414,0.9938073709655932,000065-0001
scale-000065,qualification-synthetic,g,62002.0,19.226784717212865,0.9477287843884276,000065-0002
scale-000065,qualification-synthetic,g,62003.0,18.6888182543466,1.1383149855948962,000065-0003
scale-000065,qualification-synthetic,g,62004.0,18.510976883092237,1.0984483729914105,000065-0004
scale-000065,qualification-synthetic,g,62005.0,20.423733223322166,0.9350334169904845,000065-0005
scale-000065,qualification-synthetic,g,62006.0,19.386792542120283,1.1299804201023793,000065-0006
scale-000065,qualification-synthetic,g,62007.0,20.738926040660147,1.1069416247757544,000065-0007
scale-000065,qualification-synthetic,g,62008.0,19.55130388039223,1.157206129730933,000065-0008
scale-000065,qualification-synthetic,g,62009.0,20.214508862319615,0.8751080974594766,000065-0009
scale-000065,qualification-synthetic,g,62010.0,15.05907636853938,0.899507278125159,000065-0010
scale-000065,qualification-synthetic,g,62011.0,20.4622079215893,1.078963746147225,000065-0011
scale-000065,qualification-synthetic,g,62012.0,20.80891153889362,1.067245828114482,000065-0012
scale-000065,qualification-synthetic,g,62013.0,20.87070623462554,0.9705815349663911,000065-0013
scale-000065,qualification-synthetic,g,62014.0,19.848003831285926,0.8480821527409714,000065-0014
scale-000065,qualification-synthetic,g,62015.0,17.644324907543147,1.094745271762009,000065-0015
scale-000065,qualification-synthetic,g,62016.0,21.077974482858064,1.0445767576557674,000065-0016
scale-000065,qualification-synthetic,g,62017.0,19.252057872584395,0.945845332503727,000065-0017
scale-000065,qualification-synthetic,g,62018.0,20.54764298561678,1.196426621854835,000065-0018
scale-000065,qualification-synthetic,g,62019.0,20.437834831398796,1.084210291308851,000065-0019
scale-000065,qualification-synthetic,g,62020.0,18.152168458895506,1.01746045581107,000065-0020
scale-000065,qualification-synthetic,g,62021.0,18.833418615967148,1.1526697301817697,000065-0021
scale-000065,qualification-synthetic,g,62022.0,19.40336214113619,1.1701099516700786,000065-0022
scale-000065,qualification-synthetic,g,62023.0,21.148650140996462,1.019479771405084,000065-0023
scale-000065,qualification-synthetic,g,62024.0,17.333739114174932,0.9819761951328116,000065-0024
scale-000065,qualification-synthetic,g,62025.0,20.34288981471086,0.896324065789602,000065-0025
scale-000065,qualification-synthetic,g,62026.0,18.77444134242801,0.8622467838952786,000065-0026
scale-000065,qualification-synthetic,g,62027.0,19.158087547369085,0.9874757513953195,000065-0027
scale-000065,qualification-synthetic,g,62028.0,20.181102000321804,0.8772536050781804,000065-0028
scale-000065,qualification-synthetic,g,62029.0,19.370270281361442,1.006595852944143,000065-0029
scale-000065,qualification-synthetic,g,62030.0,20.205097117024295,0.8999165384293236,000065-0030
scale-000065,qualification-synthetic,g,62031.0,20.36649315477188,1.1505108557726005,000065-0031
scale-000066,qualification-synthetic,g,62000.0,21.647912524088454,1.0993839139330666,000066-0000
scale-000066,qualification-synthetic,g,62001.0,19.17546968990561,0.9969596081323567,000066-0001
scale-000066,qualification-synthetic,g,62002.0,20.2573022022758,1.1057576893901604,000066-0002
scale-000066,qualification-synthetic,g,62003.0,19.610082056434408,1.0324103389168113,000066-0003
scale-000066,qualification-synthetic,g,62004.0,19.947885858792613,1.0737617254712797,000066-0004
scale-000066,qualification-synthetic,g,62005.0,20.93750159437692,1.1976720083529964,000066-0005
scale-000066,qualification-synthetic,g,62006.0,20.540692288301376,1.1364166595156877,000066-0006
scale-000066,qualification-synthetic,g,62007.0,20.52868802255465,1.171396621662614,000066-0007
scale-000066,qualification-synthetic,g,62008.0,18.35181876280495,1.145273901196519,000066-0008
scale-000066,qualification-synthetic,g,62009.0,19.851146642426485,0.9010474782322584,000066-0009
scale-000066,qualification-synthetic,g,62010.0,21.431138549432763,0.9108743473382688,000066-0010
scale-000066,qualification-synthetic,g,62011.0,18.276262607606927,1.03300429990776,000066-0011
scale-000066,qualification-synthetic,g,62012.0,20.17756686283096,0.840315279526917,000066-0012
scale-000066,qualification-synthetic,g,62013.0,20.72022079209838,1.142909179131093,000066-0013
scale-000066,qualification-synthetic,g,62014.0,20.073022449267434,0.8750453167891182,000066-0014
scale-000066,qualification-synthetic,g,62015.0,17.198240488508333,1.0162043180570046,000066-0015
scale-000066,qualification-synthetic,g,62016.0,19.879960308242072,0.936243932319362,000066-0016
scale-000066,qualification-synthetic,g,62017.0,20.003219800338357,1.0399625825521093,000066-0017
scale-000066,qualification-synthetic,g,62018.0,19.805331121435927,0.9289306626630048,000066-0018
scale-000066,qualification-synthetic,g,62019.0,20.341397215367714,0.9699687422964072,000066-0019
scale-000066,qualification-synthetic,g,62020.0,18.33334926054636,1.005314861997947,000066-0020
scale-000066,qualification-synthetic,g,62021.0,21.878764435166467,0.9233619892415347,000066-0021
scale-000066,qualification-synthetic,g,62022.0,21.23763957686242,1.0109701133737539,000066-0022
scale-000066,qualification-synthetic,g,62023.0,25.514723053424298,1.1739387903673606,000066-0023
scale-000066,qualification-synthetic,g,62024.0,19.521846023256007,0.8792105348142508,000066-0024
scale-000066,qualification-synthetic,g,62025.0,20.563521803787683,0.8098398890988023,000066-0025
scale-000066,qualification-synthetic,g,62026.0,20.435290664288974,0.924955634178785,000066-0026
scale-000066,qualification-synthetic,g,62027.0,19.919995085562157,0.8854340824500196,000066-0027
scale-000066,qualification-synthetic,g,62028.0,15.756761202145597,1.1637198585360373,000066-0028
scale-000066,qualification-synthetic,g,62029.0,19.100341176362047,0.8957972283106139,000066-0029
scale-000066,qualification-synthetic,g,62030.0,20.225460561440812,0.8224860862148864,000066-0030
scale-000066,qualification-synthetic,g,62031.0,21.29061045774751,0.8806487818535776,000066-0031
scale-000067,qualification-synthetic,g,62000.0,19.505797040078484,0.9903293727066467,000067-0000
scale-000067,qualification-synthetic,g,62001.0,20.622376060856116,1.148494645428415,000067-0001
scale-000067,qualification-synthetic,g,62002.0,20.27053985384835,0.8876864749838224,000067-0002
scale-000067,qualification-synthetic,g,62003.0,19.991243288636216,1.1985797547749895,000067-0003
scale-000067,qualification-synthetic,g,62004.0,20.766843894436324,0.9646037356877356,000067-0004
scale-000067,qualification-synthetic,g,62005.0,19.0526735356783,0.9396574570282079,000067-0005
scale-000067,qualification-synthetic,g,62006.0,20.09076626729009,1.1157056272341366,000067-0006
scale-000067,qualification-synthetic,g,62007.0,18.659672728349673,1.193168025860295,000067-0007
scale-000067,qualification-synthetic,g,62008.0,16.856025151632284,1.180047799990884,000067-0008
scale-000067,qualification-synthetic,g,62009.0,21.73536515991241,0.8932872352670036,000067-0009
scale-000067,qualification-synthetic,g,62010.0,17.2237219236259,1.0518447542455545,000067-0010
scale-000067,qualification-synthetic,g,62011.0,18.77493284199476,1.027051096191878,000067-0011
scale-000067,qualification-synthetic,g,62012.0,17.117144808984026,1.0056645620269564,000067-0012
scale-000067,qualification-synthetic,g,62013.0,19.96314963619856,0.8474021056334058,000067-0013
scale-000067,qualification-synthetic,g,62014.0,18.786104830068968,1.0370483521036669,000067-0014
scale-000067,qualification-synthetic,g,62015.0,19.59208396771655,1.1097904351046084,000067-0015
scale-000067,qualification-synthetic,g,62016.0,19.34243994198,0.9860798444618329,000067-0016
scale-000067,qualification-synthetic,g,62017.0,18.959943451167806,1.1386710241268398,000067-0017
scale-000067,qualification-synthetic,g,62018.0,22.03844798955894,1.1655750593073033,000067-0018
scale-000067,qualification-synthetic,g,62019.0,20.016024988479014,1.07273569030894,000067-0019
scale-000067,qualification-synthetic,g,62020.0,20.380026372200604,0.8168782708751318,000067-0020
scale-000067,qualification-synthetic,g,62021.0,19.617767277161878,1.1935040555211713,000067-0021
scale-000067,qualification-synthetic,g,62022.0,20.66308965998362,0.9915953213618192,000067-0022
scale-000067,qualification-synthetic,g,62023.0,18.184914509737695,1.1925017717872528,000067-0023
scale-000067,qualification-synthetic,g,62024.0,19.039826963126462,1.121457606908745,000067-0024
scale-000067,qualification-synthetic,g,62025.0,19.543364557631236,1.1577154187284413,000067-0025
scale-000067,qualification-synthetic,g,62026.0,19.03838596121917,0.8172614453793319,000067-0026
scale-000067,qualification-synthetic,g,62027.0,19.589896687007126,0.936501909214877,000067-0027
scale-000067,qualification-synthetic,g,62028.0,19.808372114912956,1.1124444203239885,000067-0028
scale-000067,qualification-synthetic,g,62029.0,21.44660830152537,1.0222905498752937,000067-0029
scale-000067,qualification-synthetic,g,62030.0,21.307038984398087,0.8747120591093278,000067-0030
scale-000067,qualification-synthetic,g,62031.0,20.236727747563997,0.9004157230333859,000067-0031
scale-000068,qualification-synthetic,g,62000.0,20.173884560301904,0.9331603952277641,000068-0000
scale-000068,qualification-synthetic,g,62001.0,20.97745231674491,1.053570677942701,000068-0001
scale-000068,qualification-synthetic,g,62002.0,20.408799518798702,1.0375174189945529,000068-0002
scale-000068,qualification-synthetic,g,62003.0,21.784103635406215,1.1781721240277472,000068-0003
scale-000068,qualification-synthetic,g,62004.0,19.748555402514693,0.8247990930993283,000068-0004
scale-000068,qualification-synthetic,g,62005.0,18.18846124119941,0.8640810037415035,000068-0005
scale-000068,qualification-synthetic,g,62006.0,21.37069664320877,1.0740704270695902,000068-0006
scale-000068,qualification-synthetic,g,62007.0,20.568584104610416,0.8684865972766169,000068-0007
scale-000068,qualification-synthetic,g,62008.0,20.795096322845584,1.1007146367290295,000068-0008
scale-000068,qualification-synthetic,g,62009.0,19.238033912531534,0.8010452723912751,000068-0009
scale-000068,qualification-synthetic,g,62010.0,20.646703558858988,1.1931957125360533,000068-0010
scale-000068,qualification-synthetic,g,62011.0,20.795805277850715,0.9521691314052264,000068-0011
scale-000068,qualification-synthetic,g,62012.0,20.996829037475887,1.0385929859800227,000068-0012
scale-000068,qualification-synthetic,g,62013.0,19.502372798088487,1.004079272179874,000068-0013
scale-000068,qualification-synthetic,g,62014.0,20.33999031706167,0.930854468263081,000068-0014
scale-000068,qualification-synthetic,g,62015.0,20.94071792057357,0.9957805696296014,000068-0015
scale-000068,qualification-synthetic,g,62016.0,18.674036392802037,1.0756116104101097,000068-0016
scale-000068,qualification-synthetic,g,62017.0,20.654288069226432,0.9872510714041717,000068-0017
scale-000068,qualification-synthetic,g,62018.0,17.745880613411355,1.0394332655492298,000068-0018
scale-000068,qualification-synthetic,g,62019.0,18.850228854410286,0.8894794965291547,000068-0019
scale-000068,qualification-synthetic,g,62020.0,19.84494266434501,1.1823212217589965,000068-0020
scale-000068,qualification-synthetic,g,62021.0,21.220947195662752,0.9942264424705773,000068-0021
scale-000068,qualification-synthetic,g,62022.0,20.706517178008525,0.8168365573226233,000068-0022
scale-000068,qualification-synthetic,g,62023.0,22.758423683756867,1.1735274518535947,000068-0023
scale-000068,qualification-synthetic,g,62024.0,19.590625814503717,0.8827904099748612,000068-0024
scale-000068,qualification-synthetic,g,62025.0,21.201568447204373,0.9595591663422298,000068-0025
scale-000068,qualification-synthetic,g,62026.0,21.35939844351649,0.9864839134180119,000068-0026
scale-000068,qualification-synthetic,g,62027.0,22.522162331790074,0.9915228557918757,000068-0027
scale-000068,qualification-synthetic,g,62028.0,19.78846113325175,0.84672416729979,000068-0028
scale-000068,qualification-synthetic,g,62029.0,24.087466282818987,1.0467325752561125,000068-0029
scale-000068,qualification-synthetic,g,62030.0,21.041926796534018,0.8126782425301512,000068-0030
scale-000068,qualification-synthetic,g,62031.0,20.29537447822159,1.1289460411118282,000068-0031
scale-000069,qualification-synthetic,g,62000.0,20.75711246486714,1.1772348830517962,000069-0000
scale-000069,qualification-synthetic,g,62001.0,20.412690447159747,0.8725815832260474,000069-0001
scale-000069,qualification-synthetic,g,62002.0,18.97609871265865,0.8195488206293338,000069-0002
scale-000069,qualification-synthetic,g,62003.0,20.109323177920928,0.9301891693175851,000069-0003
scale-000069,qualification-synthetic,g,62004.0,17.98777300587955,0.8891366400245587,000069-0004
scale-000069,qualification-synthetic,g,62005.0,20.70935922812771,0.9541586958065927,000069-0005
scale-000069,qualification-synthetic,g,62006.0,20.819070094128673,0.9891907898495694,000069-0006
scale-000069,qualification-synthetic,g,62007.0,18.624145325846158,0.935213861322464,000069-0007
scale-000069,qualification-synthetic,g,62008.0,20.72752906838206,0.9869647548327313,000069-0008
scale-000069,qualification-synthetic,g,62009.0,19.72031770150688,1.1724351129218216,000069-0009
scale-000069,qualification-synthetic,g,62010.0,20.95245649371152,1.0693709572705608,000069-0010
scale-000069,qualification-synthetic,g,62011.0,19.657148936379482,1.0203926771388663,000069-0011
scale-000069,qualification-synthetic,g,62012.0,20.35458424974307,1.107762930489706,000069-0012
scale-000069,qualification-synthetic,g,62013.0,21.880073832321543,1.1347370150137832,000069-0013
scale-000069,qualification-synthetic,g,62014.0,22.155408449584435,1.0374080564293795,000069-0014
scale-000069,qualification-synthetic,g,62015.0,19.15225284763473,0.8578131521953225,000069-0015
scale-000069,qualification-synthetic,g,62016.0,19.102574119924387,0.8954751667286963,000069-0016
scale-000069,qualification-synthetic,g,62017.0,21.25862583865385,0.9500721658218283,000069-0017
scale-000069,qualification-synthetic,g,62018.0,18.619886179602993,1.137268518230779,000069-0018
scale-000069,qualification-synthetic,g,62019.0,20.37161434529028,0.8932537370384581,000069-0019
scale-000069,qualification-synthetic,g,62020.0,21.29164843258041,1.1076888287664486,000069-0020
scale-000069,qualification-synthetic,g,62021.0,18.608747847435257,1.0697142107040962,000069-0021
scale-000069,qualification-synthetic,g,62022.0,20.547481005458515,1.0772422213966297,000069-0022
scale-000069,qualification-synthetic,g,62023.0,20.724378227753704,1.0452939913436585,000069-0023
scale-000069,qualification-synthetic,g,62024.0,19.146653048670625,0.8297918953306471,000069-0024
scale-000069,qualification-synthetic,g,62025.0,22.29643956471364,1.062392628112411,000069-0025
scale-000069,qualification-synthetic,g,62026.0,20.30974989346239,0.9860045885021286,000069-0026
scale-000069,qualification-synthetic,g,62027.0,18.89303084232606,0.8491861688293134,000069-0027
scale-000069,qualification-synthetic,g,62028.0,20.158784469331067,1.0946023290303224,000069-0028
scale-000069,qualification-synthetic,g,62029.0,20.017732695172953,0.8672392377402147,000069-0029
scale-000069,qualification-synthetic,g,62030.0,19.256069492583414,1.0536824651064038,000069-0030
scale-000069,qualification-synthetic,g,62031.0,21.676887970217294,1.1675506410389906,000069-0031
scale-000070,qualification-synthetic,g,62000.0,21.398259646528004,0.9066114835834054,000070-0000
scale-000070,qualification-synthetic,g,62001.0,19.982302515724378,1.1072935846032692,000070-0001
scale-000070,qualification-synthetic,g,62002.0,18.97088477517181,1.05216516514297,000070-0002
scale-000070,qualification-synthetic,g,62003.0,20.262807950555295,0.8283486407463581,000070-0003
scale-000070,qualification-synthetic,g,62004.0,19.307786893702602,1.1136679920041432,000070-0004
scale-000070,qualification-synthetic,g,62005.0,19.38688747999462,0.96105157845225,000070-0005
scale-000070,qualification-synthetic,g,62006.0,20.38017252506931,1.0254752001799354,000070-0006
scale-000070,qualification-synthetic,g,62007.0,18.690120977695695,0.9978839282115509,000070-0007
scale-000070,qualification-synthetic,g,62008.0,18.929701112465875,0.9184217056879976,000070-0008
scale-000070,qualification-synthetic,g,62009.0,20.23554672939702,0.9767932580882146,000070-0009
scale-000070,qualification-synthetic,g,62010.0,19.03978292146413,1.0104230637754361,000070-0010
scale-000070,qualification-synthetic,g,62011.0,21.57275660683185,0.9327859220868958,000070-0011
scale-000070,qualification-synthetic,g,62012.0,20.01235570541622,1.1520733355444488,000070-0012
scale-000070,qualification-synthetic,g,62013.0,18.501063531926135,0.9370952998870896,000070-0013
scale-000070,qualification-synthetic,g,62014.0,19.247539119659315,0.8320217637353078,000070-0014
scale-000070,qualification-synthetic,g,62015.0,19.521346122131426,0.952506015000687,000070-0015
scale-000070,qualification-synthetic,g,62016.0,18.76036150215098,1.1088832689725647,000070-0016
scale-000070,qualification-synthetic,g,62017.0,17.604801918984784,0.951676019070461,000070-0017
scale-000070,qualification-synthetic,g,62018.0,20.193218515014806,0.8582060328233845,000070-0018
scale-000070,qualification-synthetic,g,62019.0,20.279371069685617,0.9301303005259515,000070-0019
scale-000070,qualification-synthetic,g,62020.0,19.733625211300282,0.9644981053962856,000070-0020
scale-000070,qualification-synthetic,g,62021.0,19.936096027990306,0.9751708558716439,000070-0021
scale-000070,qualification-synthetic,g,62022.0,19.538630121337977,0.8950006187823301,000070-0022
scale-000070,qualification-synthetic,g,62023.0,18.455158798235974,0.9023110809152047,000070-0023
scale-000070,qualification-synthetic,g,62024.0,20.01881134154811,0.85829313628055,000070-0024
scale-000070,qualification-synthetic,g,62025.0,18.431629939883308,1.0139330701814084,000070-0025
scale-000070,qualification-synthetic,g,62026.0,19.768670640717218,0.8766534486987833,000070-0026
scale-000070,qualification-synthetic,g,62027.0,21.208561155470193,1.1047961226032397,000070-0027
scale-000070,qualification-synthetic,g,62028.0,20.491532477318785,1.1320230529652386,000070-0028
scale-000070,qualification-synthetic,g,62029.0,20.018661583944997,0.8481979934523087,000070-0029
scale-000070,qualification-synthetic,g,62030.0,20.215173259557773,0.8326709543100781,000070-0030
scale-000070,qualification-synthetic,g,62031.0,20.21867681155619,0.9715109109117772,000070-0031
scale-000071,qualification-synthetic,g,62000.0,17.286017886721346,1.1742299074786382,000071-0000
scale-000071,qualification-synthetic,g,62001.0,21.938535388244016,1.0638135728067175,000071-0001
scale-000071,qualification-synthetic,g,62002.0,19.65773901606412,1.0935774241110234,000071-0002
scale-000071,qualification-synthetic,g,62003.0,20.343962019114485,1.0787607978343223,000071-0003
scale-000071,qualification-synthetic,g,62004.0,20.63350551521943,0.9331793827157007,000071-0004
scale-000071,qualification-synthetic,g,62005.0,19.287137425174365,1.1892037227728276,000071-0005
scale-000071,qualification-synthetic,g,62006.0,18.82967740844609,0.9754848941504723,000071-0006
scale-000071,qualification-synthetic,g,62007.0,20.887840962651765,0.8010694846247867,000071-0007
scale-000071,qualification-synthetic,g,62008.0,18.853997138943157,0.9576798748795916,000071-0008
scale-000071,qualification-synthetic,g,62009.0,20.128634109749342,0.9980066325428025,000071-0009
scale-000071,qualification-synthetic,g,62010.0,21.316955037591143,0.8339084340322915,000071-0010
scale-000071,qualification-synthetic,g,62011.0,18.32615115185425,1.1491507155299776,000071-0011
scale-000071,qualification-synthetic,g,62012.0,21.010426092923645,0.8337022563234637,000071-0012
scale-000071,qualification-synthetic,g,62013.0,21.02245599773154,0.9111973591424142,000071-0013
scale-000071,qualification-synthetic,g,62014.0,19.085333458223342,0.8806298245863432,000071-0014
scale-000071,qualification-synthetic,g,62015.0,19.611925292586992,1.1941244926584549,000071-0015
scale-000071,qualification-synthetic,g,62016.0,20.013821622623873,0.9379604564402856,000071-0016
scale-000071,qualification-synthetic,g,62017.0,19.566891553971335,1.0293754199231469,000071-0017
scale-000071,qualification-synthetic,g,62018.0,20.25891913932498,0.9251059354492749,000071-0018
scale-000071,qualification-synthetic,g,62019.0,22.941062969231574,1.138182776774136,000071-0019
scale-000071,qualification-synthetic,g,62020.0,20.73172799210603,0.8188843179833905,000071-0020
scale-000071,qualification-synthetic,g,62021.0,19.5845650028298,0.985075477246223,000071-0021
scale-000071,qualification-synthetic,g,62022.0,20.248661570372988,0.9004395753108813,000071-0022
scale-000071,qualification-synthetic,g,62023.0,18.234133774077417,0.9122661316263933,000071-0023
scale-000071,qualification-synthetic,g,62024.0,19.64376387489877,0.9308462286241665,000071-0024
scale-000071,qualification-synthetic,g,62025.0,18.279525224243937,0.9784730905933057,000071-0025
scale-000071,qualification-synthetic,g,62026.0,19.3916187572725,0.8444530453170165,000071-0026
scale-000071,qualification-synthetic,g,62027.0,23.24185027010354,1.0375776953813025,000071-0027
scale-000071,qualification-synthetic,g,62028.0,21.131143071365265,1.0841061919989041,000071-0028
scale-000071,qualification-synthetic,g,62029.0,19.75465276746891,0.8945325245553309,000071-0029
scale-000071,qualification-synthetic,g,62030.0,21.535560970928675,0.8687609339842762,000071-0030
scale-000071,qualification-synthetic,g,62031.0,19.99220307200189,0.8756609891969052,000071-0031
scale-000072,qualification-synthetic,g,62000.0,20.777672580124673,1.0951914882856348,000072-0000
scale-000072,qualification-synthetic,g,62001.0,18.344390690180845,0.8674062578189627,000072-0001
scale-000072,qualification-synthetic,g,62002.0,22.025411298990758,0.9858586668070803,000072-0002
scale-000072,qualification-synthetic,g,62003.0,21.688034781979134,1.1563033712279824,000072-0003
scale-000072,qualification-synthetic,g,62004.0,20.19119157918566,1.0062640343598808,000072-0004
scale-000072,qualification-synthetic,g,62005.0,18.790393155213483,0.9806212631205915,000072-0005
scale-000072,qualification-synthetic,g,62006.0,19.62286322977448,0.9269965820130264,000072-0006
scale-000072,qualification-synthetic,g,62007.0,20.042583677258616,0.992806496163775,000072-0007
scale-000072,qualification-synthetic,g,62008.0,18.843832076809562,1.174218723155303,000072-0008
scale-000072,qualification-synthetic,g,62009.0,19.962022707756876,1.17697470503892,000072-0009
scale-000072,qualification-synthetic,g,62010.0,19.29839962034926,0.8544467620647821,000072-0010
scale-000072,qualification-synthetic,g,62011.0,17.700563002223557,0.8478113404623836,000072-0011
scale-000072,qualification-synthetic,g,62012.0,20.35864113437439,0.9277495217783035,000072-0012
scale-000072,qualification-synthetic,g,62013.0,20.351127888524942,1.1680865875342978,000072-0013
scale-000072,qualification-synthetic,g,62014.0,19.820477240060196,1.0728953977531839,000072-0014
scale-000072,qualification-synthetic,g,62015.0,22.410505403263898,1.0568462889889239,000072-0015
scale-000072,qualification-synthetic,g,62016.0,18.83601227735525,0.8036106316217996,000072-0016
scale-000072,qualification-synthetic,g,62017.0,18.156076939610877,1.1844525891588047,000072-0017
scale-000072,qualification-synthetic,g,62018.0,20.651730116425565,0.914674122516773,000072-0018
scale-000072,qualification-synthetic,g,62019.0,20.070154626536997,1.1445771856380331,000072-0019
scale-000072,qualification-synthetic,g,62020.0,17.846665315964195,0.852910985662452,000072-0020
scale-000072,qualification-synthetic,g,62021.0,20.22071922853826,1.032313761244634,000072-0021
scale-000072,qualification-synthetic,g,62022.0,19.600155721440668,1.0255911032170169,000072-0022
scale-000072,qualification-synthetic,g,62023.0,20.531567587495307,1.0785235493572227,000072-0023
scale-000072,qualification-synthetic,g,62024.0,21.55135759212728,0.9558042647063446,000072-0024
scale-000072,qualification-synthetic,g,62025.0,21.420569644134126,0.8256700170624014,000072-0025
scale-000072,qualification-synthetic,g,62026.0,24.250256542941493,1.1326907533441062,000072-0026
scale-000072,qualification-synthetic,g,62027.0,19.772271712803715,0.9514066368910336,000072-0027
scale-000072,qualification-synthetic,g,62028.0,18.859993502035614,1.1287246816136167,000072-0028
scale-000072,qualification-synthetic,g,62029.0,19.778222063912253,0.8610177389952351,000072-0029
scale-000072,qualification-synthetic,g,62030.0,19.70346443680556,1.0707163064832248,000072-0030
scale-000072,qualification-synthetic,g,62031.0,20.483661407101742,0.8048492464023705,000072-0031
scale-000073,qualification-synthetic,g,62000.0,21.370449888992948,0.8347586859317123,000073-0000
scale-000073,qualification-synthetic,g,62001.0,20.53329980982572,1.1406044881301827,000073-0001
scale-000073,qualification-synthetic,g,62002.0,20.411315847066003,0.9687305652340676,000073-0002
scale-000073,qualification-synthetic,g,62003.0,20.51864107947268,0.8953996944061428,000073-0003
scale-000073,qualification-synthetic,g,62004.0,20.410414864888562,0.9697426397509576,000073-0004
scale-000073,qualification-synthetic,g,62005.0,19.291644321088828,0.8161785720396273,000073-0005
scale-000073,qualification-synthetic,g,62006.0,20.53668092583783,0.9817491129048146,000073-0006
scale-000073,qualification-synthetic,g,62007.0,16.796884318227523,1.0309507294995406,000073-0007
scale-000073,qualification-synthetic,g,62008.0,18.003179104611313,0.939902310679292,000073-0008
scale-000073,qualification-synthetic,g,62009.0,20.84113327278883,1.1217526417311634,000073-0009
scale-000073,qualification-synthetic,g,62010.0,19.978450629300905,0.9515064703672512,000073-0010
scale-000073,qualification-synthetic,g,62011.0,20.957014724540137,1.0130941158647575,000073-0011
scale-000073,qualification-synthetic,g,62012.0,19.806820872726004,1.1672271708961746,000073-0012
scale-000073,qualification-synthetic,g,62013.0,19.638477276721506,0.8303885717857172,000073-0013
scale-000073,qualification-synthetic,g,62014.0,19.889922358872763,1.0346295374748598,000073-0014
scale-000073,qualification-synthetic,g,62015.0,19.36674140782918,0.8303821482680162,000073-0015
scale-000073,qualification-synthetic,g,62016.0,19.469925602933777,1.1479648317204332,000073-0016
scale-000073,qualification-synthetic,g,62017.0,16.666964801650042,0.9703136985249811,000073-0017
scale-000073,qualification-synthetic,g,62018.0,20.32422698732289,0.8262534452628573,000073-0018
scale-000073,qualification-synthetic,g,62019.0,20.828727229790772,0.9197113341807429,000073-0019
scale-000073,qualification-synthetic,g,62020.0,19.659282627685016,0.8983884150252848,000073-0020
scale-000073,qualification-synthetic,g,62021.0,19.26692794408939,0.9064145770597315,000073-0021
scale-000073,qualification-synthetic,g,62022.0,23.290631195706908,0.8326442262278547,000073-0022
scale-000073,qualification-synthetic,g,62023.0,19.751653352315998,0.8816163988696315,000073-0023
scale-000073,qualification-synthetic,g,62024.0,19.755970030573792,1.080346272876778,000073-0024
scale-000073,qualification-synthetic,g,62025.0,20.51558535802186,1.1484609755472184,000073-0025
scale-000073,qualification-synthetic,g,62026.0,22.099546995513908,0.9117750298618582,000073-0026
scale-000073,qualification-synthetic,g,62027.0,20.418884458374947,1.076780984650792,000073-0027
scale-000073,qualification-synthetic,g,62028.0,19.10274841957946,1.0696305847646914,000073-0028
scale-000073,qualification-synthetic,g,62029.0,19.42461043592308,1.131454406819924,000073-0029
scale-000073,qualification-synthetic,g,62030.0,19.86248423011785,0.9245212375641122,000073-0030
scale-000073,qualification-synthetic,g,62031.0,19.31570368533042,0.8516600830739657,000073-0031
scale-000074,qualification-synthetic,g,62000.0,19.712905320365945,1.0532853691455637,000074-0000
scale-000074,qualification-synthetic,g,62001.0,19.04299076376807,0.9623961498203945,000074-0001
scale-000074,qualification-synthetic,g,62002.0,20.274573701779754,0.9455541568237137,000074-0002
scale-000074,qualification-synthetic,g,62003.0,20.652784211566402,1.1930104285867245,000074-0003
scale-000074,qualification-synthetic,g,62004.0,19.57337876484912,1.06157284346888,000074-0004
scale-000074,qualification-synthetic,g,62005.0,19.80805247015166,1.088192794000433,000074-0005
scale-000074,qualification-synthetic,g,62006.0,19.930281975042757,0.8900066966466508,000074-0006
scale-000074,qualification-synthetic,g,62007.0,20.296999968913887,1.042623019323466,000074-0007
scale-000074,qualification-synthetic,g,62008.0,20.510722179218618,1.0989058541083874,000074-0008
scale-000074,qualification-synthetic,g,62009.0,20.97197966996268,0.8309549929181016,000074-0009
scale-000074,qualification-synthetic,g,62010.0,19.4414236885847,1.158621611030331,000074-0010
scale-000074,qualification-synthetic,g,62011.0,18.15716674248498,1.1016775899626567,000074-0011
scale-000074,qualification-synthetic,g,62012.0,21.025349001329886,0.9646096289814392,000074-0012
scale-000074,qualification-synthetic,g,62013.0,20.064609517459047,0.9841970104304475,000074-0013
scale-000074,qualification-synthetic,g,62014.0,19.222775699196692,0.9178457562446187,000074-0014
scale-000074,qualification-synthetic,g,62015.0,20.92054819822342,0.9613737835837288,000074-0015
scale-000074,qualification-synthetic,g,62016.0,20.709684275575903,0.8069707023131131,000074-0016
scale-000074,qualification-synthetic,g,62017.0,18.36485071561812,0.9976161632671373,000074-0017
scale-000074,qualification-synthetic,g,62018.0,22.275501684502544,0.8151646752583375,000074-0018
scale-000074,qualification-synthetic,g,62019.0,20.174336373914244,1.070331599400851,000074-0019
scale-000074,qualification-synthetic,g,62020.0,21.739264207228132,0.9409108666168602,000074-0020
scale-000074,qualification-synthetic,g,62021.0,18.945398398021787,0.8220942005970215,000074-0021
scale-000074,qualification-synthetic,g,62022.0,18.157346700453772,1.0497608086949755,000074-0022
scale-000074,qualification-synthetic,g,62023.0,17.6568924511509,1.0095015401982028,000074-0023
scale-000074,qualification-synthetic,g,62024.0,21.86095588653026,1.033705806008879,000074-0024
scale-000074,qualification-synthetic,g,62025.0,19.399946897743412,1.098886132009213,000074-0025
scale-000074,qualification-synthetic,g,62026.0,19.357361074154422,1.0004874348947588,000074-0026
scale-000074,qualification-synthetic,g,62027.0,18.965221080659614,0.9597788182552677,000074-0027
scale-000074,qualification-synthetic,g,62028.0,19.07809040158559,0.873627693014579,000074-0028
scale-000074,qualification-synthetic,g,62029.0,19.463804544821237,0.8658068756775713,000074-0029
scale-000074,qualification-synthetic,g,62030.0,19.621631313315127,0.8285781020152869,000074-0030
scale-000074,qualification-synthetic,g,62031.0,22.772316870346657,0.9730632858547626,000074-0031
scale-000075,qualification-synthetic,g,62000.0,19.29708338880355,1.0474521079606927,000075-0000
scale-000075,qualification-synthetic,g,62001.0,20.38891090477055,0.8183574063393483,000075-0001
scale-000075,qualification-synthetic,g,62002.0,23.113901029726293,1.1872379206388604,000075-0002
scale-000075,qualification-synthetic,g,62003.0,20.652939650156952,0.9948089564208502,000075-0003
scale-000075,qualification-synthetic,g,62004.0,21.248477528930795,1.0883309065835987,000075-0004
scale-000075,qualification-synthetic,g,62005.0,17.411568312137625,0.8758448673128347,000075-0005
scale-000075,qualification-synthetic,g,62006.0,21.37158716351146,1.1625322106128066,000075-0006
scale-000075,qualification-synthetic,g,62007.0,21.17066820397888,0.8269191526393184,000075-0007
scale-000075,qualification-synthetic,g,62008.0,22.473689672178857,1.1354495847441297,000075-0008
scale-000075,qualification-synthetic,g,62009.0,19.425800615774605,0.9250193481886646,000075-0009
scale-000075,qualification-synthetic,g,62010.0,19.898510557191308,0.8742885831281474,000075-0010
scale-000075,qualification-synthetic,g,62011.0,22.056956835757553,1.1527297181527383,000075-0011
scale-000075,qualification-synthetic,g,62012.0,20.61745900073915,0.8705925514608472,000075-0012
scale-000075,qualification-synthetic,g,62013.0,19.932173702520135,1.097773599394248,000075-0013
scale-000075,qualification-synthetic,g,62014.0,19.85031898154119,1.1069660396526988,000075-0014
scale-000075,qualification-synthetic,g,62015.0,18.038082474018985,1.1167948899311813,000075-0015
scale-000075,qualification-synthetic,g,62016.0,19.791699307527526,0.8579310518922795,000075-0016
scale-000075,qualification-synthetic,g,62017.0,21.184744346216043,0.9370968605217548,000075-0017
scale-000075,qualification-synthetic,g,62018.0,21.797616562580867,1.0378111468270803,000075-0018
scale-000075,qualification-synthetic,g,62019.0,19.45455546157146,0.9209408250064618,000075-0019
scale-000075,qualification-synthetic,g,62020.0,19.682971585205966,1.0981791022856464,000075-0020
scale-000075,qualification-synthetic,g,62021.0,21.47940362912877,1.071469871199654,000075-0021
scale-000075,qualification-synthetic,g,62022.0,18.133808948139663,1.000206205701769,000075-0022
scale-000075,qualification-synthetic,g,62023.0,21.26096200569068,1.1302954812271393,000075-0023
scale-000075,qualification-synthetic,g,62024.0,22.740744887057186,0.96511681058827,000075-0024
scale-000075,qualification-synthetic,g,62025.0,21.548995331142482,1.0616027403426405,000075-0025
scale-000075,qualification-synthetic,g,62026.0,19.634005338518776,1.0659049777854497,000075-0026
scale-000075,qualification-synthetic,g,62027.0,20.27672786397726,1.1617925891017562,000075-0027
scale-000075,qualification-synthetic,g,62028.0,20.372085368747772,1.1822228711126133,000075-0028
scale-000075,qualification-synthetic,g,62029.0,21.515333391941628,0.8769196866900651,000075-0029
scale-000075,qualification-synthetic,g,62030.0,20.171463094205063,0.8712373473828613,000075-0030
scale-000075,qualification-synthetic,g,62031.0,19.76411496272331,1.0643510244660959,000075-0031
scale-000076,qualification-synthetic,g,62000.0,18.054322827082792,1.1765252612225825,000076-0000
scale-000076,qualification-synthetic,g,62001.0,19.994548406890328,0.9670902584546255,000076-0001
scale-000076,qualification-synthetic,g,62002.0,17.889437673863867,0.8478609777838596,000076-0002
scale-000076,qualification-synthetic,g,62003.0,20.128000932219404,1.16691498340467,000076-0003
scale-000076,qualification-synthetic,g,62004.0,20.23922124491611,1.0500243728457745,000076-0004
scale-000076,qualification-synthetic,g,62005.0,19.581151809175825,1.1521787744220628,000076-0005
scale-000076,qualification-synthetic,g,62006.0,20.535819721877733,0.826772522887129,000076-0006
scale-000076,qualification-synthetic,g,62007.0,16.744553422475146,1.1126982135651196,000076-0007
scale-000076,qualification-synthetic,g,62008.0,21.613399983253334,1.0509858071264375,000076-0008
scale-000076,qualification-synthetic,g,62009.0,20.516404854602662,1.1399991587002825,000076-0009
scale-000076,qualification-synthetic,g,62010.0,20.809451516716205,1.067342714213867,000076-0010
scale-000076,qualification-synthetic,g,62011.0,18.819829643548452,1.0802829998525274,000076-0011
scale-000076,qualification-synthetic,g,62012.0,19.560941913406936,1.1182679306667396,000076-0012
scale-000076,qualification-synthetic,g,62013.0,20.839260108919685,1.1027461660469984,000076-0013
scale-000076,qualification-synthetic,g,62014.0,19.734169030809614,0.8648495386529588,000076-0014
scale-000076,qualification-synthetic,g,62015.0,19.558365850588242,0.8654580556857722,000076-0015
scale-000076,qualification-synthetic,g,62016.0,20.832867157469117,0.8630309314682724,000076-0016
scale-000076,qualification-synthetic,g,62017.0,20.971457796304446,0.9262417373978337,000076-0017
scale-000076,qualification-synthetic,g,62018.0,22.017295373995832,0.8343148837625977,000076-0018
scale-000076,qualification-synthetic,g,62019.0,22.098332456201987,1.0235436749148594,000076-0019
scale-000076,qualification-synthetic,g,62020.0,18.647888331368055,0.9633892033436826,000076-0020
scale-000076,qualification-synthetic,g,62021.0,20.402412509931906,1.0788411138598948,000076-0021
scale-000076,qualification-synthetic,g,62022.0,18.338823497811187,1.0506863835627556,000076-0022
scale-000076,qualification-synthetic,g,62023.0,21.13171927510928,0.8606790346330806,000076-0023
scale-000076,qualification-synthetic,g,62024.0,18.82410126246353,0.8487609507352576,000076-0024
scale-000076,qualification-synthetic,g,62025.0,19.9380453826597,0.9164433489525632,000076-0025
scale-000076,qualification-synthetic,g,62026.0,20.897126652276636,1.05877481650474,000076-0026
scale-000076,qualification-synthetic,g,62027.0,20.593355908920188,1.0242412487768575,000076-0027
scale-000076,qualification-synthetic,g,62028.0,19.525324183028967,1.0123364477388281,000076-0028
scale-000076,qualification-synthetic,g,62029.0,21.50773157747984,0.8718457438105917,000076-0029
scale-000076,qualification-synthetic,g,62030.0,20.064776937265023,0.90933739834341,000076-0030
scale-000076,qualification-synthetic,g,62031.0,20.810091584588108,0.8724119542148742,000076-0031
scale-000077,qualification-synthetic,g,62000.0,19.615716613742013,0.8435933914430092,000077-0000
scale-000077,qualification-synthetic,g,62001.0,20.94663033943016,1.0172401613571678,000077-0001
scale-000077,qualification-synthetic,g,62002.0,23.103540897822924,1.1614391395058252,000077-0002
scale-000077,qualification-synthetic,g,62003.0,19.95434600016193,1.0699317640895676,000077-0003
scale-000077,qualification-synthetic,g,62004.0,20.48173353923065,0.9313407568462838,000077-0004
scale-000077,qualification-synthetic,g,62005.0,18.14681969377964,1.1480120815664732,000077-0005
scale-000077,qualification-synthetic,g,62006.0,18.282235360585688,0.9150749256512047,000077-0006
scale-000077,qualification-synthetic,g,62007.0,20.072780407755193,0.9435814457995,000077-0007
scale-000077,qualification-synthetic,g,62008.0,20.654667563171795,1.1506810792009814,000077-0008
scale-000077,qualification-synthetic,g,62009.0,19.077980313932734,0.8970045429327979,000077-0009
scale-000077,qualification-synthetic,g,62010.0,21.065250440498193,1.1404861516466103,000077-0010
scale-000077,qualification-synthetic,g,62011.0,18.557646168792857,1.136635149954221,000077-0011
scale-000077,qualification-synthetic,g,62012.0,18.427305335086547,0.9518470139072371,000077-0012
scale-000077,qualification-synthetic,g,62013.0,20.230254983255737,0.8562975220066065,000077-0013
scale-000077,qualification-synthetic,g,62014.0,20.01194042895173,0.8559569704486211,000077-0014
scale-000077,qualification-synthetic,g,62015.0,21.261010298949007,0.8160147326743515,000077-0015
scale-000077,qualification-synthetic,g,62016.0,21.870305883655924,0.9363451541452775,000077-0016
scale-000077,qualification-synthetic,g,62017.0,20.220600639893732,0.8206070169362044,000077-0017
scale-000077,qualification-synthetic,g,62018.0,16.83058371757913,1.19635499978842,000077-0018
scale-000077,qualification-synthetic,g,62019.0,20.040473914279815,0.9716700203335937,000077-0019
scale-000077,qualification-synthetic,g,62020.0,21.44235875864497,0.9619981145217034,000077-0020
scale-000077,qualification-synthetic,g,62021.0,18.314357429167135,1.1220606896620449,000077-0021
scale-000077,qualification-synthetic,g,62022.0,20.172049147123154,1.0464439464785653,000077-0022
scale-000077,qualification-synthetic,g,62023.0,20.23642638952026,1.1897959704468266,000077-0023
scale-000077,qualification-synthetic,g,62024.0,20.14239204867491,0.9476984681354295,000077-0024
scale-000077,qualification-synthetic,g,62025.0,17.93698877918107,1.0614799518699458,000077-0025
scale-000077,qualification-synthetic,g,62026.0,19.938998664141508,1.19712940742078,000077-0026
scale-000077,qualification-synthetic,g,62027.0,20.484777093495136,0.9484784954140745,000077-0027
scale-000077,qualification-synthetic,g,62028.0,21.223609686846356,0.8885992940698585,000077-0028
scale-000077,qualification-synthetic,g,62029.0,21.957037635039725,0.8154800230702652,000077-0029
scale-000077,qualification-synthetic,g,62030.0,21.069968496336955,1.0728295611884917,000077-0030
scale-000077,qualification-synthetic,g,62031.0,20.74396368648423,1.0306859040711023,000077-0031
scale-000078,qualification-synthetic,g,62000.0,20.108117987321123,1.19189871084028,000078-0000
scale-000078,qualification-synthetic,g,62001.0,23.810764917326534,0.9116276491988256,000078-0001
scale-000078,qualification-synthetic,g,62002.0,19.720877042484094,1.0622144301892114,000078-0002
scale-000078,qualification-synthetic,g,62003.0,20.75326214752056,0.809127529589595,000078-0003
scale-000078,qualification-synthetic,g,62004.0,19.79033388866446,0.8367950548240168,000078-0004
scale-000078,qualification-synthetic,g,62005.0,17.954854551209696,0.9897632535120879,000078-0005
scale-000078,qualification-synthetic,g,62006.0,19.72292971095663,1.0452530477626314,000078-0006
scale-000078,qualification-synthetic,g,62007.0,20.14249148033154,1.121826400215702,000078-0007
scale-000078,qualification-synthetic,g,62008.0,20.31204405735111,1.1310987289085637,000078-0008
scale-000078,qualification-synthetic,g,62009.0,18.594713302829515,0.8160747153998924,000078-0009
scale-000078,qualification-synthetic,g,62010.0,19.4394312213896,0.9815848431740926,000078-0010
scale-000078,qualification-synthetic,g,62011.0,19.090529241495485,0.8279164616487987,000078-0011
scale-000078,qualification-synthetic,g,62012.0,20.89272346456366,0.8882792806957543,000078-0012
scale-000078,qualification-synthetic,g,62013.0,19.539011891942867,1.1659013025636893,000078-0013
scale-000078,qualification-synthetic,g,62014.0,19.63413383195714,0.981899789617118,000078-0014
scale-000078,qualification-synthetic,g,62015.0,18.877570770762503,0.9437154216138831,000078-0015
scale-000078,qualification-synthetic,g,62016.0,22.78912967625632,0.9539803931594858,000078-0016
scale-000078,qualification-synthetic,g,62017.0,20.904089105725287,0.8243858180655229,000078-0017
scale-000078,qualification-synthetic,g,62018.0,20.455423399643276,0.8382423136006708,000078-0018
scale-000078,qualification-synthetic,g,62019.0,19.98161197704688,0.8793208928974986,000078-0019
scale-000078,qualification-synthetic,g,62020.0,18.967932326216086,0.9783442416272138,000078-0020
scale-000078,qualification-synthetic,g,62021.0,20.211817472030525,1.0909153845948587,000078-0021
scale-000078,qualification-synthetic,g,62022.0,19.663484607464117,1.00198722259896,000078-0022
scale-000078,qualification-synthetic,g,62023.0,21.296627962793913,1.0139961443830987,000078-0023
scale-000078,qualification-synthetic,g,62024.0,19.93948068584526,1.1430588138176812,000078-0024
scale-000078,qualification-synthetic,g,62025.0,20.812574279154536,1.1366522675104056,000078-0025
scale-000078,qualification-synthetic,g,62026.0,17.99529635744058,1.1997646486482458,000078-0026
scale-000078,qualification-synthetic,g,62027.0,19.870434303805272,0.8703706916268593,000078-0027
scale-000078,qualification-synthetic,g,62028.0,18.31488347039217,0.8284418688545881,000078-0028
scale-000078,qualification-synthetic,g,62029.0,19.719526456469616,1.0581707049196896,000078-0029
scale-000078,qualification-synthetic,g,62030.0,19.215274615166138,1.1153771506941936,000078-0030
scale-000078,qualification-synthetic,g,62031.0,18.62637676180001,0.909036493287882,000078-0031
scale-000079,qualification-synthetic,g,62000.0,19.649777655944224,0.8879627597107719,000079-0000
scale-000079,qualification-synthetic,g,62001.0,18.6456337627561,1.1917586061127654,000079-0001
scale-000079,qualification-synthetic,g,62002.0,21.14727512746478,1.084291446759031,000079-0002
scale-000079,qualification-synthetic,g,62003.0,20.789706976864935,0.9914635521258017,000079-0003
scale-000079,qualification-synthetic,g,62004.0,20.995439198906517,0.8313532125403139,000079-0004
scale-000079,qualification-synthetic,g,62005.0,19.219785434680688,0.8732032664793552,000079-0005
scale-000079,qualification-synthetic,g,62006.0,19.229915778749135,1.0402178903825439,000079-0006
scale-000079,qualification-synthetic,g,62007.0,19.11813082287581,0.816568107022775,000079-0007
scale-000079,qualification-synthetic,g,62008.0,19.398090582636446,1.081028957688409,000079-0008
scale-000079,qualification-synthetic,g,62009.0,18.161402109378454,1.0955303913629237,000079-0009
scale-000079,qualification-synthetic,g,62010.0,22.589754899616086,0.8918268485381552,000079-0010
scale-000079,qualification-synthetic,g,62011.0,20.784816344394624,0.8127249248932269,000079-0011
scale-000079,qualification-synthetic,g,62012.0,19.208397293276523,1.197057868372663,000079-0012
scale-000079,qualification-synthetic,g,62013.0,20.051491950943333,1.0214577330945658,000079-0013
scale-000079,qualification-synthetic,g,62014.0,18.365516839043305,1.066953949683561,000079-0014
scale-000079,qualification-synthetic,g,62015.0,22.147061175915255,0.8269713357983742,000079-0015
scale-000079,qualification-synthetic,g,62016.0,20.48602719070272,0.8239028603145395,000079-0016
scale-000079,qualification-synthetic,g,62017.0,21.300138619956194,1.1595617594805177,000079-0017
scale-000079,qualification-synthetic,g,62018.0,20.761878483474213,1.0169693337339805,000079-0018
scale-000079,qualification-synthetic,g,62019.0,18.584943126799097,1.1939879369186746,000079-0019
scale-000079,qualification-synthetic,g,62020.0,20.75694266214456,0.8178139961486403,000079-0020
scale-000079,qualification-synthetic,g,62021.0,19.649657078210765,0.8631507009276228,000079-0021
scale-000079,qualification-synthetic,g,62022.0,18.933046485015566,0.8400444971130233,000079-0022
scale-000079,qualification-synthetic,g,62023.0,20.195504883188732,1.1598821636799754,000079-0023
scale-000079,qualification-synthetic,g,62024.0,20.041153928436188,1.1093572117625725,000079-0024
scale-000079,qualification-synthetic,g,62025.0,23.24703520704746,1.137839819362722,000079-0025
scale-000079,qualification-synthetic,g,62026.0,17.76752242515781,1.032262891961505,000079-0026
scale-000079,qualification-synthetic,g,62027.0,21.582881674119175,0.8977756726000086,000079-0027
scale-000079,qualification-synthetic,g,62028.0,19.30322097291041,1.0553699630590456,000079-0028
scale-000079,qualification-synthetic,g,62029.0,20.398679247240757,0.8203035878286085,000079-0029
scale-000079,qualification-synthetic,g,62030.0,20.600891823325696,0.8705159415010412,000079-0030
scale-000079,qualification-synthetic,g,62031.0,18.906769500472777,0.8823942518621586,000079-0031
scale-000080,qualification-synthetic,g,62000.0,19.756933012038758,1.056994807036702,000080-0000
scale-000080,qualification-synthetic,g,62001.0,19.705874998857546,1.0535902964424726,000080-0001
scale-000080,qualification-synthetic,g,62002.0,20.093395100128966,1.0708083445515135,000080-0002
scale-000080,qualification-synthetic,g,62003.0,20.239010719742907,1.18353569587533,000080-0003
scale-000080,qualification-synthetic,g,62004.0,21.440188241196257,0.8468726543931309,000080-0004
scale-000080,qualification-synthetic,g,62005.0,19.17996400652185,1.091777115307243,000080-0005
scale-000080,qualification-synthetic,g,62006.0,19.946292871255842,1.085378163177181,000080-0006
scale-000080,qualification-synthetic,g,62007.0,21.270481278720776,0.8673385821755251,000080-0007
scale-000080,qualification-synthetic,g,62008.0,20.331227545490258,1.0585260743442282,000080-0008
scale-000080,qualification-synthetic,g,62009.0,17.69386005426851,0.9249977531325039,000080-0009
scale-000080,qualification-synthetic,g,62010.0,18.796620037257654,0.9732949011855511,000080-0010
scale-000080,qualification-synthetic,g,62011.0,22.116496763253462,0.9135845931084751,000080-0011
scale-000080,qualification-synthetic,g,62012.0,17.785233596920527,1.1390326478420414,000080-0012
scale-000080,qualification-synthetic,g,62013.0,19.36185691105124,0.9734577442329019,000080-0013
scale-000080,qualification-synthetic,g,62014.0,21.088111674552263,1.06424333668536,000080-0014
scale-000080,qualification-synthetic,g,62015.0,19.285312460475662,1.0108208397552405,000080-0015
scale-000080,qualification-synthetic,g,62016.0,19.829950437286428,1.1811764202755106,000080-0016
scale-000080,qualification-synthetic,g,62017.0,20.26019824169837,1.0117011799455924,000080-0017
scale-000080,qualification-synthetic,g,62018.0,20.871581766834,1.1928977053737408,000080-0018
scale-000080,qualification-synthetic,g,62019.0,20.7013484652431,0.8096560447865027,000080-0019
scale-000080,qualification-synthetic,g,62020.0,19.35669501837193,0.8867700043494764,000080-0020
scale-000080,qualification-synthetic,g,62021.0,16.28903674292018,0.9582573485087896,000080-0021
scale-000080,qualification-synthetic,g,62022.0,20.434526877589526,0.9725647397563477,000080-0022
scale-000080,qualification-synthetic,g,62023.0,19.749338131632722,1.0717323311211455,000080-0023
scale-000080,qualification-synthetic,g,62024.0,19.293422366530553,0.9429469993189249,000080-0024
scale-000080,qualification-synthetic,g,62025.0,17.109086065922114,1.1694441055414466,000080-0025
scale-000080,qualification-synthetic,g,62026.0,19.725993468614263,0.9921905168602345,000080-0026
scale-000080,qualification-synthetic,g,62027.0,21.017662057400088,0.9632253629272854,000080-0027
scale-000080,qualification-synthetic,g,62028.0,18.12167331109295,0.9599173790630571,000080-0028
scale-000080,qualification-synthetic,g,62029.0,20.03624414480892,0.8563191266662634,000080-0029
scale-000080,qualification-synthetic,g,62030.0,20.695502124333835,1.1357143775085383,000080-0030
scale-000080,qualification-synthetic,g,62031.0,20.924292761459615,1.0493144115375188,000080-0031
scale-000081,qualification-synthetic,g,62000.0,20.229005229230573,1.1957121347585944,000081-0000
scale-000081,qualification-synthetic,g,62001.0,18.04925825997525,0.9168638487387314,000081-0001
scale-000081,qualification-synthetic,g,62002.0,21.43026531615561,1.021878745762561,000081-0002
scale-000081,qualification-synthetic,g,62003.0,20.413545167905664,1.0407867656366834,000081-0003
scale-000081,qualification-synthetic,g,62004.0,19.93714730845526,1.138517253817825,000081-0004
scale-000081,qualification-synthetic,g,62005.0,21.789458761747603,1.1023612560631302,000081-0005
scale-000081,qualification-synthetic,g,62006.0,17.564565925215387,0.864521603428647,000081-0006
scale-000081,qualification-synthetic,g,62007.0,20.35231894566487,0.9890017751049995,000081-0007
scale-000081,qualification-synthetic,g,62008.0,21.83407316752325,1.1958383503223315,000081-0008
scale-000081,qualification-synthetic,g,62009.0,21.51699051242489,1.0943200728031965,000081-0009
scale-000081,qualification-synthetic,g,62010.0,19.805354598432775,0.9484613921595938,000081-0010
scale-000081,qualification-synthetic,g,62011.0,19.53018993377882,0.8636669395190767,000081-0011
scale-000081,qualification-synthetic,g,62012.0,19.09709394351819,0.9302816730263266,000081-0012
scale-000081,qualification-synthetic,g,62013.0,20.663767391768275,0.9072553232663861,000081-0013
scale-000081,qualification-synthetic,g,62014.0,21.268738559324724,1.1152562409463185,000081-0014
scale-000081,qualification-synthetic,g,62015.0,20.336836955122134,0.9658863760809179,000081-0015
scale-000081,qualification-synthetic,g,62016.0,21.216144466205503,1.188139498762438,000081-0016
scale-000081,qualification-synthetic,g,62017.0,20.592837465828755,0.8656003842160025,000081-0017
scale-000081,qualification-synthetic,g,62018.0,18.862010937223438,0.9583594107851234,000081-0018
scale-000081,qualification-synthetic,g,62019.0,18.339641688982848,1.1365837643071308,000081-0019
scale-000081,qualification-synthetic,g,62020.0,20.403702379962436,0.8881049681476031,000081-0020
scale-000081,qualification-synthetic,g,62021.0,21.285407430946602,1.0715523294459899,000081-0021
scale-000081,qualification-synthetic,g,62022.0,20.242285605838997,0.9828067243576405,000081-0022
scale-000081,qualification-synthetic,g,62023.0,20.94342234097452,1.0238361755497989,000081-0023
scale-000081,qualification-synthetic,g,62024.0,19.782307863686842,0.9468298455843922,000081-0024
scale-000081,qualification-synthetic,g,62025.0,20.75173197857187,0.8799982738122183,000081-0025
scale-000081,qualification-synthetic,g,62026.0,19.524559866203756,1.0268530914696095,000081-0026
scale-000081,qualification-synthetic,g,62027.0,19.075653323009156,1.0296218824711787,000081-0027
scale-000081,qualification-synthetic,g,62028.0,17.880209762689304,0.8903275316586982,000081-0028
scale-000081,qualification-synthetic,g,62029.0,18.919073654431728,1.104677038268833,000081-0029
scale-000081,qualification-synthetic,g,62030.0,19.66141858423861,1.102912738464357,000081-0030
scale-000081,qualification-synthetic,g,62031.0,19.276013665038352,0.8545426793667437,000081-0031
scale-000082,qualification-synthetic,g,62000.0,19.461398435882252,0.8917437671482096,000082-0000
scale-000082,qualification-synthetic,g,62001.0,17.179217257540856,0.9198023849589217,000082-0001
scale-000082,qualification-synthetic,g,62002.0,21.34321769220516,1.014972562891884,000082-0002
scale-000082,qualification-synthetic,g,62003.0,22.447943098228144,0.913625176380313,000082-0003
scale-000082,qualification-synthetic,g,62004.0,20.010789373130724,0.8475444239155666,000082-0004
scale-000082,qualification-synthetic,g,62005.0,20.13487016617858,0.86733074226487,000082-0005
scale-000082,qualification-synthetic,g,62006.0,21.183379114363706,1.1063348591737228,000082-0006
scale-000082,qualification-synthetic,g,62007.0,19.585939579582625,1.0495667315996706,000082-0007
scale-000082,qualification-synthetic,g,62008.0,20.84108010917318,0.8367903264693577,000082-0008
scale-000082,qualification-synthetic,g,62009.0,18.509586868061906,1.0366827229737212,000082-0009
scale-000082,qualification-synthetic,g,62010.0,20.413899703378316,0.8698482656884576,000082-0010
scale-000082,qualification-synthetic,g,62011.0,18.974977807897712,0.9260573402387992,000082-0011
scale-000082,qualification-synthetic,g,62012.0,18.8451864605539,1.0998207623023404,000082-0012
scale-000082,qualification-synthetic,g,62013.0,20.710286948603482,0.9331593766348453,000082-0013
scale-000082,qualification-synthetic,g,62014.0,19.40752988799461,1.1410971648309198,000082-0014
scale-000082,qualification-synthetic,g,62015.0,20.54171096864256,0.9808576156348623,000082-0015
scale-000082,qualification-synthetic,g,62016.0,20.43685053965538,0.9086685386213192,000082-0016
scale-000082,qualification-synthetic,g,62017.0,19.178980002312564,1.1040820977387478,000082-0017
scale-000082,qualification-synthetic,g,62018.0,18.54200979950346,1.1317721933827785,000082-0018
scale-000082,qualification-synthetic,g,62019.0,22.48971543294858,1.1140049811136008,000082-0019
scale-000082,qualification-synthetic,g,62020.0,20.065724742025182,0.9282737406057109,000082-0020
scale-000082,qualification-synthetic,g,62021.0,19.46882991426745,1.1388460885962002,000082-0021
scale-000082,qualification-synthetic,g,62022.0,20.314051194632484,1.0931771379707989,000082-0022
scale-000082,qualification-synthetic,g,62023.0,20.469284828605613,1.1388219994255318,000082-0023
scale-000082,qualification-synthetic,g,62024.0,20.791871954410347,0.8898012248621282,000082-0024
scale-000082,qualification-synthetic,g,62025.0,19.172274461357,1.1934504450942074,000082-0025
scale-000082,qualification-synthetic,g,62026.0,19.55567320026833,1.0575042300469184,000082-0026
scale-000082,qualification-synthetic,g,62027.0,18.23534946133443,0.9867841066775345,000082-0027
scale-000082,qualification-synthetic,g,62028.0,19.597821797077845,1.1533637151632823,000082-0028
scale-000082,qualification-synthetic,g,62029.0,18.95006896645639,0.8757708773598356,000082-0029
scale-000082,qualification-synthetic,g,62030.0,20.18037653489316,1.160810353243278,000082-0030
scale-000082,qualification-synthetic,g,62031.0,20.925707285257413,1.1003166802711806,000082-0031
scale-000083,qualification-synthetic,g,62000.0,20.933517641013307,1.1541064021993779,000083-0000
scale-000083,qualification-synthetic,g,62001.0,22.96879012995276,0.9794778784849536,000083-0001
scale-000083,qualification-synthetic,g,62002.0,19.874946727755024,0.860292145080156,000083-0002
scale-000083,qualification-synthetic,g,62003.0,19.096026734297862,0.9143150649499081,000083-0003
scale-000083,qualification-synthetic,g,62004.0,21.51810480614049,0.8836614725531075,000083-0004
scale-000083,qualification-synthetic,g,62005.0,19.424878093033282,1.0675040858045892,000083-0005
scale-000083,qualification-synthetic,g,62006.0,20.79377480034166,1.1009703371820376,000083-0006
scale-000083,qualification-synthetic,g,62007.0,19.402711319556364,0.9789582805870927,000083-0007
scale-000083,qualification-synthetic,g,62008.0,19.64917770346847,1.137370855284878,000083-0008
scale-000083,qualification-synthetic,g,62009.0,20.41449662515922,0.8911670417249719,000083-0009
scale-000083,qualification-synthetic,g,62010.0,18.341810087151277,1.1063588333020313,000083-0010
scale-000083,qualification-synthetic,g,62011.0,20.293032649821154,0.8893732644480662,000083-0011
scale-000083,qualification-synthetic,g,62012.0,20.461526828480984,0.938082185930525,000083-0012
scale-000083,qualification-synthetic,g,62013.0,20.66330416842713,0.923147870613495,000083-0013
scale-000083,qualification-synthetic,g,62014.0,21.487617844005005,1.1125301683517246,000083-0014
scale-000083,qualification-synthetic,g,62015.0,19.35167953258985,0.9178706625860917,000083-0015
scale-000083,qualification-synthetic,g,62016.0,19.439892786462,1.1258172176561436,000083-0016
scale-000083,qualification-synthetic,g,62017.0,19.45925508364435,0.8271542878297362,000083-0017
scale-000083,qualification-synthetic,g,62018.0,19.434804676708637,1.1860473585891806,000083-0018
scale-000083,qualification-synthetic,g,62019.0,18.0725270815837,0.9357360048868532,000083-0019
scale-000083,qualification-synthetic,g,62020.0,19.76135759570223,0.8494308481680002,000083-0020
scale-000083,qualification-synthetic,g,62021.0,18.76598202336935,0.8872661136845831,000083-0021
scale-000083,qualification-synthetic,g,62022.0,18.931699879570694,1.1440037934026557,000083-0022
scale-000083,qualification-synthetic,g,62023.0,21.700820925858643,0.8733843520189358,000083-0023
scale-000083,qualification-synthetic,g,62024.0,18.273113753187523,1.172522647844346,000083-0024
scale-000083,qualification-synthetic,g,62025.0,21.21036267965575,1.1861052624909079,000083-0025
scale-000083,qualification-synthetic,g,62026.0,18.27619218213664,0.9631146469750665,000083-0026
scale-000083,qualification-synthetic,g,62027.0,20.348928439641323,1.0878142259450425,000083-0027
scale-000083,qualification-synthetic,g,62028.0,21.11238768696561,1.125528668479525,000083-0028
scale-000083,qualification-synthetic,g,62029.0,21.1271062524325,1.194598229536974,000083-0029
scale-000083,qualification-synthetic,g,62030.0,20.940789087834887,0.9906549684044096,000083-0030
scale-000083,qualification-synthetic,g,62031.0,20.605147219081424,1.1474847434197226,000083-0031
scale-000084,qualification-synthetic,g,62000.0,18.681039790418843,1.0432678165253868,000084-0000
scale-000084,qualification-synthetic,g,62001.0,20.503174814981843,1.1188499484157985,000084-0001
scale-000084,qualification-synthetic,g,62002.0,19.642793321182868,1.1340512260162674,000084-0002
scale-000084,qualification-synthetic,g,62003.0,20.25507773360479,1.1072902555485622,000084-0003
scale-000084,qualification-synthetic,g,62004.0,19.987962669847256,0.9941282259835311,000084-0004
scale-000084,qualification-synthetic,g,62005.0,20.076319748354535,0.9614259950902273,000084-0005
scale-000084,qualification-synthetic,g,62006.0,20.062012287475223,1.0392506417404974,000084-0006
scale-000084,qualification-synthetic,g,62007.0,20.03354986873757,1.0517537188444552,000084-0007
scale-000084,qualification-synthetic,g,62008.0,20.14573344753614,1.0334526436381928,000084-0008
scale-000084,qualification-synthetic,g,62009.0,19.49605824219901,1.1127836133076374,000084-0009
scale-000084,qualification-synthetic,g,62010.0,17.589079801612968,1.1679385936061324,000084-0010
scale-000084,qualification-synthetic,g,62011.0,19.29853477010221,1.1913453671143206,000084-0011
scale-000084,qualification-synthetic,g,62012.0,18.012322664426215,0.8671584100184512,000084-0012
scale-000084,qualification-synthetic,g,62013.0,20.792115509247786,0.9701587694076936,000084-0013
scale-000084,qualification-synthetic,g,62014.0,18.23364883903987,1.0974725751151588,000084-0014
scale-000084,qualification-synthetic,g,62015.0,19.685839794292832,1.02332037463283,000084-0015
scale-000084,qualification-synthetic,g,62016.0,21.9890252790059,1.1788875313838942,000084-0016
scale-000084,qualification-synthetic,g,62017.0,23.90805018227562,1.052271391688828,000084-0017
scale-000084,qualification-synthetic,g,62018.0,20.66523808397609,0.9683101300762536,000084-0018
scale-000084,qualification-synthetic,g,62019.0,22.18651110394729,0.9652318484854183,000084-0019
scale-000084,qualification-synthetic,g,62020.0,19.291724952453304,0.8110785513931937,000084-0020
scale-000084,qualification-synthetic,g,62021.0,21.07090539057023,0.8107700377007039,000084-0021
scale-000084,qualification-synthetic,g,62022.0,18.811256880370173,1.0959280609386166,000084-0022
scale-000084,qualification-synthetic,g,62023.0,19.403584982943954,1.0413495686563385,000084-0023
scale-000084,qualification-synthetic,g,62024.0,19.143420974420245,0.9156250436245544,000084-0024
scale-000084,qualification-synthetic,g,62025.0,21.584637915711085,1.146885661783942,000084-0025
scale-000084,qualification-synthetic,g,62026.0,19.676745006971,0.8715758697656898,000084-0026
scale-000084,qualification-synthetic,g,62027.0,19.76752394027375,1.0371846777890055,000084-0027
scale-000084,qualification-synthetic,g,62028.0,21.14863849986535,0.8224428747565573,000084-0028
scale-000084,qualification-synthetic,g,62029.0,20.273408720615624,1.02207593865189,000084-0029
scale-000084,qualification-synthetic,g,62030.0,21.202889520800646,1.1213093941322319,000084-0030
scale-000084,qualification-synthetic,g,62031.0,18.08857311071184,1.166517948601777,000084-0031
scale-000085,qualification-synthetic,g,62000.0,19.719047408168976,0.8239176000508819,000085-0000
scale-000085,qualification-synthetic,g,62001.0,19.897863424244353,0.8499662467116595,000085-0001
scale-000085,qualification-synthetic,g,62002.0,20.296951841966138,0.9549344166057344,000085-0002
scale-000085,qualification-synthetic,g,62003.0,21.686039368897312,1.0366462712579978,000085-0003
scale-000085,qualification-synthetic,g,62004.0,19.79249528595641,1.0720213422642926,000085-0004
scale-000085,qualification-synthetic,g,62005.0,20.40897669649843,1.0606490405043532,000085-0005
scale-000085,qualification-synthetic,g,62006.0,21.92712908797207,0.9353849663000454,000085-0006
scale-000085,qualification-synthetic,g,62007.0,19.434590421400557,0.971526254436855,000085-0007
scale-000085,qualification-synthetic,g,62008.0,18.217094639285136,0.8093675472507876,000085-0008
scale-000085,qualification-synthetic,g,62009.0,19.063894065738793,0.8330025811494147,000085-0009
scale-000085,qualification-synthetic,g,62010.0,18.715008826523857,1.0841815540454212,000085-0010
scale-000085,qualification-synthetic,g,62011.0,19.252948859413852,1.0219207841229259,000085-0011
scale-000085,qualification-synthetic,g,62012.0,19.005088218598026,1.1624569013533166,000085-0012
scale-000085,qualification-synthetic,g,62013.0,22.483898579641806,1.0215826203567289,000085-0013
scale-000085,qualification-synthetic,g,62014.0,20.093822165760862,0.8881528529445609,000085-0014
scale-000085,qualification-synthetic,g,62015.0,20.553951291659263,0.8910932748339639,000085-0015
scale-000085,qualification-synthetic,g,62016.0,21.01126128652392,0.9186311876376502,000085-0016
scale-000085,qualification-synthetic,g,62017.0,19.12528199988715,0.8216600091016645,000085-0017
scale-000085,qualification-synthetic,g,62018.0,19.93420264652468,0.846431527804099,000085-0018
scale-000085,qualification-synthetic,g,62019.0,18.522264906438515,1.114662267850815,000085-0019
scale-000085,qualification-synthetic,g,62020.0,19.644484472270683,1.0084314182705256,000085-0020
scale-000085,qualification-synthetic,g,62021.0,19.393761170511635,0.813747272496703,000085-0021
scale-000085,qualification-synthetic,g,62022.0,19.55428703714164,0.826632664822267,000085-0022
scale-000085,qualification-synthetic,g,62023.0,20.658492255525513,1.0274089840389649,000085-0023
scale-000085,qualification-synthetic,g,62024.0,21.25156393067066,1.1238205687017304,000085-0024
scale-000085,qualification-synthetic,g,62025.0,19.264794740786165,0.9275653235210861,000085-0025
scale-000085,qualification-synthetic,g,62026.0,18.088247054011383,1.164472610383249,000085-0026
scale-000085,qualification-synthetic,g,62027.0,19.42218636016742,0.8253210583286723,000085-0027
scale-000085,qualification-synthetic,g,62028.0,18.620248048346884,1.0903294600203512,000085-0028
scale-000085,qualification-synthetic,g,62029.0,20.65617402083825,1.14204605516729,000085-0029
scale-000085,qualification-synthetic,g,62030.0,22.335823723525653,0.8752091558568005,000085-0030
scale-000085,qualification-synthetic,g,62031.0,18.97918160663472,1.1051058580887283,000085-0031
scale-000086,qualification-synthetic,g,62000.0,18.854151107616175,0.8678159003339609,000086-0000
scale-000086,qualification-synthetic,g,62001.0,18.621838771856368,0.8445363253899167,000086-0001
scale-000086,qualification-synthetic,g,62002.0,18.892809620343563,1.19218613852847,000086-0002
scale-000086,qualification-synthetic,g,62003.0,19.934023767647986,1.1928448289747264,000086-0003
scale-000086,qualification-synthetic,g,62004.0,19.59551918983138,0.8291935530071203,000086-0004
scale-000086,qualification-synthetic,g,62005.0,20.102673526661867,0.9293457272858358,000086-0005
scale-000086,qualification-synthetic,g,62006.0,19.279202761111208,1.0102545030554455,000086-0006
scale-000086,qualification-synthetic,g,62007.0,20.452798917108826,1.1926025763167167,000086-0007
scale-000086,qualification-synthetic,g,62008.0,20.819127740166877,1.1642624223585913,000086-0008
scale-000086,qualification-synthetic,g,62009.0,18.590818019503356,0.8413201790354512,000086-0009
scale-000086,qualification-synthetic,g,62010.0,19.21844978537955,1.0781554875356851,000086-0010
scale-000086,qualification-synthetic,g,62011.0,21.037541981294048,0.9428657937269952,000086-0011
scale-000086,qualification-synthetic,g,62012.0,18.27303982212726,1.024490910564861,000086-0012
scale-000086,qualification-synthetic,g,62013.0,19.76302196261289,0.9036356170681775,000086-0013
scale-000086,qualification-synthetic,g,62014.0,19.250946335546722,1.078698757697701,000086-0014
scale-000086,qualification-synthetic,g,62015.0,18.254900162863517,1.1604659513847986,000086-0015
scale-000086,qualification-synthetic,g,62016.0,17.442030018431677,1.0316088184759322,000086-0016
scale-000086,qualification-synthetic,g,62017.0,19.369255185302745,0.900513544502972,000086-0017
scale-000086,qualification-synthetic,g,62018.0,20.25086592911054,1.0209688971132607,000086-0018
scale-000086,qualification-synthetic,g,62019.0,17.96635095490665,1.1946285506136562,000086-0019
scale-000086,qualification-synthetic,g,62020.0,21.009145417185564,1.1304518184162407,000086-0020
scale-000086,qualification-synthetic,g,62021.0,17.774526367124615,1.1521874085987993,000086-0021
scale-000086,qualification-synthetic,g,62022.0,20.587629070266612,0.9111187670023392,000086-0022
scale-000086,qualification-synthetic,g,62023.0,20.106754842152604,1.1629186542137195,000086-0023
scale-000086,qualification-synthetic,g,62024.0,21.224784368608734,0.8998761448446487,000086-0024
scale-000086,qualification-synthetic,g,62025.0,19.159334664617173,1.1863620614270414,000086-0025
scale-000086,qualification-synthetic,g,62026.0,21.1563719731516,1.1097044601995014,000086-0026
scale-000086,qualification-synthetic,g,62027.0,19.353556884575454,1.0650710598205617,000086-0027
scale-000086,qualification-synthetic,g,62028.0,20.598818852344145,1.1405525181000304,000086-0028
scale-000086,qualification-synthetic,g,62029.0,19.961486184184263,1.0666959730356311,000086-0029
scale-000086,qualification-synthetic,g,62030.0,18.88604891881913,1.1555608838888238,000086-0030
scale-000086,qualification-synthetic,g,62031.0,19.923654907995424,0.8863747350624986,000086-0031
scale-000087,qualification-synthetic,g,62000.0,21.690461188242658,1.1479898195825484,000087-0000
scale-000087,qualification-synthetic,g,62001.0,18.007882627298745,0.8865102984231917,000087-0001
scale-000087,qualification-synthetic,g,62002.0,19.69121903623442,0.8668347780276758,000087-0002
scale-000087,qualification-synthetic,g,62003.0,20.398992399209288,0.8088555600727856,000087-0003
scale-000087,qualification-synthetic,g,62004.0,19.61392210108862,1.0810132901459042,000087-0004
scale-000087,qualification-synthetic,g,62005.0,18.31192001377798,1.1618016294855047,000087-0005
scale-000087,qualification-synthetic,g,62006.0,20.402445774105686,0.825251268933818,000087-0006
scale-000087,qualification-synthetic,g,62007.0,17.62272291610867,0.9067858395730156,000087-0007
scale-000087,qualification-synthetic,g,62008.0,19.890753936454907,0.8872529848671676,000087-0008
scale-000087,qualification-synthetic,g,62009.0,20.77826553238892,0.9128897799238103,000087-0009
scale-000087,qualification-synthetic,g,62010.0,18.746937937255577,0.8318500963717799,000087-0010
scale-000087,qualification-synthetic,g,62011.0,20.737405690513757,0.9329663695665481,000087-0011
scale-000087,qualification-synthetic,g,62012.0,18.23648655365347,1.1400710578747066,000087-0012
scale-000087,qualification-synthetic,g,62013.0,21.66325261289246,0.8144436500205092,000087-0013
scale-000087,qualification-synthetic,g,62014.0,19.71274480874459,0.9356747791136615,000087-0014
scale-000087,qualification-synthetic,g,62015.0,18.066248643899176,0.9560302706032889,000087-0015
scale-000087,qualification-synthetic,g,62016.0,20.377576391500767,0.9777748523160972,000087-0016
scale-000087,qualification-synthetic,g,62017.0,19.622427604434325,0.9120790604183405,000087-0017
scale-000087,qualification-synthetic,g,62018.0,19.695987495116682,0.9031441172742952,000087-0018
scale-000087,qualification-synthetic,g,62019.0,21.06334270498862,1.0522554591111757,000087-0019
scale-000087,qualification-synthetic,g,62020.0,20.147244654889004,1.024983624887734,000087-0020
scale-000087,qualification-synthetic,g,62021.0,20.674536451324453,1.058003132687403,000087-0021
scale-000087,qualification-synthetic,g,62022.0,18.81986149010209,0.8696560140792614,000087-0022
scale-000087,qualification-synthetic,g,62023.0,19.175575307023852,0.9902804226680098,000087-0023
scale-000087,qualification-synthetic,g,62024.0,19.68705587159295,0.8958908083500009,000087-0024
scale-000087,qualification-synthetic,g,62025.0,19.110016455651177,0.8731119263447805,000087-0025
scale-000087,qualification-synthetic,g,62026.0,19.786882560908506,1.1812021342717025,000087-0026
scale-000087,qualification-synthetic,g,62027.0,19.585661121131384,0.9950818026454773,000087-0027
scale-000087,qualification-synthetic,g,62028.0,18.968317116637397,1.0692129072655945,000087-0028
scale-000087,qualification-synthetic,g,62029.0,19.86500050070923,1.0317597586711007,000087-0029
scale-000087,qualification-synthetic,g,62030.0,19.81517093542079,1.1276313366892443,000087-0030
scale-000087,qualification-synthetic,g,62031.0,22.71690149097071,1.0044635083510682,000087-0031
scale-000088,qualification-synthetic,g,62000.0,18.237468635161,0.9827302015117121,000088-0000
scale-000088,qualification-synthetic,g,62001.0,19.95046562508838,0.9166315421699488,000088-0001
scale-000088,qualification-synthetic,g,62002.0,18.65727069854258,0.931109103098997,000088-0002
scale-000088,qualification-synthetic,g,62003.0,21.130771980218153,0.8305006264821339,000088-0003
scale-000088,qualification-synthetic,g,62004.0,19.425023594947522,0.9612051193412784,000088-0004
scale-000088,qualification-synthetic,g,62005.0,19.75714538632977,1.0826469040417432,000088-0005
scale-000088,qualification-synthetic,g,62006.0,21.021598591920913,0.8562481105648742,000088-0006
scale-000088,qualification-synthetic,g,62007.0,20.104062844735463,1.1470282345533818,000088-0007
scale-000088,qualification-synthetic,g,62008.0,19.45784287259327,0.9028401256878212,000088-0008
scale-000088,qualification-synthetic,g,62009.0,20.090990070426024,1.0369522551168593,000088-0009
scale-000088,qualification-synthetic,g,62010.0,21.17496596189478,0.9469734742719785,000088-0010
scale-000088,qualification-synthetic,g,62011.0,18.044867665033614,0.8092305312006558,000088-0011
scale-000088,qualification-synthetic,g,62012.0,21.263608935424912,1.1886671192785245,000088-0012
scale-000088,qualification-synthetic,g,62013.0,20.300766091251315,1.0362014651819467,000088-0013
scale-000088,qualification-synthetic,g,62014.0,20.68850627959806,0.8077300571474206,000088-0014
scale-000088,qualification-synthetic,g,62015.0,19.940805396474953,0.9771651761662534,000088-0015
scale-000088,qualification-synthetic,g,62016.0,18.268459251758554,1.1344345107325369,000088-0016
scale-000088,qualification-synthetic,g,62017.0,19.605685275083296,1.1274151845311684,000088-0017
scale-000088,qualification-synthetic,g,62018.0,19.658073377233634,1.0872295777095349,000088-0018
scale-000088,qualification-synthetic,g,62019.0,18.938515166940636,0.859385325561398,000088-0019
scale-000088,qualification-synthetic,g,62020.0,20.278141736825507,0.8013562914088033,000088-0020
scale-000088,qualification-synthetic,g,62021.0,20.596843570673222,1.1989831360843448,000088-0021
scale-000088,qualification-synthetic,g,62022.0,21.341399797639095,1.1676207154212592,000088-0022
scale-000088,qualification-synthetic,g,62023.0,18.222531830507762,1.1858812140983255,000088-0023
scale-000088,qualification-synthetic,g,62024.0,19.979651563971302,1.1763492911531934,000088-0024
scale-000088,qualification-synthetic,g,62025.0,19.041495626314497,0.9189647071446784,000088-0025
scale-000088,qualification-synthetic,g,62026.0,19.793193224766654,0.9698592788771649,000088-0026
scale-000088,qualification-synthetic,g,62027.0,20.398004409101166,0.9740070405622998,000088-0027
scale-000088,qualification-synthetic,g,62028.0,19.92013527904969,1.1650253274187377,000088-0028
scale-000088,qualification-synthetic,g,62029.0,19.456042929038247,0.9320062735601583,000088-0029
scale-000088,qualification-synthetic,g,62030.0,19.419418205396436,1.0226510476178954,000088-0030
scale-000088,qualification-synthetic,g,62031.0,17.652161223468926,1.1520073170298295,000088-0031
scale-000089,qualification-synthetic,g,62000.0,19.928773677988993,0.9031822406426222,000089-0000
scale-000089,qualification-synthetic,g,62001.0,20.314009091542562,0.8971750196936178,000089-0001
scale-000089,qualification-synthetic,g,62002.0,21.36647511300088,1.1832358559079545,000089-0002
scale-000089,qualification-synthetic,g,62003.0,19.899738968375065,0.9570092861474029,000089-0003
scale-000089,qualification-synthetic,g,62004.0,21.92113031725159,1.1199493690741558,000089-0004
scale-000089,qualification-synthetic,g,62005.0,19.023809295672212,1.1071998534915384,000089-0005
scale-000089,qualification-synthetic,g,62006.0,21.401243972302296,1.1498373368035626,000089-0006
scale-000089,qualification-synthetic,g,62007.0,18.90654109661869,0.9668160629205793,000089-0007
scale-000089,qualification-synthetic,g,62008.0,19.888505050852547,1.064563347148496,000089-0008
scale-000089,qualification-synthetic,g,62009.0,21.62369652977008,0.8555193227222884,000089-0009
scale-000089,qualification-synthetic,g,62010.0,19.31085598603249,1.180830350653941,000089-0010
scale-000089,qualification-synthetic,g,62011.0,20.26072011010254,0.9344810951736336,000089-0011
scale-000089,qualification-synthetic,g,62012.0,20.25215907185438,1.115401181800623,000089-0012
scale-000089,qualification-synthetic,g,62013.0,21.016453676877685,1.0173028158123858,000089-0013
scale-000089,qualification-synthetic,g,62014.0,18.59483378283325,1.0969698284847746,000089-0014
scale-000089,qualification-synthetic,g,62015.0,20.013167626158754,0.8631541830904383,000089-0015
scale-000089,qualification-synthetic,g,62016.0,18.96832784974883,1.1574587918898684,000089-0016
scale-000089,qualification-synthetic,g,62017.0,20.471132270280677,1.038095152363364,000089-0017
scale-000089,qualification-synthetic,g,62018.0,19.577861299928912,0.9807877832486405,000089-0018
scale-000089,qualification-synthetic,g,62019.0,19.990249205215854,0.8954562748562812,000089-0019
scale-000089,qualification-synthetic,g,62020.0,19.801901288863046,0.9850076121401131,000089-0020
scale-000089,qualification-synthetic,g,62021.0,21.847404541959307,0.8243198283532345,000089-0021
scale-000089,qualification-synthetic,g,62022.0,17.221183037087197,1.0296745316515812,000089-0022
scale-000089,qualification-synthetic,g,62023.0,20.48997403938402,0.8850021809572869,000089-0023
scale-000089,qualification-synthetic,g,62024.0,18.492882923297305,1.188127269337969,000089-0024
scale-000089,qualification-synthetic,g,62025.0,19.894826546460603,0.9756765961768038,000089-0025
scale-000089,qualification-synthetic,g,62026.0,21.175149902328805,1.0940278706190552,000089-0026
scale-000089,qualification-synthetic,g,62027.0,21.048167981178082,0.9972286747753103,000089-0027
scale-000089,qualification-synthetic,g,62028.0,20.618242982795767,1.0541836214449272,000089-0028
scale-000089,qualification-synthetic,g,62029.0,19.834450641684885,1.1441969556307978,000089-0029
scale-000089,qualification-synthetic,g,62030.0,21.93177092097314,0.9620300161192064,000089-0030
scale-000089,qualification-synthetic,g,62031.0,19.213210721709736,1.168119228817325,000089-0031
scale-000090,qualification-synthetic,g,62000.0,19.04765071811736,1.1561041019242673,000090-0000
scale-000090,qualification-synthetic,g,62001.0,20.980038309674516,0.8871280621248537,000090-0001
scale-000090,qualification-synthetic,g,62002.0,20.917087841414027,0.985683060906274,000090-0002
scale-000090,qualification-synthetic,g,62003.0,19.329376277210855,1.0376817060971533,000090-0003
scale-000090,qualification-synthetic,g,62004.0,19.861167905247594,0.8593217123486961,000090-0004
scale-000090,qualification-synthetic,g,62005.0,19.30727129560564,0.9869976819429046,000090-0005
scale-000090,qualification-synthetic,g,62006.0,20.015902207624112,0.9030322564160734,000090-0006
scale-000090,qualification-synthetic,g,62007.0,20.95111390865488,0.8065138239653837,000090-0007
scale-000090,qualification-synthetic,g,62008.0,20.73358402813775,1.1758052599848186,000090-0008
scale-000090,qualification-synthetic,g,62009.0,21.04547726819776,0.9221687995753457,000090-0009
scale-000090,qualification-synthetic,g,62010.0,19.181109667477592,1.1851386965935813,000090-0010
scale-000090,qualification-synthetic,g,62011.0,19.541024549723673,1.1212153373637646,000090-0011
scale-000090,qualification-synthetic,g,62012.0,19.609064239623272,0.9690201203058282,000090-0012
scale-000090,qualification-synthetic,g,62013.0,23.15247893371847,0.9588920228538053,000090-0013
scale-000090,qualification-synthetic,g,62014.0,17.95479191267765,0.888742982604568,000090-0014
scale-000090,qualification-synthetic,g,62015.0,20.57597808821242,1.1758630609201375,000090-0015
scale-000090,qualification-synthetic,g,62016.0,19.080813751838622,0.8524944557199049,000090-0016
scale-000090,qualification-synthetic,g,62017.0,21.386557975149465,0.9492993984071699,000090-0017
scale-000090,qualification-synthetic,g,62018.0,20.296338254859677,0.9170780512000615,000090-0018
scale-000090,qualification-synthetic,g,62019.0,20.836473270404838,1.0457611024392581,000090-0019
scale-000090,qualification-synthetic,g,62020.0,20.135499484572176,1.0700012501550338,000090-0020
scale-000090,qualification-synthetic,g,62021.0,21.476808271846437,1.0114902291672019,000090-0021
scale-000090,qualification-synthetic,g,62022.0,18.189280255623892,1.189995216105047,000090-0022
scale-000090,qualification-synthetic,g,62023.0,22.193973615634544,1.1617446553783248,000090-0023
scale-000090,qualification-synthetic,g,62024.0,21.199815314413634,1.17633286717279,000090-0024
scale-000090,qualification-synthetic,g,62025.0,18.19785368292155,1.1945645573595596,000090-0025
scale-000090,qualification-synthetic,g,62026.0,19.537529831638373,1.1346372173756945,000090-0026
scale-000090,qualification-synthetic,g,62027.0,20.703886278199462,0.9252364824947265,000090-0027
scale-000090,qualification-synthetic,g,62028.0,18.237789374371253,0.9083948852480493,000090-0028
scale-000090,qualification-synthetic,g,62029.0,19.91925179373112,0.9385572060943461,000090-0029
scale-000090,qualification-synthetic,g,62030.0,19.82298970150376,1.199692021141841,000090-0030
scale-000090,qualification-synthetic,g,62031.0,19.259805105396605,1.1264303350640226,000090-0031
scale-000091,qualification-synthetic,g,62000.0,18.914559757361072,1.0468470227020854,000091-0000
scale-000091,qualification-synthetic,g,62001.0,19.882120745768574,1.0194792882765165,000091-0001
scale-000091,qualification-synthetic,g,62002.0,20.125398536435235,1.1037103649024758,000091-0002
scale-000091,qualification-synthetic,g,62003.0,20.412534561804712,0.97415350144741,000091-0003
scale-000091,qualification-synthetic,g,62004.0,21.970177913071993,0.9414518452676482,000091-0004
scale-000091,qualification-synthetic,g,62005.0,20.272717060317692,1.0028286140514053,000091-0005
scale-000091,qualification-synthetic,g,62006.0,19.381088814964013,0.9478885052231274,000091-0006
scale-000091,qualification-synthetic,g,62007.0,18.49040345850454,0.9149430393118364,000091-0007
scale-000091,qualification-synthetic,g,62008.0,19.536980429697955,0.9599196756904537,000091-0008
scale-000091,qualification-synthetic,g,62009.0,19.749983377876536,0.9213230467769375,000091-0009
scale-000091,qualification-synthetic,g,62010.0,18.147596145237763,0.9001248947210286,000091-0010
scale-000091,qualification-synthetic,g,62011.0,21.67639899757242,1.0670206506222237,000091-0011
scale-000091,qualification-synthetic,g,62012.0,19.20948775357811,1.0524848899133603,000091-0012
scale-000091,qualification-synthetic,g,62013.0,18.848766032023107,0.8131360719127897,000091-0013
scale-000091,qualification-synthetic,g,62014.0,22.694230320889854,1.1571024656578583,000091-0014
scale-000091,qualification-synthetic,g,62015.0,18.017064595648783,0.9938767445630581,000091-0015
scale-000091,qualification-synthetic,g,62016.0,20.41443378058028,0.8630332587118421,000091-0016
scale-000091,qualification-synthetic,g,62017.0,18.990886782227353,1.1585729494033508,000091-0017
scale-000091,qualification-synthetic,g,62018.0,20.010484344918027,0.8054132882262556,000091-0018
scale-000091,qualification-synthetic,g,62019.0,21.686659816319217,1.0097280673924054,000091-0019
scale-000091,qualification-synthetic,g,62020.0,20.276683852966837,0.833121505057713,000091-0020
scale-000091,qualification-synthetic,g,62021.0,17.02070298446376,1.0162078327109423,000091-0021
scale-000091,qualification-synthetic,g,62022.0,19.035454626313122,1.1424532893750676,000091-0022
scale-000091,qualification-synthetic,g,62023.0,20.232151159942674,0.8006424996925732,000091-0023
scale-000091,qualification-synthetic,g,62024.0,19.781974082896525,0.9439811404243297,000091-0024
scale-000091,qualification-synthetic,g,62025.0,22.44881109146498,0.8656590894608107,000091-0025
scale-000091,qualification-synthetic,g,62026.0,19.8184413983819,0.984059135843978,000091-0026
scale-000091,qualification-synthetic,g,62027.0,19.507732375002323,1.0449438686543582,000091-0027
scale-000091,qualification-synthetic,g,62028.0,20.77812456249218,0.9962125520950077,000091-0028
scale-000091,qualification-synthetic,g,62029.0,19.22969531353718,0.9406675467794252,000091-0029
scale-000091,qualification-synthetic,g,62030.0,21.23338314265852,0.9193101471057956,000091-0030
scale-000091,qualification-synthetic,g,62031.0,23.076881777265015,1.0575793086766787,000091-0031
scale-000092,qualification-synthetic,g,62000.0,17.603670839921875,1.1013942630291491,000092-0000
scale-000092,qualification-synthetic,g,62001.0,18.457053433688287,1.1354172602724417,000092-0001
scale-000092,qualification-synthetic,g,62002.0,19.3252510668945,1.0140901402830553,000092-0002
scale-000092,qualification-synthetic,g,62003.0,20.07142416652203,0.8769821906980991,000092-0003
scale-000092,qualification-synthetic,g,62004.0,20.637210772237797,0.9583680727994547,000092-0004
scale-000092,qualification-synthetic,g,62005.0,19.861325749844415,0.979811075512939,000092-0005
scale-000092,qualification-synthetic,g,62006.0,17.89571516950193,1.0615427052453665,000092-0006
scale-000092,qualification-synthetic,g,62007.0,21.570731593110217,1.1246308111096475,000092-0007
scale-000092,qualification-synthetic,g,62008.0,20.569511270639246,0.9104609159046977,000092-0008
scale-000092,qualification-synthetic,g,62009.0,20.285768671557594,1.0958152783725825,000092-0009
scale-000092,qualification-synthetic,g,62010.0,18.401569824195555,0.8285983361397289,000092-0010
scale-000092,qualification-synthetic,g,62011.0,20.304107331495985,0.8470919876058054,000092-0011
scale-000092,qualification-synthetic,g,62012.0,19.634645880389815,0.9228704636329257,000092-0012
scale-000092,qualification-synthetic,g,62013.0,18.910013516696328,0.8588498000618358,000092-0013
scale-000092,qualification-synthetic,g,62014.0,20.458414688403348,1.0901551921290091,000092-0014
scale-000092,qualification-synthetic,g,62015.0,20.10605667436775,0.8806402255581727,000092-0015
scale-000092,qualification-synthetic,g,62016.0,20.547331242573282,1.0441562679750602,000092-0016
scale-000092,qualification-synthetic,g,62017.0,18.151804401667636,1.0965929048732426,000092-0017
scale-000092,qualification-synthetic,g,62018.0,20.095968737489343,1.025505559193471,000092-0018
scale-000092,qualification-synthetic,g,62019.0,20.11381396625636,0.9475564710305985,000092-0019
scale-000092,qualification-synthetic,g,62020.0,20.655587983212705,1.1260055934927848,000092-0020
scale-000092,qualification-synthetic,g,62021.0,18.248335405527325,1.140498058416739,000092-0021
scale-000092,qualification-synthetic,g,62022.0,19.024966530864045,1.1782906857019935,000092-0022
scale-000092,qualification-synthetic,g,62023.0,20.978414590575962,1.0365122585140552,000092-0023
scale-000092,qualification-synthetic,g,62024.0,20.541393855322806,0.8892925531132475,000092-0024
scale-000092,qualification-synthetic,g,62025.0,19.21111613933268,0.8982421999684584,000092-0025
scale-000092,qualification-synthetic,g,62026.0,18.348131902481285,0.8426223841564829,000092-0026
scale-000092,qualification-synthetic,g,62027.0,19.91627778761139,1.1256195513915834,000092-0027
scale-000092,qualification-synthetic,g,62028.0,21.030135129738103,0.8237913171280903,000092-0028
scale-000092,qualification-synthetic,g,62029.0,20.771486261057262,0.801066207357635,000092-0029
scale-000092,qualification-synthetic,g,62030.0,18.602117163716663,1.1745124842503654,000092-0030
scale-000092,qualification-synthetic,g,62031.0,19.78705867964024,0.864759412761508,000092-0031
scale-000093,qualification-synthetic,g,62000.0,20.175395991301404,0.8903065861373588,000093-0000
scale-000093,qualification-synthetic,g,62001.0,21.057828495604923,1.1138025411109655,000093-0001
scale-000093,qualification-synthetic,g,62002.0,19.019280199306777,0.9157591162576539,000093-0002
scale-000093,qualification-synthetic,g,62003.0,20.718163901828266,1.1264278519978763,000093-0003
scale-000093,qualification-synthetic,g,62004.0,19.96301044430661,1.0839487598878437,000093-0004
scale-000093,qualification-synthetic,g,62005.0,20.633684536534933,1.0001505183443165,000093-0005
scale-000093,qualification-synthetic,g,62006.0,21.41774453251124,0.9469737258497757,000093-0006
scale-000093,qualification-synthetic,g,62007.0,21.16235006976964,0.9631391886983589,000093-0007
scale-000093,qualification-synthetic,g,62008.0,19.70858736915265,0.9527792137406175,000093-0008
scale-000093,qualification-synthetic,g,62009.0,20.719495583590433,1.0049464844524942,000093-0009
scale-000093,qualification-synthetic,g,62010.0,21.20775680845454,1.0313407989680123,000093-0010
scale-000093,qualification-synthetic,g,62011.0,20.71337219379937,0.8873819171060466,000093-0011
scale-000093,qualification-synthetic,g,62012.0,19.204482357715346,1.1478257244124785,000093-0012
scale-000093,qualification-synthetic,g,62013.0,20.94192103146844,1.125028586517247,000093-0013
scale-000093,qualification-synthetic,g,62014.0,18.370396830121145,1.0537112966949442,000093-0014
scale-000093,qualification-synthetic,g,62015.0,20.578527966453304,0.828024868147818,000093-0015
scale-000093,qualification-synthetic,g,62016.0,19.354111824205926,1.008474894567371,000093-0016
scale-000093,qualification-synthetic,g,62017.0,19.355049703360937,1.1709784575794862,000093-0017
scale-000093,qualification-synthetic,g,62018.0,19.326681400152886,0.8193534217773886,000093-0018
scale-000093,qualification-synthetic,g,62019.0,20.90816830015182,0.8543527930770489,000093-0019
scale-000093,qualification-synthetic,g,62020.0,20.356123398908526,0.9703030815625995,000093-0020
scale-000093,qualification-synthetic,g,62021.0,20.236665272735724,1.029902220803855,000093-0021
scale-000093,qualification-synthetic,g,62022.0,20.286459732561397,0.9065204355750553,000093-0022
scale-000093,qualification-synthetic,g,62023.0,19.334311328886372,0.861270509989822,000093-0023
scale-000093,qualification-synthetic,g,62024.0,20.658731573363642,0.8805156075472729,000093-0024
scale-000093,qualification-synthetic,g,62025.0,19.039139625652926,0.8522368635527235,000093-0025
scale-000093,qualification-synthetic,g,62026.0,20.197668742596004,0.9033306296727077,000093-0026
scale-000093,qualification-synthetic,g,62027.0,21.776586331806826,1.1351482803153805,000093-0027
scale-000093,qualification-synthetic,g,62028.0,20.302105698342686,0.9738653234905337,000093-0028
scale-000093,qualification-synthetic,g,62029.0,20.983518732357844,0.8483085031403006,000093-0029
scale-000093,qualification-synthetic,g,62030.0,18.22644221357437,0.8039754518263723,000093-0030
scale-000093,qualification-synthetic,g,62031.0,20.99859407424305,1.0874036443995698,000093-0031
scale-000094,qualification-synthetic,g,62000.0,20.4858729941026,1.1091598533223013,000094-0000
scale-000094,qualification-synthetic,g,62001.0,20.925774883501457,0.8367723495565468,000094-0001
scale-000094,qualification-synthetic,g,62002.0,20.20264554859558,0.8320353143229784,000094-0002
scale-000094,qualification-synthetic,g,62003.0,16.037659865127623,1.032006274837732,000094-0003
scale-000094,qualification-synthetic,g,62004.0,18.98689968542872,1.1724169101742925,000094-0004
scale-000094,qualification-synthetic,g,62005.0,19.45154799848168,0.883073023443624,000094-0005
scale-000094,qualification-synthetic,g,62006.0,18.85056924298997,1.017448275962068,000094-0006
scale-000094,qualification-synthetic,g,62007.0,19.02885572469829,1.1780362539356939,000094-0007
scale-000094,qualification-synthetic,g,62008.0,21.51509536274575,0.945643487146998,000094-0008
scale-000094,qualification-synthetic,g,62009.0,17.111285701937838,0.8613339783409804,000094-0009
scale-000094,qualification-synthetic,g,62010.0,21.94054139267793,1.192025688083021,000094-0010
scale-000094,qualification-synthetic,g,62011.0,20.532539266227225,0.8216782935958195,000094-0011
scale-000094,qualification-synthetic,g,62012.0,22.59611506796594,1.1105879977223287,000094-0012
scale-000094,qualification-synthetic,g,62013.0,16.774341886327978,0.9271556854991789,000094-0013
scale-000094,qualification-synthetic,g,62014.0,19.250158330477912,0.9955767778535969,000094-0014
scale-000094,qualification-synthetic,g,62015.0,20.164188705009654,1.0777978668089947,000094-0015
scale-000094,qualification-synthetic,g,62016.0,20.115212427075118,0.9678428239896805,000094-0016
scale-000094,qualification-synthetic,g,62017.0,19.21321786282943,1.1213144312719294,000094-0017
scale-000094,qualification-synthetic,g,62018.0,21.312782319288374,1.1068489912409045,000094-0018
scale-000094,qualification-synthetic,g,62019.0,19.906499073061752,0.8913979837468834,000094-0019
scale-000094,qualification-synthetic,g,62020.0,21.3296201028658,0.9068646117583957,000094-0020
scale-000094,qualification-synthetic,g,62021.0,20.544752900230524,0.934873282742485,000094-0021
scale-000094,qualification-synthetic,g,62022.0,19.34505490556825,0.9660975884255969,000094-0022
scale-000094,qualification-synthetic,g,62023.0,20.640318038083592,0.8682778023095362,000094-0023
scale-000094,qualification-synthetic,g,62024.0,19.263252810432057,1.170098213004547,000094-0024
scale-000094,qualification-synthetic,g,62025.0,18.975890818462283,1.086848576290526,000094-0025
scale-000094,qualification-synthetic,g,62026.0,19.961667914161712,0.9944305251840161,000094-0026
scale-000094,qualification-synthetic,g,62027.0,19.578936167744118,1.082246189398922,000094-0027
scale-000094,qualification-synthetic,g,62028.0,18.493152873788773,1.1639863839446907,000094-0028
scale-000094,qualification-synthetic,g,62029.0,20.609868603432552,0.8351673613911841,000094-0029
scale-000094,qualification-synthetic,g,62030.0,18.801454763413208,1.187911302559631,000094-0030
scale-000094,qualification-synthetic,g,62031.0,19.25989984243684,0.8285497165137337,000094-0031
scale-000095,qualification-synthetic,g,62000.0,19.02579340857346,1.019117139866939,000095-0000
scale-000095,qualification-synthetic,g,62001.0,20.995712014405985,0.8055493126580727,000095-0001
scale-000095,qualification-synthetic,g,62002.0,20.003349744727043,0.8739891866503946,000095-0002
scale-000095,qualification-synthetic,g,62003.0,22.24172016754708,0.9150362580319463,000095-0003
scale-000095,qualification-synthetic,g,62004.0,21.13796822538466,0.9824273144197282,000095-0004
scale-000095,qualification-synthetic,g,62005.0,20.949857139740594,1.0615082614841018,000095-0005
scale-000095,qualification-synthetic,g,62006.0,19.190114852396622,0.8818123617457204,000095-0006
scale-000095,qualification-synthetic,g,62007.0,20.171173950597225,0.8375348382460341,000095-0007
scale-000095,qualification-synthetic,g,62008.0,21.159823454316623,1.0326684553428083,000095-0008
scale-000095,qualification-synthetic,g,62009.0,19.484130946488403,1.0005291929334932,000095-0009
scale-000095,qualification-synthetic,g,62010.0,20.568852533060674,0.9118541755807187,000095-0010
scale-000095,qualification-synthetic,g,62011.0,21.041894566115808,1.0435347206820644,000095-0011
scale-000095,qualification-synthetic,g,62012.0,19.34770794430291,0.8514516164515301,000095-0012
scale-000095,qualification-synthetic,g,62013.0,19.561254480964376,1.0427884447101707,000095-0013
scale-000095,qualification-synthetic,g,62014.0,20.879835274939204,1.0071266723496162,000095-0014
scale-000095,qualification-synthetic,g,62015.0,18.736534608126412,0.9064769873165485,000095-0015
scale-000095,qualification-synthetic,g,62016.0,17.098071900705694,1.0947477339301346,000095-0016
scale-000095,qualification-synthetic,g,62017.0,20.4505827366609,1.0813253878131097,000095-0017
scale-000095,qualification-synthetic,g,62018.0,20.979903227937136,1.0299699486436191,000095-0018
scale-000095,qualification-synthetic,g,62019.0,20.163718536294873,1.1608419147024212,000095-0019
scale-000095,qualification-synthetic,g,62020.0,19.66475725925655,1.0404937872573983,000095-0020
scale-000095,qualification-synthetic,g,62021.0,19.929461466812924,1.0278501590427493,000095-0021
scale-000095,qualification-synthetic,g,62022.0,19.200068465803295,0.8121344049168977,000095-0022
scale-000095,qualification-synthetic,g,62023.0,18.079670391290446,1.1410538303556612,000095-0023
scale-000095,qualification-synthetic,g,62024.0,20.918481942708638,1.0265670140143612,000095-0024
scale-000095,qualification-synthetic,g,62025.0,23.255497431570376,1.1555227435142668,000095-0025
scale-000095,qualification-synthetic,g,62026.0,20.443483712108947,1.1253257802738537,000095-0026
scale-000095,qualification-synthetic,g,62027.0,22.092674067377633,0.9701112383332693,000095-0027
scale-000095,qualification-synthetic,g,62028.0,19.59692947487517,1.117760214488667,000095-0028
scale-000095,qualification-synthetic,g,62029.0,19.86066112595268,0.9109052083187809,000095-0029
scale-000095,qualification-synthetic,g,62030.0,20.266586046788916,0.8627683384792003,000095-0030
scale-000095,qualification-synthetic,g,62031.0,20.176562520675393,0.8387150635321903,000095-0031
scale-000096,qualification-synthetic,g,62000.0,21.792401592046836,1.12896089448683,000096-0000
scale-000096,qualification-synthetic,g,62001.0,20.055248472309245,0.8766076743645563,000096-0001
scale-000096,qualification-synthetic,g,62002.0,17.582582695165716,1.0190094770496279,000096-0002
scale-000096,qualification-synthetic,g,62003.0,19.378836693842736,1.1280939601850626,000096-0003
scale-000096,qualification-synthetic,g,62004.0,21.754228866227972,1.1064567305908497,000096-0004
scale-000096,qualification-synthetic,g,62005.0,21.045883464226005,1.0502413901803909,000096-0005
scale-000096,qualification-synthetic,g,62006.0,18.81001758941203,1.1124177484235747,000096-0006
scale-000096,qualification-synthetic,g,62007.0,20.05568490390875,1.0826719431174592,000096-0007
scale-000096,qualification-synthetic,g,62008.0,19.676256878002214,0.8006962547503584,000096-0008
scale-000096,qualification-synthetic,g,62009.0,21.130060157005918,0.8092967177805176,000096-0009
scale-000096,qualification-synthetic,g,62010.0,20.449720657074227,0.9119637593165417,000096-0010
scale-000096,qualification-synthetic,g,62011.0,21.277853600412215,0.8891245583771165,000096-0011
scale-000096,qualification-synthetic,g,62012.0,20.188460920148394,1.1481436402013299,000096-0012
scale-000096,qualification-synthetic,g,62013.0,19.965692324137812,0.9038879809615363,000096-0013
scale-000096,qualification-synthetic,g,62014.0,20.710882977330282,0.8962087431347424,000096-0014
scale-000096,qualification-synthetic,g,62015.0,18.40336256576203,0.9281079665732276,000096-0015
scale-000096,qualification-synthetic,g,62016.0,21.125681016344476,1.1117481137394958,000096-0016
scale-000096,qualification-synthetic,g,62017.0,20.48614695776897,1.0290036475337363,000096-0017
scale-000096,qualification-synthetic,g,62018.0,19.95044433363328,0.9872824925408069,000096-0018
scale-000096,qualification-synthetic,g,62019.0,20.411225550168933,0.9966868636975313,000096-0019
scale-000096,qualification-synthetic,g,62020.0,18.398068159301708,0.9490846749257577,000096-0020
scale-000096,qualification-synthetic,g,62021.0,19.384736974827348,1.1621259942744309,000096-0021
scale-000096,qualification-synthetic,g,62022.0,20.255124525253947,0.8643338087288329,000096-0022
scale-000096,qualification-synthetic,g,62023.0,20.392307960885102,1.1499109768670293,000096-0023
scale-000096,qualification-synthetic,g,62024.0,22.95557157561943,0.8351229526321745,000096-0024
scale-000096,qualification-synthetic,g,62025.0,18.56531120667313,0.888035939805634,000096-0025
scale-000096,qualification-synthetic,g,62026.0,20.041428687594316,1.1889119512474202,000096-0026
scale-000096,qualification-synthetic,g,62027.0,19.363646356183835,0.8005971840359081,000096-0027
scale-000096,qualification-synthetic,g,62028.0,20.952272991826483,0.8239708478758618,000096-0028
scale-000096,qualification-synthetic,g,62029.0,19.444116072911424,1.0702303655893373,000096-0029
scale-000096,qualification-synthetic,g,62030.0,19.27619188770676,0.8026659919607062,000096-0030
scale-000096,qualification-synthetic,g,62031.0,21.44941313202151,1.0345996472878596,000096-0031
scale-000097,qualification-synthetic,g,62000.0,19.769524227769743,0.8833759465346595,000097-0000
scale-000097,qualification-synthetic,g,62001.0,19.606238111521485,0.8677041545282369,000097-0001
scale-000097,qualification-synthetic,g,62002.0,20.28955053897453,1.0137107459605939,000097-0002
scale-000097,qualification-synthetic,g,62003.0,20.33895899078934,0.8963734635673605,000097-0003
scale-000097,qualification-synthetic,g,62004.0,18.905904070308413,1.0810660601006072,000097-0004
scale-000097,qualification-synthetic,g,62005.0,18.551192774732264,0.8138736112686995,000097-0005
scale-000097,qualification-synthetic,g,62006.0,20.574181726660182,0.9351050162973423,000097-0006
scale-000097,qualification-synthetic,g,62007.0,19.937893532642562,0.9072442190980233,000097-0007
scale-000097,qualification-synthetic,g,62008.0,18.54374356449244,1.08341274479958,000097-0008
scale-000097,qualification-synthetic,g,62009.0,19.963485538096627,1.1141935321662944,000097-0009
scale-000097,qualification-synthetic,g,62010.0,20.059466255609077,0.9906303969003922,000097-0010
scale-000097,qualification-synthetic,g,62011.0,19.107793170680505,1.0285533183529634,000097-0011
scale-000097,qualification-synthetic,g,62012.0,18.95688520058303,1.045966332348582,000097-0012
scale-000097,qualification-synthetic,g,62013.0,22.034932492474724,1.0212560270361097,000097-0013
scale-000097,qualification-synthetic,g,62014.0,19.84407267523817,1.1338450992195035,000097-0014
scale-000097,qualification-synthetic,g,62015.0,20.716993139708524,0.9694633269576914,000097-0015
scale-000097,qualification-synthetic,g,62016.0,19.966588619048462,1.016179208944522,000097-0016
scale-000097,qualification-synthetic,g,62017.0,19.594729447065838,1.0195699047275226,000097-0017
scale-000097,qualification-synthetic,g,62018.0,20.58879550410778,0.8306176076260359,000097-0018
scale-000097,qualification-synthetic,g,62019.0,21.071983518069125,0.9980295029749935,000097-0019
scale-000097,qualification-synthetic,g,62020.0,19.27225174341435,1.0876736684459034,000097-0020
scale-000097,qualification-synthetic,g,62021.0,19.90136830678955,0.8185941878703513,000097-0021
scale-000097,qualification-synthetic,g,62022.0,18.117770831612436,1.0841579357546758,000097-0022
scale-000097,qualification-synthetic,g,62023.0,18.874578874083287,0.9233048062572061,000097-0023
scale-000097,qualification-synthetic,g,62024.0,19.72871249851436,0.9431974251514256,000097-0024
scale-000097,qualification-synthetic,g,62025.0,19.65572842153991,0.9042095374788073,000097-0025
scale-000097,qualification-synthetic,g,62026.0,19.33043955311303,1.0464572390014786,000097-0026
scale-000097,qualification-synthetic,g,62027.0,18.741358599606755,1.0247864035245082,000097-0027
scale-000097,qualification-synthetic,g,62028.0,20.419322712150425,1.066954731584994,000097-0028
scale-000097,qualification-synthetic,g,62029.0,19.354814552214126,0.8934544648554257,000097-0029
scale-000097,qualification-synthetic,g,62030.0,21.588092703917876,0.9949422559653159,000097-0030
scale-000097,qualification-synthetic,g,62031.0,19.75669625024874,1.1568196547757215,000097-0031
scale-000098,qualification-synthetic,g,62000.0,22.06932937369499,1.181498557796294,000098-0000
scale-000098,qualification-synthetic,g,62001.0,23.85120354025826,0.8979707125974182,000098-0001
scale-000098,qualification-synthetic,g,62002.0,23.683832477115246,0.9614751296634345,000098-0002
scale-000098,qualification-synthetic,g,62003.0,17.923276641177893,0.9390183874129762,000098-0003
scale-000098,qualification-synthetic,g,62004.0,20.524809620511597,0.8588659190604567,000098-0004
scale-000098,qualification-synthetic,g,62005.0,19.300820410823018,1.00907645878368,000098-0005
scale-000098,qualification-synthetic,g,62006.0,21.471664647829297,1.0895619083130201,000098-0006
scale-000098,qualification-synthetic,g,62007.0,19.860227836094808,0.842386870463101,000098-0007
scale-000098,qualification-synthetic,g,62008.0,20.883002617807865,0.8137574848133396,000098-0008
scale-000098,qualification-synthetic,g,62009.0,20.680096626543317,0.8951356632098997,000098-0009
scale-000098,qualification-synthetic,g,62010.0,19.46605784540189,0.9864058414218944,000098-0010
scale-000098,qualification-synthetic,g,62011.0,19.637534507751834,1.022680791042422,000098-0011
scale-000098,qualification-synthetic,g,62012.0,19.611071593801086,0.9096193596516882,000098-0012
scale-000098,qualification-synthetic,g,62013.0,20.223793175998253,1.0723652731233466,000098-0013
scale-000098,qualification-synthetic,g,62014.0,20.64681082510578,0.9481353833477156,000098-0014
scale-000098,qualification-synthetic,g,62015.0,21.4028527103688,1.0669901133595674,000098-0015
scale-000098,qualification-synthetic,g,62016.0,22.619462289466753,1.0975041132067986,000098-0016
scale-000098,qualification-synthetic,g,62017.0,19.09316717182486,0.845243774358647,000098-0017
scale-000098,qualification-synthetic,g,62018.0,18.095032084506133,0.8627865430104696,000098-0018
scale-000098,qualification-synthetic,g,62019.0,20.636796958180405,0.866563954053159,000098-0019
scale-000098,qualification-synthetic,g,62020.0,21.413507315379263,1.0703863940748992,000098-0020
scale-000098,qualification-synthetic,g,62021.0,20.930846722215897,0.9298775415516806,000098-0021
scale-000098,qualification-synthetic,g,62022.0,19.821720265734456,0.9757316905401029,000098-0022
scale-000098,qualification-synthetic,g,62023.0,18.338471750151637,1.1928221985638385,000098-0023
scale-000098,qualification-synthetic,g,62024.0,20.776918196651604,0.9121871860676306,000098-0024
scale-000098,qualification-synthetic,g,62025.0,20.0200780657428,0.8666286017923264,000098-0025
scale-000098,qualification-synthetic,g,62026.0,21.928255011509357,0.850153634243989,000098-0026
scale-000098,qualification-synthetic,g,62027.0,19.911039260199814,0.8208939876170068,000098-0027
scale-000098,qualification-synthetic,g,62028.0,20.378892418874422,1.1940348661270284,000098-0028
scale-000098,qualification-synthetic,g,62029.0,19.61874589645542,0.8258957869298451,000098-0029
scale-000098,qualification-synthetic,g,62030.0,20.16176649266968,0.94658982984287,000098-0030
scale-000098,qualification-synthetic,g,62031.0,19.78513308787087,1.1547108952487957,000098-0031
scale-000099,qualification-synthetic,g,62000.0,21.768799226967943,1.1562534736344885,000099-0000
scale-000099,qualification-synthetic,g,62001.0,21.06528816072033,0.888537407804744,000099-0001
scale-000099,qualification-synthetic,g,62002.0,19.407187463956802,1.1086442474551779,000099-0002
scale-000099,qualification-synthetic,g,62003.0,18.861948411184724,0.9024406632387677,000099-0003
scale-000099,qualification-synthetic,g,62004.0,20.998667992468324,0.9672720384457766,000099-0004
scale-000099,qualification-synthetic,g,62005.0,20.571155988918502,1.144105490824242,000099-0005
scale-000099,qualification-synthetic,g,62006.0,19.30026083652055,0.9290436707178733,000099-0006
scale-000099,qualification-synthetic,g,62007.0,20.365688662970673,1.1550027022575833,000099-0007
scale-000099,qualification-synthetic,g,62008.0,18.903117485421795,0.9836103375527258,000099-0008
scale-000099,qualification-synthetic,g,62009.0,18.890741645505997,1.1435297180608008,000099-0009
scale-000099,qualification-synthetic,g,62010.0,20.2182550530104,0.9178492000982007,000099-0010
scale-000099,qualification-synthetic,g,62011.0,18.860820063544672,0.9832637889565854,000099-0011
scale-000099,qualification-synthetic,g,62012.0,19.691885154022984,0.8208396308622932,000099-0012
scale-000099,qualification-synthetic,g,62013.0,21.21014089215962,1.1560372226483462,000099-0013
scale-000099,qualification-synthetic,g,62014.0,18.981734218911846,1.0119399103348814,000099-0014
scale-000099,qualification-synthetic,g,62015.0,24.229003629587467,1.1489219970933804,000099-0015
scale-000099,qualification-synthetic,g,62016.0,21.153564525921276,0.8865934345371341,000099-0016
scale-000099,qualification-synthetic,g,62017.0,20.799841230134152,1.0114497558855313,000099-0017
scale-000099,qualification-synthetic,g,62018.0,18.935110677679152,0.9455301538893316,000099-0018
scale-000099,qualification-synthetic,g,62019.0,18.973696330518475,1.0616792277662586,000099-0019
scale-000099,qualification-synthetic,g,62020.0,16.084149445744277,1.1951837581048532,000099-0020
scale-000099,qualification-synthetic,g,62021.0,19.893629796954226,1.1275567933627022,000099-0021
scale-000099,qualification-synthetic,g,62022.0,19.05388115175396,1.0496556514593733,000099-0022
scale-000099,qualification-synthetic,g,62023.0,19.69137473647195,0.8212545584033085,000099-0023
scale-000099,qualification-synthetic,g,62024.0,24.317012605218434,1.1494910348821887,000099-0024
scale-000099,qualification-synthetic,g,62025.0,20.36380555637529,1.166194336735534,000099-0025
scale-000099,qualification-synthetic,g,62026.0,20.366104724334786,0.9555043783566175,000099-0026
scale-000099,qualification-synthetic,g,62027.0,20.12194326441486,0.984056346931069,000099-0027
scale-000099,qualification-synthetic,g,62028.0,20.806047948094886,1.0388557677053771,000099-0028
scale-000099,qualification-synthetic,g,62029.0,21.583420969641544,0.8152325831830123,000099-0029
scale-000099,qualification-synthetic,g,62030.0,20.619946291779254,0.8565842120099548,000099-0030
scale-000099,qualification-synthetic,g,62031.0,18.979648577534416,0.9773081725158687,000099-0031
