source_id,survey,band,mjd,flux,flux_error,observation_id
scale-000100,qualification-synthetic,g,62000.0,20.75065114431087,1.0447503112948802,000100-0000
scale-000100,qualification-synthetic,g,62001.0,19.751295939167886,1.0371054795950752,000100-0001
scale-000100,qualification-synthetic,g,62002.0,20.351275462250292,1.1798122519949388,000100-0002
scale-000100,qualification-synthetic,g,62003.0,20.393025347424118,1.154978091035238,000100-0003
scale-000100,qualification-synthetic,g,62004.0,20.562880094074725,1.173644847789839,000100-0004
scale-000100,qualification-synthetic,g,62005.0,19.148981130176008,0.8920906603557767,000100-0005
scale-000100,qualification-synthetic,g,62006.0,19.13601158490554,0.9879438766432538,000100-0006
scale-000100,qualification-synthetic,g,62007.0,20.157676618795758,1.0479037671927205,000100-0007
scale-000100,qualification-synthetic,g,62008.0,19.311098952086013,1.1139357904003677,000100-0008
scale-000100,qualification-synthetic,g,62009.0,23.74357586847399,0.9832310690196997,000100-0009
scale-000100,qualification-synthetic,g,62010.0,19.984813908520167,0.87800327708156,000100-0010
scale-000100,qualification-synthetic,g,62011.0,18.41865468621223,1.0011847863110757,000100-0011
scale-000100,qualification-synthetic,g,62012.0,21.486543562371455,1.0981580524260264,000100-0012
scale-000100,qualification-synthetic,g,62013.0,21.78999462147427,1.0315154760870882,000100-0013
scale-000100,qualification-synthetic,g,62014.0,22.14665166472471,0.8144048141890935,000100-0014
scale-000100,qualification-synthetic,g,62015.0,24.518496681276556,1.0287010669020205,000100-0015
scale-000100,qualification-synthetic,g,62016.0,25.60001671816084,0.8987977652736938,000100-0016
scale-000100,qualification-synthetic,g,62017.0,26.522787905475216,0.9900636288459754,000100-0017
scale-000100,qualification-synthetic,g,62018.0,25.952692353081996,0.9510414468814149,000100-0018
scale-000100,qualification-synthetic,g,62019.0,26.62788837278293,1.1374311686675003,000100-0019
scale-000100,qualification-synthetic,g,62020.0,23.68783673513902,1.0981380164304453,000100-0020
scale-000100,qualification-synthetic,g,62021.0,23.32299736950115,1.0108911807226941,000100-0021
scale-000100,qualification-synthetic,g,62022.0,22.18002043260036,1.0153423982269179,000100-0022
scale-000100,qualification-synthetic,g,62023.0,20.222619041572095,0.8630486640038928,000100-0023
scale-000100,qualification-synthetic,g,62024.0,19.835146500651344,0.9816580139704851,000100-0024
scale-000100,qualification-synthetic,g,62025.0,19.653270028409047,0.8744505273184883,000100-0025
scale-000100,qualification-synthetic,g,62026.0,21.522806663019637,0.8676220766708349,000100-0026
scale-000100,qualification-synthetic,g,62027.0,22.183412752278144,1.1050673735318866,000100-0027
scale-000100,qualification-synthetic,g,62028.0,23.77480474477965,0.9313879345435706,000100-0028
scale-000100,qualification-synthetic,g,62029.0,19.521580913924907,0.9282911432463226,000100-0029
scale-000100,qualification-synthetic,g,62030.0,20.61208477083774,0.8165244038564202,000100-0030
scale-000100,qualification-synthetic,g,62031.0,18.61261744442911,0.9469158647240797,000100-0031
scale-000101,qualification-synthetic,g,62000.0,18.516723419932767,0.8667871466735593,000101-0000
scale-000101,qualification-synthetic,g,62001.0,17.57934446240612,0.9878288607782232,000101-0001
scale-000101,qualification-synthetic,g,62002.0,20.214053974472968,0.938086021323309,000101-0002
scale-000101,qualification-synthetic,g,62003.0,19.9694363322998,1.1033842385940162,000101-0003
scale-000101,qualification-synthetic,g,62004.0,18.912363254436585,0.8202358142172242,000101-0004
scale-000101,qualification-synthetic,g,62005.0,19.700850270232937,1.0654900167991304,000101-0005
scale-000101,qualification-synthetic,g,62006.0,20.981838051386966,1.1905753833946602,000101-0006
scale-000101,qualification-synthetic,g,62007.0,19.23346954916878,1.1225680135185045,000101-0007
scale-000101,qualification-synthetic,g,62008.0,20.775994993553375,0.8742123252627335,000101-0008
scale-000101,qualification-synthetic,g,62009.0,20.518371455811852,0.8262914409991418,000101-0009
scale-000101,qualification-synthetic,g,62010.0,20.822401801115845,0.8934403490374154,000101-0010
scale-000101,qualification-synthetic,g,62011.0,20.15183669598497,1.113586569342735,000101-0011
scale-000101,qualification-synthetic,g,62012.0,20.89054437112057,1.012448140884278,000101-0012
scale-000101,qualification-synthetic,g,62013.0,21.007597279781642,1.0106186489456703,000101-0013
scale-000101,qualification-synthetic,g,62014.0,20.269628188479007,0.829033987602581,000101-0014
scale-000101,qualification-synthetic,g,62015.0,20.254823214652426,1.1270216931532575,000101-0015
scale-000101,qualification-synthetic,g,62016.0,19.54104576569227,1.1080364177323516,000101-0016
scale-000101,qualification-synthetic,g,62017.0,19.68027114348637,0.9889171221064269,000101-0017
scale-000101,qualification-synthetic,g,62018.0,21.40007471630158,0.998630786716028,000101-0018
scale-000101,qualification-synthetic,g,62019.0,19.208972833089312,1.0687258492941496,000101-0019
scale-000101,qualification-synthetic,g,62020.0,20.234426167291005,1.0136731955611604,000101-0020
scale-000101,qualification-synthetic,g,62021.0,19.59730088496668,1.0345142714808002,000101-0021
scale-000101,qualification-synthetic,g,62022.0,19.528462061656096,1.1123512666213122,000101-0022
scale-000101,qualification-synthetic,g,62023.0,22.299432553418235,1.1465143967363596,000101-0023
scale-000101,qualification-synthetic,g,62024.0,19.9160449023548,0.9826190954379865,000101-0024
scale-000101,qualification-synthetic,g,62025.0,18.464324271588577,1.1852911709652423,000101-0025
scale-000101,qualification-synthetic,g,62026.0,19.61833859055761,0.8447641869455158,000101-0026
scale-000101,qualification-synthetic,g,62027.0,19.927318956040747,0.8253295858248144,000101-0027
scale-000101,qualification-synthetic,g,62028.0,19.958298251922567,1.042762289514666,000101-0028
scale-000101,qualification-synthetic,g,62029.0,20.558369525065075,1.1739177816662294,000101-0029
scale-000101,qualification-synthetic,g,62030.0,21.19551026162109,1.086076962076149,000101-0030
scale-000101,qualification-synthetic,g,62031.0,21.019996426629195,1.1095646285650673,000101-0031
scale-000102,qualification-synthetic,g,62000.0,18.382866238582142,1.0179716274001922,000102-0000
scale-000102,qualification-synthetic,g,62001.0,19.84392785410328,0.8332708128039403,000102-0001
scale-000102,qualification-synthetic,g,62002.0,19.457668303385233,1.1051048017123055,000102-0002
scale-000102,qualification-synthetic,g,62003.0,20.676508809318438,0.9890809639412953,000102-0003
scale-000102,qualification-synthetic,g,62004.0,20.100191485629445,0.9916746211862174,000102-0004
scale-000102,qualification-synthetic,g,62005.0,18.81131417733749,1.06493028777632,000102-0005
scale-000102,qualification-synthetic,g,62006.0,20.02258068252767,0.9677185811238819,000102-0006
scale-000102,qualification-synthetic,g,62007.0,18.547511748466878,1.1470462255216227,000102-0007
scale-000102,qualification-synthetic,g,62008.0,18.496264954306973,1.0396814965327756,000102-0008
scale-000102,qualification-synthetic,g,62009.0,23.999434370278884,1.0559799749784218,000102-0009
scale-000102,qualification-synthetic,g,62010.0,21.10870414526295,0.9231685590184869,000102-0010
scale-000102,qualification-synthetic,g,62011.0,21.513916200860837,0.8111395879579489,000102-0011
scale-000102,qualification-synthetic,g,62012.0,20.541170447230083,1.1624954089875066,000102-0012
scale-000102,qualification-synthetic,g,62013.0,19.880886362157373,1.0294128719658415,000102-0013
scale-000102,qualification-synthetic,g,62014.0,20.64372553036414,0.8746824401755765,000102-0014
scale-000102,qualification-synthetic,g,62015.0,21.673470416751293,1.0327389044499768,000102-0015
scale-000102,qualification-synthetic,g,62016.0,19.981178398408115,0.9824760347036426,000102-0016
scale-000102,qualification-synthetic,g,62017.0,19.018198855934184,0.951299830855824,000102-0017
scale-000102,qualification-synthetic,g,62018.0,20.47122502819,1.0725411708879147,000102-0018
scale-000102,qualification-synthetic,g,62019.0,19.90961289447821,1.0374797166225826,000102-0019
scale-000102,qualification-synthetic,g,62020.0,19.113163638087947,1.0710322200954885,000102-0020
scale-000102,qualification-synthetic,g,62021.0,22.030024252225974,1.1851186559220892,000102-0021
scale-000102,qualification-synthetic,g,62022.0,18.932736765809075,1.1703715193293451,000102-0022
scale-000102,qualification-synthetic,g,62023.0,20.070792414243645,1.1651074131245864,000102-0023
scale-000102,qualification-synthetic,g,62024.0,19.500642998999478,1.1692314621374227,000102-0024
scale-000102,qualification-synthetic,g,62025.0,14.86260789787291,1.175829201849798,000102-0025
scale-000102,qualification-synthetic,g,62026.0,21.174713437161838,1.1469160650789596,000102-0026
scale-000102,qualification-synthetic,g,62027.0,20.110918983635717,0.8788300491789511,000102-0027
scale-000102,qualification-synthetic,g,62028.0,20.482966361207477,1.0636569204704616,000102-0028
scale-000102,qualification-synthetic,g,62029.0,20.11696032661205,0.9087587770570107,000102-0029
scale-000102,qualification-synthetic,g,62030.0,20.47120840705705,1.1682563839473457,000102-0030
scale-000102,qualification-synthetic,g,62031.0,21.998503970210365,1.125681214744364,000102-0031
scale-000103,qualification-synthetic,g,62000.0,20.924466772577688,0.9551296697625961,000103-0000
scale-000103,qualification-synthetic,g,62001.0,20.058774611898716,1.1593149053021599,000103-0001
scale-000103,qualification-synthetic,g,62002.0,20.32741469345341,0.8160428751839611,000103-0002
scale-000103,qualification-synthetic,g,62003.0,19.927665706851123,1.1355039555660125,000103-0003
scale-000103,qualification-synthetic,g,62004.0,20.08786901843128,1.1637808671882792,000103-0004
scale-000103,qualification-synthetic,g,62005.0,19.813500468079756,1.0062044709263067,000103-0005
scale-000103,qualification-synthetic,g,62006.0,18.395835632108977,0.9448731983490649,000103-0006
scale-000103,qualification-synthetic,g,62007.0,19.618427871484784,0.8903474367475427,000103-0007
scale-000103,qualification-synthetic,g,62008.0,19.389455414282146,0.9364702515243492,000103-0008
scale-000103,qualification-synthetic,g,62009.0,20.531667769164095,1.0655999830898069,000103-0009
scale-000103,qualification-synthetic,g,62010.0,21.515862378851217,0.9607084589148355,000103-0010
scale-000103,qualification-synthetic,g,62011.0,19.744004172864003,0.867610241940496,000103-0011
scale-000103,qualification-synthetic,g,62012.0,18.47589339096646,0.8832932387165404,000103-0012
scale-000103,qualification-synthetic,g,62013.0,20.093489782297766,0.842143790286459,000103-0013
scale-000103,qualification-synthetic,g,62014.0,19.92181883613995,1.1902431783299345,000103-0014
scale-000103,qualification-synthetic,g,62015.0,20.518966549774404,0.9476664511058303,000103-0015
scale-000103,qualification-synthetic,g,62016.0,19.685296453564128,1.0130391203259197,000103-0016
scale-000103,qualification-synthetic,g,62017.0,20.61383450408615,1.1013925931659956,000103-0017
scale-000103,qualification-synthetic,g,62018.0,21.504666128604924,0.9899718001289165,000103-0018
scale-000103,qualification-synthetic,g,62019.0,20.53899525413532,0.9256688594872541,000103-0019
scale-000103,qualification-synthetic,g,62020.0,20.479406750648877,1.0457407011279474,000103-0020
scale-000103,qualification-synthetic,g,62021.0,19.97388281994797,1.157578045229663,000103-0021
scale-000103,qualification-synthetic,g,62022.0,22.07658738653027,0.8431976028328997,000103-0022
scale-000103,qualification-synthetic,g,62023.0,18.951447422940067,0.9457634004721334,000103-0023
scale-000103,qualification-synthetic,g,62024.0,19.743150177557737,0.9442702709059975,000103-0024
scale-000103,qualification-synthetic,g,62025.0,20.26623211504107,0.8061987181943822,000103-0025
scale-000103,qualification-synthetic,g,62026.0,20.545963967442436,0.9429960238162173,000103-0026
scale-000103,qualification-synthetic,g,62027.0,20.87923855165491,1.11060440783533,000103-0027
scale-000103,qualification-synthetic,g,62028.0,19.191951352199386,0.9741665645791343,000103-0028
scale-000103,qualification-synthetic,g,62029.0,20.39998486880947,0.8730506269420193,000103-0029
scale-000103,qualification-synthetic,g,62030.0,18.666303468468602,1.174495013339486,000103-0030
scale-000103,qualification-synthetic,g,62031.0,19.784742833954198,1.1641087758888307,000103-0031
scale-000104,qualification-synthetic,g,62000.0,18.18303884162127,0.8526418439686604,000104-0000
scale-000104,qualification-synthetic,g,62001.0,21.1061800701991,0.9543539611352794,000104-0001
scale-000104,qualification-synthetic,g,62002.0,18.97242971237293,1.0469779803230774,000104-0002
scale-000104,qualification-synthetic,g,62003.0,18.179441188277977,1.1636524083922966,000104-0003
scale-000104,qualification-synthetic,g,62004.0,20.589655030438454,0.8630177667714636,000104-0004
scale-000104,qualification-synthetic,g,62005.0,19.28606946890373,1.0022345986090433,000104-0005
scale-000104,qualification-synthetic,g,62006.0,19.905801555658414,1.0599523738973327,000104-0006
scale-000104,qualification-synthetic,g,62007.0,20.773087966713113,1.0477970989325356,000104-0007
scale-000104,qualification-synthetic,g,62008.0,18.97611933191999,1.0082187016912403,000104-0008
scale-000104,qualification-synthetic,g,62009.0,20.24703555894042,0.9290275133808842,000104-0009
scale-000104,qualification-synthetic,g,62010.0,19.732234863093634,0.9332400651013126,000104-0010
scale-000104,qualification-synthetic,g,62011.0,20.167715425278043,0.8348964445840712,000104-0011
scale-000104,qualification-synthetic,g,62012.0,18.581547261707875,1.039448003896597,000104-0012
scale-000104,qualification-synthetic,g,62013.0,19.83778010713735,1.0845214200505833,000104-0013
scale-000104,qualification-synthetic,g,62014.0,18.918673812322822,0.8214143928162264,000104-0014
scale-000104,qualification-synthetic,g,62015.0,20.90680307504249,1.1553634427942052,000104-0015
scale-000104,qualification-synthetic,g,62016.0,20.140806932895313,0.9623811468921174,000104-0016
scale-000104,qualification-synthetic,g,62017.0,19.558327708979782,0.9399576770905151,000104-0017
scale-000104,qualification-synthetic,g,62018.0,17.089669433338784,1.0542952612291283,000104-0018
scale-000104,qualification-synthetic,g,62019.0,21.02588527119876,1.0293132527812825,000104-0019
scale-000104,qualification-synthetic,g,62020.0,19.428086274548225,1.1981226038431123,000104-0020
scale-000104,qualification-synthetic,g,62021.0,20.244942163753937,1.0361675081970552,000104-0021
scale-000104,qualification-synthetic,g,62022.0,21.63921984086639,1.1248371068527407,000104-0022
scale-000104,qualification-synthetic,g,62023.0,19.10762087198192,0.8187164086060366,000104-0023
scale-000104,qualification-synthetic,g,62024.0,20.528957765193713,0.9168020647516045,000104-0024
scale-000104,qualification-synthetic,g,62025.0,20.88056872072329,1.0052395713807898,000104-0025
scale-000104,qualification-synthetic,g,62026.0,20.961516222343096,0.9593080940482313,000104-0026
scale-000104,qualification-synthetic,g,62027.0,19.082702743343987,0.9851210158809404,000104-0027
scale-000104,qualification-synthetic,g,62028.0,19.250438005053997,1.1502549932080681,000104-0028
scale-000104,qualification-synthetic,g,62029.0,18.981034990045952,0.8215369939766899,000104-0029
scale-000104,qualification-synthetic,g,62030.0,19.433122898710646,1.1490799287452327,000104-0030
scale-000104,qualification-synthetic,g,62031.0,22.310984907083025,1.0073191270505208,000104-0031
scale-000105,qualification-synthetic,g,62000.0,20.22434384704153,1.111228235467585,000105-0000
scale-000105,qualification-synthetic,g,62001.0,20.948590269598416,1.0899278487363833,000105-0001
scale-000105,qualification-synthetic,g,62002.0,20.061216792932623,0.9134457468823479,000105-0002
scale-000105,qualification-synthetic,g,62003.0,20.02030815055994,1.009843706483703,000105-0003
scale-000105,qualification-synthetic,g,62004.0,20.060464250136704,0.9998204350768813,000105-0004
scale-000105,qualification-synthetic,g,62005.0,23.523954356826245,1.1887169861186482,000105-0005
scale-000105,qualification-synthetic,g,62006.0,20.13757755418945,1.111668283539374,000105-0006
scale-000105,qualification-synthetic,g,62007.0,17.48822508112608,0.8666099387992166,000105-0007
scale-000105,qualification-synthetic,g,62008.0,20.854505810800863,0.8148217757837513,000105-0008
scale-000105,qualification-synthetic,g,62009.0,20.117781416932957,1.1813361836597738,000105-0009
scale-000105,qualification-synthetic,g,62010.0,17.53061136984304,0.901914715556206,000105-0010
scale-000105,qualification-synthetic,g,62011.0,19.49157671961684,0.8680144863800707,000105-0011
scale-000105,qualification-synthetic,g,62012.0,20.368931412362862,1.1433510656513208,000105-0012
scale-000105,qualification-synthetic,g,62013.0,20.05796461035211,0.8400424792034743,000105-0013
scale-000105,qualification-synthetic,g,62014.0,18.53174722456482,0.9483700935564253,000105-0014
scale-000105,qualification-synthetic,g,62015.0,20.710258701407835,1.0189294686601094,000105-0015
scale-000105,qualification-synthetic,g,62016.0,19.061409676090484,1.1744128723491802,000105-0016
scale-000105,qualification-synthetic,g,62017.0,19.154121348252083,0.9948970516350168,000105-0017
scale-000105,qualification-synthetic,g,62018.0,18.60609073734176,0.8387239720575721,000105-0018
scale-000105,qualification-synthetic,g,62019.0,17.80323562080809,1.1377230178009197,000105-0019
scale-000105,qualification-synthetic,g,62020.0,21.114369044027303,1.147663491990878,000105-0020
scale-000105,qualification-synthetic,g,62021.0,19.3237572898329,0.8199879139140891,000105-0021
scale-000105,qualification-synthetic,g,62022.0,21.300434615155016,0.895215543801063,000105-0022
scale-000105,qualification-synthetic,g,62023.0,20.949815821252862,1.1583497883828493,000105-0023
scale-000105,qualification-synthetic,g,62024.0,20.147455783507034,0.9463202386185348,000105-0024
scale-000105,qualification-synthetic,g,62025.0,18.293725479635288,1.0132894047020327,000105-0025
scale-000105,qualification-synthetic,g,62026.0,18.4520224983293,1.1561785879053275,000105-0026
scale-000105,qualification-synthetic,g,62027.0,22.413780622426803,0.9407470118751059,000105-0027
scale-000105,qualification-synthetic,g,62028.0,19.99314522090937,1.0888118066689316,000105-0028
scale-000105,qualification-synthetic,g,62029.0,24.084209067346677,1.076247353627498,000105-0029
scale-000105,qualification-synthetic,g,62030.0,19.794284369154006,1.0889180681312964,000105-0030
scale-000105,qualification-synthetic,g,62031.0,19.13648880726197,1.1753417580872474,000105-0031
scale-000106,qualification-synthetic,g,62000.0,18.452280884864134,0.9289030765117895,000106-0000
scale-000106,qualification-synthetic,g,62001.0,19.36543166963982,1.0235250177994468,000106-0001
scale-000106,qualification-synthetic,g,62002.0,20.43213567208266,0.9059730932383355,000106-0002
scale-000106,qualification-synthetic,g,62003.0,18.991558545372847,1.1035972188896133,000106-0003
scale-000106,qualification-synthetic,g,62004.0,20.55330958838928,1.0966007083214533,000106-0004
scale-000106,qualification-synthetic,g,62005.0,19.75987194235023,0.94639382691526,000106-0005
scale-000106,qualification-synthetic,g,62006.0,20.974062333648302,1.0970304513610731,000106-0006
scale-000106,qualification-synthetic,g,62007.0,21.48806304501649,0.8354435548027483,000106-0007
scale-000106,qualification-synthetic,g,62008.0,20.487966251121744,0.8787563930540877,000106-0008
scale-000106,qualification-synthetic,g,62009.0,20.8305776660023,0.8401599550978722,000106-0009
scale-000106,qualification-synthetic,g,62010.0,20.402422710065288,0.8833587829712147,000106-0010
scale-000106,qualification-synthetic,g,62011.0,21.24523192027606,0.9510823311422083,000106-0011
scale-000106,qualification-synthetic,g,62012.0,18.757447754482456,0.880426374044663,000106-0012
scale-000106,qualification-synthetic,g,62013.0,20.03801569248718,0.8293621667517738,000106-0013
scale-000106,qualification-synthetic,g,62014.0,19.566198525873837,0.962382824276704,000106-0014
scale-000106,qualification-synthetic,g,62015.0,22.140302291659616,1.0495328392811192,000106-0015
scale-000106,qualification-synthetic,g,62016.0,21.80958919757591,1.0119276502064236,000106-0016
scale-000106,qualification-synthetic,g,62017.0,19.05949462571683,0.9052381575634564,000106-0017
scale-000106,qualification-synthetic,g,62018.0,18.414414348818116,1.1284690460806146,000106-0018
scale-000106,qualification-synthetic,g,62019.0,19.97204646559156,0.8466578169041311,000106-0019
scale-000106,qualification-synthetic,g,62020.0,20.565182280487814,0.9111785350233449,000106-0020
scale-000106,qualification-synthetic,g,62021.0,19.460986048789955,1.0688209409153893,000106-0021
scale-000106,qualification-synthetic,g,62022.0,18.63964743996881,0.8947654286642855,000106-0022
scale-000106,qualification-synthetic,g,62023.0,22.355734884950586,0.9933893286157514,000106-0023
scale-000106,qualification-synthetic,g,62024.0,19.836208434206554,0.9239028450165859,000106-0024
scale-000106,qualification-synthetic,g,62025.0,21.764045333162727,1.1733792320439531,000106-0025
scale-000106,qualification-synthetic,g,62026.0,20.266927915250463,0.8884600225577768,000106-0026
scale-000106,qualification-synthetic,g,62027.0,20.358061280884524,0.8127395112176953,000106-0027
scale-000106,qualification-synthetic,g,62028.0,21.201447649825464,0.8426424489618268,000106-0028
scale-000106,qualification-synthetic,g,62029.0,21.12998111844502,1.0321769809624406,000106-0029
scale-000106,qualification-synthetic,g,62030.0,25.874421632610836,1.1970605854468326,000106-0030
scale-000106,qualification-synthetic,g,62031.0,21.613033654466957,0.83687296736989,000106-0031
scale-000107,qualification-synthetic,g,62000.0,16.865035312563272,1.047660948359431,000107-0000
scale-000107,qualification-synthetic,g,62001.0,20.080290340388295,0.8520401216927376,000107-0001
scale-000107,qualification-synthetic,g,62002.0,19.94278181987435,1.0384919078616421,000107-0002
scale-000107,qualification-synthetic,g,62003.0,18.34613540735352,0.8803094777086309,000107-0003
scale-000107,qualification-synthetic,g,62004.0,19.57702215191263,1.0363587202415807,000107-0004
scale-000107,qualification-synthetic,g,62005.0,20.058338873927948,1.1474791337020378,000107-0005
scale-000107,qualification-synthetic,g,62006.0,20.869023160105154,1.0486269492540905,000107-0006
scale-000107,qualification-synthetic,g,62007.0,18.54700166101454,1.1414795474576576,000107-0007
scale-000107,qualification-synthetic,g,62008.0,20.0889074294191,1.1345902176498905,000107-0008
scale-000107,qualification-synthetic,g,62009.0,18.349721504563956,0.8979891511934781,000107-0009
scale-000107,qualification-synthetic,g,62010.0,20.647621147213158,0.8408516514460506,000107-0010
scale-000107,qualification-synthetic,g,62011.0,19.147169038344728,0.9097650930323156,000107-0011
scale-000107,qualification-synthetic,g,62012.0,19.86884769152897,0.8090344028577368,000107-0012
scale-000107,qualification-synthetic,g,62013.0,21.52222721639585,0.8883317584972938,000107-0013
scale-000107,qualification-synthetic,g,62014.0,17.713084966139693,1.1874300016934949,000107-0014
scale-000107,qualification-synthetic,g,62015.0,17.318644031032246,0.8904191016549906,000107-0015
scale-000107,qualification-synthetic,g,62016.0,19.96751721641823,0.932075950376731,000107-0016
scale-000107,qualification-synthetic,g,62017.0,20.250566500117387,0.9022581969127924,000107-0017
scale-000107,qualification-synthetic,g,62018.0,22.060166223489745,0.9440387827330672,000107-0018
scale-000107,qualification-synthetic,g,62019.0,20.13847354121713,1.1354729042102998,000107-0019
scale-000107,qualification-synthetic,g,62020.0,19.083354684266435,1.1673061936184763,000107-0020
scale-000107,qualification-synthetic,g,62021.0,18.998590121223273,1.1716305637239908,000107-0021
scale-000107,qualification-synthetic,g,62022.0,20.001731975086415,0.9636238570033726,000107-0022
scale-000107,qualification-synthetic,g,62023.0,21.43900685282203,1.1279616799539263,000107-0023
scale-000107,qualification-synthetic,g,62024.0,16.600107950868626,1.1277077664777346,000107-0024
scale-000107,qualification-synthetic,g,62025.0,20.02869455349409,1.009408138899809,000107-0025
scale-000107,qualification-synthetic,g,62026.0,19.05439880599107,1.1191626881181524,000107-0026
scale-000107,qualification-synthetic,g,62027.0,19.29871360792818,1.0724897481502638,000107-0027
scale-000107,qualification-synthetic,g,62028.0,21.30939998229394,1.0215522688294487,000107-0028
scale-000107,qualification-synthetic,g,62029.0,18.57306785330765,1.1707389490887254,000107-0029
scale-000107,qualification-synthetic,g,62030.0,19.543242422796624,1.1051705365393185,000107-0030
scale-000107,qualification-synthetic,g,62031.0,21.264564547337752,0.8932011292759358,000107-0031
scale-000108,qualification-synthetic,g,62000.0,20.606484589942777,1.1795193652585525,000108-0000
scale-000108,qualification-synthetic,g,62001.0,20.059340626102106,1.1163230465513676,000108-0001
scale-000108,qualification-synthetic,g,62002.0,20.353234231563505,1.1509533231701206,000108-0002
scale-000108,qualification-synthetic,g,62003.0,19.77445423301194,1.0251452080810417,000108-0003
scale-000108,qualification-synthetic,g,62004.0,20.721130130785788,0.9181734424757021,000108-0004
scale-000108,qualification-synthetic,g,62005.0,18.365988673749385,0.8124471891403628,000108-0005
scale-000108,qualification-synthetic,g,62006.0,19.76375075456943,0.8190359886495526,000108-0006
scale-000108,qualification-synthetic,g,62007.0,20.630725322853912,0.8142919367438805,000108-0007
scale-000108,qualification-synthetic,g,62008.0,21.806687390022724,0.9276264435689643,000108-0008
scale-000108,qualification-synthetic,g,62009.0,19.331900957450866,0.8276060387315747,000108-0009
scale-000108,qualification-synthetic,g,62010.0,20.176585771179006,1.0368289805418986,000108-0010
scale-000108,qualification-synthetic,g,62011.0,20.602687804208106,0.8635195744850692,000108-0011
scale-000108,qualification-synthetic,g,62012.0,19.089031513534113,1.0793101369539784,000108-0012
scale-000108,qualification-synthetic,g,62013.0,23.10222016406918,1.1939875215760694,000108-0013
scale-000108,qualification-synthetic,g,62014.0,19.64256848467474,0.9478589130566525,000108-0014
scale-000108,qualification-synthetic,g,62015.0,20.547656783591354,1.1986710370655702,000108-0015
scale-000108,qualification-synthetic,g,62016.0,20.504030254759055,0.8599362579809512,000108-0016
scale-000108,qualification-synthetic,g,62017.0,19.458793228920307,1.1176768031980013,000108-0017
scale-000108,qualification-synthetic,g,62018.0,19.38943355835351,0.8494477265645203,000108-0018
scale-000108,qualification-synthetic,g,62019.0,16.91578225209599,1.1564765497094962,000108-0019
scale-000108,qualification-synthetic,g,62020.0,19.102536511088847,0.8544430037288021,000108-0020
scale-000108,qualification-synthetic,g,62021.0,19.146118341701577,1.0227871299858131,000108-0021
scale-000108,qualification-synthetic,g,62022.0,19.287121725145305,1.182386311403157,000108-0022
scale-000108,qualification-synthetic,g,62023.0,16.700991379653196,1.1313466502825478,000108-0023
scale-000108,qualification-synthetic,g,62024.0,19.778682398626625,0.8502354182068836,000108-0024
scale-000108,qualification-synthetic,g,62025.0,21.35899479399478,1.154581854046795,000108-0025
scale-000108,qualification-synthetic,g,62026.0,19.921945517495054,1.0852703995008077,000108-0026
scale-000108,qualification-synthetic,g,62027.0,21.09845160726978,1.1400973604246019,000108-0027
scale-000108,qualification-synthetic,g,62028.0,19.033591025251482,1.0116433922723587,000108-0028
scale-000108,qualification-synthetic,g,62029.0,19.346940053463747,0.9814351352270507,000108-0029
scale-000108,qualification-synthetic,g,62030.0,21.627145057335863,1.0076947030578507,000108-0030
scale-000108,qualification-synthetic,g,62031.0,20.501419595960492,1.1040988867035728,000108-0031
scale-000109,qualification-synthetic,g,62000.0,19.041922087989086,0.828920293784942,000109-0000
scale-000109,qualification-synthetic,g,62001.0,21.378525098214396,0.8749162973206095,000109-0001
scale-000109,qualification-synthetic,g,62002.0,21.076681087075105,0.9654497042376053,000109-0002
scale-000109,qualification-synthetic,g,62003.0,19.199609187950237,1.0182263462003394,000109-0003
scale-000109,qualification-synthetic,g,62004.0,18.21282300327859,0.8226815239987508,000109-0004
scale-000109,qualification-synthetic,g,62005.0,18.366430591414264,1.1850857776103556,000109-0005
scale-000109,qualification-synthetic,g,62006.0,22.043521550751414,1.0100410002562412,000109-0006
scale-000109,qualification-synthetic,g,62007.0,19.861632413029326,1.0673064321848467,000109-0007
scale-000109,qualification-synthetic,g,62008.0,19.145062387705178,1.0674324818134167,000109-0008
scale-000109,qualification-synthetic,g,62009.0,19.45517471324145,1.188515468746529,000109-0009
scale-000109,qualification-synthetic,g,62010.0,19.097554459037976,1.0315696977621092,000109-0010
scale-000109,qualification-synthetic,g,62011.0,19.918002200006,0.9015093355480107,000109-0011
scale-000109,qualification-synthetic,g,62012.0,19.52998083274018,0.9082557179349248,000109-0012
scale-000109,qualification-synthetic,g,62013.0,23.211089351626498,0.9731291996236252,000109-0013
scale-000109,qualification-synthetic,g,62014.0,17.67333885316609,0.9678718076943579,000109-0014
scale-000109,qualification-synthetic,g,62015.0,20.53924764880438,0.8777081662569253,000109-0015
scale-000109,qualification-synthetic,g,62016.0,19.832544056043883,1.1218575246635192,000109-0016
scale-000109,qualification-synthetic,g,62017.0,21.020933412776888,0.9661390468852836,000109-0017
scale-000109,qualification-synthetic,g,62018.0,22.368391466691357,0.869405386983026,000109-0018
scale-000109,qualification-synthetic,g,62019.0,18.463851461046236,1.0905146157538461,000109-0019
scale-000109,qualification-synthetic,g,62020.0,18.820663010409234,0.9390144597163756,000109-0020
scale-000109,qualification-synthetic,g,62021.0,19.229869132923408,0.8941660993364087,000109-0021
scale-000109,qualification-synthetic,g,62022.0,18.74156884061178,0.8657560632286384,000109-0022
scale-000109,qualification-synthetic,g,62023.0,20.41006491013099,0.976640420841424,000109-0023
scale-000109,qualification-synthetic,g,62024.0,19.066857056897845,0.8459477459647159,000109-0024
scale-000109,qualification-synthetic,g,62025.0,20.076278258466925,0.8331896323780452,000109-0025
scale-000109,qualification-synthetic,g,62026.0,20.192093972372,0.9137808599269752,000109-0026
scale-000109,qualification-synthetic,g,62027.0,20.806267036817488,0.8430089122777089,000109-0027
scale-000109,qualification-synthetic,g,62028.0,21.87836217455483,0.8968803109150678,000109-0028
scale-000109,qualification-synthetic,g,62029.0,18.99730350483087,1.068550939451316,000109-0029
scale-000109,qualification-synthetic,g,62030.0,21.164872874245034,0.8457449813980279,000109-0030
scale-000109,qualification-synthetic,g,62031.0,20.538332428224624,1.1201669195402935,000109-0031
scale-000110,qualification-synthetic,g,62000.0,19.55326159397576,0.9775056923526348,000110-0000
scale-000110,qualification-synthetic,g,62001.0,19.318610325300114,1.0101884722454233,000110-0001
scale-000110,qualification-synthetic,g,62002.0,21.067000132616062,1.088598341043424,000110-0002
scale-000110,qualification-synthetic,g,62003.0,21.196421443817233,0.8647350201406179,000110-0003
scale-000110,qualification-synthetic,g,62004.0,20.245264420689235,0.8857119615409011,000110-0004
scale-000110,qualification-synthetic,g,62005.0,20.019696157930927,1.049820848566122,000110-0005
scale-000110,qualification-synthetic,g,62006.0,19.110131742582496,1.1376529138875184,000110-0006
scale-000110,qualification-synthetic,g,62007.0,20.054201737735905,0.8759300353257251,000110-0007
scale-000110,qualification-synthetic,g,62008.0,21.0598693778716,0.9065508163227062,000110-0008
scale-000110,qualification-synthetic,g,62009.0,19.423263838375956,0.873511482232993,000110-0009
scale-000110,qualification-synthetic,g,62010.0,19.887722541569488,0.9709271324986173,000110-0010
scale-000110,qualification-synthetic,g,62011.0,20.10906761550989,0.8806823680960046,000110-0011
scale-000110,qualification-synthetic,g,62012.0,20.82391904313567,1.1872075499599681,000110-0012
scale-000110,qualification-synthetic,g,62013.0,21.46524161336648,1.08861545697955,000110-0013
scale-000110,qualification-synthetic,g,62014.0,20.632659408053815,0.8577111658117061,000110-0014
scale-000110,qualification-synthetic,g,62015.0,20.737660085812905,0.800635330962521,000110-0015
scale-000110,qualification-synthetic,g,62016.0,20.44732508379513,1.127435060801926,000110-0016
scale-000110,qualification-synthetic,g,62017.0,19.233056270665468,1.1522518721473747,000110-0017
scale-000110,qualification-synthetic,g,62018.0,21.42535035070915,1.0420291813890024,000110-0018
scale-000110,qualification-synthetic,g,62019.0,19.32706873979005,1.0678590145531306,000110-0019
scale-000110,qualification-synthetic,g,62020.0,20.32324097713172,0.9797115097905705,000110-0020
scale-000110,qualification-synthetic,g,62021.0,20.28324331431489,0.8449287464306217,000110-0021
scale-000110,qualification-synthetic,g,62022.0,18.610032992542052,1.160657487712595,000110-0022
scale-000110,qualification-synthetic,g,62023.0,18.55467239987614,1.0527396833712497,000110-0023
scale-000110,qualification-synthetic,g,62024.0,19.92480381300466,1.1775272138730166,000110-0024
scale-000110,qualification-synthetic,g,62025.0,21.232460749784526,0.9120175974358126,000110-0025
scale-000110,qualification-synthetic,g,62026.0,20.443232007495457,0.8790832285180362,000110-0026
scale-000110,qualification-synthetic,g,62027.0,19.98472666404282,1.0217426157988676,000110-0027
scale-000110,qualification-synthetic,g,62028.0,19.638787350181257,0.8316384632484348,000110-0028
scale-000110,qualification-synthetic,g,62029.0,20.09729126102029,0.9556823579215384,000110-0029
scale-000110,qualification-synthetic,g,62030.0,19.31626464621498,1.0083050044044044,000110-0030
scale-000110,qualification-synthetic,g,62031.0,19.8952163907911,1.0656181345806643,000110-0031
scale-000111,qualification-synthetic,g,62000.0,20.59837452935972,0.8765875528549639,000111-0000
scale-000111,qualification-synthetic,g,62001.0,19.242917192960206,0.9873291859610377,000111-0001
scale-000111,qualification-synthetic,g,62002.0,20.525027038266973,1.017241584510042,000111-0002
scale-000111,qualification-synthetic,g,62003.0,20.916236713761265,1.0098072331124506,000111-0003
scale-000111,qualification-synthetic,g,62004.0,20.476000311960775,0.9559578426052378,000111-0004
scale-000111,qualification-synthetic,g,62005.0,20.048311813297712,0.9510182902221818,000111-0005
scale-000111,qualification-synthetic,g,62006.0,18.541767193365807,0.9358346380053497,000111-0006
scale-000111,qualification-synthetic,g,62007.0,19.987883156937205,0.88682809104567,000111-0007
scale-000111,qualification-synthetic,g,62008.0,18.95596624251519,0.8510245797788958,000111-0008
scale-000111,qualification-synthetic,g,62009.0,19.99427167924861,0.8530919187747908,000111-0009
scale-000111,qualification-synthetic,g,62010.0,20.39410245641917,0.9581402349376634,000111-0010
scale-000111,qualification-synthetic,g,62011.0,22.46089236496621,1.1548384154008933,000111-0011
scale-000111,qualification-synthetic,g,62012.0,18.826698482014848,1.1931394642255355,000111-0012
scale-000111,qualification-synthetic,g,62013.0,18.468033989189497,0.8668734365695482,000111-0013
scale-000111,qualification-synthetic,g,62014.0,19.034701823448938,0.825937063967229,000111-0014
scale-000111,qualification-synthetic,g,62015.0,21.449639824067177,0.9276451502565392,000111-0015
scale-000111,qualification-synthetic,g,62016.0,20.868199643706227,1.0490340795013053,000111-0016
scale-000111,qualification-synthetic,g,62017.0,20.803525790903628,0.8170719776684936,000111-0017
scale-000111,qualification-synthetic,g,62018.0,18.869807890131433,0.8851770088665184,000111-0018
scale-000111,qualification-synthetic,g,62019.0,20.755512148279532,1.174822116422097,000111-0019
scale-000111,qualification-synthetic,g,62020.0,20.33600760985808,1.143889034981682,000111-0020
scale-000111,qualification-synthetic,g,62021.0,21.522489313353223,1.1472591281303706,000111-0021
scale-000111,qualification-synthetic,g,62022.0,17.900474368185726,1.0446827842543847,000111-0022
scale-000111,qualification-synthetic,g,62023.0,20.214873616066704,1.138327289286523,000111-0023
scale-000111,qualification-synthetic,g,62024.0,19.165013702848864,0.8820211682154729,000111-0024
scale-000111,qualification-synthetic,g,62025.0,18.374205788796623,1.1873923319185655,000111-0025
scale-000111,qualification-synthetic,g,62026.0,21.07235897759818,1.0530911607067026,000111-0026
scale-000111,qualification-synthetic,g,62027.0,23.36529279519487,1.1152957182580414,000111-0027
scale-000111,qualification-synthetic,g,62028.0,19.29043153987485,0.82324317768484,000111-0028
scale-000111,qualification-synthetic,g,62029.0,19.51068007757123,1.0382619952597367,000111-0029
scale-000111,qualification-synthetic,g,62030.0,21.460301832449385,1.086001712768663,000111-0030
scale-000111,qualification-synthetic,g,62031.0,20.47589298693808,1.1915492300493036,000111-0031
scale-000112,qualification-synthetic,g,62000.0,18.51279195456029,1.0764041695441844,000112-0000
scale-000112,qualification-synthetic,g,62001.0,21.465606597549606,0.9880969288990248,000112-0001
scale-000112,qualification-synthetic,g,62002.0,21.615128848741122,0.9186086881092741,000112-0002
scale-000112,qualification-synthetic,g,62003.0,21.024076701957025,0.8433211974968088,000112-0003
scale-000112,qualification-synthetic,g,62004.0,20.504553832296292,1.1839179693234037,000112-0004
scale-000112,qualification-synthetic,g,62005.0,19.917638614493693,1.0899112652226712,000112-0005
scale-000112,qualification-synthetic,g,62006.0,18.247790748626535,1.1182765217164614,000112-0006
scale-000112,qualification-synthetic,g,62007.0,21.02539740609949,1.1407764349201033,000112-0007
scale-000112,qualification-synthetic,g,62008.0,19.628221300354802,1.0823906612512524,000112-0008
scale-000112,qualification-synthetic,g,62009.0,19.76396655938179,1.120380494506178,000112-0009
scale-000112,qualification-synthetic,g,62010.0,21.846157501392074,0.9845095063092291,000112-0010
scale-000112,qualification-synthetic,g,62011.0,20.66493780430437,0.8408582559253392,000112-0011
scale-000112,qualification-synthetic,g,62012.0,20.516283581683734,1.079608930805688,000112-0012
scale-000112,qualification-synthetic,g,62013.0,18.63234540570869,0.9329716378704146,000112-0013
scale-000112,qualification-synthetic,g,62014.0,19.323264635479614,1.0024904973426123,000112-0014
scale-000112,qualification-synthetic,g,62015.0,22.031142284865155,1.0737232498318396,000112-0015
scale-000112,qualification-synthetic,g,62016.0,20.399769787286857,0.9918207738755837,000112-0016
scale-000112,qualification-synthetic,g,62017.0,18.78887466248011,0.9531970887386267,000112-0017
scale-000112,qualification-synthetic,g,62018.0,22.60351704258495,0.8869404475589406,000112-0018
scale-000112,qualification-synthetic,g,62019.0,20.30489360913711,0.8845738600637635,000112-0019
scale-000112,qualification-synthetic,g,62020.0,19.995533507248737,1.128823296812872,000112-0020
scale-000112,qualification-synthetic,g,62021.0,20.640023204838883,1.0296500154160972,000112-0021
scale-000112,qualification-synthetic,g,62022.0,20.6772050214641,1.0614945118375512,000112-0022
scale-000112,qualification-synthetic,g,62023.0,21.73693819578769,1.0015207130535624,000112-0023
scale-000112,qualification-synthetic,g,62024.0,21.910140734192147,1.1273661513996072,000112-0024
scale-000112,qualification-synthetic,g,62025.0,19.720187123833973,1.061400174496984,000112-0025
scale-000112,qualification-synthetic,g,62026.0,19.97975274398835,0.8624948134118957,000112-0026
scale-000112,qualification-synthetic,g,62027.0,20.5761079296513,0.91414270175205,000112-0027
scale-000112,qualification-synthetic,g,62028.0,22.29978561036069,1.071924913352678,000112-0028
scale-000112,qualification-synthetic,g,62029.0,22.173002881311394,0.8936853103341941,000112-0029
scale-000112,qualification-synthetic,g,62030.0,19.441998520650873,1.1568700126532256,000112-0030
scale-000112,qualification-synthetic,g,62031.0,21.279707290576898,0.939234034560466,000112-0031
scale-000113,qualification-synthetic,g,62000.0,18.862854119389635,0.9298300852223852,000113-0000
scale-000113,qualification-synthetic,g,62001.0,20.011905910037143,1.1460024808341107,000113-0001
scale-000113,qualification-synthetic,g,62002.0,21.412211954836767,1.1667117465056118,000113-0002
scale-000113,qualification-synthetic,g,62003.0,19.34030753248127,1.150219846483919,000113-0003
scale-000113,qualification-synthetic,g,62004.0,20.627876641135522,1.10246625057949,000113-0004
scale-000113,qualification-synthetic,g,62005.0,20.52274135689159,1.098684672359713,000113-0005
scale-000113,qualification-synthetic,g,62006.0,20.429278595552425,1.0569167239680315,000113-0006
scale-000113,qualification-synthetic,g,62007.0,19.57302267031322,0.9140911484049615,000113-0007
scale-000113,qualification-synthetic,g,62008.0,21.330936815315553,1.1580989411686045,000113-0008
scale-000113,qualification-synthetic,g,62009.0,18.9468773970687,1.012700806868172,000113-0009
scale-000113,qualification-synthetic,g,62010.0,20.08559828504476,0.9941903280925966,000113-0010
scale-000113,qualification-synthetic,g,62011.0,18.275516496534568,1.126762995034433,000113-0011
scale-000113,qualification-synthetic,g,62012.0,19.75382451283284,1.1647722695194231,000113-0012
scale-000113,qualification-synthetic,g,62013.0,18.529243683972965,0.9640975550366481,000113-0013
scale-000113,qualification-synthetic,g,62014.0,19.150082420513417,0.9303342982271962,000113-0014
scale-000113,qualification-synthetic,g,62015.0,19.285304900181732,1.1384991012793229,000113-0015
scale-000113,qualification-synthetic,g,62016.0,15.633490228345497,1.1677078398826402,000113-0016
scale-000113,qualification-synthetic,g,62017.0,18.114703717787666,1.1250992065572503,000113-0017
scale-000113,qualification-synthetic,g,62018.0,20.330069578416836,0.851240779698289,000113-0018
scale-000113,qualification-synthetic,g,62019.0,19.45979403303429,1.0406000913182065,000113-0019
scale-000113,qualification-synthetic,g,62020.0,18.681502559555565,0.9227788783200563,000113-0020
scale-000113,qualification-synthetic,g,62021.0,19.082827373302663,1.077986066430669,000113-0021
scale-000113,qualification-synthetic,g,62022.0,21.131558930518178,1.0686065379166145,000113-0022
scale-000113,qualification-synthetic,g,62023.0,18.167787728557773,1.152121115764027,000113-0023
scale-000113,qualification-synthetic,g,62024.0,21.60156331464763,0.8173838376481463,000113-0024
scale-000113,qualification-synthetic,g,62025.0,18.22167864373147,1.0098147997317428,000113-0025
scale-000113,qualification-synthetic,g,62026.0,18.84699753214903,0.9226979733281305,000113-0026
scale-000113,qualification-synthetic,g,62027.0,17.745420082939212,0.8316941762142462,000113-0027
scale-000113,qualification-synthetic,g,62028.0,18.72719413500777,0.9350333869451045,000113-0028
scale-000113,qualification-synthetic,g,62029.0,20.429231305380817,1.0050314936988451,000113-0029
scale-000113,qualification-synthetic,g,62030.0,18.15981467928086,1.1978622796219058,000113-0030
scale-000113,qualification-synthetic,g,62031.0,18.109273082811363,1.0113180482321693,000113-0031
scale-000114,qualification-synthetic,g,62000.0,22.656012535516,0.9774565756109499,000114-0000
scale-000114,qualification-synthetic,g,62001.0,19.624089698435196,0.9997449527251627,000114-0001
scale-000114,qualification-synthetic,g,62002.0,19.410396125408596,1.08310270004138,000114-0002
scale-000114,qualification-synthetic,g,62003.0,19.58611859871583,0.8028068531486251,000114-0003
scale-000114,qualification-synthetic,g,62004.0,19.144434052512892,1.070842412385648,000114-0004
scale-000114,qualification-synthetic,g,62005.0,18.24672231811177,0.8571279464163977,000114-0005
scale-000114,qualification-synthetic,g,62006.0,21.725923315666893,1.1883406758555228,000114-0006
scale-000114,qualification-synthetic,g,62007.0,20.591380396114378,0.9166015853265636,000114-0007
scale-000114,qualification-synthetic,g,62008.0,19.300356978373333,1.059542848822266,000114-0008
scale-000114,qualification-synthetic,g,62009.0,20.755999953359826,1.1255989819290957,000114-0009
scale-000114,qualification-synthetic,g,62010.0,20.04598497481226,1.0349501044291485,000114-0010
scale-000114,qualification-synthetic,g,62011.0,20.517384453642194,0.9989709424531859,000114-0011
scale-000114,qualification-synthetic,g,62012.0,20.6427668505883,1.124218486164631,000114-0012
scale-000114,qualification-synthetic,g,62013.0,18.281008668401597,1.1788533697335786,000114-0013
scale-000114,qualification-synthetic,g,62014.0,22.663673123376675,1.005098997447147,000114-0014
scale-000114,qualification-synthetic,g,62015.0,18.869438390226193,1.0353306475113657,000114-0015
scale-000114,qualification-synthetic,g,62016.0,19.29615645178865,0.9615167267102661,000114-0016
scale-000114,qualification-synthetic,g,62017.0,19.679478193119756,1.0495531031837335,000114-0017
scale-000114,qualification-synthetic,g,62018.0,19.61713915201277,0.8613036524948908,000114-0018
scale-000114,qualification-synthetic,g,62019.0,20.524344302865867,0.9070016252297599,000114-0019
scale-000114,qualification-synthetic,g,62020.0,20.039299432199595,1.0325436655043907,000114-0020
scale-000114,qualification-synthetic,g,62021.0,20.929378506404234,1.1110073274177892,000114-0021
scale-000114,qualification-synthetic,g,62022.0,19.732208100418003,1.0247821235021217,000114-0022
scale-000114,qualification-synthetic,g,62023.0,17.678003441963863,0.9106768989754107,000114-0023
scale-000114,qualification-synthetic,g,62024.0,20.28816642828036,0.9335112303068386,000114-0024
scale-000114,qualification-synthetic,g,62025.0,19.179034067134847,1.066529077426565,000114-0025
scale-000114,qualification-synthetic,g,62026.0,19.68616603487028,0.8423339683930058,000114-0026
scale-000114,qualification-synthetic,g,62027.0,19.99520788103827,0.989837700591574,000114-0027
scale-000114,qualification-synthetic,g,62028.0,19.416591125020997,0.9967216439847506,000114-0028
scale-000114,qualification-synthetic,g,62029.0,17.178877266061,0.9221069468357678,000114-0029
scale-000114,qualification-synthetic,g,62030.0,20.72894365648107,0.9235787859019886,000114-0030
scale-000114,qualification-synthetic,g,62031.0,20.487407654911234,1.0937708537327675,000114-0031
scale-000115,qualification-synthetic,g,62000.0,19.949272706533456,0.8260022985527742,000115-0000
scale-000115,qualification-synthetic,g,62001.0,18.484322047253137,1.1960415292553783,000115-0001
scale-000115,qualification-synthetic,g,62002.0,21.388563502554877,1.1997049977709573,000115-0002
scale-000115,qualification-synthetic,g,62003.0,19.87947667645544,1.007303981020756,000115-0003
scale-000115,qualification-synthetic,g,62004.0,20.521956862675502,1.0330053231725562,000115-0004
scale-000115,qualification-synthetic,g,62005.0,20.67833856929124,0.9694187626394527,000115-0005
scale-000115,qualification-synthetic,g,62006.0,20.06234591315096,0.9178724349674241,000115-0006
scale-000115,qualification-synthetic,g,62007.0,20.017194727768604,1.0603586272376864,000115-0007
scale-000115,qualification-synthetic,g,62008.0,18.932728626709732,1.105350457877329,000115-0008
scale-000115,qualification-synthetic,g,62009.0,23.919947846986357,0.9709036714187725,000115-0009
scale-000115,qualification-synthetic,g,62010.0,20.696365162243417,1.0628608824259136,000115-0010
scale-000115,qualification-synthetic,g,62011.0,20.002742255786735,0.8524759156465037,000115-0011
scale-000115,qualification-synthetic,g,62012.0,17.296436333370487,1.1089752982613157,000115-0012
scale-000115,qualification-synthetic,g,62013.0,18.86239171726688,0.8366440420779222,000115-0013
scale-000115,qualification-synthetic,g,62014.0,18.8236725976283,1.0384706737109755,000115-0014
scale-000115,qualification-synthetic,g,62015.0,19.950411565692946,0.9966957336002671,000115-0015
scale-000115,qualification-synthetic,g,62016.0,18.46650800209627,0.9792486754324465,000115-0016
scale-000115,qualification-synthetic,g,62017.0,19.228672352810968,1.0255071700865908,000115-0017
scale-000115,qualification-synthetic,g,62018.0,19.94556350864299,0.9538044469878504,000115-0018
scale-000115,qualification-synthetic,g,62019.0,19.022029353057203,1.057400982101494,000115-0019
scale-000115,qualification-synthetic,g,62020.0,18.025421821880908,0.8791375665786564,000115-0020
scale-000115,qualification-synthetic,g,62021.0,19.842176976652752,1.0289544604170542,000115-0021
scale-000115,qualification-synthetic,g,62022.0,20.935872465332007,1.0094795375453334,000115-0022
scale-000115,qualification-synthetic,g,62023.0,20.949406751848997,1.0002983222057455,000115-0023
scale-000115,qualification-synthetic,g,62024.0,16.995626247067097,1.0768585982238066,000115-0024
scale-000115,qualification-synthetic,g,62025.0,17.280067419646013,0.9036161252833984,000115-0025
scale-000115,qualification-synthetic,g,62026.0,20.27449274170854,0.8326085057015657,000115-0026
scale-000115,qualification-synthetic,g,62027.0,19.331525288366887,1.1487270895282031,000115-0027
scale-000115,qualification-synthetic,g,62028.0,21.080163121270463,0.8705743999019991,000115-0028
scale-000115,qualification-synthetic,g,62029.0,20.172655601697496,1.1836291253366813,000115-0029
scale-000115,qualification-synthetic,g,62030.0,19.692846598121008,1.0824863567822849,000115-0030
scale-000115,qualification-synthetic,g,62031.0,20.02198711688438,1.1677783945643103,000115-0031
scale-000116,qualification-synthetic,g,62000.0,19.341546700421063,1.0183217567125509,000116-0000
scale-000116,qualification-synthetic,g,62001.0,20.40965440306423,1.133750921231973,000116-0001
scale-000116,qualification-synthetic,g,62002.0,20.532119261216874,0.9350354980169234,000116-0002
scale-000116,qualification-synthetic,g,62003.0,19.194096351692,0.9111838783996803,000116-0003
scale-000116,qualification-synthetic,g,62004.0,19.990438756623824,0.9825252972515474,000116-0004
scale-000116,qualification-synthetic,g,62005.0,20.074216839262036,0.9332359475679759,000116-0005
scale-000116,qualification-synthetic,g,62006.0,20.496663046739585,0.8190092811134467,000116-0006
scale-000116,qualification-synthetic,g,62007.0,19.59191841163399,1.0853206689943322,000116-0007
scale-000116,qualification-synthetic,g,62008.0,22.1710794840866,1.028679051085009,000116-0008
scale-000116,qualification-synthetic,g,62009.0,16.898634664189174,1.1916225640634974,000116-0009
scale-000116,qualification-synthetic,g,62010.0,20.305374411629067,1.1714169684105267,000116-0010
scale-000116,qualification-synthetic,g,62011.0,19.872982501278635,0.8481525274072157,000116-0011
scale-000116,qualification-synthetic,g,62012.0,20.319807993501346,0.866460241394126,000116-0012
scale-000116,qualification-synthetic,g,62013.0,20.07621545791658,1.062568224252777,000116-0013
scale-000116,qualification-synthetic,g,62014.0,19.579521456177915,1.0732944851329518,000116-0014
scale-000116,qualification-synthetic,g,62015.0,19.147121244468085,1.1874262085433482,000116-0015
scale-000116,qualification-synthetic,g,62016.0,18.93828141893227,1.1446244689524525,000116-0016
scale-000116,qualification-synthetic,g,62017.0,19.337682795257,1.1604190562606957,000116-0017
scale-000116,qualification-synthetic,g,62018.0,18.940988528233454,1.0314957344456923,000116-0018
scale-000116,qualification-synthetic,g,62019.0,18.450202707227163,1.0946287656505267,000116-0019
scale-000116,qualification-synthetic,g,62020.0,20.49364821327717,1.0962105502366009,000116-0020
scale-000116,qualification-synthetic,g,62021.0,20.00586232514157,1.1121669689453246,000116-0021
scale-000116,qualification-synthetic,g,62022.0,20.344958057811922,1.005446804493542,000116-0022
scale-000116,qualification-synthetic,g,62023.0,19.495082541346818,0.9678989008921932,000116-0023
scale-000116,qualification-synthetic,g,62024.0,19.903878895137897,0.9780055358295386,000116-0024
scale-000116,qualification-synthetic,g,62025.0,20.530669522709722,0.9163601990124981,000116-0025
scale-000116,qualification-synthetic,g,62026.0,20.34867552178745,1.0261190872352537,000116-0026
scale-000116,qualification-synthetic,g,62027.0,19.392118655343015,1.0557562277978287,000116-0027
scale-000116,qualification-synthetic,g,62028.0,19.710076166927834,0.9969589922585846,000116-0028
scale-000116,qualification-synthetic,g,62029.0,20.809679271894822,0.9059712352076196,000116-0029
scale-000116,qualification-synthetic,g,62030.0,18.844640820661905,1.1082376396696367,000116-0030
scale-000116,qualification-synthetic,g,62031.0,19.560345999781674,0.9493220234058776,000116-0031
scale-000117,qualification-synthetic,g,62000.0,20.846547468572844,0.8323333523298435,000117-0000
scale-000117,qualification-synthetic,g,62001.0,20.047177748348904,1.1235587201986805,000117-0001
scale-000117,qualification-synthetic,g,62002.0,21.1259480138217,1.029774041320519,000117-0002
scale-000117,qualification-synthetic,g,62003.0,19.57597000071255,1.1028510462948267,000117-0003
scale-000117,qualification-synthetic,g,62004.0,19.15127989756607,0.9999638162218978,000117-0004
scale-000117,qualification-synthetic,g,62005.0,19.697373162240524,0.9195762863322527,000117-0005
scale-000117,qualification-synthetic,g,62006.0,22.961384250164706,1.0788780162751859,000117-0006
scale-000117,qualification-synthetic,g,62007.0,17.597877022459848,1.0895683293212532,000117-0007
scale-000117,qualification-synthetic,g,62008.0,19.23336378963147,0.9283578132114151,000117-0008
scale-000117,qualification-synthetic,g,62009.0,17.58485894203718,1.0780258221991728,000117-0009
scale-000117,qualification-synthetic,g,62010.0,17.91900266766398,0.8268230607151662,000117-0010
scale-000117,qualification-synthetic,g,62011.0,18.831120829089674,0.8115660949534099,000117-0011
scale-000117,qualification-synthetic,g,62012.0,21.26887891700507,0.9495765001199076,000117-0012
scale-000117,qualification-synthetic,g,62013.0,19.555345676277362,0.8565390203136888,000117-0013
scale-000117,qualification-synthetic,g,62014.0,18.866945266955973,0.9742967607359695,000117-0014
scale-000117,qualification-synthetic,g,62015.0,18.586869607262045,0.9157902067308199,000117-0015
scale-000117,qualification-synthetic,g,62016.0,20.312296444416244,1.1774358877755833,000117-0016
scale-000117,qualification-synthetic,g,62017.0,17.894787928477623,0.9644318905163134,000117-0017
scale-000117,qualification-synthetic,g,62018.0,19.28638130755369,0.9242337056398245,000117-0018
scale-000117,qualification-synthetic,g,62019.0,22.06959189421388,0.9687828499020156,000117-0019
scale-000117,qualification-synthetic,g,62020.0,18.763500838150602,1.1611377010536497,000117-0020
scale-000117,qualification-synthetic,g,62021.0,19.698642920613597,0.9523493663483719,000117-0021
scale-000117,qualification-synthetic,g,62022.0,20.89087971378988,1.0438663490089968,000117-0022
scale-000117,qualification-synthetic,g,62023.0,20.74946052979322,1.0864100761391928,000117-0023
scale-000117,qualification-synthetic,g,62024.0,19.85785848158649,0.971624151114223,000117-0024
scale-000117,qualification-synthetic,g,62025.0,20.493929362832358,1.167066323469638,000117-0025
scale-000117,qualification-synthetic,g,62026.0,19.641596232316008,0.819091846185596,000117-0026
scale-000117,qualification-synthetic,g,62027.0,24.20147971132193,0.979349543488723,000117-0027
scale-000117,qualification-synthetic,g,62028.0,20.059154029185766,0.8652600804017464,000117-0028
scale-000117,qualification-synthetic,g,62029.0,17.633798305779695,1.1619237868383587,000117-0029
scale-000117,qualification-synthetic,g,62030.0,20.139308430969955,0.9641387065295328,000117-0030
scale-000117,qualification-synthetic,g,62031.0,18.240484942585233,1.068040359998883,000117-0031
scale-000118,qualification-synthetic,g,62000.0,21.85104323395061,0.8653647721976834,000118-0000
scale-000118,qualification-synthetic,g,62001.0,20.508983910272878,1.0724920417689094,000118-0001
scale-000118,qualification-synthetic,g,62002.0,18.746570547368158,1.1810363593282882,000118-0002
scale-000118,qualification-synthetic,g,62003.0,20.777195775304726,1.0479537739756912,000118-0003
scale-000118,qualification-synthetic,g,62004.0,20.15542907276888,1.0486624088079144,000118-0004
scale-000118,qualification-synthetic,g,62005.0,20.804998845163567,1.1665781077586461,000118-0005
scale-000118,qualification-synthetic,g,62006.0,21.421773763994494,0.8074171161319188,000118-0006
scale-000118,qualification-synthetic,g,62007.0,20.41277487126245,0.9206438354420167,000118-0007
scale-000118,qualification-synthetic,g,62008.0,18.690393936162728,0.8643036352671583,000118-0008
scale-000118,qualification-synthetic,g,62009.0,18.721601041482025,1.1952805753816937,000118-0009
scale-000118,qualification-synthetic,g,62010.0,20.69596911982436,0.8342004167068708,000118-0010
scale-000118,qualification-synthetic,g,62011.0,21.39045053553845,0.9701427997153629,000118-0011
scale-000118,qualification-synthetic,g,62012.0,19.662640476475456,0.8002390604336465,000118-0012
scale-000118,qualification-synthetic,g,62013.0,22.529035676490388,1.196648958923058,000118-0013
scale-000118,qualification-synthetic,g,62014.0,18.31802587371431,1.1906155326244303,000118-0014
scale-000118,qualification-synthetic,g,62015.0,20.25991883357799,0.9799898661435316,000118-0015
scale-000118,qualification-synthetic,g,62016.0,20.732732567862566,0.9160619088497403,000118-0016
scale-000118,qualification-synthetic,g,62017.0,20.203390954600064,0.9846676012981492,000118-0017
scale-000118,qualification-synthetic,g,62018.0,19.60525371028443,1.0121266801392494,000118-0018
scale-000118,qualification-synthetic,g,62019.0,16.848376314029853,0.9929055245854164,000118-0019
scale-000118,qualification-synthetic,g,62020.0,19.008713356141662,0.8078640055819519,000118-0020
scale-000118,qualification-synthetic,g,62021.0,23.149213454864118,0.8546295390039036,000118-0021
scale-000118,qualification-synthetic,g,62022.0,20.022041472643778,0.9092092090812585,000118-0022
scale-000118,qualification-synthetic,g,62023.0,16.970862284263294,1.0179744773997768,000118-0023
scale-000118,qualification-synthetic,g,62024.0,18.51087053334161,1.189281498847782,000118-0024
scale-000118,qualification-synthetic,g,62025.0,19.54070034927146,0.9474548497253794,000118-0025
scale-000118,qualification-synthetic,g,62026.0,21.07800319116735,0.8595491236197957,000118-0026
scale-000118,qualification-synthetic,g,62027.0,19.75756096972621,1.1460049068491127,000118-0027
scale-000118,qualification-synthetic,g,62028.0,21.80399766241987,1.1025958171986843,000118-0028
scale-000118,qualification-synthetic,g,62029.0,20.050755761255818,0.8200254047595711,000118-0029
scale-000118,qualification-synthetic,g,62030.0,19.7483545306404,0.991676866189876,000118-0030
scale-000118,qualification-synthetic,g,62031.0,18.87663483395212,1.0502061347711917,000118-0031
scale-000119,qualification-synthetic,g,62000.0,19.00268568609742,0.9935596820186814,000119-0000
scale-000119,qualification-synthetic,g,62001.0,19.02967663949819,0.9463014220212128,000119-0001
scale-000119,qualification-synthetic,g,62002.0,19.64121784959754,0.8859270238803468,000119-0002
scale-000119,qualification-synthetic,g,62003.0,19.75875110753462,1.1290654606106019,000119-0003
scale-000119,qualification-synthetic,g,62004.0,20.752124335427915,1.0005788020120794,000119-0004
scale-000119,qualification-synthetic,g,62005.0,19.969546012892696,1.1717626285011793,000119-0005
scale-000119,qualification-synthetic,g,62006.0,20.25917785034934,0.9680185752509005,000119-0006
scale-000119,qualification-synthetic,g,62007.0,21.164718473103747,0.8965439613227112,000119-0007
scale-000119,qualification-synthetic,g,62008.0,20.42327302374441,1.0842948597851492,000119-0008
scale-000119,qualification-synthetic,g,62009.0,19.269498097899536,0.9258182165661148,000119-0009
scale-000119,qualification-synthetic,g,62010.0,19.83753038725442,1.0777134753962188,000119-0010
scale-000119,qualification-synthetic,g,62011.0,20.71760544747666,0.9557428144321286,000119-0011
scale-000119,qualification-synthetic,g,62012.0,19.47324622649852,0.8375820111586818,000119-0012
scale-000119,qualification-synthetic,g,62013.0,19.77613873862786,0.8852768512750364,000119-0013
scale-000119,qualification-synthetic,g,62014.0,17.937433864229146,1.072659545938054,000119-0014
scale-000119,qualification-synthetic,g,62015.0,18.943207988207114,0.9725465000195304,000119-0015
scale-000119,qualification-synthetic,g,62016.0,19.59560662240619,1.0380053341328688,000119-0016
scale-000119,qualification-synthetic,g,62017.0,19.352211842767222,1.171043831423927,000119-0017
scale-000119,qualification-synthetic,g,62018.0,20.14725907089543,0.9948846157397533,000119-0018
scale-000119,qualification-synthetic,g,62019.0,20.08548172932749,1.1207420845094942,000119-0019
scale-000119,qualification-synthetic,g,62020.0,19.321404659640006,1.0699125641328868,000119-0020
scale-000119,qualification-synthetic,g,62021.0,19.77430098798363,0.9480518947914789,000119-0021
scale-000119,qualification-synthetic,g,62022.0,17.801565804246792,0.8584323916907465,000119-0022
scale-000119,qualification-synthetic,g,62023.0,18.327571791281212,1.14641969410041,000119-0023
scale-000119,qualification-synthetic,g,62024.0,18.763765492231254,0.9249612612460294,000119-0024
scale-000119,qualification-synthetic,g,62025.0,19.481625051255016,0.9266811049981033,000119-0025
scale-000119,qualification-synthetic,g,62026.0,19.283638389887038,1.0405845642496805,000119-0026
scale-000119,qualification-synthetic,g,62027.0,19.406840647735077,0.9227503009461228,000119-0027
scale-000119,qualification-synthetic,g,62028.0,20.691028870829143,0.9540995417473934,000119-0028
scale-000119,qualification-synthetic,g,62029.0,19.631488529904612,0.9007640526931516,000119-0029
scale-000119,qualification-synthetic,g,62030.0,19.766766479426895,0.8757340724855202,000119-0030
scale-000119,qualification-synthetic,g,62031.0,20.09442669183786,0.9615727977787734,000119-0031
scale-000120,qualification-synthetic,g,62000.0,19.843072406050506,0.8104029555754263,000120-0000
scale-000120,qualification-synthetic,g,62001.0,20.99229771109781,1.0364106225271479,000120-0001
scale-000120,qualification-synthetic,g,62002.0,19.377705359039215,0.8571777535216029,000120-0002
scale-000120,qualification-synthetic,g,62003.0,19.643601880281278,1.0658445936243257,000120-0003
scale-000120,qualification-synthetic,g,62004.0,19.48407153422368,1.1185939675078551,000120-0004
scale-000120,qualification-synthetic,g,62005.0,20.61226559451723,0.86492438973807,000120-0005
scale-000120,qualification-synthetic,g,62006.0,20.1822133786839,0.8591784321765886,000120-0006
scale-000120,qualification-synthetic,g,62007.0,22.00374827411546,0.8999164266268255,000120-0007
scale-000120,qualification-synthetic,g,62008.0,20.417830769834758,0.9166219220176243,000120-0008
scale-000120,qualification-synthetic,g,62009.0,19.817824898909024,0.8749016769005643,000120-0009
scale-000120,qualification-synthetic,g,62010.0,20.268480842134334,1.1165767926888155,000120-0010
scale-000120,qualification-synthetic,g,62011.0,19.209398634826755,1.1321700484467625,000120-0011
scale-000120,qualification-synthetic,g,62012.0,20.0284549868773,1.0447308284451398,000120-0012
scale-000120,qualification-synthetic,g,62013.0,20.260649117540396,1.173228696699416,000120-0013
scale-000120,qualification-synthetic,g,62014.0,19.827139848966148,0.9348206148511277,000120-0014
scale-000120,qualification-synthetic,g,62015.0,20.189033107113296,0.9491178634581844,000120-0015
scale-000120,qualification-synthetic,g,62016.0,20.98735856061528,0.8017445945686561,000120-0016
scale-000120,qualification-synthetic,g,62017.0,19.836250785918715,0.8483198386649023,000120-0017
scale-000120,qualification-synthetic,g,62018.0,20.92249157208727,1.0201107124292037,000120-0018
scale-000120,qualification-synthetic,g,62019.0,20.954629228979737,0.899295974431274,000120-0019
scale-000120,qualification-synthetic,g,62020.0,19.525032677035902,1.0710160831154545,000120-0020
scale-000120,qualification-synthetic,g,62021.0,20.592733954321687,1.0361799662060434,000120-0021
scale-000120,qualification-synthetic,g,62022.0,17.417142077951063,1.1825305416775198,000120-0022
scale-000120,qualification-synthetic,g,62023.0,19.808169178661505,0.956060743166105,000120-0023
scale-000120,qualification-synthetic,g,62024.0,12.26179367371045,1.0072458044374937,000120-0024
scale-000120,qualification-synthetic,g,62025.0,19.3349368484897,0.9828585280025129,000120-0025
scale-000120,qualification-synthetic,g,62026.0,18.80610891723597,1.0518627195395418,000120-0026
scale-000120,qualification-synthetic,g,62027.0,20.060939922000912,0.8046139157582607,000120-0027
scale-000120,qualification-synthetic,g,62028.0,20.564248385606593,1.0674238758768944,000120-0028
scale-000120,qualification-synthetic,g,62029.0,20.080567004804816,1.1126318108616606,000120-0029
scale-000120,qualification-synthetic,g,62030.0,20.22453071693778,0.8886056093262558,000120-0030
scale-000120,qualification-synthetic,g,62031.0,20.08530461511169,0.9199720326075707,000120-0031
scale-000121,qualification-synthetic,g,62000.0,20.6910782858608,0.9052209384114627,000121-0000
scale-000121,qualification-synthetic,g,62001.0,20.44202697614523,0.9093452126907133,000121-0001
scale-000121,qualification-synthetic,g,62002.0,22.66312675480943,0.8287155109707172,000121-0002
scale-000121,qualification-synthetic,g,62003.0,18.209525521547675,1.0194974404196449,000121-0003
scale-000121,qualification-synthetic,g,62004.0,22.60390634075065,1.1938059400460554,000121-0004
scale-000121,qualification-synthetic,g,62005.0,19.913618934349696,0.9687553242463292,000121-0005
scale-000121,qualification-synthetic,g,62006.0,15.732819018374446,1.1942926844010655,000121-0006
scale-000121,qualification-synthetic,g,62007.0,21.08822028466334,1.0663344100052612,000121-0007
scale-000121,qualification-synthetic,g,62008.0,20.347654033162044,0.8297243747952635,000121-0008
scale-000121,qualification-synthetic,g,62009.0,21.298868966901225,1.0484645055901085,000121-0009
scale-000121,qualification-synthetic,g,62010.0,18.77781398507994,0.9596471508725325,000121-0010
scale-000121,qualification-synthetic,g,62011.0,22.36638436227838,1.013291460408415,000121-0011
scale-000121,qualification-synthetic,g,62012.0,22.241183724192727,0.9315687682136752,000121-0012
scale-000121,qualification-synthetic,g,62013.0,19.069666675378905,1.0027137032214364,000121-0013
scale-000121,qualification-synthetic,g,62014.0,20.987679436916313,1.0751965107649186,000121-0014
scale-000121,qualification-synthetic,g,62015.0,18.81185812468546,0.8088243955617134,000121-0015
scale-000121,qualification-synthetic,g,62016.0,17.706387927901275,1.1934944311193048,000121-0016
scale-000121,qualification-synthetic,g,62017.0,17.921015517093913,1.089504683499943,000121-0017
scale-000121,qualification-synthetic,g,62018.0,19.328188417295298,1.1735620807007134,000121-0018
scale-000121,qualification-synthetic,g,62019.0,23.160623207844463,1.0068256378669396,000121-0019
scale-000121,qualification-synthetic,g,62020.0,19.52163286533766,0.9944511963108773,000121-0020
scale-000121,qualification-synthetic,g,62021.0,20.673047934815013,0.9927387167697979,000121-0021
scale-000121,qualification-synthetic,g,62022.0,21.020152137049784,0.8824508450756102,000121-0022
scale-000121,qualification-synthetic,g,62023.0,20.943339348784345,0.9712509027839468,000121-0023
scale-000121,qualification-synthetic,g,62024.0,20.22041431411047,1.1447673603218345,000121-0024
scale-000121,qualification-synthetic,g,62025.0,19.055474435436214,0.8929277519923531,000121-0025
scale-000121,qualification-synthetic,g,62026.0,20.46863444739096,0.9843465010062813,000121-0026
scale-000121,qualification-synthetic,g,62027.0,20.39425801278023,0.8630551898367266,000121-0027
scale-000121,qualification-synthetic,g,62028.0,19.175717657536733,0.9958949940129878,000121-0028
scale-000121,qualification-synthetic,g,62029.0,20.85677532827157,1.0369812277029657,000121-0029
scale-000121,qualification-synthetic,g,62030.0,20.37892953862977,0.859915006587599,000121-0030
scale-000121,qualification-synthetic,g,62031.0,19.78088605444553,1.1472435229273923,000121-0031
scale-000122,qualification-synthetic,g,62000.0,19.74720794980866,0.8327578506727458,000122-0000
scale-000122,qualification-synthetic,g,62001.0,20.696804746626643,0.8900367819581133,000122-0001
scale-000122,qualification-synthetic,g,62002.0,18.672987947736573,1.0429644038294472,000122-0002
scale-000122,qualification-synthetic,g,62003.0,18.697334469514658,0.84638685311108,000122-0003
scale-000122,qualification-synthetic,g,62004.0,21.09790468145024,0.9826366751558782,000122-0004
scale-000122,qualification-synthetic,g,62005.0,20.418736191137707,0.9578862141653893,000122-0005
scale-000122,qualification-synthetic,g,62006.0,20.11666286320201,0.9720023199538068,000122-0006
scale-000122,qualification-synthetic,g,62007.0,19.441711765402705,0.8345241225708054,000122-0007
scale-000122,qualification-synthetic,g,62008.0,20.307963903201504,0.9076327002997053,000122-0008
scale-000122,qualification-synthetic,g,62009.0,22.088872994939766,1.0801507646552364,000122-0009
scale-000122,qualification-synthetic,g,62010.0,20.464556798302215,0.9254933818383585,000122-0010
scale-000122,qualification-synthetic,g,62011.0,19.99817083950874,0.9702831637829403,000122-0011
scale-000122,qualification-synthetic,g,62012.0,19.279792875755586,1.1354795186372983,000122-0012
scale-000122,qualification-synthetic,g,62013.0,19.9149671230314,1.1894961051897497,000122-0013
scale-000122,qualification-synthetic,g,62014.0,19.689574598601784,0.9217843591229086,000122-0014
scale-000122,qualification-synthetic,g,62015.0,20.667048454195534,0.8571526700342931,000122-0015
scale-000122,qualification-synthetic,g,62016.0,19.644741506815674,0.9590604747403599,000122-0016
scale-000122,qualification-synthetic,g,62017.0,20.403389399334152,1.0500764484265204,000122-0017
scale-000122,qualification-synthetic,g,62018.0,19.0245074055116,0.8173652288599309,000122-0018
scale-000122,qualification-synthetic,g,62019.0,17.427225914078406,1.055971371215957,000122-0019
scale-000122,qualification-synthetic,g,62020.0,20.156577332807505,0.8616394559954682,000122-0020
scale-000122,qualification-synthetic,g,62021.0,19.771857234336366,1.1374507496676656,000122-0021
scale-000122,qualification-synthetic,g,62022.0,18.736648180444536,0.9603224546119744,000122-0022
scale-000122,qualification-synthetic,g,62023.0,19.31646304926431,1.0070413098435245,000122-0023
scale-000122,qualification-synthetic,g,62024.0,20.295290661814615,0.9084524409601036,000122-0024
scale-000122,qualification-synthetic,g,62025.0,20.337189725548583,0.9328712533380775,000122-0025
scale-000122,qualification-synthetic,g,62026.0,19.18746065362597,1.0306365497981718,000122-0026
scale-000122,qualification-synthetic,g,62027.0,18.489762055806647,1.0992087419396046,000122-0027
scale-000122,qualification-synthetic,g,62028.0,21.6001034170519,0.8880571079840235,000122-0028
scale-000122,qualification-synthetic,g,62029.0,18.831653052716593,0.8433014971218972,000122-0029
scale-000122,qualification-synthetic,g,62030.0,19.64325112225804,1.0316651886888635,000122-0030
scale-000122,qualification-synthetic,g,62031.0,21.030791175213356,1.086981159136885,000122-0031
scale-000123,qualification-synthetic,g,62000.0,19.7128659840475,0.8051041593215378,000123-0000
scale-000123,qualification-synthetic,g,62001.0,19.564487027069184,0.9902868681951694,000123-0001
scale-000123,qualification-synthetic,g,62002.0,18.942263764595893,1.1115637084573002,000123-0002
scale-000123,qualification-synthetic,g,62003.0,18.37313031941085,1.109084639976447,000123-0003
scale-000123,qualification-synthetic,g,62004.0,19.37188736629962,1.1600727451936075,000123-0004
scale-000123,qualification-synthetic,g,62005.0,19.004292113674534,1.053318420907355,000123-0005
scale-000123,qualification-synthetic,g,62006.0,18.388174960418315,1.1295169551675062,000123-0006
scale-000123,qualification-synthetic,g,62007.0,20.06182265091174,0.9754489297444079,000123-0007
scale-000123,qualification-synthetic,g,62008.0,20.95958725968921,0.9791914984531485,000123-0008
scale-000123,qualification-synthetic,g,62009.0,21.85864551911719,1.1952567959935945,000123-0009
scale-000123,qualification-synthetic,g,62010.0,19.625604334469298,0.8322237093511986,000123-0010
scale-000123,qualification-synthetic,g,62011.0,19.73156463175695,0.97342637541063,000123-0011
scale-000123,qualification-synthetic,g,62012.0,20.454531719525423,0.8485270252187567,000123-0012
scale-000123,qualification-synthetic,g,62013.0,21.360441924863757,1.0358841292509313,000123-0013
scale-000123,qualification-synthetic,g,62014.0,17.81397620971165,1.1915932396434157,000123-0014
scale-000123,qualification-synthetic,g,62015.0,19.078259588907322,0.9981602097556603,000123-0015
scale-000123,qualification-synthetic,g,62016.0,19.759804395818726,0.9677785856609415,000123-0016
scale-000123,qualification-synthetic,g,62017.0,19.901898068253633,1.037102983130909,000123-0017
scale-000123,qualification-synthetic,g,62018.0,19.513863525054973,0.9636555879624795,000123-0018
scale-000123,qualification-synthetic,g,62019.0,19.69198932688394,1.0642578934450724,000123-0019
scale-000123,qualification-synthetic,g,62020.0,19.973506660064306,0.8932743863391522,000123-0020
scale-000123,qualification-synthetic,g,62021.0,19.84309101891778,0.8533963143573411,000123-0021
scale-000123,qualification-synthetic,g,62022.0,22.061443620455226,0.8506209905214044,000123-0022
scale-000123,qualification-synthetic,g,62023.0,18.99647514662873,0.9529404431574595,000123-0023
scale-000123,qualification-synthetic,g,62024.0,20.73931835236224,1.1948393752530588,000123-0024
scale-000123,qualification-synthetic,g,62025.0,21.33203215239127,1.0402245642327743,000123-0025
scale-000123,qualification-synthetic,g,62026.0,19.689168031612333,0.9634289060062111,000123-0026
scale-000123,qualification-synthetic,g,62027.0,20.39431186362794,0.9268330839230792,000123-0027
scale-000123,qualification-synthetic,g,62028.0,21.135684514571494,1.0480840028650757,000123-0028
scale-000123,qualification-synthetic,g,62029.0,18.0800927848345,1.148753810764767,000123-0029
scale-000123,qualification-synthetic,g,62030.0,21.617326252453548,0.8152407502666692,000123-0030
scale-000123,qualification-synthetic,g,62031.0,17.930841961734448,0.9335038068653464,000123-0031
scale-000124,qualification-synthetic,g,62000.0,18.59470048115125,1.0090963112678346,000124-0000
scale-000124,qualification-synthetic,g,62001.0,20.633681644079758,1.048777006427925,000124-0001
scale-000124,qualification-synthetic,g,62002.0,17.064278779464793,1.0828558793079708,000124-0002
scale-000124,qualification-synthetic,g,62003.0,18.81007060335038,1.1648550870063483,000124-0003
scale-000124,qualification-synthetic,g,62004.0,20.953646072097015,0.9767956522990932,000124-0004
scale-000124,qualification-synthetic,g,62005.0,13.77694086390655,1.0003529835351423,000124-0005
scale-000124,qualification-synthetic,g,62006.0,19.201875136905183,1.014294262116159,000124-0006
scale-000124,qualification-synthetic,g,62007.0,20.556841376956964,1.0706614814074609,000124-0007
scale-000124,qualification-synthetic,g,62008.0,20.60025066616505,0.8271206337550108,000124-0008
scale-000124,qualification-synthetic,g,62009.0,20.217908802129468,1.0406908605807432,000124-0009
scale-000124,qualification-synthetic,g,62010.0,30.70426935932922,1.1566900278404646,000124-0010
scale-000124,qualification-synthetic,g,62011.0,18.314846253460956,0.9882537994100447,000124-0011
scale-000124,qualification-synthetic,g,62012.0,23.916280259401493,0.8581965518296406,000124-0012
scale-000124,qualification-synthetic,g,62013.0,18.629748624742632,1.0375706725363698,000124-0013
scale-000124,qualification-synthetic,g,62014.0,20.333194204697712,0.9429225614332615,000124-0014
scale-000124,qualification-synthetic,g,62015.0,19.404383140409504,0.930510571376616,000124-0015
scale-000124,qualification-synthetic,g,62016.0,18.365052485164583,1.0421888349611277,000124-0016
scale-000124,qualification-synthetic,g,62017.0,20.28701457461488,1.0340128475682158,000124-0017
scale-000124,qualification-synthetic,g,62018.0,17.53950988851822,1.1753881471342555,000124-0018
scale-000124,qualification-synthetic,g,62019.0,19.825716514382638,0.8226696324592957,000124-0019
scale-000124,qualification-synthetic,g,62020.0,23.528310771614557,0.8459246744037299,000124-0020
scale-000124,qualification-synthetic,g,62021.0,20.168649029370577,0.802182407955741,000124-0021
scale-000124,qualification-synthetic,g,62022.0,18.418137216946572,1.1436234767172433,000124-0022
scale-000124,qualification-synthetic,g,62023.0,20.700753454982397,0.9270167456948909,000124-0023
scale-000124,qualification-synthetic,g,62024.0,22.40024332518554,0.9136378265660094,000124-0024
scale-000124,qualification-synthetic,g,62025.0,19.260208607263266,0.9441408256639284,000124-0025
scale-000124,qualification-synthetic,g,62026.0,18.994323543280604,0.8900805606085277,000124-0026
scale-000124,qualification-synthetic,g,62027.0,19.772739545792575,0.8692949988317601,000124-0027
scale-000124,qualification-synthetic,g,62028.0,22.18484810325258,0.9262918993475764,000124-0028
scale-000124,qualification-synthetic,g,62029.0,20.032023493477695,1.1126827589366566,000124-0029
scale-000124,qualification-synthetic,g,62030.0,20.48953929029037,0.8570210057208177,000124-0030
scale-000124,qualification-synthetic,g,62031.0,19.908788592455142,1.1344648778467612,000124-0031
scale-000125,qualification-synthetic,g,62000.0,19.30050214112923,0.8620081329679248,000125-0000
scale-000125,qualification-synthetic,g,62001.0,20.580126389468,1.0889020102051543,000125-0001
scale-000125,qualification-synthetic,g,62002.0,20.62023415746866,0.9035998651420957,000125-0002
scale-000125,qualification-synthetic,g,62003.0,24.306552875546497,0.9888893857158629,000125-0003
scale-000125,qualification-synthetic,g,62004.0,18.034549308692263,1.11900577220741,000125-0004
scale-000125,qualification-synthetic,g,62005.0,19.077693295843083,1.1384415899569413,000125-0005
scale-000125,qualification-synthetic,g,62006.0,19.193008424453776,0.8984908076864676,000125-0006
scale-000125,qualification-synthetic,g,62007.0,21.434818228953393,0.996294913541516,000125-0007
scale-000125,qualification-synthetic,g,62008.0,19.773610400984097,1.0301449155437363,000125-0008
scale-000125,qualification-synthetic,g,62009.0,19.218702378589686,0.9883373446616377,000125-0009
scale-000125,qualification-synthetic,g,62010.0,21.3492543051333,0.9895565514192861,000125-0010
scale-000125,qualification-synthetic,g,62011.0,20.721421910785537,1.1526047145600373,000125-0011
scale-000125,qualification-synthetic,g,62012.0,19.726092546545864,0.8103558948430862,000125-0012
scale-000125,qualification-synthetic,g,62013.0,20.565347443247834,0.8205429358801393,000125-0013
scale-000125,qualification-synthetic,g,62014.0,19.59934993186875,0.973668271710202,000125-0014
scale-000125,qualification-synthetic,g,62015.0,21.121253686429338,0.9403677373221276,000125-0015
scale-000125,qualification-synthetic,g,62016.0,17.656579654712623,0.9284559596631514,000125-0016
scale-000125,qualification-synthetic,g,62017.0,19.736788747285907,0.8724882441026088,000125-0017
scale-000125,qualification-synthetic,g,62018.0,18.836882929508214,0.9031157247900562,000125-0018
scale-000125,qualification-synthetic,g,62019.0,19.79367113122082,0.8468024271880895,000125-0019
scale-000125,qualification-synthetic,g,62020.0,21.134002983110605,1.0354886364857352,000125-0020
scale-000125,qualification-synthetic,g,62021.0,19.025290354621905,0.8983049584495677,000125-0021
scale-000125,qualification-synthetic,g,62022.0,20.975212360476036,1.0538558825030664,000125-0022
scale-000125,qualification-synthetic,g,62023.0,19.371096218687846,1.1662364408465775,000125-0023
scale-000125,qualification-synthetic,g,62024.0,20.18819080751685,0.9258057022981725,000125-0024
scale-000125,qualification-synthetic,g,62025.0,18.999118778267988,1.1880938957392875,000125-0025
scale-000125,qualification-synthetic,g,62026.0,19.92976257598693,0.8227993344792691,000125-0026
scale-000125,qualification-synthetic,g,62027.0,17.941227303074296,1.1753094197279785,000125-0027
scale-000125,qualification-synthetic,g,62028.0,19.938346941684372,0.8542491385210221,000125-0028
scale-000125,qualification-synthetic,g,62029.0,20.28644218916956,0.8416708838625423,000125-0029
scale-000125,qualification-synthetic,g,62030.0,19.458458368933666,1.1536974245607057,000125-0030
scale-000125,qualification-synthetic,g,62031.0,21.56959132348815,1.0564750540818482,000125-0031
scale-000126,qualification-synthetic,g,62000.0,18.16728199803033,0.8638891609428777,000126-0000
scale-000126,qualification-synthetic,g,62001.0,20.06054144904596,0.8142166291879149,000126-0001
scale-000126,qualification-synthetic,g,62002.0,19.158575367785357,1.1074425292276866,000126-0002
scale-000126,qualification-synthetic,g,62003.0,20.150779853322845,0.8432124950450395,000126-0003
scale-000126,qualification-synthetic,g,62004.0,20.691039755451314,1.1366053637039097,000126-0004
scale-000126,qualification-synthetic,g,62005.0,20.577043667843235,0.8792116450347152,000126-0005
scale-000126,qualification-synthetic,g,62006.0,20.42286139154789,1.1220068670597794,000126-0006
scale-000126,qualification-synthetic,g,62007.0,20.882407114620513,1.1386831661933057,000126-0007
scale-000126,qualification-synthetic,g,62008.0,18.676858458366034,1.18216566117381,000126-0008
scale-000126,qualification-synthetic,g,62009.0,20.300755285299473,1.0368774513392407,000126-0009
scale-000126,qualification-synthetic,g,62010.0,19.58882414125412,1.0046494799632162,000126-0010
scale-000126,qualification-synthetic,g,62011.0,20.465558256556783,1.1362077761757219,000126-0011
scale-000126,qualification-synthetic,g,62012.0,19.080685067194807,0.9875732278313506,000126-0012
scale-000126,qualification-synthetic,g,62013.0,19.664885247532542,0.9795364924878508,000126-0013
scale-000126,qualification-synthetic,g,62014.0,20.519531039341025,1.0669050103000637,000126-0014
scale-000126,qualification-synthetic,g,62015.0,20.20195296483399,0.9106256258644183,000126-0015
scale-000126,qualification-synthetic,g,62016.0,18.54275869129344,1.187457315988442,000126-0016
scale-000126,qualification-synthetic,g,62017.0,18.53825954799135,1.0486920625030531,000126-0017
scale-000126,qualification-synthetic,g,62018.0,21.079606759215416,1.1222938191316716,000126-0018
scale-000126,qualification-synthetic,g,62019.0,20.31841383478041,1.0228888357760304,000126-0019
scale-000126,qualification-synthetic,g,62020.0,20.28285271101089,1.0278450503042573,000126-0020
scale-000126,qualification-synthetic,g,62021.0,19.87495777749882,1.0033052981724389,000126-0021
scale-000126,qualification-synthetic,g,62022.0,19.864100293939465,0.9887128678406161,000126-0022
scale-000126,qualification-synthetic,g,62023.0,21.47166318864162,0.9629808445071235,000126-0023
scale-000126,qualification-synthetic,g,62024.0,18.941084912616994,1.1101151180492381,000126-0024
scale-000126,qualification-synthetic,g,62025.0,20.073183118671547,1.0076418378656102,000126-0025
scale-000126,qualification-synthetic,g,62026.0,21.216565582481344,1.0803702154865515,000126-0026
scale-000126,qualification-synthetic,g,62027.0,19.92891649956806,1.1262593247690458,000126-0027
scale-000126,qualification-synthetic,g,62028.0,20.40706579031668,1.046798972344072,000126-0028
scale-000126,qualification-synthetic,g,62029.0,19.478893724017468,1.0117191441846414,000126-0029
scale-000126,qualification-synthetic,g,62030.0,21.076478559243125,1.0874161474605626,000126-0030
scale-000126,qualification-synthetic,g,62031.0,20.51826013475449,1.0049357431584682,000126-0031
scale-000127,qualification-synthetic,g,62000.0,18.89986133820672,0.8447269648979503,000127-0000
scale-000127,qualification-synthetic,g,62001.0,20.742893179416782,0.9845047362283083,000127-0001
scale-000127,qualification-synthetic,g,62002.0,20.811653580096586,0.9181787175965198,000127-0002
scale-000127,qualification-synthetic,g,62003.0,20.23128399715708,1.1199796973174012,000127-0003
scale-000127,qualification-synthetic,g,62004.0,19.763073210078815,1.1733599401972206,000127-0004
scale-000127,qualification-synthetic,g,62005.0,20.846905508084316,0.9670530658008597,000127-0005
scale-000127,qualification-synthetic,g,62006.0,20.727403637302185,0.9446269669259352,000127-0006
scale-000127,qualification-synthetic,g,62007.0,20.587346612158427,0.9083753872077246,000127-0007
scale-000127,qualification-synthetic,g,62008.0,20.775305869353513,0.9333314648737913,000127-0008
scale-000127,qualification-synthetic,g,62009.0,17.86195271667257,0.8772404400314276,000127-0009
scale-000127,qualification-synthetic,g,62010.0,18.746230469064354,1.009507218451993,000127-0010
scale-000127,qualification-synthetic,g,62011.0,18.54029811668405,1.1462471802917649,000127-0011
scale-000127,qualification-synthetic,g,62012.0,21.35492307896351,1.0389774057970695,000127-0012
scale-000127,qualification-synthetic,g,62013.0,20.652537488598426,0.9491993165204451,000127-0013
scale-000127,qualification-synthetic,g,62014.0,20.272424413414825,0.9052017623338645,000127-0014
scale-000127,qualification-synthetic,g,62015.0,19.34832402799649,1.0316496660407382,000127-0015
scale-000127,qualification-synthetic,g,62016.0,20.37470817981539,0.8173818105447368,000127-0016
scale-000127,qualification-synthetic,g,62017.0,19.19833869656134,1.121793981194881,000127-0017
scale-000127,qualification-synthetic,g,62018.0,20.71632866397855,1.0515101345088709,000127-0018
scale-000127,qualification-synthetic,g,62019.0,18.582856315096777,1.0811978576176537,000127-0019
scale-000127,qualification-synthetic,g,62020.0,18.626134312447885,1.0019394949448484,000127-0020
scale-000127,qualification-synthetic,g,62021.0,20.694127186236244,1.0061815314134825,000127-0021
scale-000127,qualification-synthetic,g,62022.0,20.01287907740687,1.0085825652042104,000127-0022
scale-000127,qualification-synthetic,g,62023.0,19.78907178719185,1.1019076354753474,000127-0023
scale-000127,qualification-synthetic,g,62024.0,20.009534348548037,1.0351261036480575,000127-0024
scale-000127,qualification-synthetic,g,62025.0,18.07954325699319,1.1994997647967265,000127-0025
scale-000127,qualification-synthetic,g,62026.0,21.161986694644927,1.032359979798998,000127-0026
scale-000127,qualification-synthetic,g,62027.0,18.335199420726408,0.8267126349656415,000127-0027
scale-000127,qualification-synthetic,g,62028.0,23.140852428175343,1.189725426377815,000127-0028
scale-000127,qualification-synthetic,g,62029.0,18.929826363938517,0.9686575926521361,000127-0029
scale-000127,qualification-synthetic,g,62030.0,20.832973572151065,0.9006071075420478,000127-0030
scale-000127,qualification-synthetic,g,62031.0,20.03562253009094,0.9036781424007334,000127-0031
scale-000128,qualification-synthetic,g,62000.0,20.263413360360985,1.1153117440993066,000128-0000
scale-000128,qualification-synthetic,g,62001.0,19.301019743317564,0.9779588122115135,000128-0001
scale-000128,qualification-synthetic,g,62002.0,20.796103167461176,0.8434736610162968,000128-0002
scale-000128,qualification-synthetic,g,62003.0,20.64198270867879,1.047630127592901,000128-0003
scale-000128,qualification-synthetic,g,62004.0,20.02062466482494,0.9623971733736232,000128-0004
scale-000128,qualification-synthetic,g,62005.0,22.38502509202987,1.0369900069332114,000128-0005
scale-000128,qualification-synthetic,g,62006.0,18.252673007588278,1.1734627882185766,000128-0006
scale-000128,qualification-synthetic,g,62007.0,19.375301743486695,1.1069394600431748,000128-0007
scale-000128,qualification-synthetic,g,62008.0,18.557619574812886,0.9288605022723266,000128-0008
scale-000128,qualification-synthetic,g,62009.0,20.635617999233283,1.1232136059719442,000128-0009
scale-000128,qualification-synthetic,g,62010.0,19.582920941575043,1.1573891844784983,000128-0010
scale-000128,qualification-synthetic,g,62011.0,20.50216714929342,0.8917593033167743,000128-0011
scale-000128,qualification-synthetic,g,62012.0,20.089131457717045,1.1939799771453325,000128-0012
scale-000128,qualification-synthetic,g,62013.0,21.250039064538964,1.1284161672303599,000128-0013
scale-000128,qualification-synthetic,g,62014.0,19.460839120444433,1.0138866339060397,000128-0014
scale-000128,qualification-synthetic,g,62015.0,18.72888776166669,1.0300004341544506,000128-0015
scale-000128,qualification-synthetic,g,62016.0,21.010162764788248,1.1728825602041892,000128-0016
scale-000128,qualification-synthetic,g,62017.0,20.305773273801094,1.1913441033164185,000128-0017
scale-000128,qualification-synthetic,g,62018.0,20.342537034926515,0.9137633803482677,000128-0018
scale-000128,qualification-synthetic,g,62019.0,19.676632230811535,1.124901208874588,000128-0019
scale-000128,qualification-synthetic,g,62020.0,21.163056447549916,0.9838425527009729,000128-0020
scale-000128,qualification-synthetic,g,62021.0,23.013181475745135,0.9945130301594531,000128-0021
scale-000128,qualification-synthetic,g,62022.0,21.318968182004067,1.0077723103020335,000128-0022
scale-000128,qualification-synthetic,g,62023.0,20.52242061308312,0.9315032991314697,000128-0023
scale-000128,qualification-synthetic,g,62024.0,22.079159405124706,0.8024197603078729,000128-0024
scale-000128,qualification-synthetic,g,62025.0,19.95304053447305,1.1513436525851952,000128-0025
scale-000128,qualification-synthetic,g,62026.0,19.86146440577025,1.0044972700230332,000128-0026
scale-000128,qualification-synthetic,g,62027.0,21.244060328813564,1.1866809189282261,000128-0027
scale-000128,qualification-synthetic,g,62028.0,20.398175820655954,0.8491624559280047,000128-0028
scale-000128,qualification-synthetic,g,62029.0,19.89182809413431,1.1804583524326067,000128-0029
scale-000128,qualification-synthetic,g,62030.0,19.847404526425866,1.0122527038998375,000128-0030
scale-000128,qualification-synthetic,g,62031.0,21.838730904034758,1.0552249314615587,000128-0031
scale-000129,qualification-synthetic,g,62000.0,20.09012089039115,1.1774342717299502,000129-0000
scale-000129,qualification-synthetic,g,62001.0,20.287915411909054,0.8794783522362999,000129-0001
scale-000129,qualification-synthetic,g,62002.0,20.685859170333277,0.8361489124519065,000129-0002
scale-000129,qualification-synthetic,g,62003.0,20.57920187574058,0.8278464076890367,000129-0003
scale-000129,qualification-synthetic,g,62004.0,19.749172424071226,0.909857943952234,000129-0004
scale-000129,qualification-synthetic,g,62005.0,21.247151124536146,0.8411503641103063,000129-0005
scale-000129,qualification-synthetic,g,62006.0,20.09429955160896,0.9367466306453202,000129-0006
scale-000129,qualification-synthetic,g,62007.0,20.27812429341158,0.8490093121683964,000129-0007
scale-000129,qualification-synthetic,g,62008.0,19.235617156519822,0.9687585277279813,000129-0008
scale-000129,qualification-synthetic,g,62009.0,19.991535141668948,1.0401051178066059,000129-0009
scale-000129,qualification-synthetic,g,62010.0,18.776891864458197,0.9917811466476446,000129-0010
scale-000129,qualification-synthetic,g,62011.0,18.773180925044002,1.0765802272455225,000129-0011
scale-000129,qualification-synthetic,g,62012.0,19.565122269488587,1.169416135588068,000129-0012
scale-000129,qualification-synthetic,g,62013.0,20.352240853304284,0.9753338458855514,000129-0013
scale-000129,qualification-synthetic,g,62014.0,21.05465354898768,0.8978151378185774,000129-0014
scale-000129,qualification-synthetic,g,62015.0,18.963973553063788,1.1386140459429785,000129-0015
scale-000129,qualification-synthetic,g,62016.0,20.274511805825462,1.1435586177071078,000129-0016
scale-000129,qualification-synthetic,g,62017.0,17.726039470969553,1.0010913941909607,000129-0017
scale-000129,qualification-synthetic,g,62018.0,19.527388747294445,0.9554658467163,000129-0018
scale-000129,qualification-synthetic,g,62019.0,19.468505155181646,1.185056614101442,000129-0019
scale-000129,qualification-synthetic,g,62020.0,19.082248607805177,0.9470272308638316,000129-0020
scale-000129,qualification-synthetic,g,62021.0,21.14550501372781,1.087847647436362,000129-0021
scale-000129,qualification-synthetic,g,62022.0,18.336748087666294,1.1175470262917406,000129-0022
scale-000129,qualification-synthetic,g,62023.0,19.863187143493636,0.9127593664217332,000129-0023
scale-000129,qualification-synthetic,g,62024.0,20.051636727113983,1.1878255358185321,000129-0024
scale-000129,qualification-synthetic,g,62025.0,19.620337196683504,0.814996302957906,000129-0025
scale-000129,qualification-synthetic,g,62026.0,20.61064129775859,1.196623206740998,000129-0026
scale-000129,qualification-synthetic,g,62027.0,21.31058557737571,1.149069875943638,000129-0027
scale-000129,qualification-synthetic,g,62028.0,20.246999240631546,1.1343646337711004,000129-0028
scale-000129,qualification-synthetic,g,62029.0,18.37683671077911,0.8825464049656537,000129-0029
scale-000129,qualification-synthetic,g,62030.0,20.427591384473192,1.0186096762860095,000129-0030
scale-000129,qualification-synthetic,g,62031.0,21.15240958453811,1.1198398117668238,000129-0031
scale-000130,qualification-synthetic,g,62000.0,20.179852669754897,1.0411368171155855,000130-0000
scale-000130,qualification-synthetic,g,62001.0,19.040429643894726,0.8919863851445909,000130-0001
scale-000130,qualification-synthetic,g,62002.0,18.71281193682103,0.9940926621801441,000130-0002
scale-000130,qualification-synthetic,g,62003.0,19.511044620284967,1.001265919927038,000130-0003
scale-000130,qualification-synthetic,g,62004.0,18.660543033092733,1.1198735494718137,000130-0004
scale-000130,qualification-synthetic,g,62005.0,19.28095424738223,1.1917438815414867,000130-0005
scale-000130,qualification-synthetic,g,62006.0,21.05663690064575,1.0186347388614085,000130-0006
scale-000130,qualification-synthetic,g,62007.0,19.696944675431933,0.9663534042714848,000130-0007
scale-000130,qualification-synthetic,g,62008.0,19.706860555978,1.1865057562535066,000130-0008
scale-000130,qualification-synthetic,g,62009.0,20.405718785404158,1.0701525726273078,000130-0009
scale-000130,qualification-synthetic,g,62010.0,21.361734189476557,0.8192650810611942,000130-0010
scale-000130,qualification-synthetic,g,62011.0,20.18450781527053,1.0127781835523897,000130-0011
scale-000130,qualification-synthetic,g,62012.0,20.651241494122715,1.144580558586254,000130-0012
scale-000130,qualification-synthetic,g,62013.0,18.843155579913837,1.080776055262516,000130-0013
scale-000130,qualification-synthetic,g,62014.0,19.53956139393569,1.0607720416082191,000130-0014
scale-000130,qualification-synthetic,g,62015.0,20.08014751221087,0.9375521045310876,000130-0015
scale-000130,qualification-synthetic,g,62016.0,19.67060466620692,1.1736703207068373,000130-0016
scale-000130,qualification-synthetic,g,62017.0,20.716773569375274,0.9912604927616157,000130-0017
scale-000130,qualification-synthetic,g,62018.0,20.145118350159894,0.8862660506003005,000130-0018
scale-000130,qualification-synthetic,g,62019.0,18.62702512489688,0.9683844877289551,000130-0019
scale-000130,qualification-synthetic,g,62020.0,19.456679990816177,0.9061190368905064,000130-0020
scale-000130,qualification-synthetic,g,62021.0,20.20782883252732,1.113334950606165,000130-0021
scale-000130,qualification-synthetic,g,62022.0,19.60600077608343,0.8647079572488082,000130-0022
scale-000130,qualification-synthetic,g,62023.0,22.11100396037829,0.9727610850797253,000130-0023
scale-000130,qualification-synthetic,g,62024.0,20.43300430535374,1.054568890201218,000130-0024
scale-000130,qualification-synthetic,g,62025.0,21.718632506661088,0.9391757120436738,000130-0025
scale-000130,qualification-synthetic,g,62026.0,20.60599016588671,0.9692224748129007,000130-0026
scale-000130,qualification-synthetic,g,62027.0,18.72688129383615,0.9371936410232358,000130-0027
scale-000130,qualification-synthetic,g,62028.0,19.975671531127695,1.0913356531471992,000130-0028
scale-000130,qualification-synthetic,g,62029.0,20.82679239792855,1.092153820273589,000130-0029
scale-000130,qualification-synthetic,g,62030.0,17.646591893509733,0.8959009258965744,000130-0030
scale-000130,qualification-synthetic,g,62031.0,20.070644662959623,0.8657112069886671,000130-0031
scale-000131,qualification-synthetic,g,62000.0,18.21834953365638,0.9362031750288312,000131-0000
scale-000131,qualification-synthetic,g,62001.0,21.02865826894268,0.8409113440713855,000131-0001
scale-000131,qualification-synthetic,g,62002.0,20.377665936499703,1.1106346239149227,000131-0002
scale-000131,qualification-synthetic,g,62003.0,18.08740581521091,0.8682369402695901,000131-0003
scale-000131,qualification-synthetic,g,62004.0,19.584229330137962,1.151641633720151,000131-0004
scale-000131,qualification-synthetic,g,62005.0,22.524932390683198,0.8088196659094482,000131-0005
scale-000131,qualification-synthetic,g,62006.0,20.34146202249803,0.8607006764236725,000131-0006
scale-000131,qualification-synthetic,g,62007.0,21.429715634127543,0.9633347776697592,000131-0007
scale-000131,qualification-synthetic,g,62008.0,22.80016735108326,1.050313804296594,000131-0008
scale-000131,qualification-synthetic,g,62009.0,19.77614105672041,0.9217602970172711,000131-0009
scale-000131,qualification-synthetic,g,62010.0,20.571957996586182,1.1802997495546534,000131-0010
scale-000131,qualification-synthetic,g,62011.0,18.329860168191853,0.9910968925018646,000131-0011
scale-000131,qualification-synthetic,g,62012.0,22.136433087033094,0.8530451788488616,000131-0012
scale-000131,qualification-synthetic,g,62013.0,19.486854184930582,0.8878492827052252,000131-0013
scale-000131,qualification-synthetic,g,62014.0,19.4610096753845,1.0387436910028636,000131-0014
scale-000131,qualification-synthetic,g,62015.0,20.278497311786374,0.9405045583541242,000131-0015
scale-000131,qualification-synthetic,g,62016.0,20.828453612499786,0.8233069269456527,000131-0016
scale-000131,qualification-synthetic,g,62017.0,20.581918816168006,1.0067696652618172,000131-0017
scale-000131,qualification-synthetic,g,62018.0,19.041543533104914,1.0411115927472843,000131-0018
scale-000131,qualification-synthetic,g,62019.0,20.464326888156304,0.856796839406952,000131-0019
scale-000131,qualification-synthetic,g,62020.0,19.38926854841893,1.0679530602822844,000131-0020
scale-000131,qualification-synthetic,g,62021.0,18.42833169911236,1.0083660249218933,000131-0021
scale-000131,qualification-synthetic,g,62022.0,20.39837434790944,0.8260816112147025,000131-0022
scale-000131,qualification-synthetic,g,62023.0,19.57363002770264,0.8028806169790137,000131-0023
scale-000131,qualification-synthetic,g,62024.0,20.523540329167904,0.830841933618994,000131-0024
scale-000131,qualification-synthetic,g,62025.0,19.61552680227652,1.071045889056919,000131-0025
scale-000131,qualification-synthetic,g,62026.0,18.820386208879253,1.1932177054905686,000131-0026
scale-000131,qualification-synthetic,g,62027.0,21.70881129074067,0.8152924753097209,000131-0027
scale-000131,qualification-synthetic,g,62028.0,19.868677303682716,1.0234363002690479,000131-0028
scale-000131,qualification-synthetic,g,62029.0,19.254860846889382,0.8265259923196622,000131-0029
scale-000131,qualification-synthetic,g,62030.0,19.24178749547562,0.9812980179594619,000131-0030
scale-000131,qualification-synthetic,g,62031.0,19.07290067653362,1.1144160015369955,000131-0031
scale-000132,qualification-synthetic,g,62000.0,21.166354834732186,0.8312395866845393,000132-0000
scale-000132,qualification-synthetic,g,62001.0,22.2644144967616,1.1760801986992908,000132-0001
scale-000132,qualification-synthetic,g,62002.0,19.649537625922083,0.8145526510943409,000132-0002
scale-000132,qualification-synthetic,g,62003.0,20.43705963358445,1.0817818629416693,000132-0003
scale-000132,qualification-synthetic,g,62004.0,20.86734690535197,1.0724266129811575,000132-0004
scale-000132,qualification-synthetic,g,62005.0,20.426513633688483,0.9892897454125901,000132-0005
scale-000132,qualification-synthetic,g,62006.0,19.61119271354286,1.0592493698326568,000132-0006
scale-000132,qualification-synthetic,g,62007.0,19.52654588501144,0.9409424980512536,000132-0007
scale-000132,qualification-synthetic,g,62008.0,21.20892701098248,0.9317037843696636,000132-0008
scale-000132,qualification-synthetic,g,62009.0,21.734689002061405,0.8622819195832059,000132-0009
scale-000132,qualification-synthetic,g,62010.0,19.497019420304508,0.8873119448073181,000132-0010
scale-000132,qualification-synthetic,g,62011.0,18.62449948176184,0.9883825130500898,000132-0011
scale-000132,qualification-synthetic,g,62012.0,20.438921485035063,0.9499489169454355,000132-0012
scale-000132,qualification-synthetic,g,62013.0,17.445166460470396,0.9702742917842113,000132-0013
scale-000132,qualification-synthetic,g,62014.0,20.538769681481526,1.1218509162427883,000132-0014
scale-000132,qualification-synthetic,g,62015.0,20.221151206729985,0.9092314932312893,000132-0015
scale-000132,qualification-synthetic,g,62016.0,16.7981485874741,0.9436134802661861,000132-0016
scale-000132,qualification-synthetic,g,62017.0,19.195670982478042,0.836338831968255,000132-0017
scale-000132,qualification-synthetic,g,62018.0,20.963330696183665,1.18581277406332,000132-0018
scale-000132,qualification-synthetic,g,62019.0,19.07636668374002,0.9502374844613183,000132-0019
scale-000132,qualification-synthetic,g,62020.0,20.564439912381257,1.0653202251008582,000132-0020
scale-000132,qualification-synthetic,g,62021.0,17.4401654659275,1.0983741107598177,000132-0021
scale-000132,qualification-synthetic,g,62022.0,21.167460510950967,1.145882413718528,000132-0022
scale-000132,qualification-synthetic,g,62023.0,18.846205188628524,1.003301426039329,000132-0023
scale-000132,qualification-synthetic,g,62024.0,19.076550963106047,0.9396297442795788,000132-0024
scale-000132,qualification-synthetic,g,62025.0,18.58560414776845,1.1535901298516231,000132-0025
scale-000132,qualification-synthetic,g,62026.0,21.579495311483537,1.184385936279748,000132-0026
scale-000132,qualification-synthetic,g,62027.0,20.80565697181537,0.989715278653136,000132-0027
scale-000132,qualification-synthetic,g,62028.0,20.106963138999085,0.9151527650780451,000132-0028
scale-000132,qualification-synthetic,g,62029.0,18.434591844419664,0.9220006268857358,000132-0029
scale-000132,qualification-synthetic,g,62030.0,19.941192857382028,0.8077900902855735,000132-0030
scale-000132,qualification-synthetic,g,62031.0,19.561983866327175,0.9361882262452167,000132-0031
scale-000133,qualification-synthetic,g,62000.0,18.884310245751028,0.8654400787497821,000133-0000
scale-000133,qualification-synthetic,g,62001.0,19.816316052693377,1.1257867532289545,000133-0001
scale-000133,qualification-synthetic,g,62002.0,20.35205137203139,0.8692699930046507,000133-0002
scale-000133,qualification-synthetic,g,62003.0,17.605659600979273,1.0917391432858121,000133-0003
scale-000133,qualification-synthetic,g,62004.0,20.699964688231816,0.9486663861950919,000133-0004
scale-000133,qualification-synthetic,g,62005.0,20.794498031258247,1.020402670452026,000133-0005
scale-000133,qualification-synthetic,g,62006.0,17.710529592150206,1.0059887712653406,000133-0006
scale-000133,qualification-synthetic,g,62007.0,17.914567773077877,1.043198296238319,000133-0007
scale-000133,qualification-synthetic,g,62008.0,20.320036668405535,1.1016482109998313,000133-0008
scale-000133,qualification-synthetic,g,62009.0,18.018714739998508,0.8807175811896111,000133-0009
scale-000133,qualification-synthetic,g,62010.0,19.50127094673029,1.033139357799248,000133-0010
scale-000133,qualification-synthetic,g,62011.0,21.39674280612781,1.040504689004174,000133-0011
scale-000133,qualification-synthetic,g,62012.0,21.261090291829852,0.8169137525396784,000133-0012
scale-000133,qualification-synthetic,g,62013.0,18.799023565831945,0.9316866689950039,000133-0013
scale-000133,qualification-synthetic,g,62014.0,17.89422244188606,1.1304086014700472,000133-0014
scale-000133,qualification-synthetic,g,62015.0,18.644650440028865,0.9898369254360275,000133-0015
scale-000133,qualification-synthetic,g,62016.0,19.738558459446647,1.0695846645239553,000133-0016
scale-000133,qualification-synthetic,g,62017.0,20.57987200343229,1.118229963051211,000133-0017
scale-000133,qualification-synthetic,g,62018.0,20.08264108552186,0.86190551232633,000133-0018
scale-000133,qualification-synthetic,g,62019.0,19.712658371311026,1.1713399399163933,000133-0019
scale-000133,qualification-synthetic,g,62020.0,18.525958087396965,1.035375944449533,000133-0020
scale-000133,qualification-synthetic,g,62021.0,20.39087281105528,0.8235057895230896,000133-0021
scale-000133,qualification-synthetic,g,62022.0,20.127787266900317,1.154609295047685,000133-0022
scale-000133,qualification-synthetic,g,62023.0,20.5366068727987,1.114332805842335,000133-0023
scale-000133,qualification-synthetic,g,62024.0,21.44746585134622,1.0404772095659518,000133-0024
scale-000133,qualification-synthetic,g,62025.0,21.741770694205947,0.8990187043115382,000133-0025
scale-000133,qualification-synthetic,g,62026.0,21.166740420161446,1.1405549428324628,000133-0026
scale-000133,qualification-synthetic,g,62027.0,22.933797034471667,0.9035479152741372,000133-0027
scale-000133,qualification-synthetic,g,62028.0,18.837967045038226,0.8340128873281278,000133-0028
scale-000133,qualification-synthetic,g,62029.0,20.030315936143683,1.0888607793298992,000133-0029
scale-000133,qualification-synthetic,g,62030.0,19.220840543423925,1.060298655996783,000133-0030
scale-000133,qualification-synthetic,g,62031.0,20.65830598774953,1.1970222261368468,000133-0031
scale-000134,qualification-synthetic,g,62000.0,21.079386897293958,1.0947527566433908,000134-0000
scale-000134,qualification-synthetic,g,62001.0,19.676070042743277,1.1000671321203084,000134-0001
scale-000134,qualification-synthetic,g,62002.0,19.791053796131056,0.9843079933791361,000134-0002
scale-000134,qualification-synthetic,g,62003.0,21.548749393219072,1.0211831911664573,000134-0003
scale-000134,qualification-synthetic,g,62004.0,19.877376636411384,1.0885273148193053,000134-0004
scale-000134,qualification-synthetic,g,62005.0,19.644407899549226,1.0761950036767765,000134-0005
scale-000134,qualification-synthetic,g,62006.0,19.98171600073102,0.8570996716634883,000134-0006
scale-000134,qualification-synthetic,g,62007.0,21.584136199702105,0.8366286230024746,000134-0007
scale-000134,qualification-synthetic,g,62008.0,18.34735033968601,1.1288999292639426,000134-0008
scale-000134,qualification-synthetic,g,62009.0,18.575203119967664,0.8482561210875328,000134-0009
scale-000134,qualification-synthetic,g,62010.0,22.264150623597075,0.8158880949693492,000134-0010
scale-000134,qualification-synthetic,g,62011.0,17.934326473475416,0.8235010726626844,000134-0011
scale-000134,qualification-synthetic,g,62012.0,20.010157275498333,0.9036691119098242,000134-0012
scale-000134,qualification-synthetic,g,62013.0,20.717575690395897,1.0777642703671058,000134-0013
scale-000134,qualification-synthetic,g,62014.0,19.458312491282058,0.9749916212783211,000134-0014
scale-000134,qualification-synthetic,g,62015.0,19.614293341351004,1.1806159929929483,000134-0015
scale-000134,qualification-synthetic,g,62016.0,21.193722142867152,0.9627536646902429,000134-0016
scale-000134,qualification-synthetic,g,62017.0,21.487999853333392,0.8004141290724862,000134-0017
scale-000134,qualification-synthetic,g,62018.0,21.617046472043636,1.1809072078013338,000134-0018
scale-000134,qualification-synthetic,g,62019.0,19.72585029316017,1.0363809919213167,000134-0019
scale-000134,qualification-synthetic,g,62020.0,21.59510460288054,1.0358278068803992,000134-0020
scale-000134,qualification-synthetic,g,62021.0,19.064967351574374,1.1344224075116625,000134-0021
scale-000134,qualification-synthetic,g,62022.0,19.756787156763146,1.035880853559064,000134-0022
scale-000134,qualification-synthetic,g,62023.0,20.288692587528654,1.1097372646965653,000134-0023
scale-000134,qualification-synthetic,g,62024.0,20.0981860234719,1.1017920775289247,000134-0024
scale-000134,qualification-synthetic,g,62025.0,20.955220682673136,1.1375803922072922,000134-0025
scale-000134,qualification-synthetic,g,62026.0,18.903303641035237,0.9924879842882083,000134-0026
scale-000134,qualification-synthetic,g,62027.0,20.1933951859502,0.9057713121021255,000134-0027
scale-000134,qualification-synthetic,g,62028.0,20.088656265936024,1.1168954507268318,000134-0028
scale-000134,qualification-synthetic,g,62029.0,21.120184985105745,1.0146977687720222,000134-0029
scale-000134,qualification-synthetic,g,62030.0,21.435947454249668,1.088882465741015,000134-0030
scale-000134,qualification-synthetic,g,62031.0,20.26020769355964,1.1669907761765799,000134-0031
scale-000135,qualification-synthetic,g,62000.0,18.998503907013017,0.8680165574445576,000135-0000
scale-000135,qualification-synthetic,g,62001.0,19.451231380667735,0.8182229722889947,000135-0001
scale-000135,qualification-synthetic,g,62002.0,18.348639660014033,0.8314417019990271,000135-0002
scale-000135,qualification-synthetic,g,62003.0,18.919651489952255,1.1446322042343389,000135-0003
scale-000135,qualification-synthetic,g,62004.0,18.88028666557677,1.1108073844298985,000135-0004
scale-000135,qualification-synthetic,g,62005.0,21.020729131277125,0.8243166079125764,000135-0005
scale-000135,qualification-synthetic,g,62006.0,17.29537952080462,1.030145184401121,000135-0006
scale-000135,qualification-synthetic,g,62007.0,19.475811845576747,0.983207417781204,000135-0007
scale-000135,qualification-synthetic,g,62008.0,19.246439406328626,0.9062802162315242,000135-0008
scale-000135,qualification-synthetic,g,62009.0,19.551479143006627,0.961493107193069,000135-0009
scale-000135,qualification-synthetic,g,62010.0,19.1864805774042,1.126326092912769,000135-0010
scale-000135,qualification-synthetic,g,62011.0,19.49797075423234,1.0225508868618873,000135-0011
scale-000135,qualification-synthetic,g,62012.0,19.68464899625434,0.9098856360825566,000135-0012
scale-000135,qualification-synthetic,g,62013.0,19.796254721986458,1.0025811729124212,000135-0013
scale-000135,qualification-synthetic,g,62014.0,20.095536898709327,0.8968129403120547,000135-0014
scale-000135,qualification-synthetic,g,62015.0,19.764368778394307,0.8365377564299287,000135-0015
scale-000135,qualification-synthetic,g,62016.0,20.044678817095356,1.1819221212707933,000135-0016
scale-000135,qualification-synthetic,g,62017.0,17.888072124565976,1.007550305570733,000135-0017
scale-000135,qualification-synthetic,g,62018.0,19.317224279205004,1.0016708981904099,000135-0018
scale-000135,qualification-synthetic,g,62019.0,19.293489260526396,0.9827339730193246,000135-0019
scale-000135,qualification-synthetic,g,62020.0,19.474675537285567,1.0910140186382464,000135-0020
scale-000135,qualification-synthetic,g,62021.0,18.776749614479368,0.9516925102480431,000135-0021
scale-000135,qualification-synthetic,g,62022.0,19.793312290082234,1.06880984964518,000135-0022
scale-000135,qualification-synthetic,g,62023.0,19.604005523969054,0.8090247185076271,000135-0023
scale-000135,qualification-synthetic,g,62024.0,18.73749063617128,0.8727778580567895,000135-0024
scale-000135,qualification-synthetic,g,62025.0,17.20403375007092,1.0778153932135361,000135-0025
scale-000135,qualification-synthetic,g,62026.0,23.635109347923045,1.0851455155586276,000135-0026
scale-000135,qualification-synthetic,g,62027.0,21.04945005576478,1.0179407761312094,000135-0027
scale-000135,qualification-synthetic,g,62028.0,20.48418094210864,0.9460025256505318,000135-0028
scale-000135,qualification-synthetic,g,62029.0,20.582935862929517,1.1335954323098791,000135-0029
scale-000135,qualification-synthetic,g,62030.0,21.16154692979187,0.9054987471965664,000135-0030
scale-000135,qualification-synthetic,g,62031.0,17.825461929446536,0.8956233178061523,000135-0031
scale-000136,qualification-synthetic,g,62000.0,20.430178322689407,1.004891165573533,000136-0000
scale-000136,qualification-synthetic,g,62001.0,20.018856738404537,1.0783969598875047,000136-0001
scale-000136,qualification-synthetic,g,62002.0,20.669799810995713,0.8681708162593009,000136-0002
scale-000136,qualification-synthetic,g,62003.0,19.370001563621486,0.9423989859013719,000136-0003
scale-000136,qualification-synthetic,g,62004.0,20.648346949315158,0.822196942928868,000136-0004
scale-000136,qualification-synthetic,g,62005.0,19.443659456806788,1.0116835071362529,000136-0005
scale-000136,qualification-synthetic,g,62006.0,18.98808698597942,0.8904452901394683,000136-0006
scale-000136,qualification-synthetic,g,62007.0,20.391986378775723,0.8936465221280636,000136-0007
scale-000136,qualification-synthetic,g,62008.0,21.43347819524598,1.022423051803389,000136-0008
scale-000136,qualification-synthetic,g,62009.0,20.805927895538915,0.9452247083055433,000136-0009
scale-000136,qualification-synthetic,g,62010.0,20.256423867454256,0.8912387497029116,000136-0010
scale-000136,qualification-synthetic,g,62011.0,19.282978348167124,0.8787049884478416,000136-0011
scale-000136,qualification-synthetic,g,62012.0,18.259119016318124,0.8870191947846197,000136-0012
scale-000136,qualification-synthetic,g,62013.0,17.771390885177144,1.0957804674020082,000136-0013
scale-000136,qualification-synthetic,g,62014.0,17.59091533774621,1.1102298585913954,000136-0014
scale-000136,qualification-synthetic,g,62015.0,20.840974328321973,1.0451447881357834,000136-0015
scale-000136,qualification-synthetic,g,62016.0,18.9995969299058,1.0076538732844258,000136-0016
scale-000136,qualification-synthetic,g,62017.0,21.961008261492598,1.0230591210197149,000136-0017
scale-000136,qualification-synthetic,g,62018.0,22.31262388128468,1.192724325513037,000136-0018
scale-000136,qualification-synthetic,g,62019.0,19.976443405175743,1.163010972598391,000136-0019
scale-000136,qualification-synthetic,g,62020.0,20.515907506754438,1.0672770082597465,000136-0020
scale-000136,qualification-synthetic,g,62021.0,18.74894860484915,1.1311590549957344,000136-0021
scale-000136,qualification-synthetic,g,62022.0,18.501897298183568,1.1038930295323164,000136-0022
scale-000136,qualification-synthetic,g,62023.0,17.748046646190463,1.0910549683413788,000136-0023
scale-000136,qualification-synthetic,g,62024.0,19.979469406233413,0.9273215643071553,000136-0024
scale-000136,qualification-synthetic,g,62025.0,19.97062063773376,0.8076169280067559,000136-0025
scale-000136,qualification-synthetic,g,62026.0,20.547986670382098,1.0981850984814918,000136-0026
scale-000136,qualification-synthetic,g,62027.0,18.53083734270149,0.8922578633117019,000136-0027
scale-000136,qualification-synthetic,g,62028.0,20.59885120790114,1.0100233353962518,000136-0028
scale-000136,qualification-synthetic,g,62029.0,22.269993475955523,1.0788262392146022,000136-0029
scale-000136,qualification-synthetic,g,62030.0,19.16741621657837,0.9425072817591384,000136-0030
scale-000136,qualification-synthetic,g,62031.0,20.875635426022985,1.1009264487179136,000136-0031
scale-000137,qualification-synthetic,g,62000.0,20.053739118528373,0.8596837976883899,000137-0000
scale-000137,qualification-synthetic,g,62001.0,19.531204684379762,0.9691603788015357,000137-0001
scale-000137,qualification-synthetic,g,62002.0,19.76064632844099,0.9546063239516469,000137-0002
scale-000137,qualification-synthetic,g,62003.0,20.11767942703207,0.8371362377606728,000137-0003
scale-000137,qualification-synthetic,g,62004.0,19.282219599028068,1.0091470238614442,000137-0004
scale-000137,qualification-synthetic,g,62005.0,20.39574824650092,1.0358417112312923,000137-0005
scale-000137,qualification-synthetic,g,62006.0,18.58776458208192,1.0026140704289423,000137-0006
scale-000137,qualification-synthetic,g,62007.0,20.080897189392925,1.1720395511347983,000137-0007
scale-000137,qualification-synthetic,g,62008.0,20.873917836343587,0.8854515912473447,000137-0008
scale-000137,qualification-synthetic,g,62009.0,19.32865168533533,0.8287172613301462,000137-0009
scale-000137,qualification-synthetic,g,62010.0,19.32318217948359,0.8959257152746742,000137-0010
scale-000137,qualification-synthetic,g,62011.0,19.851712077072207,0.8472434417978715,000137-0011
scale-000137,qualification-synthetic,g,62012.0,20.687252245932925,1.0983709924629181,000137-0012
scale-000137,qualification-synthetic,g,62013.0,21.547299276438817,0.8812829196324484,000137-0013
scale-000137,qualification-synthetic,g,62014.0,18.531790563916946,1.1520440210394458,000137-0014
scale-000137,qualification-synthetic,g,62015.0,21.33523847622459,0.8667261817469506,000137-0015
scale-000137,qualification-synthetic,g,62016.0,19.655619228272204,0.8772538094822668,000137-0016
scale-000137,qualification-synthetic,g,62017.0,20.394129004689308,1.1340659419622952,000137-0017
scale-000137,qualification-synthetic,g,62018.0,19.999243893970032,1.0941401358744536,000137-0018
scale-000137,qualification-synthetic,g,62019.0,19.7921020228285,1.096760185798223,000137-0019
scale-000137,qualification-synthetic,g,62020.0,19.227522120122398,1.1360393635137824,000137-0020
scale-000137,qualification-synthetic,g,62021.0,19.246180957871537,1.1711179353507806,000137-0021
scale-000137,qualification-synthetic,g,62022.0,18.795235256539502,1.1328272205266792,000137-0022
scale-000137,qualification-synthetic,g,62023.0,19.17572998271889,0.8216385246281689,000137-0023
scale-000137,qualification-synthetic,g,62024.0,18.709570554056125,1.1411803229531767,000137-0024
scale-000137,qualification-synthetic,g,62025.0,21.465158715713574,1.1839080546747722,000137-0025
scale-000137,qualification-synthetic,g,62026.0,20.397990790720183,0.9293343221751353,000137-0026
scale-000137,qualification-synthetic,g,62027.0,19.291208274534156,1.112475197600906,000137-0027
scale-000137,qualification-synthetic,g,62028.0,20.344123840006016,0.97713181384463,000137-0028
scale-000137,qualification-synthetic,g,62029.0,19.899296281517625,0.9910999751525904,000137-0029
scale-000137,qualification-synthetic,g,62030.0,19.881360203999655,1.1066903838025681,000137-0030
scale-000137,qualification-synthetic,g,62031.0,20.133583872009652,0.8086770190604977,000137-0031
scale-000138,qualification-synthetic,g,62000.0,19.43108719245153,1.1438808029011558,000138-0000
scale-000138,qualification-synthetic,g,62001.0,19.690461033099808,0.8513630160794119,000138-0001
scale-000138,qualification-synthetic,g,62002.0,20.24756588982632,0.8283305950777811,000138-0002
scale-000138,qualification-synthetic,g,62003.0,19.932306785508626,0.8879798643424147,000138-0003
scale-000138,qualification-synthetic,g,62004.0,21.337182471488486,0.8665229305932031,000138-0004
scale-000138,qualification-synthetic,g,62005.0,17.777766716557615,1.0097124122356795,000138-0005
scale-000138,qualification-synthetic,g,62006.0,17.415591569342276,0.8060093434646559,000138-0006
scale-000138,qualification-synthetic,g,62007.0,21.481015600288003,1.1885622470588983,000138-0007
scale-000138,qualification-synthetic,g,62008.0,19.661145680835656,0.9593465979235114,000138-0008
scale-000138,qualification-synthetic,g,62009.0,22.321392600384115,1.093714427453059,000138-0009
scale-000138,qualification-synthetic,g,62010.0,16.864331294777582,0.9251512324369771,000138-0010
scale-000138,qualification-synthetic,g,62011.0,23.505898589955812,1.1889788249178181,000138-0011
scale-000138,qualification-synthetic,g,62012.0,22.0997987136539,0.8702100128143353,000138-0012
scale-000138,qualification-synthetic,g,62013.0,20.564326080157617,0.8602955352957801,000138-0013
scale-000138,qualification-synthetic,g,62014.0,21.580384795688765,0.9372464452170549,000138-0014
scale-000138,qualification-synthetic,g,62015.0,19.647006351926052,0.9273261017952861,000138-0015
scale-000138,qualification-synthetic,g,62016.0,20.940640874630848,1.1994501406318947,000138-0016
scale-000138,qualification-synthetic,g,62017.0,19.77872762556593,0.8770085756753965,000138-0017
scale-000138,qualification-synthetic,g,62018.0,19.67756576724486,1.0232333614978038,000138-0018
scale-000138,qualification-synthetic,g,62019.0,19.149074315873655,1.095351587180771,000138-0019
scale-000138,qualification-synthetic,g,62020.0,18.847088842020398,0.992545520515736,000138-0020
scale-000138,qualification-synthetic,g,62021.0,18.428347702247887,0.9476782114464641,000138-0021
scale-000138,qualification-synthetic,g,62022.0,21.05200838130095,0.8358338124481983,000138-0022
scale-000138,qualification-synthetic,g,62023.0,21.703549149322434,1.0374243191510526,000138-0023
scale-000138,qualification-synthetic,g,62024.0,20.208316537094902,0.9154546308425328,000138-0024
scale-000138,qualification-synthetic,g,62025.0,20.154183331720137,0.8854210039874305,000138-0025
scale-000138,qualification-synthetic,g,62026.0,20.99052145193777,0.9697235741525605,000138-0026
scale-000138,qualification-synthetic,g,62027.0,18.43058702847817,0.8684189836936069,000138-0027
scale-000138,qualification-synthetic,g,62028.0,19.401475186184275,1.1520069821416565,000138-0028
scale-000138,qualification-synthetic,g,62029.0,19.854774607134868,1.1004075929736234,000138-0029
scale-000138,qualification-synthetic,g,62030.0,16.782337944882997,1.1844326737862656,000138-0030
scale-000138,qualification-synthetic,g,62031.0,19.216747188054796,0.9853312653438411,000138-0031
scale-000139,qualification-synthetic,g,62000.0,17.36450370205761,0.8671217608412591,000139-0000
scale-000139,qualification-synthetic,g,62001.0,19.74641372282758,1.0218627110926155,000139-0001
scale-000139,qualification-synthetic,g,62002.0,19.24455335466051,1.0399906673744856,000139-0002
scale-000139,qualification-synthetic,g,62003.0,20.315258652055817,1.1314650493442115,000139-0003
scale-000139,qualification-synthetic,g,62004.0,19.298314055433572,0.9697196948840222,000139-0004
scale-000139,qualification-synthetic,g,62005.0,17.246717344045063,1.1967709402538016,000139-0005
scale-000139,qualification-synthetic,g,62006.0,19.009953395769053,1.0117514440668056,000139-0006
scale-000139,qualification-synthetic,g,62007.0,19.950143928502907,0.9756650991043666,000139-0007
scale-000139,qualification-synthetic,g,62008.0,18.621777471573928,0.8654510979346381,000139-0008
scale-000139,qualification-synthetic,g,62009.0,21.032040790122657,1.1646025806790408,000139-0009
scale-000139,qualification-synthetic,g,62010.0,20.159725181299834,1.0369424338499456,000139-0010
scale-000139,qualification-synthetic,g,62011.0,19.08235656944797,0.8238648793550498,000139-0011
scale-000139,qualification-synthetic,g,62012.0,19.554133920892223,0.9575419579794057,000139-0012
scale-000139,qualification-synthetic,g,62013.0,21.823612700322506,1.1445930019925044,000139-0013
scale-000139,qualification-synthetic,g,62014.0,17.82177419357702,0.9310773156174549,000139-0014
scale-000139,qualification-synthetic,g,62015.0,20.04984162664454,1.0954078230916313,000139-0015
scale-000139,qualification-synthetic,g,62016.0,18.64325975412895,1.1833056233915882,000139-0016
scale-000139,qualification-synthetic,g,62017.0,20.408482648168242,0.9267657425089046,000139-0017
scale-000139,qualification-synthetic,g,62018.0,20.052169244134763,0.8380849807997928,000139-0018
scale-000139,qualification-synthetic,g,62019.0,20.177417344025205,0.987704968266631,000139-0019
scale-000139,qualification-synthetic,g,62020.0,20.949234755705994,0.943263585399559,000139-0020
scale-000139,qualification-synthetic,g,62021.0,20.77770352436187,0.8859907258820943,000139-0021
scale-000139,qualification-synthetic,g,62022.0,20.734899575296517,1.0167828984510354,000139-0022
scale-000139,qualification-synthetic,g,62023.0,20.630278406017556,0.8593844249044515,000139-0023
scale-000139,qualification-synthetic,g,62024.0,20.864951454248743,1.11688944922222,000139-0024
scale-000139,qualification-synthetic,g,62025.0,19.790869382759926,1.1047529417488133,000139-0025
scale-000139,qualification-synthetic,g,62026.0,20.85684067743582,0.8679420722700321,000139-0026
scale-000139,qualification-synthetic,g,62027.0,19.0101499128721,0.8302041965767675,000139-0027
scale-000139,qualification-synthetic,g,62028.0,19.71921794033727,1.1982880312887296,000139-0028
scale-000139,qualification-synthetic,g,62029.0,19.070428628427113,1.0063022607773056,000139-0029
scale-000139,qualification-synthetic,g,62030.0,23.297267070332474,1.1692977810310081,000139-0030
scale-000139,qualification-synthetic,g,62031.0,21.185427144250053,0.9767917614895477,000139-0031
scale-000140,qualification-synthetic,g,62000.0,20.05138683574264,0.8410877561698097,000140-0000
scale-000140,qualification-synthetic,g,62001.0,21.09190412969081,0.9683632704405831,000140-0001
scale-000140,qualification-synthetic,g,62002.0,19.48565485375971,0.8612098850634773,000140-0002
scale-000140,qualification-synthetic,g,62003.0,19.743156381551454,1.048225540225353,000140-0003
scale-000140,qualification-synthetic,g,62004.0,21.781193050356347,0.8907079895496494,000140-0004
scale-000140,qualification-synthetic,g,62005.0,15.26030121297471,1.1581783619367758,000140-0005
scale-000140,qualification-synthetic,g,62006.0,21.243834564079116,1.0389621117531098,000140-0006
scale-000140,qualification-synthetic,g,62007.0,20.933296814566127,0.9467134286738622,000140-0007
scale-000140,qualification-synthetic,g,62008.0,19.523588568639955,1.1913580952219676,000140-0008
scale-000140,qualification-synthetic,g,62009.0,16.90093340737112,1.0126331456112279,000140-0009
scale-000140,qualification-synthetic,g,62010.0,19.41015178081354,1.0110669372837022,000140-0010
scale-000140,qualification-synthetic,g,62011.0,20.59271848779645,1.108781307040557,000140-0011
scale-000140,qualification-synthetic,g,62012.0,20.201358991267725,1.13924883301772,000140-0012
scale-000140,qualification-synthetic,g,62013.0,20.6339870896238,0.8168908705329757,000140-0013
scale-000140,qualification-synthetic,g,62014.0,20.112997290328313,0.8825786529567639,000140-0014
scale-000140,qualification-synthetic,g,62015.0,20.019929891883187,0.9708612790255271,000140-0015
scale-000140,qualification-synthetic,g,62016.0,18.073332042372666,1.1367882263082165,000140-0016
scale-000140,qualification-synthetic,g,62017.0,19.09706495609938,0.9223339061908307,000140-0017
scale-000140,qualification-synthetic,g,62018.0,21.007812377082164,0.8975944071295505,000140-0018
scale-000140,qualification-synthetic,g,62019.0,19.53377257178092,1.050549162435208,000140-0019
scale-000140,qualification-synthetic,g,62020.0,19.728027485415126,1.0260301778826184,000140-0020
scale-000140,qualification-synthetic,g,62021.0,18.016567479934885,1.1523958846658067,000140-0021
scale-000140,qualification-synthetic,g,62022.0,20.57313744625422,1.1457475925851708,000140-0022
scale-000140,qualification-synthetic,g,62023.0,19.423958477026588,0.8614513740594563,000140-0023
scale-000140,qualification-synthetic,g,62024.0,21.658523218193714,0.889234740494676,000140-0024
scale-000140,qualification-synthetic,g,62025.0,20.11703765652493,0.804343494045386,000140-0025
scale-000140,qualification-synthetic,g,62026.0,22.535586017504546,1.042649260749702,000140-0026
scale-000140,qualification-synthetic,g,62027.0,20.708691046045406,1.0741790230867365,000140-0027
scale-000140,qualification-synthetic,g,62028.0,19.98074695166827,1.1887152233687979,000140-0028
scale-000140,qualification-synthetic,g,62029.0,21.329854938414666,0.9268505865534012,000140-0029
scale-000140,qualification-synthetic,g,62030.0,20.569077318067965,1.0824455591180835,000140-0030
scale-000140,qualification-synthetic,g,62031.0,18.88715702658096,1.0966824469324794,000140-0031
scale-000141,qualification-synthetic,g,62000.0,20.865529555075913,1.187921456858777,000141-0000
scale-000141,qualification-synthetic,g,62001.0,21.551310206036703,0.9106750404243223,000141-0001
scale-000141,qualification-synthetic,g,62002.0,21.747039168646328,1.0777477529000885,000141-0002
scale-000141,qualification-synthetic,g,62003.0,17.89342145165354,0.9684887708658506,000141-0003
scale-000141,qualification-synthetic,g,62004.0,19.040911871076077,1.1136266991365233,000141-0004
scale-000141,qualification-synthetic,g,62005.0,19.567422581806596,0.9855694087555948,000141-0005
scale-000141,qualification-synthetic,g,62006.0,22.328823951873552,1.1428464466151689,000141-0006
scale-000141,qualification-synthetic,g,62007.0,21.589644360391606,0.884334436667447,000141-0007
scale-000141,qualification-synthetic,g,62008.0,20.5382901001406,1.1532578153391955,000141-0008
scale-000141,qualification-synthetic,g,62009.0,19.317366911272668,1.1656920317955144,000141-0009
scale-000141,qualification-synthetic,g,62010.0,19.976349054752657,0.8881127583149955,000141-0010
scale-000141,qualification-synthetic,g,62011.0,18.381199434706115,0.964613571705405,000141-0011
scale-000141,qualification-synthetic,g,62012.0,19.823631081769758,0.8377922217217242,000141-0012
scale-000141,qualification-synthetic,g,62013.0,19.14632594831544,1.0944183701029564,000141-0013
scale-000141,qualification-synthetic,g,62014.0,19.19884675397416,1.1034601461284244,000141-0014
scale-000141,qualification-synthetic,g,62015.0,19.10630104986276,0.904077266337847,000141-0015
scale-000141,qualification-synthetic,g,62016.0,19.671619709144515,0.9875429000458287,000141-0016
scale-000141,qualification-synthetic,g,62017.0,19.247293796099424,1.1365554047343653,000141-0017
scale-000141,qualification-synthetic,g,62018.0,18.28429301090596,1.1346535572355556,000141-0018
scale-000141,qualification-synthetic,g,62019.0,20.11036320177339,0.9369159899782359,000141-0019
scale-000141,qualification-synthetic,g,62020.0,20.143033326404716,1.112607209879307,000141-0020
scale-000141,qualification-synthetic,g,62021.0,20.0520945329055,1.0691171351724698,000141-0021
scale-000141,qualification-synthetic,g,62022.0,22.913741729640375,0.9420495085159607,000141-0022
scale-000141,qualification-synthetic,g,62023.0,19.415922238253696,0.9436114612962683,000141-0023
scale-000141,qualification-synthetic,g,62024.0,20.190331667637533,1.0641021654792915,000141-0024
scale-000141,qualification-synthetic,g,62025.0,20.266301277886715,0.9822574218419236,000141-0025
scale-000141,qualification-synthetic,g,62026.0,20.48666234674962,0.8450538944361117,000141-0026
scale-000141,qualification-synthetic,g,62027.0,18.22520348010354,1.1253745806355855,000141-0027
scale-000141,qualification-synthetic,g,62028.0,21.575480550151,0.9316755017318653,000141-0028
scale-000141,qualification-synthetic,g,62029.0,19.003056299817224,1.1878156712180012,000141-0029
scale-000141,qualification-synthetic,g,62030.0,20.171770549606048,1.0888951008557621,000141-0030
scale-000141,qualification-synthetic,g,62031.0,17.864653618275604,1.0668050081512126,000141-0031
scale-000142,qualification-synthetic,g,62000.0,19.803638458525494,0.8454711740552712,000142-0000
scale-000142,qualification-synthetic,g,62001.0,22.87479597385976,0.9226961891478317,000142-0001
scale-000142,qualification-synthetic,g,62002.0,21.325306163792423,1.0069469727087186,000142-0002
scale-000142,qualification-synthetic,g,62003.0,19.478588155821374,0.98953093105434,000142-0003
scale-000142,qualification-synthetic,g,62004.0,20.24992802783035,0.8339996313115431,000142-0004
scale-000142,qualification-synthetic,g,62005.0,19.589923048422282,0.9400384990845178,000142-0005
scale-000142,qualification-synthetic,g,62006.0,19.806033773020783,0.9340042436800016,000142-0006
scale-000142,qualification-synthetic,g,62007.0,17.656703567560914,0.8873817752548628,000142-0007
scale-000142,qualification-synthetic,g,62008.0,19.137022713696684,1.1878479152198316,000142-0008
scale-000142,qualification-synthetic,g,62009.0,20.322370138778165,0.8679219968734,000142-0009
scale-000142,qualification-synthetic,g,62010.0,17.715319409091336,0.8406949267564661,000142-0010
scale-000142,qualification-synthetic,g,62011.0,19.88974121482325,0.9708807353464143,000142-0011
scale-000142,qualification-synthetic,g,62012.0,23.504593443823335,1.0921490214014338,000142-0012
scale-000142,qualification-synthetic,g,62013.0,17.462693342821215,1.0314426504504404,000142-0013
scale-000142,qualification-synthetic,g,62014.0,21.989518170248544,1.1014899702728864,000142-0014
scale-000142,qualification-synthetic,g,62015.0,19.873668362487262,1.0044309807507652,000142-0015
scale-000142,qualification-synthetic,g,62016.0,20.06531080647373,0.9747149474084041,000142-0016
scale-000142,qualification-synthetic,g,62017.0,20.770071861199835,0.9605162604470284,000142-0017
scale-000142,qualification-synthetic,g,62018.0,20.797421278108075,0.9229984950886756,000142-0018
scale-000142,qualification-synthetic,g,62019.0,21.45490801208998,1.0126003880160306,000142-0019
scale-000142,qualification-synthetic,g,62020.0,20.80382654008021,0.9877926700149139,000142-0020
scale-000142,qualification-synthetic,g,62021.0,17.625691584523835,1.080531979134787,000142-0021
scale-000142,qualification-synthetic,g,62022.0,19.856221020665334,0.9378371260435007,000142-0022
scale-000142,qualification-synthetic,g,62023.0,19.652647847057317,0.909478451118947,000142-0023
scale-000142,qualification-synthetic,g,62024.0,19.861488103260793,1.086881530748488,000142-0024
scale-000142,qualification-synthetic,g,62025.0,19.252471221540283,0.9922167266995097,000142-0025
scale-000142,qualification-synthetic,g,62026.0,20.406979386953893,1.1750046403188035,000142-0026
scale-000142,qualification-synthetic,g,62027.0,21.18787381804377,0.9479626930738768,000142-0027
scale-000142,qualification-synthetic,g,62028.0,20.076474304784096,0.9894765084277606,000142-0028
scale-000142,qualification-synthetic,g,62029.0,16.77110992650029,0.9820650649007643,000142-0029
scale-000142,qualification-synthetic,g,62030.0,19.674211465438418,1.0282762621277748,000142-0030
scale-000142,qualification-synthetic,g,62031.0,19.571105091316696,1.102552231842216,000142-0031
scale-000143,qualification-synthetic,g,62000.0,19.525691937464174,1.079896079652131,000143-0000
scale-000143,qualification-synthetic,g,62001.0,19.992660499916703,1.1534195006432497,000143-0001
scale-000143,qualification-synthetic,g,62002.0,20.234047585520692,0.9638440465451055,000143-0002
scale-000143,qualification-synthetic,g,62003.0,19.238048042541436,0.9954636075824291,000143-0003
scale-000143,qualification-synthetic,g,62004.0,18.98429188100279,1.167814255231936,000143-0004
scale-000143,qualification-synthetic,g,62005.0,22.287876415989373,0.9697975408337486,000143-0005
scale-000143,qualification-synthetic,g,62006.0,18.374294431932288,1.0737099474200626,000143-0006
scale-000143,qualification-synthetic,g,62007.0,21.970663134831305,1.0327700533714352,000143-0007
scale-000143,qualification-synthetic,g,62008.0,20.6323180783877,0.9961136899273609,000143-0008
scale-000143,qualification-synthetic,g,62009.0,22.902506912914987,1.0307540895489526,000143-0009
scale-000143,qualification-synthetic,g,62010.0,20.27114340594127,0.9452082366124686,000143-0010
scale-000143,qualification-synthetic,g,62011.0,19.85771161629045,1.0840647058256587,000143-0011
scale-000143,qualification-synthetic,g,62012.0,19.390726297095647,1.160009894713056,000143-0012
scale-000143,qualification-synthetic,g,62013.0,19.31061479313704,0.8895422159708363,000143-0013
scale-000143,qualification-synthetic,g,62014.0,20.920134849902993,1.0623887094220157,000143-0014
scale-000143,qualification-synthetic,g,62015.0,20.792488054413436,1.125141014752676,000143-0015
scale-000143,qualification-synthetic,g,62016.0,17.56134220547967,1.0733671759312446,000143-0016
scale-000143,qualification-synthetic,g,62017.0,20.349440490404483,0.8915357655091024,000143-0017
scale-000143,qualification-synthetic,g,62018.0,21.34949821783027,1.1625972532088282,000143-0018
scale-000143,qualification-synthetic,g,62019.0,20.830699447510586,1.083424847481676,000143-0019
scale-000143,qualification-synthetic,g,62020.0,20.37341603214069,0.8093141676746949,000143-0020
scale-000143,qualification-synthetic,g,62021.0,20.510640557744633,0.8192427725576759,000143-0021
scale-000143,qualification-synthetic,g,62022.0,18.85916739895452,0.8710417214973047,000143-0022
scale-000143,qualification-synthetic,g,62023.0,19.36134280054666,1.0149047026993943,000143-0023
scale-000143,qualification-synthetic,g,62024.0,22.011421865527762,0.8872737793996294,000143-0024
scale-000143,qualification-synthetic,g,62025.0,18.150490782803452,0.9130980838260256,000143-0025
scale-000143,qualification-synthetic,g,62026.0,20.17035327078487,1.100661241646548,000143-0026
scale-000143,qualification-synthetic,g,62027.0,19.559862711107844,0.869530045056511,000143-0027
scale-000143,qualification-synthetic,g,62028.0,20.51904064105135,1.1034878365655838,000143-0028
scale-000143,qualification-synthetic,g,62029.0,20.03625500820837,1.1986568805858864,000143-0029
scale-000143,qualification-synthetic,g,62030.0,19.588798615766905,0.8805589821726739,000143-0030
scale-000143,qualification-synthetic,g,62031.0,19.035735647955505,0.8960920266145858,000143-0031
scale-000144,qualification-synthetic,g,62000.0,19.66868153982878,1.1572172245858883,000144-0000
scale-000144,qualification-synthetic,g,62001.0,21.491669641048592,0.8301645740367448,000144-0001
scale-000144,qualification-synthetic,g,62002.0,18.14625146841118,1.1691762133255525,000144-0002
scale-000144,qualification-synthetic,g,62003.0,17.611872728139044,1.0416661932992204,000144-0003
scale-000144,qualification-synthetic,g,62004.0,18.98086141509056,1.149450094775574,000144-0004
scale-000144,qualification-synthetic,g,62005.0,19.301000596842503,1.0744227613761046,000144-0005
scale-000144,qualification-synthetic,g,62006.0,18.613417158675986,0.811615882569405,000144-0006
scale-000144,qualification-synthetic,g,62007.0,20.629114198494108,0.9154254165965406,000144-0007
scale-000144,qualification-synthetic,g,62008.0,17.379750512905876,1.005849022583603,000144-0008
scale-000144,qualification-synthetic,g,62009.0,20.11196410593207,1.1295988900013514,000144-0009
scale-000144,qualification-synthetic,g,62010.0,19.875799450386843,1.0836285359714848,000144-0010
scale-000144,qualification-synthetic,g,62011.0,22.05861895132011,0.9392652323689966,000144-0011
scale-000144,qualification-synthetic,g,62012.0,20.91610485482301,1.1544859374227132,000144-0012
scale-000144,qualification-synthetic,g,62013.0,21.051312040230126,1.0894174426160639,000144-0013
scale-000144,qualification-synthetic,g,62014.0,21.367079361543574,0.8026911745935835,000144-0014
scale-000144,qualification-synthetic,g,62015.0,20.921240435947666,0.8779552580461888,000144-0015
scale-000144,qualification-synthetic,g,62016.0,21.683175828552706,0.869024702948372,000144-0016
scale-000144,qualification-synthetic,g,62017.0,19.70605008682593,1.066758825424772,000144-0017
scale-000144,qualification-synthetic,g,62018.0,19.14130123409051,0.8566493783977521,000144-0018
scale-000144,qualification-synthetic,g,62019.0,19.04359308169726,0.9065868148679014,000144-0019
scale-000144,qualification-synthetic,g,62020.0,20.718836829797965,0.8205413547613234,000144-0020
scale-000144,qualification-synthetic,g,62021.0,19.999936722268682,0.9757707241103142,000144-0021
scale-000144,qualification-synthetic,g,62022.0,22.30566014783055,1.0403691982939196,000144-0022
scale-000144,qualification-synthetic,g,62023.0,22.115270637519878,0.8865862018259848,000144-0023
scale-000144,qualification-synthetic,g,62024.0,19.544767481304202,1.1216597415821987,000144-0024
scale-000144,qualification-synthetic,g,62025.0,19.16014313375207,0.8614811975241905,000144-0025
scale-000144,qualification-synthetic,g,62026.0,19.442403255411698,1.0536223375443012,000144-0026
scale-000144,qualification-synthetic,g,62027.0,19.339603127036554,0.8083407695583134,000144-0027
scale-000144,qualification-synthetic,g,62028.0,18.437929954324886,0.9578445122829568,000144-0028
scale-000144,qualification-synthetic,g,62029.0,20.183593197773874,0.8814738617484049,000144-0029
scale-000144,qualification-synthetic,g,62030.0,19.651575044476687,1.1308282729376333,000144-0030
scale-000144,qualification-synthetic,g,62031.0,20.023018006226895,0.8627694859388354,000144-0031
scale-000145,qualification-synthetic,g,62000.0,24.86907694957851,0.867059739277882,000145-0000
scale-000145,qualification-synthetic,g,62001.0,19.551100216746374,1.1618237936301061,000145-0001
scale-000145,qualification-synthetic,g,62002.0,20.799607963933656,0.8334027358321999,000145-0002
scale-000145,qualification-synthetic,g,62003.0,20.465126046115437,0.8489487514788716,000145-0003
scale-000145,qualification-synthetic,g,62004.0,19.636264930044092,0.9198231531111657,000145-0004
scale-000145,qualification-synthetic,g,62005.0,16.556385854619936,1.094511579706366,000145-0005
scale-000145,qualification-synthetic,g,62006.0,15.690172412266053,1.1360863736530658,000145-0006
scale-000145,qualification-synthetic,g,62007.0,19.793997147283626,1.0353115492360174,000145-0007
scale-000145,qualification-synthetic,g,62008.0,19.859202557615944,1.0941646047060334,000145-0008
scale-000145,qualification-synthetic,g,62009.0,20.792568278283614,1.0924081060479787,000145-0009
scale-000145,qualification-synthetic,g,62010.0,19.73640995371927,0.9228111158576966,000145-0010
scale-000145,qualification-synthetic,g,62011.0,20.261690652886536,0.9754058846440249,000145-0011
scale-000145,qualification-synthetic,g,62012.0,20.15577534651858,0.8527390284976087,000145-0012
scale-000145,qualification-synthetic,g,62013.0,19.186816304728456,1.1606880496941252,000145-0013
scale-000145,qualification-synthetic,g,62014.0,18.67752881762261,1.0892130245418774,000145-0014
scale-000145,qualification-synthetic,g,62015.0,19.550349832631824,0.9421160362109532,000145-0015
scale-000145,qualification-synthetic,g,62016.0,17.442655992159423,0.9374458428106347,000145-0016
scale-000145,qualification-synthetic,g,62017.0,20.438725182044248,1.1793314273624307,000145-0017
scale-000145,qualification-synthetic,g,62018.0,19.68754588400352,0.8947375354622572,000145-0018
scale-000145,qualification-synthetic,g,62019.0,19.88470677280755,0.9529539689133312,000145-0019
scale-000145,qualification-synthetic,g,62020.0,20.596379333118616,1.109847870722325,000145-0020
scale-000145,qualification-synthetic,g,62021.0,19.854062254418302,1.0385381229006885,000145-0021
scale-000145,qualification-synthetic,g,62022.0,19.898936514637054,1.0209278841527971,000145-0022
scale-000145,qualification-synthetic,g,62023.0,20.82035077444297,1.0950562497422036,000145-0023
scale-000145,qualification-synthetic,g,62024.0,20.895044679894777,1.1892662418830815,000145-0024
scale-000145,qualification-synthetic,g,62025.0,20.391243453332976,0.9405801348251822,000145-0025
scale-000145,qualification-synthetic,g,62026.0,22.718255986690497,1.1907526683625245,000145-0026
scale-000145,qualification-synthetic,g,62027.0,20.122197983225803,0.8680722549994494,000145-0027
scale-000145,qualification-synthetic,g,62028.0,20.76911273504852,0.8740958804895859,000145-0028
scale-000145,qualification-synthetic,g,62029.0,18.186093621700643,0.9338617152933266,000145-0029
scale-000145,qualification-synthetic,g,62030.0,20.61951028998022,1.1918595871823001,000145-0030
scale-000145,qualification-synthetic,g,62031.0,20.513336921885877,0.9701836106184795,000145-0031
scale-000146,qualification-synthetic,g,62000.0,21.616427267758773,0.9380713825698258,000146-0000
scale-000146,qualification-synthetic,g,62001.0,20.3305841472944,0.8264003818840894,000146-0001
scale-000146,qualification-synthetic,g,62002.0,19.805031910579046,0.8364148780114495,000146-0002
scale-000146,qualification-synthetic,g,62003.0,19.584186258750268,0.9944035142672354,000146-0003
scale-000146,qualification-synthetic,g,62004.0,19.673361310835062,1.0047928482016533,000146-0004
scale-000146,qualification-synthetic,g,62005.0,19.235352963417412,0.9677594087420633,000146-0005
scale-000146,qualification-synthetic,g,62006.0,18.45255092122735,0.8667563603450558,000146-0006
scale-000146,qualification-synthetic,g,62007.0,20.310444507595218,1.0993112685109059,000146-0007
scale-000146,qualification-synthetic,g,62008.0,19.181595650180117,1.018844447194116,000146-0008
scale-000146,qualification-synthetic,g,62009.0,20.489676779708166,1.1349081373333463,000146-0009
scale-000146,qualification-synthetic,g,62010.0,20.67709529914491,1.1005925846463946,000146-0010
scale-000146,qualification-synthetic,g,62011.0,22.923392396019434,1.1712132922555498,000146-0011
scale-000146,qualification-synthetic,g,62012.0,19.23950295299082,0.8124809292482206,000146-0012
scale-000146,qualification-synthetic,g,62013.0,20.11944912192809,0.8990174860730556,000146-0013
scale-000146,qualification-synthetic,g,62014.0,19.396721756841693,0.9174210013255305,000146-0014
scale-000146,qualification-synthetic,g,62015.0,20.276142120914738,0.9381191028142456,000146-0015
scale-000146,qualification-synthetic,g,62016.0,19.942670434944837,1.0538995494909127,000146-0016
scale-000146,qualification-synthetic,g,62017.0,20.92377755886926,1.1209469101602678,000146-0017
scale-000146,qualification-synthetic,g,62018.0,20.757746961102917,1.018443804096539,000146-0018
scale-000146,qualification-synthetic,g,62019.0,19.730002297367488,0.9576918921916963,000146-0019
scale-000146,qualification-synthetic,g,62020.0,20.507821654257704,1.092002354262439,000146-0020
scale-000146,qualification-synthetic,g,62021.0,19.37154545298553,1.078415621381205,000146-0021
scale-000146,qualification-synthetic,g,62022.0,17.542775502413264,0.8804128847854282,000146-0022
scale-000146,qualification-synthetic,g,62023.0,19.354891349539383,0.9026625001439775,000146-0023
scale-000146,qualification-synthetic,g,62024.0,21.583146047578072,1.067820799968333,000146-0024
scale-000146,qualification-synthetic,g,62025.0,18.99846649433994,1.0762239279023467,000146-0025
scale-000146,qualification-synthetic,g,62026.0,20.002212845391437,1.0946301238240574,000146-0026
scale-000146,qualification-synthetic,g,62027.0,22.372993572829326,1.1318488913716218,000146-0027
scale-000146,qualification-synthetic,g,62028.0,20.495287824162045,1.0096896497552514,000146-0028
scale-000146,qualification-synthetic,g,62029.0,19.67991382956667,0.9139465234224502,000146-0029
scale-000146,qualification-synthetic,g,62030.0,20.015091750384503,0.934114415967381,000146-0030
scale-000146,qualification-synthetic,g,62031.0,19.833267221399716,1.0474717680843795,000146-0031
scale-000147,qualification-synthetic,g,62000.0,20.740830569929763,1.0015907788100078,000147-0000
scale-000147,qualification-synthetic,g,62001.0,18.761940389814225,1.1910039548039826,000147-0001
scale-000147,qualification-synthetic,g,62002.0,21.5570751904529,1.1534718559074986,000147-0002
scale-000147,qualification-synthetic,g,62003.0,21.103807746273674,1.133891289079795,000147-0003
scale-000147,qualification-synthetic,g,62004.0,20.88467395218602,1.0826597012862271,000147-0004
scale-000147,qualification-synthetic,g,62005.0,20.547075333745816,0.8782481040229781,000147-0005
scale-000147,qualification-synthetic,g,62006.0,20.252992103628696,1.0361175240256317,000147-0006
scale-000147,qualification-synthetic,g,62007.0,19.957934798598824,0.9778841695623027,000147-0007
scale-000147,qualification-synthetic,g,62008.0,20.393611013367927,0.891916899640608,000147-0008
scale-000147,qualification-synthetic,g,62009.0,19.551180914674134,1.179769430698178,000147-0009
scale-000147,qualification-synthetic,g,62010.0,19.451952525343955,0.805396584169049,000147-0010
scale-000147,qualification-synthetic,g,62011.0,20.003752506596715,0.9512892761919508,000147-0011
scale-000147,qualification-synthetic,g,62012.0,21.45110013307223,1.1396106181834413,000147-0012
scale-000147,qualification-synthetic,g,62013.0,20.0270647625946,0.9267488582168321,000147-0013
scale-000147,qualification-synthetic,g,62014.0,21.17164484940842,0.920466575219673,000147-0014
scale-000147,qualification-synthetic,g,62015.0,20.25347974630021,0.8293452040739822,000147-0015
scale-000147,qualification-synthetic,g,62016.0,18.5829787904561,1.0126526824098785,000147-0016
scale-000147,qualification-synthetic,g,62017.0,21.644406797781855,1.0016400793407663,000147-0017
scale-000147,qualification-synthetic,g,62018.0,19.447698542101666,1.1813535221912486,000147-0018
scale-000147,qualification-synthetic,g,62019.0,19.32631345366563,0.9189725324283842,000147-0019
scale-000147,qualification-synthetic,g,62020.0,20.05433569238491,1.1929224511072172,000147-0020
scale-000147,qualification-synthetic,g,62021.0,18.85009467700329,1.0353498851173504,000147-0021
scale-000147,qualification-synthetic,g,62022.0,22.04832116472201,1.0690076885982942,000147-0022
scale-000147,qualification-synthetic,g,62023.0,19.909503105281242,1.023603843068982,000147-0023
scale-000147,qualification-synthetic,g,62024.0,20.600491108080593,1.1333063781663915,000147-0024
scale-000147,qualification-synthetic,g,62025.0,16.531316571520456,0.8934186211585257,000147-0025
scale-000147,qualification-synthetic,g,62026.0,18.477657316122922,1.0795844456218318,000147-0026
scale-000147,qualification-synthetic,g,62027.0,20.271382572792252,1.071828626179359,000147-0027
scale-000147,qualification-synthetic,g,62028.0,21.407476175035335,0.8644909657300105,000147-0028
scale-000147,qualification-synthetic,g,62029.0,19.474859979467166,0.8855813745906286,000147-0029
scale-000147,qualification-synthetic,g,62030.0,18.610864130504755,1.0063022086092432,000147-0030
scale-000147,qualification-synthetic,g,62031.0,21.370554613315015,0.9855838918712072,000147-0031
scale-000148,qualification-synthetic,g,62000.0,22.405496867403002,0.9911643288997273,000148-0000
scale-000148,qualification-synthetic,g,62001.0,20.991495855432742,0.9512582191812445,000148-0001
scale-000148,qualification-synthetic,g,62002.0,19.876246882047557,1.0840148234627547,000148-0002
scale-000148,qualification-synthetic,g,62003.0,19.278249821864527,0.8240770280195079,000148-0003
scale-000148,qualification-synthetic,g,62004.0,18.238983923676315,0.9729627426920374,000148-0004
scale-000148,qualification-synthetic,g,62005.0,20.200339253505923,1.0309550800780778,000148-0005
scale-000148,qualification-synthetic,g,62006.0,20.450980257211892,0.8129809293283761,000148-0006
scale-000148,qualification-synthetic,g,62007.0,20.631362530812115,1.1307509756576501,000148-0007
scale-000148,qualification-synthetic,g,62008.0,19.006509954850014,0.9626739177263289,000148-0008
scale-000148,qualification-synthetic,g,62009.0,23.081243383185456,0.8128981428963123,000148-0009
scale-000148,qualification-synthetic,g,62010.0,19.712023290730976,0.870592267326271,000148-0010
scale-000148,qualification-synthetic,g,62011.0,20.606898694348768,1.0345298648940413,000148-0011
scale-000148,qualification-synthetic,g,62012.0,20.0091158036066,1.196364065281577,000148-0012
scale-000148,qualification-synthetic,g,62013.0,18.764916895444937,0.9629507378543491,000148-0013
scale-000148,qualification-synthetic,g,62014.0,20.112519138722,1.1870203345058672,000148-0014
scale-000148,qualification-synthetic,g,62015.0,18.915545382572102,0.919988773444191,000148-0015
scale-000148,qualification-synthetic,g,62016.0,19.97570482264977,0.9230119150153719,000148-0016
scale-000148,qualification-synthetic,g,62017.0,18.798170420453644,1.0666400032430254,000148-0017
scale-000148,qualification-synthetic,g,62018.0,20.311148580194434,0.9341858219644097,000148-0018
scale-000148,qualification-synthetic,g,62019.0,19.798667002923796,1.0555737680088035,000148-0019
scale-000148,qualification-synthetic,g,62020.0,21.956865557641613,0.9724837451110304,000148-0020
scale-000148,qualification-synthetic,g,62021.0,16.70313210588188,1.007234943058814,000148-0021
scale-000148,qualification-synthetic,g,62022.0,18.359829014238187,0.908047046453658,000148-0022
scale-000148,qualification-synthetic,g,62023.0,17.61844695107646,1.0702854083119742,000148-0023
scale-000148,qualification-synthetic,g,62024.0,20.56602635735596,1.0448078521359223,000148-0024
scale-000148,qualification-synthetic,g,62025.0,17.624318224831587,1.1110168100139286,000148-0025
scale-000148,qualification-synthetic,g,62026.0,21.717711688951063,1.0102074853643639,000148-0026
scale-000148,qualification-synthetic,g,62027.0,20.4668785161671,1.1570124663990609,000148-0027
scale-000148,qualification-synthetic,g,62028.0,19.40824139687659,1.0867824145354252,000148-0028
scale-000148,qualification-synthetic,g,62029.0,20.253074446628666,0.93768874103974,000148-0029
scale-000148,qualification-synthetic,g,62030.0,19.09350394675274,0.8329968720246032,000148-0030
scale-000148,qualification-synthetic,g,62031.0,20.57026616923293,0.8734605808730627,000148-0031
scale-000149,qualification-synthetic,g,62000.0,20.965514702306628,1.1198572251444658,000149-0000
scale-000149,qualification-synthetic,g,62001.0,19.669229568864246,1.091797478102739,000149-0001
scale-000149,qualification-synthetic,g,62002.0,20.99355463850306,1.0688928303999081,000149-0002
scale-000149,qualification-synthetic,g,62003.0,20.525185977396777,0.8674609081431193,000149-0003
scale-000149,qualification-synthetic,g,62004.0,20.994771843729396,0.8868834569105875,000149-0004
scale-000149,qualification-synthetic,g,62005.0,19.060589393374478,0.8246913602345953,000149-0005
scale-000149,qualification-synthetic,g,62006.0,20.828439843158293,1.032209117723997,000149-0006
scale-000149,qualification-synthetic,g,62007.0,18.865643721943048,1.1124280479704207,000149-0007
scale-000149,qualification-synthetic,g,62008.0,20.97107585627615,1.0942312702917962,000149-0008
scale-000149,qualification-synthetic,g,62009.0,19.60165554372196,1.060005053544215,000149-0009
scale-000149,qualification-synthetic,g,62010.0,20.585443688350853,1.0124450560443985,000149-0010
scale-000149,qualification-synthetic,g,62011.0,17.78075216046743,1.1743557262365987,000149-0011
scale-000149,qualification-synthetic,g,62012.0,19.013751134680433,1.03481928072878,000149-0012
scale-000149,qualification-synthetic,g,62013.0,21.078208488625354,1.0177349057785687,000149-0013
scale-000149,qualification-synthetic,g,62014.0,20.022666880607243,0.8406063098264739,000149-0014
scale-000149,qualification-synthetic,g,62015.0,21.02463580193996,0.9908337861660866,000149-0015
scale-000149,qualification-synthetic,g,62016.0,22.528049795040797,0.9930012149488279,000149-0016
scale-000149,qualification-synthetic,g,62017.0,18.742325019580132,0.9340209386245047,000149-0017
scale-000149,qualification-synthetic,g,62018.0,21.30730354384088,1.0773515222374277,000149-0018
scale-000149,qualification-synthetic,g,62019.0,20.635716372865215,1.1493694563825076,000149-0019
scale-000149,qualification-synthetic,g,62020.0,19.29301076818514,0.8163258839374719,000149-0020
scale-000149,qualification-synthetic,g,62021.0,18.566286494720654,1.100774367178891,000149-0021
scale-000149,qualification-synthetic,g,62022.0,21.07170754880048,0.9144908801770653,000149-0022
scale-000149,qualification-synthetic,g,62023.0,20.21443482373274,1.186742729761713,000149-0023
scale-000149,qualification-synthetic,g,62024.0,18.34643188158575,1.1699038966141038,000149-0024
scale-000149,qualification-synthetic,g,62025.0,21.425030946538566,0.8522177643561568,000149-0025
scale-000149,qualification-synthetic,g,62026.0,20.02650597841879,1.0594069016998704,000149-0026
scale-000149,qualification-synthetic,g,62027.0,21.001806623215003,1.1184316137434964,000149-0027
scale-000149,qualification-synthetic,g,62028.0,23.435548373217845,0.9265296058542157,000149-0028
scale-000149,qualification-synthetic,g,62029.0,22.46523524297417,1.043020585506725,000149-0029
scale-000149,qualification-synthetic,g,62030.0,18.09665566487378,1.17511472190293,000149-0030
scale-000149,qualification-synthetic,g,62031.0,19.13352487791044,1.0902049257128883,000149-0031
scale-000150,qualification-synthetic,g,62000.0,18.751507671157498,0.9201465673331746,000150-0000
scale-000150,qualification-synthetic,g,62001.0,19.831760729576658,0.8658089929118221,000150-0001
scale-000150,qualification-synthetic,g,62002.0,19.703988359124693,0.9794456603435496,000150-0002
scale-000150,qualification-synthetic,g,62003.0,21.79421408705286,1.0137864528396716,000150-0003
scale-000150,qualification-synthetic,g,62004.0,20.375626159553963,0.8694311182299483,000150-0004
scale-000150,qualification-synthetic,g,62005.0,19.903619538862365,0.945765549253608,000150-0005
scale-000150,qualification-synthetic,g,62006.0,20.79291301842582,1.0877560130077868,000150-0006
scale-000150,qualification-synthetic,g,62007.0,21.17173864015684,0.9265954553608593,000150-0007
scale-000150,qualification-synthetic,g,62008.0,19.118698181690835,0.9789057454598518,000150-0008
scale-000150,qualification-synthetic,g,62009.0,19.363886529875128,0.8484400087314741,000150-0009
scale-000150,qualification-synthetic,g,62010.0,20.782211420364728,1.07819249412159,000150-0010
scale-000150,qualification-synthetic,g,62011.0,19.5188185066443,1.0045152393634922,000150-0011
scale-000150,qualification-synthetic,g,62012.0,18.596826464523055,0.8815183107693285,000150-0012
scale-000150,qualification-synthetic,g,62013.0,19.163984875698965,0.8855040941924618,000150-0013
scale-000150,qualification-synthetic,g,62014.0,22.037899571815124,1.1659191541448277,000150-0014
scale-000150,qualification-synthetic,g,62015.0,22.5856036664663,0.9747893219198714,000150-0015
scale-000150,qualification-synthetic,g,62016.0,25.31310423115895,0.9680952802489735,000150-0016
scale-000150,qualification-synthetic,g,62017.0,25.737311629886886,0.84687468349647,000150-0017
scale-000150,qualification-synthetic,g,62018.0,25.492844726027066,0.85159724628245,000150-0018
scale-000150,qualification-synthetic,g,62019.0,26.357503979194938,1.0787813881003359,000150-0019
scale-000150,qualification-synthetic,g,62020.0,20.5204150634268,1.0342576395590688,000150-0020
scale-000150,qualification-synthetic,g,62021.0,24.39145465941101,1.1703532648710484,000150-0021
scale-000150,qualification-synthetic,g,62022.0,20.52093412791623,1.0763550226882348,000150-0022
scale-000150,qualification-synthetic,g,62023.0,19.488930406261844,1.1846783423904999,000150-0023
scale-000150,qualification-synthetic,g,62024.0,20.83189537530639,0.8389081393384118,000150-0024
scale-000150,qualification-synthetic,g,62025.0,19.011560263165055,0.9544817807684006,000150-0025
scale-000150,qualification-synthetic,g,62026.0,19.165963101498797,1.0795123663804322,000150-0026
scale-000150,qualification-synthetic,g,62027.0,19.65307167428475,0.9466513306061008,000150-0027
scale-000150,qualification-synthetic,g,62028.0,24.104536278371558,0.9194018268042194,000150-0028
scale-000150,qualification-synthetic,g,62029.0,17.704010649924903,0.9183423510037975,000150-0029
scale-000150,qualification-synthetic,g,62030.0,19.587266069522105,1.0936414925333136,000150-0030
scale-000150,qualification-synthetic,g,62031.0,19.191787520815243,1.1491146897652418,000150-0031
scale-000151,qualification-synthetic,g,62000.0,19.91279509381028,0.8853837816130977,000151-0000
scale-000151,qualification-synthetic,g,62001.0,19.636734023136786,0.993878586009036,000151-0001
scale-000151,qualification-synthetic,g,62002.0,20.646091807433315,1.0912234314424756,000151-0002
scale-000151,qualification-synthetic,g,62003.0,21.463600950294396,0.8772674848588866,000151-0003
scale-000151,qualification-synthetic,g,62004.0,20.035893180212447,0.9218657560168001,000151-0004
scale-000151,qualification-synthetic,g,62005.0,19.002479151056622,1.0385881696026178,000151-0005
scale-000151,qualification-synthetic,g,62006.0,19.76934902595912,0.8920674515679218,000151-0006
scale-000151,qualification-synthetic,g,62007.0,17.876429122329526,1.0045685717506458,000151-0007
scale-000151,qualification-synthetic,g,62008.0,21.139594048947462,1.002003586569211,000151-0008
scale-000151,qualification-synthetic,g,62009.0,21.076098387179204,1.0062463891850375,000151-0009
scale-000151,qualification-synthetic,g,62010.0,19.637093148836193,0.8195716386401877,000151-0010
scale-000151,qualification-synthetic,g,62011.0,21.83739332591048,1.0979271633825043,000151-0011
scale-000151,qualification-synthetic,g,62012.0,19.36131133636516,0.9671837156781588,000151-0012
scale-000151,qualification-synthetic,g,62013.0,21.001616197045372,0.9409423286558551,000151-0013
scale-000151,qualification-synthetic,g,62014.0,21.02953435259587,1.0755597434270798,000151-0014
scale-000151,qualification-synthetic,g,62015.0,20.30124455990207,1.1867441056112062,000151-0015
scale-000151,qualification-synthetic,g,62016.0,19.906679164188063,0.8158821874093763,000151-0016
scale-000151,qualification-synthetic,g,62017.0,20.394258134563803,1.1955622169657953,000151-0017
scale-000151,qualification-synthetic,g,62018.0,18.875551646008436,0.8718132325573168,000151-0018
scale-000151,qualification-synthetic,g,62019.0,16.868893611028675,0.8894546071197826,000151-0019
scale-000151,qualification-synthetic,g,62020.0,21.076573677785,1.159777422488893,000151-0020
scale-000151,qualification-synthetic,g,62021.0,20.556027350012286,0.9728608445065702,000151-0021
scale-000151,qualification-synthetic,g,62022.0,20.68651702799746,0.9689564732491995,000151-0022
scale-000151,qualification-synthetic,g,62023.0,21.672395821906882,1.057760242562631,000151-0023
scale-000151,qualification-synthetic,g,62024.0,21.14611088325391,0.8482367928176692,000151-0024
scale-000151,qualification-synthetic,g,62025.0,20.399704317148966,0.9062468810107162,000151-0025
scale-000151,qualification-synthetic,g,62026.0,19.689108071266165,1.184021647411269,000151-0026
scale-000151,qualification-synthetic,g,62027.0,21.761081014501972,0.8210171614389007,000151-0027
scale-000151,qualification-synthetic,g,62028.0,19.419609002282403,0.9718587832162797,000151-0028
scale-000151,qualification-synthetic,g,62029.0,20.403038547775946,1.0790598756894445,000151-0029
scale-000151,qualification-synthetic,g,62030.0,18.082763358551876,1.194022296402409,000151-0030
scale-000151,qualification-synthetic,g,62031.0,21.046302926011236,0.8844991600807941,000151-0031
scale-000152,qualification-synthetic,g,62000.0,21.870942797367654,0.8905072518690486,000152-0000
scale-000152,qualification-synthetic,g,62001.0,21.201812890045733,0.8744463143548588,000152-0001
scale-000152,qualification-synthetic,g,62002.0,19.481885814046557,0.9804608339347429,000152-0002
scale-000152,qualification-synthetic,g,62003.0,20.165230876221536,0.8617255712132036,000152-0003
scale-000152,qualification-synthetic,g,62004.0,17.828615249916975,1.1734586659940633,000152-0004
scale-000152,qualification-synthetic,g,62005.0,20.491513433940963,1.1780048815496558,000152-0005
scale-000152,qualification-synthetic,g,62006.0,20.013831286800063,0.9080792559659928,000152-0006
scale-000152,qualification-synthetic,g,62007.0,19.085450474920687,0.9069052702184122,000152-0007
scale-000152,qualification-synthetic,g,62008.0,19.38052574049118,1.1621577810968364,000152-0008
scale-000152,qualification-synthetic,g,62009.0,19.90553515599916,1.0395814843900235,000152-0009
scale-000152,qualification-synthetic,g,62010.0,19.90327128790486,1.0190660003756495,000152-0010
scale-000152,qualification-synthetic,g,62011.0,21.31828833894009,0.9461936907905296,000152-0011
scale-000152,qualification-synthetic,g,62012.0,20.874772208957683,0.8478856971381741,000152-0012
scale-000152,qualification-synthetic,g,62013.0,21.481021227137866,0.9518685465224452,000152-0013
scale-000152,qualification-synthetic,g,62014.0,19.595693197291926,0.9236201810837839,000152-0014
scale-000152,qualification-synthetic,g,62015.0,19.461677993105937,0.990064196027006,000152-0015
scale-000152,qualification-synthetic,g,62016.0,21.202657292300145,1.0884561043017777,000152-0016
scale-000152,qualification-synthetic,g,62017.0,19.98607762585233,1.18421688816947,000152-0017
scale-000152,qualification-synthetic,g,62018.0,20.219154596714493,1.0891845851187487,000152-0018
scale-000152,qualification-synthetic,g,62019.0,17.815219141646686,1.0435659071365782,000152-0019
scale-000152,qualification-synthetic,g,62020.0,18.917431631050146,1.1227274551504531,000152-0020
scale-000152,qualification-synthetic,g,62021.0,21.981768813887303,1.030922330652979,000152-0021
scale-000152,qualification-synthetic,g,62022.0,18.743933547122893,0.8169068729531386,000152-0022
scale-000152,qualification-synthetic,g,62023.0,20.35216218117447,0.9786271697457047,000152-0023
scale-000152,qualification-synthetic,g,62024.0,19.551929865448866,0.9040253785165419,000152-0024
scale-000152,qualification-synthetic,g,62025.0,18.816075184295276,0.8716234840830968,000152-0025
scale-000152,qualification-synthetic,g,62026.0,18.944372448142754,0.9966836039953765,000152-0026
scale-000152,qualification-synthetic,g,62027.0,19.592085815145868,0.8861744286236833,000152-0027
scale-000152,qualification-synthetic,g,62028.0,20.5149801169477,1.158693363668989,000152-0028
scale-000152,qualification-synthetic,g,62029.0,20.0052485454585,1.1874515975226296,000152-0029
scale-000152,qualification-synthetic,g,62030.0,21.431498909948424,1.0791928631382106,000152-0030
scale-000152,qualification-synthetic,g,62031.0,19.76089006180915,1.1258968401148888,000152-0031
scale-000153,qualification-synthetic,g,62000.0,20.44075055109792,0.9542419490027512,000153-0000
scale-000153,qualification-synthetic,g,62001.0,20.875880138338033,0.8713850920454519,000153-0001
scale-000153,qualification-synthetic,g,62002.0,21.16220524729148,1.1527727890524466,000153-0002
scale-000153,qualification-synthetic,g,62003.0,19.333746873979333,0.8069014249570794,000153-0003
scale-000153,qualification-synthetic,g,62004.0,17.766950365671043,1.0912764577927876,000153-0004
scale-000153,qualification-synthetic,g,62005.0,21.26833135734966,1.0974886659600185,000153-0005
scale-000153,qualification-synthetic,g,62006.0,20.239554672017203,0.9029520063155625,000153-0006
scale-000153,qualification-synthetic,g,62007.0,20.007185823298823,0.9132220290815947,000153-0007
scale-000153,qualification-synthetic,g,62008.0,21.017176540349283,1.096409879376077,000153-0008
scale-000153,qualification-synthetic,g,62009.0,22.53121409061957,1.1808595991042972,000153-0009
scale-000153,qualification-synthetic,g,62010.0,21.861870365298827,1.193066073850856,000153-0010
scale-000153,qualification-synthetic,g,62011.0,20.27365271896126,1.1663056818933781,000153-0011
scale-000153,qualification-synthetic,g,62012.0,19.322252046465902,0.9473274384891631,000153-0012
scale-000153,qualification-synthetic,g,62013.0,20.088794701481998,0.9563185381392659,000153-0013
scale-000153,qualification-synthetic,g,62014.0,19.01242870023235,1.1261283139297908,000153-0014
scale-000153,qualification-synthetic,g,62015.0,19.94078010150113,1.1920469086119163,000153-0015
scale-000153,qualification-synthetic,g,62016.0,18.012691009704554,1.1330671458711086,000153-0016
scale-000153,qualification-synthetic,g,62017.0,17.667660612554947,1.1227090421502717,000153-0017
scale-000153,qualification-synthetic,g,62018.0,18.745401280983074,0.9882378611066058,000153-0018
scale-000153,qualification-synthetic,g,62019.0,19.825802233380198,0.9206323137062299,000153-0019
scale-000153,qualification-synthetic,g,62020.0,20.205502280858735,0.964485511486266,000153-0020
scale-000153,qualification-synthetic,g,62021.0,21.161262022057393,1.1942108943418885,000153-0021
scale-000153,qualification-synthetic,g,62022.0,19.39422852496401,0.8720754257541986,000153-0022
scale-000153,qualification-synthetic,g,62023.0,20.72285172861913,1.0636391294500989,000153-0023
scale-000153,qualification-synthetic,g,62024.0,21.60448464421112,1.0912086992392689,000153-0024
scale-000153,qualification-synthetic,g,62025.0,19.348271131895796,0.9815712394520989,000153-0025
scale-000153,qualification-synthetic,g,62026.0,20.093251000113494,0.8249578170938814,000153-0026
scale-000153,qualification-synthetic,g,62027.0,19.990012594544833,1.0593593681779105,000153-0027
scale-000153,qualification-synthetic,g,62028.0,20.31751962547831,0.814827920763372,000153-0028
scale-000153,qualification-synthetic,g,62029.0,20.35034179518634,1.0279233446836311,000153-0029
scale-000153,qualification-synthetic,g,62030.0,21.614519060103273,0.9456343103571582,000153-0030
scale-000153,qualification-synthetic,g,62031.0,20.24057325980915,0.9565600202915986,000153-0031
scale-000154,qualification-synthetic,g,62000.0,19.172332654103563,1.0889264486923853,000154-0000
scale-000154,qualification-synthetic,g,62001.0,19.404066900558806,0.9702060400987064,000154-0001
scale-000154,qualification-synthetic,g,62002.0,19.349421334670303,0.8091682227686927,000154-0002
scale-000154,qualification-synthetic,g,62003.0,19.65004897584242,1.0525595490148492,000154-0003
scale-000154,qualification-synthetic,g,62004.0,20.734298229963883,1.123548553096766,000154-0004
scale-000154,qualification-synthetic,g,62005.0,20.638055491587735,1.027886848262607,000154-0005
scale-000154,qualification-synthetic,g,62006.0,20.631774602492346,1.017740824235345,000154-0006
scale-000154,qualification-synthetic,g,62007.0,22.563622263566,1.0504686586344276,000154-0007
scale-000154,qualification-synthetic,g,62008.0,19.507457898293694,1.1362237610724824,000154-0008
scale-000154,qualification-synthetic,g,62009.0,19.884453290649752,0.8088677594607175,000154-0009
scale-000154,qualification-synthetic,g,62010.0,22.776562350039804,1.0545914446135558,000154-0010
scale-000154,qualification-synthetic,g,62011.0,20.357913984450658,1.0173605911493997,000154-0011
scale-000154,qualification-synthetic,g,62012.0,19.09816551109209,0.9661476821598302,000154-0012
scale-000154,qualification-synthetic,g,62013.0,23.07628921604417,0.9651484059838024,000154-0013
scale-000154,qualification-synthetic,g,62014.0,15.949622161889515,0.9545462945415595,000154-0014
scale-000154,qualification-synthetic,g,62015.0,20.62763247667567,1.154628608611483,000154-0015
scale-000154,qualification-synthetic,g,62016.0,20.078327925151534,1.0967205862945995,000154-0016
scale-000154,qualification-synthetic,g,62017.0,19.65794525732267,0.8994356706642636,000154-0017
scale-000154,qualification-synthetic,g,62018.0,19.702699343180342,0.8714398782300444,000154-0018
scale-000154,qualification-synthetic,g,62019.0,17.287667101306226,1.155496961027396,000154-0019
scale-000154,qualification-synthetic,g,62020.0,19.846599892031588,0.9868713875868964,000154-0020
scale-000154,qualification-synthetic,g,62021.0,20.259189409782167,1.146058440747299,000154-0021
scale-000154,qualification-synthetic,g,62022.0,21.774722098202314,1.0169166330668769,000154-0022
scale-000154,qualification-synthetic,g,62023.0,20.118614020418104,1.0545895640212748,000154-0023
scale-000154,qualification-synthetic,g,62024.0,20.21071010365244,0.9222514925052965,000154-0024
scale-000154,qualification-synthetic,g,62025.0,20.76491043761006,1.1044147414127075,000154-0025
scale-000154,qualification-synthetic,g,62026.0,17.901586510208972,1.153713533244276,000154-0026
scale-000154,qualification-synthetic,g,62027.0,19.916264833841993,0.9448423214744247,000154-0027
scale-000154,qualification-synthetic,g,62028.0,19.641278775141895,0.8608618348022791,000154-0028
scale-000154,qualification-synthetic,g,62029.0,20.980354511788104,0.945110613608645,000154-0029
scale-000154,qualification-synthetic,g,62030.0,19.65502303967862,0.8976098757594592,000154-0030
scale-000154,qualification-synthetic,g,62031.0,21.84939622788211,0.9053730443441227,000154-0031
scale-000155,qualification-synthetic,g,62000.0,19.744629426562813,1.053841824899105,000155-0000
scale-000155,qualification-synthetic,g,62001.0,19.38318833097714,0.8883874818548321,000155-0001
scale-000155,qualification-synthetic,g,62002.0,18.563269381096177,0.9744199043048669,000155-0002
scale-000155,qualification-synthetic,g,62003.0,20.14057257435272,0.9584067819650162,000155-0003
scale-000155,qualification-synthetic,g,62004.0,19.750082784472035,0.9730136896096345,000155-0004
scale-000155,qualification-synthetic,g,62005.0,21.359131137176412,1.056586640219408,000155-0005
scale-000155,qualification-synthetic,g,62006.0,19.84865728737818,0.832551099581715,000155-0006
scale-000155,qualification-synthetic,g,62007.0,20.81159284070124,1.1035897247442588,000155-0007
scale-000155,qualification-synthetic,g,62008.0,19.593747143650557,1.0755495702020246,000155-0008
scale-000155,qualification-synthetic,g,62009.0,18.78848843049877,0.8186462326101474,000155-0009
scale-000155,qualification-synthetic,g,62010.0,21.000330660731077,1.164357099986581,000155-0010
scale-000155,qualification-synthetic,g,62011.0,19.606921202595274,0.9436873669392142,000155-0011
scale-000155,qualification-synthetic,g,62012.0,21.11460522032926,0.9941766202136748,000155-0012
scale-000155,qualification-synthetic,g,62013.0,17.841342208374982,1.1714701538021899,000155-0013
scale-000155,qualification-synthetic,g,62014.0,19.51151751514191,0.9909306499140504,000155-0014
scale-000155,qualification-synthetic,g,62015.0,19.267132354088645,0.9726145109545834,000155-0015
scale-000155,qualification-synthetic,g,62016.0,20.562146865001807,1.1256393347337215,000155-0016
scale-000155,qualification-synthetic,g,62017.0,20.13153499833828,1.0984561133909783,000155-0017
scale-000155,qualification-synthetic,g,62018.0,20.130966390619463,1.1254683015700093,000155-0018
scale-000155,qualification-synthetic,g,62019.0,22.81656889585723,1.0183164741603465,000155-0019
scale-000155,qualification-synthetic,g,62020.0,23.630316145498163,1.1403019619212145,000155-0020
scale-000155,qualification-synthetic,g,62021.0,20.18117563459279,0.8392922525113323,000155-0021
scale-000155,qualification-synthetic,g,62022.0,20.379707150899183,0.914508619814093,000155-0022
scale-000155,qualification-synthetic,g,62023.0,20.426266618697163,0.9187690913318634,000155-0023
scale-000155,qualification-synthetic,g,62024.0,19.372036020388595,1.0618744270518565,000155-0024
scale-000155,qualification-synthetic,g,62025.0,19.994836372983976,1.0064790137791977,000155-0025
scale-000155,qualification-synthetic,g,62026.0,20.464718135093754,0.8258053945179462,000155-0026
scale-000155,qualification-synthetic,g,62027.0,19.395175200871822,0.801041119876301,000155-0027
scale-000155,qualification-synthetic,g,62028.0,20.935375677856545,0.8720392216486931,000155-0028
scale-000155,qualification-synthetic,g,62029.0,21.2657005040478,0.8285983972304654,000155-0029
scale-000155,qualification-synthetic,g,62030.0,19.777439314662942,1.0183852401735307,000155-0030
scale-000155,qualification-synthetic,g,62031.0,20.012993549163244,0.8545505269427202,000155-0031
scale-000156,qualification-synthetic,g,62000.0,20.37609370997059,1.0873831749976652,000156-0000
scale-000156,qualification-synthetic,g,62001.0,19.911475988496203,0.8294200751001414,000156-0001
scale-000156,qualification-synthetic,g,62002.0,22.756794150499836,1.0740963807900772,000156-0002
scale-000156,qualification-synthetic,g,62003.0,20.149270453677143,0.9907443858374869,000156-0003
scale-000156,qualification-synthetic,g,62004.0,19.99473580585165,0.8840179117310839,000156-0004
scale-000156,qualification-synthetic,g,62005.0,20.193131155127517,0.9466603591330441,000156-0005
scale-000156,qualification-synthetic,g,62006.0,19.080210807811977,0.9552016302852497,000156-0006
scale-000156,qualification-synthetic,g,62007.0,18.128843844340555,1.023227360337794,000156-0007
scale-000156,qualification-synthetic,g,62008.0,20.85361342111191,0.915739218020195,000156-0008
scale-000156,qualification-synthetic,g,62009.0,15.8363104180931,0.9238543039223718,000156-0009
scale-000156,qualification-synthetic,g,62010.0,22.317269961171007,1.1413377568623502,000156-0010
scale-000156,qualification-synthetic,g,62011.0,24.848815109475932,0.8921940396257926,000156-0011
scale-000156,qualification-synthetic,g,62012.0,18.766729373850268,0.8874927561427487,000156-0012
scale-000156,qualification-synthetic,g,62013.0,19.721010460517366,1.0639847106174,000156-0013
scale-000156,qualification-synthetic,g,62014.0,22.48563684552493,1.1702466835978387,000156-0014
scale-000156,qualification-synthetic,g,62015.0,20.335276538697034,1.0913422870176601,000156-0015
scale-000156,qualification-synthetic,g,62016.0,18.34971305512631,0.8009996602106275,000156-0016
scale-000156,qualification-synthetic,g,62017.0,20.588171082406888,0.8388704446622498,000156-0017
scale-000156,qualification-synthetic,g,62018.0,20.475484880636625,1.1028390195052897,000156-0018
scale-000156,qualification-synthetic,g,62019.0,21.213008021037137,1.1745031560202797,000156-0019
scale-000156,qualification-synthetic,g,62020.0,20.150269715187637,1.0888841702422645,000156-0020
scale-000156,qualification-synthetic,g,62021.0,22.78169073962664,1.075660125370825,000156-0021
scale-000156,qualification-synthetic,g,62022.0,18.680644360734078,1.02446102260296,000156-0022
scale-000156,qualification-synthetic,g,62023.0,19.4836485331385,0.8354520849552001,000156-0023
scale-000156,qualification-synthetic,g,62024.0,19.724517744538048,0.973823636330721,000156-0024
scale-000156,qualification-synthetic,g,62025.0,19.971185139850324,0.9914213645612269,000156-0025
scale-000156,qualification-synthetic,g,62026.0,20.18951852245978,1.0940662616115038,000156-0026
scale-000156,qualification-synthetic,g,62027.0,16.613064950321206,1.164327427626617,000156-0027
scale-000156,qualification-synthetic,g,62028.0,18.55494307476864,0.8750905399266584,000156-0028
scale-000156,qualification-synthetic,g,62029.0,21.65718970083581,1.114914984018978,000156-0029
scale-000156,qualification-synthetic,g,62030.0,20.44398995724048,0.8135396421399036,000156-0030
scale-000156,qualification-synthetic,g,62031.0,22.229846537544013,1.078051412390252,000156-0031
scale-000157,qualification-synthetic,g,62000.0,19.20444176437372,1.0542569826079413,000157-0000
scale-000157,qualification-synthetic,g,62001.0,19.79684996370336,0.8451854974519513,000157-0001
scale-000157,qualification-synthetic,g,62002.0,21.463767743275746,0.9310556940641169,000157-0002
scale-000157,qualification-synthetic,g,62003.0,18.984803016104635,1.1172428971887354,000157-0003
scale-000157,qualification-synthetic,g,62004.0,18.4521075624419,0.8489604641303219,000157-0004
scale-000157,qualification-synthetic,g,62005.0,21.20735587546474,0.9541112007906447,000157-0005
scale-000157,qualification-synthetic,g,62006.0,18.256864492605263,1.1595013985245832,000157-0006
scale-000157,qualification-synthetic,g,62007.0,19.272980259537107,1.176604888343905,000157-0007
scale-000157,qualification-synthetic,g,62008.0,19.85535942795008,0.9230150660960992,000157-0008
scale-000157,qualification-synthetic,g,62009.0,19.739914574760963,0.9652435046360383,000157-0009
scale-000157,qualification-synthetic,g,62010.0,18.659777266221724,0.8155105234784636,000157-0010
scale-000157,qualification-synthetic,g,62011.0,20.87495210330243,0.9367052436773066,000157-0011
scale-000157,qualification-synthetic,g,62012.0,22.013052050726763,1.0017584204121273,000157-0012
scale-000157,qualification-synthetic,g,62013.0,20.52475432174097,1.0192565749564773,000157-0013
scale-000157,qualification-synthetic,g,62014.0,20.811180333131382,0.9735839112633915,000157-0014
scale-000157,qualification-synthetic,g,62015.0,19.01219046047585,1.0708797469840434,000157-0015
scale-000157,qualification-synthetic,g,62016.0,20.242795030381572,0.9563092512551166,000157-0016
scale-000157,qualification-synthetic,g,62017.0,19.097631487437198,1.0512141786976128,000157-0017
scale-000157,qualification-synthetic,g,62018.0,21.30792471683601,0.950161350070936,000157-0018
scale-000157,qualification-synthetic,g,62019.0,19.69289778370841,1.1265247976149062,000157-0019
scale-000157,qualification-synthetic,g,62020.0,20.94753216366476,1.1171469470768405,000157-0020
scale-000157,qualification-synthetic,g,62021.0,20.195777218578534,1.1158730987726624,000157-0021
scale-000157,qualification-synthetic,g,62022.0,20.17695493611723,1.1154565067285858,000157-0022
scale-000157,qualification-synthetic,g,62023.0,20.715780004669284,0.9630861017914432,000157-0023
scale-000157,qualification-synthetic,g,62024.0,19.21390903615121,0.9148407335135266,000157-0024
scale-000157,qualification-synthetic,g,62025.0,22.21206906852177,0.9308099137404423,000157-0025
scale-000157,qualification-synthetic,g,62026.0,20.063282639460027,0.8917080012067061,000157-0026
scale-000157,qualification-synthetic,g,62027.0,20.91827270002539,1.0084082201258897,000157-0027
scale-000157,qualification-synthetic,g,62028.0,19.082049698759384,0.9155084982357119,000157-0028
scale-000157,qualification-synthetic,g,62029.0,21.722333903901315,1.1317307763473665,000157-0029
scale-000157,qualification-synthetic,g,62030.0,19.04204860441385,0.8316409638159129,000157-0030
scale-000157,qualification-synthetic,g,62031.0,19.67608002066532,0.9549196139426639,000157-0031
scale-000158,qualification-synthetic,g,62000.0,22.195619607041785,1.025021245724995,000158-0000
scale-000158,qualification-synthetic,g,62001.0,19.261423488711607,1.111189299746768,000158-0001
scale-000158,qualification-synthetic,g,62002.0,21.263443034786892,1.0207580649077925,000158-0002
scale-000158,qualification-synthetic,g,62003.0,20.11827357213381,0.9498323636150431,000158-0003
scale-000158,qualification-synthetic,g,62004.0,17.684423858244614,1.0861064756047865,000158-0004
scale-000158,qualification-synthetic,g,62005.0,22.449023358880744,1.0874882326149884,000158-0005
scale-000158,qualification-synthetic,g,62006.0,19.812801335796607,0.8271477715283986,000158-0006
scale-000158,qualification-synthetic,g,62007.0,22.037169311974516,1.1844872418722276,000158-0007
scale-000158,qualification-synthetic,g,62008.0,20.124555187496263,1.1410387977107146,000158-0008
scale-000158,qualification-synthetic,g,62009.0,21.541855829045236,1.014186618228113,000158-0009
scale-000158,qualification-synthetic,g,62010.0,21.899261523326242,1.1512399301412126,000158-0010
scale-000158,qualification-synthetic,g,62011.0,17.350273664576378,1.100633284358097,000158-0011
scale-000158,qualification-synthetic,g,62012.0,20.458014367846438,0.9827976857380833,000158-0012
scale-000158,qualification-synthetic,g,62013.0,19.1234146421008,0.9751790148418933,000158-0013
scale-000158,qualification-synthetic,g,62014.0,19.917677323784748,1.0915801446312057,000158-0014
scale-000158,qualification-synthetic,g,62015.0,18.19465661675136,1.043493338862129,000158-0015
scale-000158,qualification-synthetic,g,62016.0,23.526224170641726,0.8916885173400428,000158-0016
scale-000158,qualification-synthetic,g,62017.0,20.217008013073453,0.9216439895757883,000158-0017
scale-000158,qualification-synthetic,g,62018.0,20.48016882030881,0.8662189165877958,000158-0018
scale-000158,qualification-synthetic,g,62019.0,18.174241884509918,1.1435262626267442,000158-0019
scale-000158,qualification-synthetic,g,62020.0,19.953725812706626,1.1997332645927792,000158-0020
scale-000158,qualification-synthetic,g,62021.0,22.16800703085073,0.8201495797811964,000158-0021
scale-000158,qualification-synthetic,g,62022.0,19.153546493320125,0.9723651624536338,000158-0022
scale-000158,qualification-synthetic,g,62023.0,21.248569128581092,1.1830764623506869,000158-0023
scale-000158,qualification-synthetic,g,62024.0,19.17400867335255,0.982955708310179,000158-0024
scale-000158,qualification-synthetic,g,62025.0,18.595455789997455,1.1829729411256225,000158-0025
scale-000158,qualification-synthetic,g,62026.0,19.52319523843237,0.8274194680966157,000158-0026
scale-000158,qualification-synthetic,g,62027.0,19.91041476350168,0.8250813848397506,000158-0027
scale-000158,qualification-synthetic,g,62028.0,21.298447947622883,1.1277406698190888,000158-0028
scale-000158,qualification-synthetic,g,62029.0,20.751707547983372,1.117129853420695,000158-0029
scale-000158,qualification-synthetic,g,62030.0,19.9114550448051,1.1699074912468008,000158-0030
scale-000158,qualification-synthetic,g,62031.0,19.81893797099628,0.8114202821964271,000158-0031
scale-000159,qualification-synthetic,g,62000.0,20.804111042834567,0.8589100936291064,000159-0000
scale-000159,qualification-synthetic,g,62001.0,20.150618218213065,0.8746376776340542,000159-0001
scale-000159,qualification-synthetic,g,62002.0,20.371874462956153,1.0746738943894318,000159-0002
scale-000159,qualification-synthetic,g,62003.0,20.492159628524956,1.1994734802545588,000159-0003
scale-000159,qualification-synthetic,g,62004.0,19.343404759525875,0.9783835363052896,000159-0004
scale-000159,qualification-synthetic,g,62005.0,25.43717496735443,1.0710007888555484,000159-0005
scale-000159,qualification-synthetic,g,62006.0,19.760428899740358,0.8799768819594657,000159-0006
scale-000159,qualification-synthetic,g,62007.0,20.53598131139974,1.080378954611835,000159-0007
scale-000159,qualification-synthetic,g,62008.0,19.682597958680425,0.9072323976565089,000159-0008
scale-000159,qualification-synthetic,g,62009.0,20.481246743428347,0.9100106050241271,000159-0009
scale-000159,qualification-synthetic,g,62010.0,21.347215478945444,0.8624481567194445,000159-0010
scale-000159,qualification-synthetic,g,62011.0,20.537198462235253,0.9511092291731673,000159-0011
scale-000159,qualification-synthetic,g,62012.0,21.53888306002697,0.9223903039535355,000159-0012
scale-000159,qualification-synthetic,g,62013.0,18.83236726437837,0.9791378501624941,000159-0013
scale-000159,qualification-synthetic,g,62014.0,20.094486332771048,0.8222013881510353,000159-0014
scale-000159,qualification-synthetic,g,62015.0,19.44377418863153,1.1810939134652434,000159-0015
scale-000159,qualification-synthetic,g,62016.0,20.960908770048114,1.1691731862806882,000159-0016
scale-000159,qualification-synthetic,g,62017.0,21.775089199129475,0.8672350916698742,000159-0017
scale-000159,qualification-synthetic,g,62018.0,18.903867010001747,0.9611716965888609,000159-0018
scale-000159,qualification-synthetic,g,62019.0,19.285432112513572,0.8375546243495147,000159-0019
scale-000159,qualification-synthetic,g,62020.0,19.50359524909576,0.9824257291799708,000159-0020
scale-000159,qualification-synthetic,g,62021.0,20.220103506949876,0.9533763133161772,000159-0021
scale-000159,qualification-synthetic,g,62022.0,19.131452485649596,0.902549417246831,000159-0022
scale-000159,qualification-synthetic,g,62023.0,19.692663511710478,1.0030638621039498,000159-0023
scale-000159,qualification-synthetic,g,62024.0,19.95614794297695,0.8150872911268836,000159-0024
scale-000159,qualification-synthetic,g,62025.0,18.251235230808756,1.126823619985547,000159-0025
scale-000159,qualification-synthetic,g,62026.0,20.630962475049085,0.9476668842015682,000159-0026
scale-000159,qualification-synthetic,g,62027.0,20.190723769904835,1.1252488954190445,000159-0027
scale-000159,qualification-synthetic,g,62028.0,19.855899384153144,0.9856857378989184,000159-0028
scale-000159,qualification-synthetic,g,62029.0,20.284982806489385,1.06265491667669,000159-0029
scale-000159,qualification-synthetic,g,62030.0,21.179557752463186,0.8419874344354342,000159-0030
scale-000159,qualification-synthetic,g,62031.0,19.88457385276636,1.0289551097574576,000159-0031
scale-000160,qualification-synthetic,g,62000.0,16.32465471147076,0.8415240162032478,000160-0000
scale-000160,qualification-synthetic,g,62001.0,20.781483680044964,0.9865660218963044,000160-0001
scale-000160,qualification-synthetic,g,62002.0,20.455187418285657,0.9418602119907048,000160-0002
scale-000160,qualification-synthetic,g,62003.0,20.284458379422862,0.9475219768455031,000160-0003
scale-000160,qualification-synthetic,g,62004.0,19.552457163761698,1.09590410967286,000160-0004
scale-000160,qualification-synthetic,g,62005.0,20.000512046622454,0.9757347840479732,000160-0005
scale-000160,qualification-synthetic,g,62006.0,22.158734835008236,1.0348724037975654,000160-0006
scale-000160,qualification-synthetic,g,62007.0,18.3009251576135,1.0429258964858061,000160-0007
scale-000160,qualification-synthetic,g,62008.0,18.023090030200628,0.9348643577857466,000160-0008
scale-000160,qualification-synthetic,g,62009.0,20.091836671373475,0.8179652049034426,000160-0009
scale-000160,qualification-synthetic,g,62010.0,20.658693647977106,1.0305303835236153,000160-0010
scale-000160,qualification-synthetic,g,62011.0,21.133508817512762,1.0659425022365898,000160-0011
scale-000160,qualification-synthetic,g,62012.0,21.007462157667465,0.9673800576470928,000160-0012
scale-000160,qualification-synthetic,g,62013.0,19.663760721338534,1.1301457080035373,000160-0013
scale-000160,qualification-synthetic,g,62014.0,17.92724172093729,1.0354717994515854,000160-0014
scale-000160,qualification-synthetic,g,62015.0,19.310454971805463,0.9311397423408593,000160-0015
scale-000160,qualification-synthetic,g,62016.0,17.79015086292981,1.0183127516668153,000160-0016
scale-000160,qualification-synthetic,g,62017.0,20.18832489068945,1.0728942254656917,000160-0017
scale-000160,qualification-synthetic,g,62018.0,21.714389371667718,1.0076896154882036,000160-0018
scale-000160,qualification-synthetic,g,62019.0,20.370100755191324,1.1240612207204383,000160-0019
scale-000160,qualification-synthetic,g,62020.0,20.687142619671906,0.9133191899399362,000160-0020
scale-000160,qualification-synthetic,g,62021.0,20.144246653189875,1.1493432052193828,000160-0021
scale-000160,qualification-synthetic,g,62022.0,19.47401465196312,0.8114492781544307,000160-0022
scale-000160,qualification-synthetic,g,62023.0,20.44495725129041,0.8271866399047363,000160-0023
scale-000160,qualification-synthetic,g,62024.0,19.941089786955967,1.053938405131305,000160-0024
scale-000160,qualification-synthetic,g,62025.0,22.162313777250578,1.0859328476698042,000160-0025
scale-000160,qualification-synthetic,g,62026.0,19.164183784873234,0.9035275153195317,000160-0026
scale-000160,qualification-synthetic,g,62027.0,19.387021202070986,1.020333955525324,000160-0027
scale-000160,qualification-synthetic,g,62028.0,21.45793279141138,1.0221939989418776,000160-0028
scale-000160,qualification-synthetic,g,62029.0,19.693086718081744,0.8036833756602059,000160-0029
scale-000160,qualification-synthetic,g,62030.0,19.23416231790597,1.0942842059325548,000160-0030
scale-000160,qualification-synthetic,g,62031.0,19.855674348424028,1.0740500026344533,000160-0031
scale-000161,qualification-synthetic,g,62000.0,20.666774246487886,1.167944951073959,000161-0000
scale-000161,qualification-synthetic,g,62001.0,20.09067360910761,0.9980733272234075,000161-0001
scale-000161,qualification-synthetic,g,62002.0,17.783568084072762,1.0306302565539964,000161-0002
scale-000161,qualification-synthetic,g,62003.0,20.273158744025586,1.0604171696846445,000161-0003
scale-000161,qualification-synthetic,g,62004.0,23.780676773969954,1.0932910975808854,000161-0004
scale-000161,qualification-synthetic,g,62005.0,19.4182508926281,1.143173565341466,000161-0005
scale-000161,qualification-synthetic,g,62006.0,20.768177851654375,1.1982837294435995,000161-0006
scale-000161,qualification-synthetic,g,62007.0,20.227402146281833,1.0577012566488797,000161-0007
scale-000161,qualification-synthetic,g,62008.0,19.312066686035198,0.8671625679461311,000161-0008
scale-000161,qualification-synthetic,g,62009.0,22.388932429319528,1.0503487550726711,000161-0009
scale-000161,qualification-synthetic,g,62010.0,18.169327282661346,0.9461591696554276,000161-0010
scale-000161,qualification-synthetic,g,62011.0,20.513116089263015,1.1308601920568881,000161-0011
scale-000161,qualification-synthetic,g,62012.0,21.663182342033654,0.8563840101625435,000161-0012
scale-000161,qualification-synthetic,g,62013.0,19.374930175528743,0.8880644498702087,000161-0013
scale-000161,qualification-synthetic,g,62014.0,22.045845416149756,1.0307517918965796,000161-0014
scale-000161,qualification-synthetic,g,62015.0,20.198902351378806,0.8025248241799011,000161-0015
scale-000161,qualification-synthetic,g,62016.0,19.362492291276947,0.9266292722233891,000161-0016
scale-000161,qualification-synthetic,g,62017.0,19.765836639705768,1.0101497594976085,000161-0017
scale-000161,qualification-synthetic,g,62018.0,19.757021343483466,0.912021803302257,000161-0018
scale-000161,qualification-synthetic,g,62019.0,19.97735592638977,0.8754636223958653,000161-0019
scale-000161,qualification-synthetic,g,62020.0,20.857796528364762,1.1560360677603772,000161-0020
scale-000161,qualification-synthetic,g,62021.0,21.663158162142825,1.0837688617258627,000161-0021
scale-000161,qualification-synthetic,g,62022.0,19.674068408536495,0.9685001688744415,000161-0022
scale-000161,qualification-synthetic,g,62023.0,19.804859706025052,1.1615079801448658,000161-0023
scale-000161,qualification-synthetic,g,62024.0,20.52711448362185,1.0528200330612776,000161-0024
scale-000161,qualification-synthetic,g,62025.0,20.174933828620123,0.9326650802218929,000161-0025
scale-000161,qualification-synthetic,g,62026.0,19.883376046697826,0.940788045767977,000161-0026
scale-000161,qualification-synthetic,g,62027.0,20.251253165609324,1.1716780814591534,000161-0027
scale-000161,qualification-synthetic,g,62028.0,20.200710900114373,0.9862867451049219,000161-0028
scale-000161,qualification-synthetic,g,62029.0,20.869520171730223,1.0344875427191864,000161-0029
scale-000161,qualification-synthetic,g,62030.0,20.561591897592375,0.800845359035864,000161-0030
scale-000161,qualification-synthetic,g,62031.0,19.330876914876722,1.110127665291552,000161-0031
scale-000162,qualification-synthetic,g,62000.0,21.45022563026119,1.0036880726249755,000162-0000
scale-000162,qualification-synthetic,g,62001.0,19.495051865891693,0.9395694310382796,000162-0001
scale-000162,qualification-synthetic,g,62002.0,19.6123343107373,0.8357465185394615,000162-0002
scale-000162,qualification-synthetic,g,62003.0,18.71836449085782,1.0109294990486624,000162-0003
scale-000162,qualification-synthetic,g,62004.0,18.102254603724912,0.8496082212778319,000162-0004
scale-000162,qualification-synthetic,g,62005.0,20.23821979578747,0.9899555014436964,000162-0005
scale-000162,qualification-synthetic,g,62006.0,21.69929953190877,1.1465829451177443,000162-0006
scale-000162,qualification-synthetic,g,62007.0,19.803522656011456,1.1182443204785402,000162-0007
scale-000162,qualification-synthetic,g,62008.0,19.974812695414933,1.1406246937973357,000162-0008
scale-000162,qualification-synthetic,g,62009.0,20.216296593740115,1.119244461726375,000162-0009
scale-000162,qualification-synthetic,g,62010.0,19.677727183778046,1.155757143622816,000162-0010
scale-000162,qualification-synthetic,g,62011.0,19.48584740423665,1.0109120914490561,000162-0011
scale-000162,qualification-synthetic,g,62012.0,19.965378941492723,0.8901253926851093,000162-0012
scale-000162,qualification-synthetic,g,62013.0,19.83284476799051,0.8177342480068144,000162-0013
scale-000162,qualification-synthetic,g,62014.0,19.528150473076277,0.9464914915548468,000162-0014
scale-000162,qualification-synthetic,g,62015.0,19.717364856407276,1.0220628239496166,000162-0015
scale-000162,qualification-synthetic,g,62016.0,19.436396410717123,1.1001190967469938,000162-0016
scale-000162,qualification-synthetic,g,62017.0,21.21415459696118,1.1561038221597402,000162-0017
scale-000162,qualification-synthetic,g,62018.0,20.01725811176281,1.1857692242118165,000162-0018
scale-000162,qualification-synthetic,g,62019.0,21.200226668080795,1.035122555523956,000162-0019
scale-000162,qualification-synthetic,g,62020.0,23.17563854676894,1.1283170419768043,000162-0020
scale-000162,qualification-synthetic,g,62021.0,21.59765737229793,1.00594266678282,000162-0021
scale-000162,qualification-synthetic,g,62022.0,20.314699259968748,0.9707561574346415,000162-0022
scale-000162,qualification-synthetic,g,62023.0,21.224953928972642,0.8136934194951089,000162-0023
scale-000162,qualification-synthetic,g,62024.0,19.20323036435666,0.958901813987715,000162-0024
scale-000162,qualification-synthetic,g,62025.0,19.352186397631378,0.8406577195509622,000162-0025
scale-000162,qualification-synthetic,g,62026.0,21.55392078593719,0.9912848993131846,000162-0026
scale-000162,qualification-synthetic,g,62027.0,19.975615661397317,1.19301478743098,000162-0027
scale-000162,qualification-synthetic,g,62028.0,20.75976139467773,0.8232690843497756,000162-0028
scale-000162,qualification-synthetic,g,62029.0,20.384379210143095,1.0640639062388442,000162-0029
scale-000162,qualification-synthetic,g,62030.0,19.90526758850498,1.0100332820576186,000162-0030
scale-000162,qualification-synthetic,g,62031.0,20.564424706798295,0.9769835390186543,000162-0031
scale-000163,qualification-synthetic,g,62000.0,20.195688668978356,0.9685462232625961,000163-0000
scale-000163,qualification-synthetic,g,62001.0,20.520171161710994,1.0931730729827858,000163-0001
scale-000163,qualification-synthetic,g,62002.0,20.472511097345485,0.8079867329074525,000163-0002
scale-000163,qualification-synthetic,g,62003.0,18.90018401994402,1.1284972103044943,000163-0003
scale-000163,qualification-synthetic,g,62004.0,20.23990596084463,0.8415750823618274,000163-0004
scale-000163,qualification-synthetic,g,62005.0,20.012827548384802,0.8486639182669743,000163-0005
scale-000163,qualification-synthetic,g,62006.0,21.105926560085045,1.0654716789998449,000163-0006
scale-000163,qualification-synthetic,g,62007.0,19.692225620028278,0.8756548772160048,000163-0007
scale-000163,qualification-synthetic,g,62008.0,19.488329149958496,1.0815566335969857,000163-0008
scale-000163,qualification-synthetic,g,62009.0,18.667853301386437,0.8139519966790641,000163-0009
scale-000163,qualification-synthetic,g,62010.0,21.699254593964813,1.136399671572115,000163-0010
scale-000163,qualification-synthetic,g,62011.0,21.582679651129048,1.0879493617653535,000163-0011
scale-000163,qualification-synthetic,g,62012.0,17.46366133122156,1.0282363503310847,000163-0012
scale-000163,qualification-synthetic,g,62013.0,22.228804091482118,0.9769990581080257,000163-0013
scale-000163,qualification-synthetic,g,62014.0,19.518996975961457,0.8227835506665212,000163-0014
scale-000163,qualification-synthetic,g,62015.0,20.290502372629657,1.0282451569283122,000163-0015
scale-000163,qualification-synthetic,g,62016.0,17.936211954959024,0.9918270772946665,000163-0016
scale-000163,qualification-synthetic,g,62017.0,20.842717984536407,1.1193852822515158,000163-0017
scale-000163,qualification-synthetic,g,62018.0,20.743385731115843,1.0659109734077037,000163-0018
scale-000163,qualification-synthetic,g,62019.0,20.213834017231093,1.0316868670633512,000163-0019
scale-000163,qualification-synthetic,g,62020.0,20.447110061405304,0.848792701429837,000163-0020
scale-000163,qualification-synthetic,g,62021.0,18.970708341473102,0.8928093040716406,000163-0021
scale-000163,qualification-synthetic,g,62022.0,19.543129109797903,1.0131168780157045,000163-0022
scale-000163,qualification-synthetic,g,62023.0,17.695969752054644,0.870750859547559,000163-0023
scale-000163,qualification-synthetic,g,62024.0,18.690842572468657,1.037619686441795,000163-0024
scale-000163,qualification-synthetic,g,62025.0,16.991959228496214,1.1298097885639091,000163-0025
scale-000163,qualification-synthetic,g,62026.0,22.82135415020254,1.057138409722004,000163-0026
scale-000163,qualification-synthetic,g,62027.0,22.575407896752246,0.8331356833148711,000163-0027
scale-000163,qualification-synthetic,g,62028.0,21.054154380268375,1.015490873381929,000163-0028
scale-000163,qualification-synthetic,g,62029.0,19.714260263493763,0.9329532221341283,000163-0029
scale-000163,qualification-synthetic,g,62030.0,19.20425106457621,1.1236129919660578,000163-0030
scale-000163,qualification-synthetic,g,62031.0,19.15159600026771,1.0409632148959997,000163-0031
scale-000164,qualification-synthetic,g,62000.0,20.913739038047243,0.9406431138046477,000164-0000
scale-000164,qualification-synthetic,g,62001.0,19.98802690876895,0.8862413274456221,000164-0001
scale-000164,qualification-synthetic,g,62002.0,19.93750822986707,1.0906721433777584,000164-0002
scale-000164,qualification-synthetic,g,62003.0,21.21334722612879,1.124438668430399,000164-0003
scale-000164,qualification-synthetic,g,62004.0,19.74532302156854,1.1651072960380873,000164-0004
scale-000164,qualification-synthetic,g,62005.0,21.189533108805765,0.9449700708613101,000164-0005
scale-000164,qualification-synthetic,g,62006.0,21.881961437703563,1.0014780721639966,000164-0006
scale-000164,qualification-synthetic,g,62007.0,19.630088883924923,0.9201802895492946,000164-0007
scale-000164,qualification-synthetic,g,62008.0,19.977411811495312,0.8255698661951362,000164-0008
scale-000164,qualification-synthetic,g,62009.0,18.559316782972722,0.9962178129501683,000164-0009
scale-000164,qualification-synthetic,g,62010.0,22.068209216536523,1.117583101566163,000164-0010
scale-000164,qualification-synthetic,g,62011.0,19.866917824447388,0.8531237453563646,000164-0011
scale-000164,qualification-synthetic,g,62012.0,18.80202291762159,1.0822956533463544,000164-0012
scale-000164,qualification-synthetic,g,62013.0,19.03260293317404,0.9500637804867119,000164-0013
scale-000164,qualification-synthetic,g,62014.0,21.345291644576132,0.8418601082813592,000164-0014
scale-000164,qualification-synthetic,g,62015.0,18.018568602387703,1.1970401563589326,000164-0015
scale-000164,qualification-synthetic,g,62016.0,22.157612895278824,1.1926156823783998,000164-0016
scale-000164,qualification-synthetic,g,62017.0,19.89526928918768,0.9342722220996968,000164-0017
scale-000164,qualification-synthetic,g,62018.0,25.215028883704587,1.0679728412234573,000164-0018
scale-000164,qualification-synthetic,g,62019.0,19.8228982856077,1.030736743213051,000164-0019
scale-000164,qualification-synthetic,g,62020.0,20.986707050815948,0.8567368648899951,000164-0020
scale-000164,qualification-synthetic,g,62021.0,19.10963497127096,1.033666213192348,000164-0021
scale-000164,qualification-synthetic,g,62022.0,20.74215350287498,0.9317481171885361,000164-0022
scale-000164,qualification-synthetic,g,62023.0,21.276058700555343,0.8889002095253831,000164-0023
scale-000164,qualification-synthetic,g,62024.0,18.61912370557168,0.9965668528692921,000164-0024
scale-000164,qualification-synthetic,g,62025.0,20.63081696635937,1.1314209494217096,000164-0025
scale-000164,qualification-synthetic,g,62026.0,19.725525475377214,0.9903386210080831,000164-0026
scale-000164,qualification-synthetic,g,62027.0,20.107998385575833,1.1269288027265896,000164-0027
scale-000164,qualification-synthetic,g,62028.0,19.936113371887146,1.0863357525382913,000164-0028
scale-000164,qualification-synthetic,g,62029.0,18.67863459598418,1.132918450876906,000164-0029
scale-000164,qualification-synthetic,g,62030.0,17.968855102719612,0.8611479587075336,000164-0030
scale-000164,qualification-synthetic,g,62031.0,20.481063930066572,1.0682861856364547,000164-0031
scale-000165,qualification-synthetic,g,62000.0,18.55269822401821,1.1298815758698983,000165-0000
scale-000165,qualification-synthetic,g,62001.0,19.072393210477728,0.9884850868046876,000165-0001
scale-000165,qualification-synthetic,g,62002.0,15.497745144912871,0.9995275266199622,000165-0002
scale-000165,qualification-synthetic,g,62003.0,19.515122605762816,1.1991528741056536,000165-0003
scale-000165,qualification-synthetic,g,62004.0,18.870559485918847,0.9036647730056208,000165-0004
scale-000165,qualification-synthetic,g,62005.0,19.689752085197338,0.9285688806436472,000165-0005
scale-000165,qualification-synthetic,g,62006.0,20.144239792298478,0.983019766224372,000165-0006
scale-000165,qualification-synthetic,g,62007.0,22.418536991060915,0.8606093241914656,000165-0007
scale-000165,qualification-synthetic,g,62008.0,22.269704784839476,1.1747226634959251,000165-0008
scale-000165,qualification-synthetic,g,62009.0,20.410574892281048,1.1922986184961186,000165-0009
scale-000165,qualification-synthetic,g,62010.0,16.75044128922443,1.151988470951513,000165-0010
scale-000165,qualification-synthetic,g,62011.0,20.057248744555608,1.169963335452741,000165-0011
scale-000165,qualification-synthetic,g,62012.0,20.395361752541106,0.8341513321876934,000165-0012
scale-000165,qualification-synthetic,g,62013.0,19.56357781888274,1.124973870492312,000165-0013
scale-000165,qualification-synthetic,g,62014.0,19.92253475722945,1.0581692204487634,000165-0014
scale-000165,qualification-synthetic,g,62015.0,20.594763623281914,0.9737712803208309,000165-0015
scale-000165,qualification-synthetic,g,62016.0,20.103699689201925,0.8163582822935382,000165-0016
scale-000165,qualification-synthetic,g,62017.0,19.234620690802124,0.8643867435773265,000165-0017
scale-000165,qualification-synthetic,g,62018.0,20.192634642050532,1.049929650237171,000165-0018
scale-000165,qualification-synthetic,g,62019.0,20.171234396949068,1.1622467056017292,000165-0019
scale-000165,qualification-synthetic,g,62020.0,20.22998550178867,0.9924465578848622,000165-0020
scale-000165,qualification-synthetic,g,62021.0,21.195849100505797,1.0494857809832747,000165-0021
scale-000165,qualification-synthetic,g,62022.0,20.880043824406545,0.8518249572094968,000165-0022
scale-000165,qualification-synthetic,g,62023.0,21.05482181308985,1.0907766796582792,000165-0023
scale-000165,qualification-synthetic,g,62024.0,20.91352830372592,1.0234776698225903,000165-0024
scale-000165,qualification-synthetic,g,62025.0,19.96034074688428,1.0111118993433497,000165-0025
scale-000165,qualification-synthetic,g,62026.0,18.808584958974073,1.1394558961387948,000165-0026
scale-000165,qualification-synthetic,g,62027.0,18.27123805874265,0.8569097722480307,000165-0027
scale-000165,qualification-synthetic,g,62028.0,19.14912435348787,0.8503884889357541,000165-0028
scale-000165,qualification-synthetic,g,62029.0,21.2430887242461,0.8101870392617228,000165-0029
scale-000165,qualification-synthetic,g,62030.0,20.6981805957067,1.0076120868191534,000165-0030
scale-000165,qualification-synthetic,g,62031.0,18.93054633554073,1.062476280662328,000165-0031
scale-000166,qualification-synthetic,g,62000.0,20.27761704557762,0.9967080930046133,000166-0000
scale-000166,qualification-synthetic,g,62001.0,19.139153662275156,0.8478636941328468,000166-0001
scale-000166,qualification-synthetic,g,62002.0,19.066110726769104,0.8950811355299981,000166-0002
scale-000166,qualification-synthetic,g,62003.0,20.935125799875536,0.8859511507589698,000166-0003
scale-000166,qualification-synthetic,g,62004.0,18.983898188463186,0.8035105797012834,000166-0004
scale-000166,qualification-synthetic,g,62005.0,19.952875946037143,0.8133367907588956,000166-0005
scale-000166,qualification-synthetic,g,62006.0,20.280676406381936,0.9742640013208443,000166-0006
scale-000166,qualification-synthetic,g,62007.0,20.712287018256003,0.8410568562120455,000166-0007
scale-000166,qualification-synthetic,g,62008.0,19.88766391170605,1.015036974566887,000166-0008
scale-000166,qualification-synthetic,g,62009.0,19.23755228396876,1.1048041331192457,000166-0009
scale-000166,qualification-synthetic,g,62010.0,20.140435588946513,0.9733350227019855,000166-0010
scale-000166,qualification-synthetic,g,62011.0,20.851704825988225,0.99828961658603,000166-0011
scale-000166,qualification-synthetic,g,62012.0,20.207489737501444,1.0016483026660492,000166-0012
scale-000166,qualification-synthetic,g,62013.0,19.526681190931836,1.1017169223212417,000166-0013
scale-000166,qualification-synthetic,g,62014.0,20.173670699816903,0.9126893158572112,000166-0014
scale-000166,qualification-synthetic,g,62015.0,19.483446197685605,1.00555451947141,000166-0015
scale-000166,qualification-synthetic,g,62016.0,22.236753032548506,1.093852839312871,000166-0016
scale-000166,qualification-synthetic,g,62017.0,20.09395362440945,0.9013092811536655,000166-0017
scale-000166,qualification-synthetic,g,62018.0,20.961446196040914,0.9505606560221275,000166-0018
scale-000166,qualification-synthetic,g,62019.0,21.155895704837487,0.9840165334663195,000166-0019
scale-000166,qualification-synthetic,g,62020.0,21.44938357153529,1.1595587256785502,000166-0020
scale-000166,qualification-synthetic,g,62021.0,19.093272167121235,0.8951147143187608,000166-0021
scale-000166,qualification-synthetic,g,62022.0,20.017518479858712,0.8640691778577159,000166-0022
scale-000166,qualification-synthetic,g,62023.0,20.121436718779833,0.9702514008086082,000166-0023
scale-000166,qualification-synthetic,g,62024.0,20.507616586064803,0.8961448036995714,000166-0024
scale-000166,qualification-synthetic,g,62025.0,19.495967338916934,1.071808200954633,000166-0025
scale-000166,qualification-synthetic,g,62026.0,20.747513677324978,0.85534579108837,000166-0026
scale-000166,qualification-synthetic,g,62027.0,20.386285040334666,0.9148332942643752,000166-0027
scale-000166,qualification-synthetic,g,62028.0,18.418214098442768,1.165526209076239,000166-0028
scale-000166,qualification-synthetic,g,62029.0,19.111924860182352,0.9290856388633011,000166-0029
scale-000166,qualification-synthetic,g,62030.0,21.10406427064207,1.0299823063938485,000166-0030
scale-000166,qualification-synthetic,g,62031.0,20.276444741155636,1.0106432148615434,000166-0031
scale-000167,qualification-synthetic,g,62000.0,20.056131646137338,1.012810837077657,000167-0000
scale-000167,qualification-synthetic,g,62001.0,21.01848228166357,0.9932194591150441,000167-0001
scale-000167,qualification-synthetic,g,62002.0,17.713353463160757,0.863131895780446,000167-0002
scale-000167,qualification-synthetic,g,62003.0,18.80834756028477,1.108104563176922,000167-0003
scale-000167,qualification-synthetic,g,62004.0,19.741106175600315,1.0822385002366453,000167-0004
scale-000167,qualification-synthetic,g,62005.0,20.999478842764265,0.9829719725535396,000167-0005
scale-000167,qualification-synthetic,g,62006.0,18.031389196444678,1.0661707028198113,000167-0006
scale-000167,qualification-synthetic,g,62007.0,21.43256670029986,0.8626680364295002,000167-0007
scale-000167,qualification-synthetic,g,62008.0,20.234452288308557,0.9925934069966691,000167-0008
scale-000167,qualification-synthetic,g,62009.0,20.846694207312975,0.892225249721348,000167-0009
scale-000167,qualification-synthetic,g,62010.0,22.508268443208564,1.150436758340273,000167-0010
scale-000167,qualification-synthetic,g,62011.0,18.59848847035663,1.1786728222566139,000167-0011
scale-000167,qualification-synthetic,g,62012.0,21.22458732259828,0.947072947655156,000167-0012
scale-000167,qualification-synthetic,g,62013.0,23.175393086992433,0.9385351975558123,000167-0013
scale-000167,qualification-synthetic,g,62014.0,20.090909539416,1.0588797766513145,000167-0014
scale-000167,qualification-synthetic,g,62015.0,20.485156546168927,1.1184029984402286,000167-0015
scale-000167,qualification-synthetic,g,62016.0,21.235814185856558,1.1225950079797182,000167-0016
scale-000167,qualification-synthetic,g,62017.0,19.716198689326436,0.8275952476428876,000167-0017
scale-000167,qualification-synthetic,g,62018.0,20.124922107198593,0.8323711821980787,000167-0018
scale-000167,qualification-synthetic,g,62019.0,19.115201859550513,1.0910700488574865,000167-0019
scale-000167,qualification-synthetic,g,62020.0,20.61183917416408,0.9686096104069006,000167-0020
scale-000167,qualification-synthetic,g,62021.0,20.953447447914066,0.9142107204736222,000167-0021
scale-000167,qualification-synthetic,g,62022.0,20.55923255128884,1.0073085259949481,000167-0022
scale-000167,qualification-synthetic,g,62023.0,20.05658254607202,1.1708881811453085,000167-0023
scale-000167,qualification-synthetic,g,62024.0,19.160453350737463,0.8809090088323194,000167-0024
scale-000167,qualification-synthetic,g,62025.0,19.602793180666115,0.9716115074076801,000167-0025
scale-000167,qualification-synthetic,g,62026.0,18.6203521586909,1.0782879885337255,000167-0026
scale-000167,qualification-synthetic,g,62027.0,25.26674026730359,1.1414352690550669,000167-0027
scale-000167,qualification-synthetic,g,62028.0,19.536318041905155,0.9019890319970378,000167-0028
scale-000167,qualification-synthetic,g,62029.0,20.835828463937464,0.8174579820477321,000167-0029
scale-000167,qualification-synthetic,g,62030.0,19.26060599769749,1.0070998273383953,000167-0030
scale-000167,qualification-synthetic,g,62031.0,19.67680116667064,1.1334511652230252,000167-0031
scale-000168,qualification-synthetic,g,62000.0,20.04665664242743,1.1350131276915485,000168-0000
scale-000168,qualification-synthetic,g,62001.0,19.953776470557088,0.8608440823326222,000168-0001
scale-000168,qualification-synthetic,g,62002.0,21.53751508490535,1.173387035447168,000168-0002
scale-000168,qualification-synthetic,g,62003.0,21.62728394325553,1.007428306887121,000168-0003
scale-000168,qualification-synthetic,g,62004.0,16.90344581106746,1.0150811846765853,000168-0004
scale-000168,qualification-synthetic,g,62005.0,19.876492359147182,1.1685406663215345,000168-0005
scale-000168,qualification-synthetic,g,62006.0,19.925971210291245,1.1614053360528882,000168-0006
scale-000168,qualification-synthetic,g,62007.0,19.965356588266626,1.0807329370648662,000168-0007
scale-000168,qualification-synthetic,g,62008.0,19.72038122226665,0.963337414313547,000168-0008
scale-000168,qualification-synthetic,g,62009.0,20.912623481508223,1.1743875788071154,000168-0009
scale-000168,qualification-synthetic,g,62010.0,20.27808377157835,0.9157561490095679,000168-0010
scale-000168,qualification-synthetic,g,62011.0,18.854520487387553,1.1504920954486928,000168-0011
scale-000168,qualification-synthetic,g,62012.0,20.81018553275483,0.9063000224543521,000168-0012
scale-000168,qualification-synthetic,g,62013.0,18.88813583735096,0.866862829648284,000168-0013
scale-000168,qualification-synthetic,g,62014.0,20.697130826569513,0.9391667731145094,000168-0014
scale-000168,qualification-synthetic,g,62015.0,20.375706638261594,1.166105355165128,000168-0015
scale-000168,qualification-synthetic,g,62016.0,21.883552628217366,1.0401906255928952,000168-0016
scale-000168,qualification-synthetic,g,62017.0,19.9817322642424,0.8048997224609211,000168-0017
scale-000168,qualification-synthetic,g,62018.0,21.797847429431368,0.9906503781874545,000168-0018
scale-000168,qualification-synthetic,g,62019.0,18.643391440668186,0.8954096685515461,000168-0019
scale-000168,qualification-synthetic,g,62020.0,19.912943123680975,1.121392109056923,000168-0020
scale-000168,qualification-synthetic,g,62021.0,19.000933771672745,1.0834147103452372,000168-0021
scale-000168,qualification-synthetic,g,62022.0,19.807752388276352,1.051588430048494,000168-0022
scale-000168,qualification-synthetic,g,62023.0,19.351876236105028,1.0533145881541102,000168-0023
scale-000168,qualification-synthetic,g,62024.0,19.56112607184335,1.132387756766615,000168-0024
scale-000168,qualification-synthetic,g,62025.0,19.66407903046564,0.8746297893353214,000168-0025
scale-000168,qualification-synthetic,g,62026.0,17.7974412865437,0.9182577415446306,000168-0026
scale-000168,qualification-synthetic,g,62027.0,20.03720441193459,1.0924556025394607,000168-0027
scale-000168,qualification-synthetic,g,62028.0,21.422923828003608,0.9393697721877831,000168-0028
scale-000168,qualification-synthetic,g,62029.0,20.301697797153945,1.1215897858042818,000168-0029
scale-000168,qualification-synthetic,g,62030.0,19.051426572019036,1.0296870152348796,000168-0030
scale-000168,qualification-synthetic,g,62031.0,19.71632240529499,0.9440152538847716,000168-0031
scale-000169,qualification-synthetic,g,62000.0,18.690248046342408,1.0259310599089784,000169-0000
scale-000169,qualification-synthetic,g,62001.0,19.780917831186503,0.8229778873811578,000169-0001
scale-000169,qualification-synthetic,g,62002.0,20.392381695130144,1.1099509410997241,000169-0002
scale-000169,qualification-synthetic,g,62003.0,20.05409156094802,0.9478763506217278,000169-0003
scale-000169,qualification-synthetic,g,62004.0,16.10623522141843,1.0079376360199335,000169-0004
scale-000169,qualification-synthetic,g,62005.0,19.39348589547918,0.8528152845048946,000169-0005
scale-000169,qualification-synthetic,g,62006.0,21.425357424680307,1.0099633597762898,000169-0006
scale-000169,qualification-synthetic,g,62007.0,21.845874298403917,1.1335061121181265,000169-0007
scale-000169,qualification-synthetic,g,62008.0,18.925182978576135,0.8853191339943596,000169-0008
scale-000169,qualification-synthetic,g,62009.0,19.304522675293146,1.0623949883551496,000169-0009
scale-000169,qualification-synthetic,g,62010.0,21.352736476264585,1.1897985247219798,000169-0010
scale-000169,qualification-synthetic,g,62011.0,18.768712511624408,1.1683566153415974,000169-0011
scale-000169,qualification-synthetic,g,62012.0,22.1338208262216,1.1817816732785484,000169-0012
scale-000169,qualification-synthetic,g,62013.0,21.77332406048777,1.1975014037063796,000169-0013
scale-000169,qualification-synthetic,g,62014.0,18.82432264426739,0.9946767999514395,000169-0014
scale-000169,qualification-synthetic,g,62015.0,20.311160450881914,1.130345075060184,000169-0015
scale-000169,qualification-synthetic,g,62016.0,21.009209595487995,1.1495419251130399,000169-0016
scale-000169,qualification-synthetic,g,62017.0,21.100259818945357,0.9365045503351548,000169-0017
scale-000169,qualification-synthetic,g,62018.0,19.838531484340123,0.8363512210843878,000169-0018
scale-000169,qualification-synthetic,g,62019.0,20.208439019498602,0.9150766236262616,000169-0019
scale-000169,qualification-synthetic,g,62020.0,19.943349909650102,1.0292614696965303,000169-0020
scale-000169,qualification-synthetic,g,62021.0,19.44423897551145,0.8151797152753737,000169-0021
scale-000169,qualification-synthetic,g,62022.0,19.177631420251956,1.144475399909412,000169-0022
scale-000169,qualification-synthetic,g,62023.0,21.643530270736086,0.9620508543301091,000169-0023
scale-000169,qualification-synthetic,g,62024.0,20.55662222045067,1.1916078803622623,000169-0024
scale-000169,qualification-synthetic,g,62025.0,20.18270306617993,0.9107548672643397,000169-0025
scale-000169,qualification-synthetic,g,62026.0,18.61208567795711,0.8025081287255446,000169-0026
scale-000169,qualification-synthetic,g,62027.0,19.79267864594385,1.1431589654372514,000169-0027
scale-000169,qualification-synthetic,g,62028.0,19.76672757162066,0.9857569451934521,000169-0028
scale-000169,qualification-synthetic,g,62029.0,19.219530850553916,0.9514317677685841,000169-0029
scale-000169,qualification-synthetic,g,62030.0,20.87755867612492,1.1633655832538,000169-0030
scale-000169,qualification-synthetic,g,62031.0,20.12269577062885,0.905550857592604,000169-0031
scale-000170,qualification-synthetic,g,62000.0,20.080010903334212,1.118203997570198,000170-0000
scale-000170,qualification-synthetic,g,62001.0,20.98981965794419,1.010701483228392,000170-0001
scale-000170,qualification-synthetic,g,62002.0,21.154088148114585,0.9592861248621087,000170-0002
scale-000170,qualification-synthetic,g,62003.0,18.42473128620298,1.130732371060719,000170-0003
scale-000170,qualification-synthetic,g,62004.0,19.933533096903858,0.8088871611046741,000170-0004
scale-000170,qualification-synthetic,g,62005.0,18.284809408866774,1.0609957784243012,000170-0005
scale-000170,qualification-synthetic,g,62006.0,19.60837372954294,0.8103896496934191,000170-0006
scale-000170,qualification-synthetic,g,62007.0,21.71326913371198,1.0696317561284103,000170-0007
scale-000170,qualification-synthetic,g,62008.0,19.571287333481,1.1119075118360786,000170-0008
scale-000170,qualification-synthetic,g,62009.0,20.262213056761187,0.947841613291952,000170-0009
scale-000170,qualification-synthetic,g,62010.0,21.14099909290264,1.1413815618180496,000170-0010
scale-000170,qualification-synthetic,g,62011.0,18.6975491325415,0.9713662287964813,000170-0011
scale-000170,qualification-synthetic,g,62012.0,20.41306969353405,0.9333294069054331,000170-0012
scale-000170,qualification-synthetic,g,62013.0,19.562981354115863,1.0098843830746655,000170-0013
scale-000170,qualification-synthetic,g,62014.0,20.762779967449607,0.8076184280416469,000170-0014
scale-000170,qualification-synthetic,g,62015.0,20.356214371578247,1.0239428764429541,000170-0015
scale-000170,qualification-synthetic,g,62016.0,19.702136057885458,0.9559949420795981,000170-0016
scale-000170,qualification-synthetic,g,62017.0,20.095353074755668,0.8348637814655344,000170-0017
scale-000170,qualification-synthetic,g,62018.0,21.20463560921066,0.9378187275473282,000170-0018
scale-000170,qualification-synthetic,g,62019.0,21.568172953714097,1.0954042742615377,000170-0019
scale-000170,qualification-synthetic,g,62020.0,19.185530125283893,1.1178743516991758,000170-0020
scale-000170,qualification-synthetic,g,62021.0,18.05211823224406,1.1097102016994862,000170-0021
scale-000170,qualification-synthetic,g,62022.0,22.99455406525002,1.0609943375008448,000170-0022
scale-000170,qualification-synthetic,g,62023.0,19.703906989814328,1.1365272640679644,000170-0023
scale-000170,qualification-synthetic,g,62024.0,20.72303377861221,0.9544112974089423,000170-0024
scale-000170,qualification-synthetic,g,62025.0,22.774085381660758,1.041394313491647,000170-0025
scale-000170,qualification-synthetic,g,62026.0,19.4703845566125,1.1179163952000353,000170-0026
scale-000170,qualification-synthetic,g,62027.0,20.397555614202364,1.1404843850184887,000170-0027
scale-000170,qualification-synthetic,g,62028.0,20.717339398763308,1.1612959168961503,000170-0028
scale-000170,qualification-synthetic,g,62029.0,21.09804137321071,1.147511540693642,000170-0029
scale-000170,qualification-synthetic,g,62030.0,19.03300848573342,1.0124206522639458,000170-0030
scale-000170,qualification-synthetic,g,62031.0,19.470262855129807,0.9349086355015562,000170-0031
scale-000171,qualification-synthetic,g,62000.0,18.63857445180262,0.8645096911620975,000171-0000
scale-000171,qualification-synthetic,g,62001.0,20.1534914044155,0.8591656924936811,000171-0001
scale-000171,qualification-synthetic,g,62002.0,21.016801916607626,1.0659511884716424,000171-0002
scale-000171,qualification-synthetic,g,62003.0,18.210519671123954,1.1983228921329718,000171-0003
scale-000171,qualification-synthetic,g,62004.0,18.01163404184276,0.8846567558680102,000171-0004
scale-000171,qualification-synthetic,g,62005.0,20.08253245990421,1.084312483629544,000171-0005
scale-000171,qualification-synthetic,g,62006.0,19.10467778260592,1.023845729310518,000171-0006
scale-000171,qualification-synthetic,g,62007.0,19.094897340705607,1.1118269675836565,000171-0007
scale-000171,qualification-synthetic,g,62008.0,21.06004545924077,1.0784856579265811,000171-0008
scale-000171,qualification-synthetic,g,62009.0,20.67587393022959,0.8156733954390283,000171-0009
scale-000171,qualification-synthetic,g,62010.0,20.09010018308816,1.198807194948235,000171-0010
scale-000171,qualification-synthetic,g,62011.0,19.039557849856426,1.0820232157284775,000171-0011
scale-000171,qualification-synthetic,g,62012.0,22.082365251637423,0.8931898995553982,000171-0012
scale-000171,qualification-synthetic,g,62013.0,18.833872075443225,1.0475276835409315,000171-0013
scale-000171,qualification-synthetic,g,62014.0,20.321990037706712,1.0916226525870873,000171-0014
scale-000171,qualification-synthetic,g,62015.0,22.49493047530651,0.8482782891246816,000171-0015
scale-000171,qualification-synthetic,g,62016.0,20.53303015079348,0.8064921956916555,000171-0016
scale-000171,qualification-synthetic,g,62017.0,21.38964575404793,0.9137259045918461,000171-0017
scale-000171,qualification-synthetic,g,62018.0,20.043465069167794,1.016053085690976,000171-0018
scale-000171,qualification-synthetic,g,62019.0,19.939051851415908,0.9195636003766856,000171-0019
scale-000171,qualification-synthetic,g,62020.0,20.313552317937297,0.9097705323942485,000171-0020
scale-000171,qualification-synthetic,g,62021.0,18.661827729160972,0.8373597115855899,000171-0021
scale-000171,qualification-synthetic,g,62022.0,21.09739574108962,0.9924941582859458,000171-0022
scale-000171,qualification-synthetic,g,62023.0,19.903632094477288,0.8875369323250983,000171-0023
scale-000171,qualification-synthetic,g,62024.0,21.95378027424417,0.9098976071269737,000171-0024
scale-000171,qualification-synthetic,g,62025.0,20.45963893893483,0.8682253069771988,000171-0025
scale-000171,qualification-synthetic,g,62026.0,20.29886353657604,0.9074707640371463,000171-0026
scale-000171,qualification-synthetic,g,62027.0,18.319214891065275,0.8484948336662338,000171-0027
scale-000171,qualification-synthetic,g,62028.0,21.670877909929164,1.0401854604825356,000171-0028
scale-000171,qualification-synthetic,g,62029.0,19.801257105905712,0.8663489041851479,000171-0029
scale-000171,qualification-synthetic,g,62030.0,22.488659505675727,1.0640528412280847,000171-0030
scale-000171,qualification-synthetic,g,62031.0,18.307300529794038,0.8094244575614742,000171-0031
scale-000172,qualification-synthetic,g,62000.0,19.855950921390928,0.8404331999376671,000172-0000
scale-000172,qualification-synthetic,g,62001.0,20.20549947261632,1.106594647229406,000172-0001
scale-000172,qualification-synthetic,g,62002.0,20.681510085621326,1.0063064054834394,000172-0002
scale-000172,qualification-synthetic,g,62003.0,19.27585554820257,1.1748299035058651,000172-0003
scale-000172,qualification-synthetic,g,62004.0,18.417984419339945,1.1977822454811011,000172-0004
scale-000172,qualification-synthetic,g,62005.0,19.902733731520346,1.036445190242079,000172-0005
scale-000172,qualification-synthetic,g,62006.0,19.111382002099276,1.0503487244557577,000172-0006
scale-000172,qualification-synthetic,g,62007.0,18.8026428878315,1.0649676604267793,000172-0007
scale-000172,qualification-synthetic,g,62008.0,20.985717377510007,1.1866169121193657,000172-0008
scale-000172,qualification-synthetic,g,62009.0,19.714121564230847,0.9853256661103273,000172-0009
scale-000172,qualification-synthetic,g,62010.0,18.479973946932233,1.0717629971566667,000172-0010
scale-000172,qualification-synthetic,g,62011.0,19.846315725332623,1.1344841756464874,000172-0011
scale-000172,qualification-synthetic,g,62012.0,17.162719707747648,1.0241550686061904,000172-0012
scale-000172,qualification-synthetic,g,62013.0,21.150888816684983,0.9353792658481769,000172-0013
scale-000172,qualification-synthetic,g,62014.0,21.441461646204512,0.8888012370715713,000172-0014
scale-000172,qualification-synthetic,g,62015.0,21.148329873997625,0.8873350308558444,000172-0015
scale-000172,qualification-synthetic,g,62016.0,19.442889732475862,1.1548380116389783,000172-0016
scale-000172,qualification-synthetic,g,62017.0,19.823899775900955,0.8715947291196887,000172-0017
scale-000172,qualification-synthetic,g,62018.0,19.86988915306982,0.9815552783917025,000172-0018
scale-000172,qualification-synthetic,g,62019.0,20.010553052035643,0.8417326644301648,000172-0019
scale-000172,qualification-synthetic,g,62020.0,19.78322556268697,0.8353202199422476,000172-0020
scale-000172,qualification-synthetic,g,62021.0,20.43902396048947,0.9458234084313666,000172-0021
scale-000172,qualification-synthetic,g,62022.0,22.33375791215099,1.0059449204909945,000172-0022
scale-000172,qualification-synthetic,g,62023.0,22.839562986890954,0.99548762610375,000172-0023
scale-000172,qualification-synthetic,g,62024.0,20.415887708568675,1.1205434233330327,000172-0024
scale-000172,qualification-synthetic,g,62025.0,20.973065148999353,0.8051164632406705,000172-0025
scale-000172,qualification-synthetic,g,62026.0,18.462178560581474,1.1185367852953814,000172-0026
scale-000172,qualification-synthetic,g,62027.0,20.12439840139701,1.1945433839471729,000172-0027
scale-000172,qualification-synthetic,g,62028.0,20.63936208610649,0.9878294585744353,000172-0028
scale-000172,qualification-synthetic,g,62029.0,18.09129543558979,1.1730831609284738,000172-0029
scale-000172,qualification-synthetic,g,62030.0,22.259901687209428,1.1072985836541354,000172-0030
scale-000172,qualification-synthetic,g,62031.0,19.41180969819428,1.1514870440824816,000172-0031
scale-000173,qualification-synthetic,g,62000.0,19.164159166140706,0.9129825484403237,000173-0000
scale-000173,qualification-synthetic,g,62001.0,20.149845567641695,1.0106800137603582,000173-0001
scale-000173,qualification-synthetic,g,62002.0,18.910862339065073,1.0482460466797423,000173-0002
scale-000173,qualification-synthetic,g,62003.0,19.991482593483667,1.1619949362279474,000173-0003
scale-000173,qualification-synthetic,g,62004.0,21.421055973499108,1.0323515539560717,000173-0004
scale-000173,qualification-synthetic,g,62005.0,21.06701726945171,1.0776106924392324,000173-0005
scale-000173,qualification-synthetic,g,62006.0,20.302324635793024,1.0989336084207455,000173-0006
scale-000173,qualification-synthetic,g,62007.0,20.816678448146895,0.8817359448385393,000173-0007
scale-000173,qualification-synthetic,g,62008.0,20.003641003894565,1.1832589827809197,000173-0008
scale-000173,qualification-synthetic,g,62009.0,20.221086940194628,1.161254235848651,000173-0009
scale-000173,qualification-synthetic,g,62010.0,19.362708249704035,1.1431925365376823,000173-0010
scale-000173,qualification-synthetic,g,62011.0,19.224516599170688,1.0375532507419853,000173-0011
scale-000173,qualification-synthetic,g,62012.0,21.674907683759308,0.8434901870138636,000173-0012
scale-000173,qualification-synthetic,g,62013.0,20.967040477154246,1.1863222351303968,000173-0013
scale-000173,qualification-synthetic,g,62014.0,20.082446213659477,0.8076712685466421,000173-0014
scale-000173,qualification-synthetic,g,62015.0,20.962281590861767,0.9547824586327874,000173-0015
scale-000173,qualification-synthetic,g,62016.0,19.860734615788814,0.8834154599224754,000173-0016
scale-000173,qualification-synthetic,g,62017.0,19.045243371899748,1.0172067848403574,000173-0017
scale-000173,qualification-synthetic,g,62018.0,21.220095408028644,1.1867102932358142,000173-0018
scale-000173,qualification-synthetic,g,62019.0,17.84158852542565,1.0202626779911725,000173-0019
scale-000173,qualification-synthetic,g,62020.0,20.076389386262957,0.979083471424043,000173-0020
scale-000173,qualification-synthetic,g,62021.0,21.58946312656079,1.1716647373813946,000173-0021
scale-000173,qualification-synthetic,g,62022.0,20.368154837568873,0.8950114048447252,000173-0022
scale-000173,qualification-synthetic,g,62023.0,22.010500737840047,0.9968663341304518,000173-0023
scale-000173,qualification-synthetic,g,62024.0,19.49964781359073,0.8340821280003028,000173-0024
scale-000173,qualification-synthetic,g,62025.0,22.12818086008414,1.0149663811347074,000173-0025
scale-000173,qualification-synthetic,g,62026.0,20.92542744485743,1.1250951364063413,000173-0026
scale-000173,qualification-synthetic,g,62027.0,21.505824357140227,0.9366885992622358,000173-0027
scale-000173,qualification-synthetic,g,62028.0,20.13432560573593,0.8213933769723609,000173-0028
scale-000173,qualification-synthetic,g,62029.0,19.716239242426425,0.954714918534781,000173-0029
scale-000173,qualification-synthetic,g,62030.0,20.85283118321821,0.8563900240601092,000173-0030
scale-000173,qualification-synthetic,g,62031.0,20.169295477429447,1.1183307421986806,000173-0031
scale-000174,qualification-synthetic,g,62000.0,17.801087113816177,1.049346703185604,000174-0000
scale-000174,qualification-synthetic,g,62001.0,16.558746687980832,1.0196620828366378,000174-0001
scale-000174,qualification-synthetic,g,62002.0,21.223372201263516,1.158358137419485,000174-0002
scale-000174,qualification-synthetic,g,62003.0,20.547420524140435,1.0522491537482292,000174-0003
scale-000174,qualification-synthetic,g,62004.0,19.593191766354696,1.0005885745585015,000174-0004
scale-000174,qualification-synthetic,g,62005.0,19.541891659522964,0.8100758087650064,000174-0005
scale-000174,qualification-synthetic,g,62006.0,20.892157813883202,1.0548367441835027,000174-0006
scale-000174,qualification-synthetic,g,62007.0,18.62355902382683,1.187244009925988,000174-0007
scale-000174,qualification-synthetic,g,62008.0,19.838326225789057,1.1868012293231434,000174-0008
scale-000174,qualification-synthetic,g,62009.0,20.37278581978478,1.1498723232084938,000174-0009
scale-000174,qualification-synthetic,g,62010.0,20.686689447186318,0.9817844510165893,000174-0010
scale-000174,qualification-synthetic,g,62011.0,18.523577981715686,1.163747129832282,000174-0011
scale-000174,qualification-synthetic,g,62012.0,21.490180973169302,1.1006679056181743,000174-0012
scale-000174,qualification-synthetic,g,62013.0,20.2234193266784,1.1425438700980024,000174-0013
scale-000174,qualification-synthetic,g,62014.0,18.994471763160114,1.0093997011378806,000174-0014
scale-000174,qualification-synthetic,g,62015.0,19.71598393390029,0.9431530429505425,000174-0015
scale-000174,qualification-synthetic,g,62016.0,13.96777977113066,1.0091344869676389,000174-0016
scale-000174,qualification-synthetic,g,62017.0,21.935035209257098,0.9549869468765133,000174-0017
scale-000174,qualification-synthetic,g,62018.0,20.234865138099504,0.9844564085123025,000174-0018
scale-000174,qualification-synthetic,g,62019.0,18.68782003731289,1.0405459847729073,000174-0019
scale-000174,qualification-synthetic,g,62020.0,18.069301223899856,0.9264708763747295,000174-0020
scale-000174,qualification-synthetic,g,62021.0,19.894469883736388,1.0662566081939875,000174-0021
scale-000174,qualification-synthetic,g,62022.0,18.86162807482216,0.8789486725772178,000174-0022
scale-000174,qualification-synthetic,g,62023.0,18.107738624559172,0.9195322501168367,000174-0023
scale-000174,qualification-synthetic,g,62024.0,18.84501904317544,1.0679354588779972,000174-0024
scale-000174,qualification-synthetic,g,62025.0,18.23006121185129,1.0230844551632399,000174-0025
scale-000174,qualification-synthetic,g,62026.0,16.883328674446137,0.9887771399658697,000174-0026
scale-000174,qualification-synthetic,g,62027.0,19.7432206717518,1.07083546394043,000174-0027
scale-000174,qualification-synthetic,g,62028.0,18.992691625783902,1.0833560660311838,000174-0028
scale-000174,qualification-synthetic,g,62029.0,21.092094123977834,1.0689727733476335,000174-0029
scale-000174,qualification-synthetic,g,62030.0,19.334911139978622,0.958131394549613,000174-0030
scale-000174,qualification-synthetic,g,62031.0,21.12658727180546,0.9563464469808803,000174-0031
scale-000175,qualification-synthetic,g,62000.0,19.624444334092782,1.0266776814558733,000175-0000
scale-000175,qualification-synthetic,g,62001.0,19.745791403641224,1.084741266646981,000175-0001
scale-000175,qualification-synthetic,g,62002.0,21.36624613456599,1.047055730638272,000175-0002
scale-000175,qualification-synthetic,g,62003.0,19.830362978957886,1.1696544685082295,000175-0003
scale-000175,qualification-synthetic,g,62004.0,18.029451110415316,1.1511199596241761,000175-0004
scale-000175,qualification-synthetic,g,62005.0,19.102550178967874,0.9489288684725798,000175-0005
scale-000175,qualification-synthetic,g,62006.0,19.95121971845957,0.8685818477469386,000175-0006
scale-000175,qualification-synthetic,g,62007.0,19.058549366252123,0.8872048061471643,000175-0007
scale-000175,qualification-synthetic,g,62008.0,19.757106472246125,0.9005816793320564,000175-0008
scale-000175,qualification-synthetic,g,62009.0,19.42091052701786,0.9090197493538311,000175-0009
scale-000175,qualification-synthetic,g,62010.0,17.445330955818875,0.9968458712756892,000175-0010
scale-000175,qualification-synthetic,g,62011.0,20.24437917309571,0.810333970161758,000175-0011
scale-000175,qualification-synthetic,g,62012.0,17.68170903341123,1.1899283735265436,000175-0012
scale-000175,qualification-synthetic,g,62013.0,19.583933070663416,0.9611037515694186,000175-0013
scale-000175,qualification-synthetic,g,62014.0,19.75737151877189,1.1079350389498923,000175-0014
scale-000175,qualification-synthetic,g,62015.0,18.683529906717002,0.9859528547245004,000175-0015
scale-000175,qualification-synthetic,g,62016.0,19.972662715671593,1.1851182735474906,000175-0016
scale-000175,qualification-synthetic,g,62017.0,20.417190280822552,1.1786276426043,000175-0017
scale-000175,qualification-synthetic,g,62018.0,20.40366710110715,0.9505778129276075,000175-0018
scale-000175,qualification-synthetic,g,62019.0,20.322111382679484,1.0672950209367913,000175-0019
scale-000175,qualification-synthetic,g,62020.0,20.303015291861442,0.8071293011809211,000175-0020
scale-000175,qualification-synthetic,g,62021.0,21.274310341948812,0.9200931568244243,000175-0021
scale-000175,qualification-synthetic,g,62022.0,21.01516971273153,0.8467643126108709,000175-0022
scale-000175,qualification-synthetic,g,62023.0,20.032579365472888,1.181306935324188,000175-0023
scale-000175,qualification-synthetic,g,62024.0,18.228284941493023,0.8635316009455704,000175-0024
scale-000175,qualification-synthetic,g,62025.0,18.46029165148378,1.0422675934482992,000175-0025
scale-000175,qualification-synthetic,g,62026.0,19.74558118076918,1.0451196478515625,000175-0026
scale-000175,qualification-synthetic,g,62027.0,20.92931251039831,1.1857543302322626,000175-0027
scale-000175,qualification-synthetic,g,62028.0,19.08438612763648,1.010284156987507,000175-0028
scale-000175,qualification-synthetic,g,62029.0,19.68109173827984,0.9118750243734636,000175-0029
scale-000175,qualification-synthetic,g,62030.0,20.971454436006756,1.043010147800274,000175-0030
scale-000175,qualification-synthetic,g,62031.0,20.081631947097176,0.9085170896581357,000175-0031
scale-000176,qualification-synthetic,g,62000.0,18.68956645588722,1.0521776762268344,000176-0000
scale-000176,qualification-synthetic,g,62001.0,19.481669755261642,1.114733596041538,000176-0001
scale-000176,qualification-synthetic,g,62002.0,20.135221730754676,0.92327115846081,000176-0002
scale-000176,qualification-synthetic,g,62003.0,22.574396876101513,1.0291718778625494,000176-0003
scale-000176,qualification-synthetic,g,62004.0,18.7814209325363,0.9123036613756863,000176-0004
scale-000176,qualification-synthetic,g,62005.0,18.895972913336422,1.00018919637907,000176-0005
scale-000176,qualification-synthetic,g,62006.0,19.791118727748927,1.10599250558409,000176-0006
scale-000176,qualification-synthetic,g,62007.0,20.73168283866136,1.102586021782085,000176-0007
scale-000176,qualification-synthetic,g,62008.0,19.959674779165542,0.9686622347451854,000176-0008
scale-000176,qualification-synthetic,g,62009.0,19.3399884107396,0.9731728301932009,000176-0009
scale-000176,qualification-synthetic,g,62010.0,19.794101326783423,0.9980896788028346,000176-0010
scale-000176,qualification-synthetic,g,62011.0,19.554014229823164,1.1043522970764432,000176-0011
scale-000176,qualification-synthetic,g,62012.0,21.277824331099488,1.0929900114445015,000176-0012
scale-000176,qualification-synthetic,g,62013.0,19.937406143022066,0.9817351141884118,000176-0013
scale-000176,qualification-synthetic,g,62014.0,19.045356049933535,0.9179319973922853,000176-0014
scale-000176,qualification-synthetic,g,62015.0,20.010695140942342,1.0459070965145707,000176-0015
scale-000176,qualification-synthetic,g,62016.0,19.581219514073098,0.9394344205504378,000176-0016
scale-000176,qualification-synthetic,g,62017.0,20.270256228562427,0.949066356455906,000176-0017
scale-000176,qualification-synthetic,g,62018.0,18.977676159860714,0.9560808638765748,000176-0018
scale-000176,qualification-synthetic,g,62019.0,20.058939697926238,0.9515225984886848,000176-0019
scale-000176,qualification-synthetic,g,62020.0,20.13332997309944,0.9912309423651214,000176-0020
scale-000176,qualification-synthetic,g,62021.0,18.443480855069144,1.1584803712555738,000176-0021
scale-000176,qualification-synthetic,g,62022.0,20.1840836688809,0.9344630276229902,000176-0022
scale-000176,qualification-synthetic,g,62023.0,20.239659680071107,0.8065530645807995,000176-0023
scale-000176,qualification-synthetic,g,62024.0,20.806052424569298,0.9688783872117124,000176-0024
scale-000176,qualification-synthetic,g,62025.0,19.193429556120343,0.8934209852672009,000176-0025
scale-000176,qualification-synthetic,g,62026.0,18.76316391069434,0.9863728421299911,000176-0026
scale-000176,qualification-synthetic,g,62027.0,19.452098112575374,1.0023601973057175,000176-0027
scale-000176,qualification-synthetic,g,62028.0,19.924340505968487,0.835196362676344,000176-0028
scale-000176,qualification-synthetic,g,62029.0,19.485707944153237,1.1270570462205896,000176-0029
scale-000176,qualification-synthetic,g,62030.0,19.004749065971872,0.8074989377977441,000176-0030
scale-000176,qualification-synthetic,g,62031.0,19.532486508846578,1.1575938273998634,000176-0031
scale-000177,qualification-synthetic,g,62000.0,19.70157449686414,0.9615941635752625,000177-0000
scale-000177,qualification-synthetic,g,62001.0,19.241673896786864,1.1196207666978213,000177-0001
scale-000177,qualification-synthetic,g,62002.0,23.282040459115223,1.0588931802740114,000177-0002
scale-000177,qualification-synthetic,g,62003.0,20.772890705587155,0.9714234338609139,000177-0003
scale-000177,qualification-synthetic,g,62004.0,20.969597717667,1.0794050084855613,000177-0004
scale-000177,qualification-synthetic,g,62005.0,19.733675884581587,0.8173913258701838,000177-0005
scale-000177,qualification-synthetic,g,62006.0,18.74897783688967,0.8730624115141228,000177-0006
scale-000177,qualification-synthetic,g,62007.0,19.34210216383601,0.836977884267522,000177-0007
scale-000177,qualification-synthetic,g,62008.0,19.988172832157755,1.0994721934386358,000177-0008
scale-000177,qualification-synthetic,g,62009.0,20.665392974854235,0.9941063574848286,000177-0009
scale-000177,qualification-synthetic,g,62010.0,20.49075060508109,1.0070826387925207,000177-0010
scale-000177,qualification-synthetic,g,62011.0,22.258150151036737,1.048613927882161,000177-0011
scale-000177,qualification-synthetic,g,62012.0,21.0384346688958,1.0600407720754752,000177-0012
scale-000177,qualification-synthetic,g,62013.0,19.99300539521374,1.1006952053660213,000177-0013
scale-000177,qualification-synthetic,g,62014.0,20.106750751450534,1.1272199259841522,000177-0014
scale-000177,qualification-synthetic,g,62015.0,19.487575301530928,0.8340727181922517,000177-0015
scale-000177,qualification-synthetic,g,62016.0,18.127906823469946,0.9052054425034303,000177-0016
scale-000177,qualification-synthetic,g,62017.0,19.335663749066228,1.0272073816921687,000177-0017
scale-000177,qualification-synthetic,g,62018.0,19.877273087113675,1.1538090236112368,000177-0018
scale-000177,qualification-synthetic,g,62019.0,19.363968578972965,0.9792296437575038,000177-0019
scale-000177,qualification-synthetic,g,62020.0,18.8752064439648,0.9861100919522382,000177-0020
scale-000177,qualification-synthetic,g,62021.0,19.7984101244747,1.023208736330877,000177-0021
scale-000177,qualification-synthetic,g,62022.0,21.473540918418344,1.0291193866346298,000177-0022
scale-000177,qualification-synthetic,g,62023.0,21.934626790059717,0.941920461521785,000177-0023
scale-000177,qualification-synthetic,g,62024.0,20.540861102468458,0.8033447039606577,000177-0024
scale-000177,qualification-synthetic,g,62025.0,19.92519948766692,0.9402984528554542,000177-0025
scale-000177,qualification-synthetic,g,62026.0,19.255976662723505,0.9904737813350288,000177-0026
scale-000177,qualification-synthetic,g,62027.0,20.05769901425839,0.8097252768653158,000177-0027
scale-000177,qualification-synthetic,g,62028.0,19.528519488395894,0.9619446186193918,000177-0028
scale-000177,qualification-synthetic,g,62029.0,19.711861020176126,1.126750418086555,000177-0029
scale-000177,qualification-synthetic,g,62030.0,19.16850795488153,1.144960122052202,000177-0030
scale-000177,qualification-synthetic,g,62031.0,20.110518566166018,0.9878468693572668,000177-0031
scale-000178,qualification-synthetic,g,62000.0,18.59543340565443,1.0013863040683124,000178-0000
scale-000178,qualification-synthetic,g,62001.0,20.124567450147975,0.9647623580082136,000178-0001
scale-000178,qualification-synthetic,g,62002.0,19.258967972834522,0.9639761136102976,000178-0002
scale-000178,qualification-synthetic,g,62003.0,18.404149886684753,1.0569931235065715,000178-0003
scale-000178,qualification-synthetic,g,62004.0,16.987178313100642,1.0233851183546112,000178-0004
scale-000178,qualification-synthetic,g,62005.0,20.515331755899794,1.0430236583176546,000178-0005
scale-000178,qualification-synthetic,g,62006.0,20.6312707586561,0.8099895219854039,000178-0006
scale-000178,qualification-synthetic,g,62007.0,19.609103843135216,0.9914262187430526,000178-0007
scale-000178,qualification-synthetic,g,62008.0,19.783315982044012,1.109894413347837,000178-0008
scale-000178,qualification-synthetic,g,62009.0,20.034657020841806,0.982628717942575,000178-0009
scale-000178,qualification-synthetic,g,62010.0,20.369191436438157,0.9005941646055227,000178-0010
scale-000178,qualification-synthetic,g,62011.0,18.91391750228313,1.103938741361068,000178-0011
scale-000178,qualification-synthetic,g,62012.0,19.955873725253422,0.8288536825693271,000178-0012
scale-000178,qualification-synthetic,g,62013.0,20.746541260831652,0.9326632638635649,000178-0013
scale-000178,qualification-synthetic,g,62014.0,22.402233980516606,1.0002677027006106,000178-0014
scale-000178,qualification-synthetic,g,62015.0,18.594567072924985,1.0731226342443696,000178-0015
scale-000178,qualification-synthetic,g,62016.0,19.22552589649018,1.0623155480824262,000178-0016
scale-000178,qualification-synthetic,g,62017.0,20.137731382131875,1.0881526426779395,000178-0017
scale-000178,qualification-synthetic,g,62018.0,20.817311124791615,1.1644675857423037,000178-0018
scale-000178,qualification-synthetic,g,62019.0,19.807419579325014,0.8870926999279666,000178-0019
scale-000178,qualification-synthetic,g,62020.0,23.10339446347694,0.8440151879127864,000178-0020
scale-000178,qualification-synthetic,g,62021.0,19.567561207930126,1.1865416725194067,000178-0021
scale-000178,qualification-synthetic,g,62022.0,19.70005621435028,1.079954225248223,000178-0022
scale-000178,qualification-synthetic,g,62023.0,20.907189295330948,1.1609882568079188,000178-0023
scale-000178,qualification-synthetic,g,62024.0,20.45461006296189,0.8718866426368869,000178-0024
scale-000178,qualification-synthetic,g,62025.0,19.581588809521662,0.9891705416092307,000178-0025
scale-000178,qualification-synthetic,g,62026.0,21.737428753146354,0.9707249524226327,000178-0026
scale-000178,qualification-synthetic,g,62027.0,20.036994520120178,1.1877092760427,000178-0027
scale-000178,qualification-synthetic,g,62028.0,22.165779346583577,1.1005792341710479,000178-0028
scale-000178,qualification-synthetic,g,62029.0,21.251563038815707,0.9894372547886909,000178-0029
scale-000178,qualification-synthetic,g,62030.0,19.463621868009547,0.9639416447114916,000178-0030
scale-000178,qualification-synthetic,g,62031.0,19.83180497862057,0.8720759027990977,000178-0031
scale-000179,qualification-synthetic,g,62000.0,19.558004847660033,1.0222487157266693,000179-0000
scale-000179,qualification-synthetic,g,62001.0,20.452671755025104,0.8497244961670289,000179-0001
scale-000179,qualification-synthetic,g,62002.0,20.36462270551678,1.0420812203437158,000179-0002
scale-000179,qualification-synthetic,g,62003.0,23.008927497241306,1.0432345153252107,000179-0003
scale-000179,qualification-synthetic,g,62004.0,20.50415924723081,0.919172734444576,000179-0004
scale-000179,qualification-synthetic,g,62005.0,20.1043169158498,0.804298045382941,000179-0005
scale-000179,qualification-synthetic,g,62006.0,19.509109216438947,1.0211092984400751,000179-0006
scale-000179,qualification-synthetic,g,62007.0,17.697954619733736,1.187017127877935,000179-0007
scale-000179,qualification-synthetic,g,62008.0,20.80269659295322,0.8762335439249521,000179-0008
scale-000179,qualification-synthetic,g,62009.0,20.909422959057075,0.912608435423345,000179-0009
scale-000179,qualification-synthetic,g,62010.0,19.8928445606483,1.0502405797857133,000179-0010
scale-000179,qualification-synthetic,g,62011.0,19.395254839106467,0.9593431699764263,000179-0011
scale-000179,qualification-synthetic,g,62012.0,20.570382262561147,1.1010059466781421,000179-0012
scale-000179,qualification-synthetic,g,62013.0,19.030325869004656,0.9478805112422236,000179-0013
scale-000179,qualification-synthetic,g,62014.0,20.52998254541903,1.1768681325570447,000179-0014
scale-000179,qualification-synthetic,g,62015.0,19.781958562694744,1.1981793135670797,000179-0015
scale-000179,qualification-synthetic,g,62016.0,18.355538886434964,1.0127325295063554,000179-0016
scale-000179,qualification-synthetic,g,62017.0,19.103747948618654,0.9863067898516651,000179-0017
scale-000179,qualification-synthetic,g,62018.0,20.13203441758819,0.8018550621610646,000179-0018
scale-000179,qualification-synthetic,g,62019.0,18.896907360878668,1.1486344558689425,000179-0019
scale-000179,qualification-synthetic,g,62020.0,19.641930806396015,1.0125804518247798,000179-0020
scale-000179,qualification-synthetic,g,62021.0,21.06821241341888,0.813994377008695,000179-0021
scale-000179,qualification-synthetic,g,62022.0,18.18907878355515,0.8398874229347906,000179-0022
scale-000179,qualification-synthetic,g,62023.0,19.333570157271648,1.0462704662896547,000179-0023
scale-000179,qualification-synthetic,g,62024.0,18.028200925140478,0.9856727737392009,000179-0024
scale-000179,qualification-synthetic,g,62025.0,18.48305147925449,0.9280826851652825,000179-0025
scale-000179,qualification-synthetic,g,62026.0,19.670704560432174,0.8857672336920023,000179-0026
scale-000179,qualification-synthetic,g,62027.0,20.029815414532084,0.8349094976965216,000179-0027
scale-000179,qualification-synthetic,g,62028.0,19.278892081433597,1.192230413705178,000179-0028
scale-000179,qualification-synthetic,g,62029.0,23.24508148923412,1.0149371931334004,000179-0029
scale-000179,qualification-synthetic,g,62030.0,18.677673163189723,1.0203226535114398,000179-0030
scale-000179,qualification-synthetic,g,62031.0,20.83390739341144,1.1089795686098012,000179-0031
scale-000180,qualification-synthetic,g,62000.0,19.950397811120133,0.941471683284016,000180-0000
scale-000180,qualification-synthetic,g,62001.0,20.524353756207404,0.9103051666854008,000180-0001
scale-000180,qualification-synthetic,g,62002.0,21.145921429303044,0.9829213704940967,000180-0002
scale-000180,qualification-synthetic,g,62003.0,24.167459147469167,1.0262241736054238,000180-0003
scale-000180,qualification-synthetic,g,62004.0,20.643207714385376,1.0715346204937695,000180-0004
scale-000180,qualification-synthetic,g,62005.0,20.11589612757634,0.9181457895861874,000180-0005
scale-000180,qualification-synthetic,g,62006.0,21.278170342938495,0.9576932415127428,000180-0006
scale-000180,qualification-synthetic,g,62007.0,19.4395431610457,1.138303634766245,000180-0007
scale-000180,qualification-synthetic,g,62008.0,17.38425122894681,1.0399690507077992,000180-0008
scale-000180,qualification-synthetic,g,62009.0,19.571943028012218,0.8812856618232711,000180-0009
scale-000180,qualification-synthetic,g,62010.0,18.788367776665762,1.1306141768982667,000180-0010
scale-000180,qualification-synthetic,g,62011.0,17.80937459484442,1.1457706293614596,000180-0011
scale-000180,qualification-synthetic,g,62012.0,19.63588271566534,1.1214412695754556,000180-0012
scale-000180,qualification-synthetic,g,62013.0,21.600193057906186,1.0358345023605722,000180-0013
scale-000180,qualification-synthetic,g,62014.0,20.593191520148295,0.9906963926376895,000180-0014
scale-000180,qualification-synthetic,g,62015.0,20.755149096152305,0.8279470696574438,000180-0015
scale-000180,qualification-synthetic,g,62016.0,21.39800489111274,1.1796450846772202,000180-0016
scale-000180,qualification-synthetic,g,62017.0,19.064504603848906,0.8435964407423782,000180-0017
scale-000180,qualification-synthetic,g,62018.0,19.12214157695498,1.1790038956918136,000180-0018
scale-000180,qualification-synthetic,g,62019.0,22.866011359428104,1.1281508178505018,000180-0019
scale-000180,qualification-synthetic,g,62020.0,19.780481984849462,0.8985668407286692,000180-0020
scale-000180,qualification-synthetic,g,62021.0,19.913523956167364,1.1073989479801707,000180-0021
scale-000180,qualification-synthetic,g,62022.0,18.649331201796915,0.882818480671706,000180-0022
scale-000180,qualification-synthetic,g,62023.0,17.93286297958318,1.1383531127856805,000180-0023
scale-000180,qualification-synthetic,g,62024.0,18.773574078068393,1.0115308010924569,000180-0024
scale-000180,qualification-synthetic,g,62025.0,18.326904089017653,1.1240843833342389,000180-0025
scale-000180,qualification-synthetic,g,62026.0,21.028460787853895,0.8718611644510823,000180-0026
scale-000180,qualification-synthetic,g,62027.0,20.16392994784013,1.0118319491732146,000180-0027
scale-000180,qualification-synthetic,g,62028.0,19.888395505832037,0.9637142304779457,000180-0028
scale-000180,qualification-synthetic,g,62029.0,19.618783992920275,1.1767119222173628,000180-0029
scale-000180,qualification-synthetic,g,62030.0,21.394828462650494,1.1144038874801268,000180-0030
scale-000180,qualification-synthetic,g,62031.0,19.860556900820427,0.949044290362589,000180-0031
scale-000181,qualification-synthetic,g,62000.0,20.68079765873359,0.8385017216581685,000181-0000
scale-000181,qualification-synthetic,g,62001.0,18.901101470791087,1.0247501647878003,000181-0001
scale-000181,qualification-synthetic,g,62002.0,22.447326962515632,1.079210679470129,000181-0002
scale-000181,qualification-synthetic,g,62003.0,20.64340557095087,1.0959619013143722,000181-0003
scale-000181,qualification-synthetic,g,62004.0,22.043696590347196,0.8674225903878755,000181-0004
scale-000181,qualification-synthetic,g,62005.0,21.663177380399645,1.0614493804172709,000181-0005
scale-000181,qualification-synthetic,g,62006.0,19.354164225028807,1.0280141450758067,000181-0006
scale-000181,qualification-synthetic,g,62007.0,18.51147061889057,1.0187626477426512,000181-0007
scale-000181,qualification-synthetic,g,62008.0,18.777519965841414,1.0338423363536133,000181-0008
scale-000181,qualification-synthetic,g,62009.0,21.371001902842007,1.0338120624709968,000181-0009
scale-000181,qualification-synthetic,g,62010.0,18.205275207070994,0.941852941041127,000181-0010
scale-000181,qualification-synthetic,g,62011.0,20.849712722930626,0.873431285467432,000181-0011
scale-000181,qualification-synthetic,g,62012.0,21.102024774233126,1.1982568075267512,000181-0012
scale-000181,qualification-synthetic,g,62013.0,19.825688101790803,0.9685645711743252,000181-0013
scale-000181,qualification-synthetic,g,62014.0,20.82568047820095,1.0902648206961467,000181-0014
scale-000181,qualification-synthetic,g,62015.0,19.598282879700115,0.8485977203935109,000181-0015
scale-000181,qualification-synthetic,g,62016.0,20.95726557024561,1.1901453960074448,000181-0016
scale-000181,qualification-synthetic,g,62017.0,21.632996855703965,0.8918163484575653,000181-0017
scale-000181,qualification-synthetic,g,62018.0,21.649613217163566,0.9949682077010092,000181-0018
scale-000181,qualification-synthetic,g,62019.0,18.802498953997475,1.148513038626599,000181-0019
scale-000181,qualification-synthetic,g,62020.0,18.25754351099685,1.1653059203513223,000181-0020
scale-000181,qualification-synthetic,g,62021.0,20.271370204997464,0.9382956755869268,000181-0021
scale-000181,qualification-synthetic,g,62022.0,18.38546445672162,0.8364866827229009,000181-0022
scale-000181,qualification-synthetic,g,62023.0,20.654718565980993,0.8896932387269821,000181-0023
scale-000181,qualification-synthetic,g,62024.0,20.16855475320135,1.0751932203684917,000181-0024
scale-000181,qualification-synthetic,g,62025.0,18.505099562547095,0.8386162967753289,000181-0025
scale-000181,qualification-synthetic,g,62026.0,20.009426930360302,1.0871113589757813,000181-0026
scale-000181,qualification-synthetic,g,62027.0,19.31255055216014,0.9277376119303169,000181-0027
scale-000181,qualification-synthetic,g,62028.0,20.51483791279079,0.9554415571102518,000181-0028
scale-000181,qualification-synthetic,g,62029.0,20.175152801667235,1.1884323319805388,000181-0029
scale-000181,qualification-synthetic,g,62030.0,20.05590594576429,1.1402855488450996,000181-0030
scale-000181,qualification-synthetic,g,62031.0,19.565643020023554,0.8400633883095527,000181-0031
scale-000182,qualification-synthetic,g,62000.0,19.915999927906586,1.0298958600802979,000182-0000
scale-000182,qualification-synthetic,g,62001.0,20.010041068246768,1.0872870535057302,000182-0001
scale-000182,qualification-synthetic,g,62002.0,19.68477465874179,0.9771662033021332,000182-0002
scale-000182,qualification-synthetic,g,62003.0,19.285526855824838,0.8572035864983458,000182-0003
scale-000182,qualification-synthetic,g,62004.0,19.34804697319838,1.1636614970274881,000182-0004
scale-000182,qualification-synthetic,g,62005.0,20.164920315278135,1.1390010135209454,000182-0005
scale-000182,qualification-synthetic,g,62006.0,22.456030151961237,1.1988434090990723,000182-0006
scale-000182,qualification-synthetic,g,62007.0,20.439258419731615,0.9797927531689113,000182-0007
scale-000182,qualification-synthetic,g,62008.0,20.193536714454783,0.832253133110377,000182-0008
scale-000182,qualification-synthetic,g,62009.0,19.016586242058832,1.0004175823608936,000182-0009
scale-000182,qualification-synthetic,g,62010.0,19.457362519664464,0.8457180651379604,000182-0010
scale-000182,qualification-synthetic,g,62011.0,20.802813376878525,0.8415996797992424,000182-0011
scale-000182,qualification-synthetic,g,62012.0,19.89137911234379,1.0121926128692924,000182-0012
scale-000182,qualification-synthetic,g,62013.0,19.99777722765169,0.917537850029238,000182-0013
scale-000182,qualification-synthetic,g,62014.0,20.659218952498392,1.1482651646652722,000182-0014
scale-000182,qualification-synthetic,g,62015.0,18.778280124506974,0.9000786087702145,000182-0015
scale-000182,qualification-synthetic,g,62016.0,21.085216429821774,0.955845644339328,000182-0016
scale-000182,qualification-synthetic,g,62017.0,19.663660082049503,1.1474074749265366,000182-0017
scale-000182,qualification-synthetic,g,62018.0,19.14916534783601,1.1908695805237517,000182-0018
scale-000182,qualification-synthetic,g,62019.0,19.85964094340366,0.9989180633505932,000182-0019
scale-000182,qualification-synthetic,g,62020.0,19.33185034423868,1.065806463520415,000182-0020
scale-000182,qualification-synthetic,g,62021.0,21.76333791013903,0.9432344330380665,000182-0021
scale-000182,qualification-synthetic,g,62022.0,20.96099253585684,0.9886016282775342,000182-0022
scale-000182,qualification-synthetic,g,62023.0,19.268193453395302,1.1564268235770996,000182-0023
scale-000182,qualification-synthetic,g,62024.0,20.105248469779788,1.1090312506438489,000182-0024
scale-000182,qualification-synthetic,g,62025.0,21.000309205804598,0.9106966752970763,000182-0025
scale-000182,qualification-synthetic,g,62026.0,19.970093382088884,1.1834850850251293,000182-0026
scale-000182,qualification-synthetic,g,62027.0,20.10770549023025,0.8130208567303594,000182-0027
scale-000182,qualification-synthetic,g,62028.0,21.85180723712286,0.9793271950402617,000182-0028
scale-000182,qualification-synthetic,g,62029.0,25.669305043128908,0.998083725148751,000182-0029
scale-000182,qualification-synthetic,g,62030.0,19.803410715458853,0.9867355471479462,000182-0030
scale-000182,qualification-synthetic,g,62031.0,21.120975220860323,1.096725341768783,000182-0031
scale-000183,qualification-synthetic,g,62000.0,19.727308754911743,0.9131167590901171,000183-0000
scale-000183,qualification-synthetic,g,62001.0,21.579531893161334,1.1244529762296542,000183-0001
scale-000183,qualification-synthetic,g,62002.0,19.278851807855393,1.003799501061267,000183-0002
scale-000183,qualification-synthetic,g,62003.0,19.284839077635375,1.0663133905337465,000183-0003
scale-000183,qualification-synthetic,g,62004.0,20.98618687625299,0.9669342591423832,000183-0004
scale-000183,qualification-synthetic,g,62005.0,17.908547549717653,1.0406835371928782,000183-0005
scale-000183,qualification-synthetic,g,62006.0,20.726469356196496,1.189676367382763,000183-0006
scale-000183,qualification-synthetic,g,62007.0,18.305872772125568,0.9341381842904066,000183-0007
scale-000183,qualification-synthetic,g,62008.0,20.396045735706274,1.1414361202506762,000183-0008
scale-000183,qualification-synthetic,g,62009.0,19.380557696215607,0.9370706343570022,000183-0009
scale-000183,qualification-synthetic,g,62010.0,18.91353268414446,1.1755346277671734,000183-0010
scale-000183,qualification-synthetic,g,62011.0,19.815516833951914,0.8442259651085162,000183-0011
scale-000183,qualification-synthetic,g,62012.0,20.689990348671994,1.015713702132631,000183-0012
scale-000183,qualification-synthetic,g,62013.0,20.3865546347754,0.80348980015967,000183-0013
scale-000183,qualification-synthetic,g,62014.0,20.75877271412369,0.8492907205516951,000183-0014
scale-000183,qualification-synthetic,g,62015.0,19.436770571013064,0.8715023510466012,000183-0015
scale-000183,qualification-synthetic,g,62016.0,19.104242366583016,0.8834371656252605,000183-0016
scale-000183,qualification-synthetic,g,62017.0,22.819887607715568,1.0018375989423822,000183-0017
scale-000183,qualification-synthetic,g,62018.0,22.009283768004472,1.0592934371798848,000183-0018
scale-000183,qualification-synthetic,g,62019.0,19.695709194450842,0.8725175825952078,000183-0019
scale-000183,qualification-synthetic,g,62020.0,20.039542052809356,0.9457558685581737,000183-0020
scale-000183,qualification-synthetic,g,62021.0,20.44472782679639,0.9147728363405798,000183-0021
scale-000183,qualification-synthetic,g,62022.0,20.800920979168964,0.8457506149715691,000183-0022
scale-000183,qualification-synthetic,g,62023.0,22.063529214326714,1.1292589816933096,000183-0023
scale-000183,qualification-synthetic,g,62024.0,20.44472011198269,0.8578474756106621,000183-0024
scale-000183,qualification-synthetic,g,62025.0,19.552517286603507,0.9432911553544138,000183-0025
scale-000183,qualification-synthetic,g,62026.0,20.473351999690554,1.060897850575484,000183-0026
scale-000183,qualification-synthetic,g,62027.0,19.267243378655603,1.1623426096286342,000183-0027
scale-000183,qualification-synthetic,g,62028.0,20.09032898670962,0.949886123554579,000183-0028
scale-000183,qualification-synthetic,g,62029.0,20.62302778467332,0.993942562114934,000183-0029
scale-000183,qualification-synthetic,g,62030.0,19.96799496583624,0.8196107943377661,000183-0030
scale-000183,qualification-synthetic,g,62031.0,20.92905396126471,1.185087848709107,000183-0031
scale-000184,qualification-synthetic,g,62000.0,20.373879506315888,1.1004137544698416,000184-0000
scale-000184,qualification-synthetic,g,62001.0,18.584582253357098,0.9897599298002937,000184-0001
scale-000184,qualification-synthetic,g,62002.0,19.914880575005242,1.033501201470399,000184-0002
scale-000184,qualification-synthetic,g,62003.0,16.626502888889664,1.1393994293505134,000184-0003
scale-000184,qualification-synthetic,g,62004.0,20.768558422834026,1.0851451009013886,000184-0004
scale-000184,qualification-synthetic,g,62005.0,19.81791026912144,1.1816704222973398,000184-0005
scale-000184,qualification-synthetic,g,62006.0,20.017096552684983,1.027184382638026,000184-0006
scale-000184,qualification-synthetic,g,62007.0,20.381129593085298,0.9938184251775111,000184-0007
scale-000184,qualification-synthetic,g,62008.0,18.604799893962678,0.8550866212743388,000184-0008
scale-000184,qualification-synthetic,g,62009.0,18.60560552147752,1.1781284442280349,000184-0009
scale-000184,qualification-synthetic,g,62010.0,18.87252230005891,1.1211849766082216,000184-0010
scale-000184,qualification-synthetic,g,62011.0,18.7498807898451,0.9426681296220425,000184-0011
scale-000184,qualification-synthetic,g,62012.0,19.652999417565177,1.0054577552592765,000184-0012
scale-000184,qualification-synthetic,g,62013.0,20.64902617475898,1.095723661505671,000184-0013
scale-000184,qualification-synthetic,g,62014.0,20.48870260525582,0.8258086921220971,000184-0014
scale-000184,qualification-synthetic,g,62015.0,21.166310248036204,1.0517533808569763,000184-0015
scale-000184,qualification-synthetic,g,62016.0,17.821102751041554,1.1153030371409864,000184-0016
scale-000184,qualification-synthetic,g,62017.0,19.74198824237256,1.1920662491341951,000184-0017
scale-000184,qualification-synthetic,g,62018.0,19.75736775766447,1.0673990980792671,000184-0018
scale-000184,qualification-synthetic,g,62019.0,19.35280810895812,0.8040826648405641,000184-0019
scale-000184,qualification-synthetic,g,62020.0,20.338875651763367,1.0371280130693188,000184-0020
scale-000184,qualification-synthetic,g,62021.0,17.321343354651958,0.900676589265734,000184-0021
scale-000184,qualification-synthetic,g,62022.0,19.543468913145738,1.1750979159509773,000184-0022
scale-000184,qualification-synthetic,g,62023.0,20.868516206883825,1.1242253336941002,000184-0023
scale-000184,qualification-synthetic,g,62024.0,19.89967037325777,0.9233668273327151,000184-0024
scale-000184,qualification-synthetic,g,62025.0,19.582091299218852,1.014031419106104,000184-0025
scale-000184,qualification-synthetic,g,62026.0,18.96048912270963,1.153911504041538,000184-0026
scale-000184,qualification-synthetic,g,62027.0,18.885316003765066,1.029640587524249,000184-0027
scale-000184,qualification-synthetic,g,62028.0,19.77690871019602,1.097162448975393,000184-0028
scale-000184,qualification-synthetic,g,62029.0,21.449132167273287,0.8898467840649978,000184-0029
scale-000184,qualification-synthetic,g,62030.0,20.19355994635619,1.183195309025594,000184-0030
scale-000184,qualification-synthetic,g,62031.0,20.003964779065154,0.8411439120688198,000184-0031
scale-000185,qualification-synthetic,g,62000.0,19.18749042312329,1.0669691492741908,000185-0000
scale-000185,qualification-synthetic,g,62001.0,19.623791716749295,0.8850772573489215,000185-0001
scale-000185,qualification-synthetic,g,62002.0,21.564542394450577,0.8941469237184858,000185-0002
scale-000185,qualification-synthetic,g,62003.0,20.013779496071525,0.8731321419869708,000185-0003
scale-000185,qualification-synthetic,g,62004.0,21.860360835545972,0.9692408147574061,000185-0004
scale-000185,qualification-synthetic,g,62005.0,20.608434806974294,1.143129069108262,000185-0005
scale-000185,qualification-synthetic,g,62006.0,16.039986978267393,1.0051456093827802,000185-0006
scale-000185,qualification-synthetic,g,62007.0,22.183684398732492,1.0227424619789829,000185-0007
scale-000185,qualification-synthetic,g,62008.0,19.662928473511766,0.956625139887176,000185-0008
scale-000185,qualification-synthetic,g,62009.0,18.87732672225756,1.1394927197861413,000185-0009
scale-000185,qualification-synthetic,g,62010.0,21.08616801723017,1.0498443552146957,000185-0010
scale-000185,qualification-synthetic,g,62011.0,20.937620867208835,1.129585719786343,000185-0011
scale-000185,qualification-synthetic,g,62012.0,20.238033804531025,1.192341524659766,000185-0012
scale-000185,qualification-synthetic,g,62013.0,20.045985112234195,1.0096237719881394,000185-0013
scale-000185,qualification-synthetic,g,62014.0,19.892817666276365,0.8634178006303868,000185-0014
scale-000185,qualification-synthetic,g,62015.0,20.622407088583746,0.9129907275127048,000185-0015
scale-000185,qualification-synthetic,g,62016.0,22.29450938471436,1.0315089364893326,000185-0016
scale-000185,qualification-synthetic,g,62017.0,21.387824392805392,1.0726652375123769,000185-0017
scale-000185,qualification-synthetic,g,62018.0,20.057922030620993,0.8655473932802328,000185-0018
scale-000185,qualification-synthetic,g,62019.0,21.178899483825752,1.1775462052965209,000185-0019
scale-000185,qualification-synthetic,g,62020.0,16.283598583835502,0.8559885974764655,000185-0020
scale-000185,qualification-synthetic,g,62021.0,20.044333330458795,0.8871659087625594,000185-0021
scale-000185,qualification-synthetic,g,62022.0,19.42929547258966,1.1700619570016277,000185-0022
scale-000185,qualification-synthetic,g,62023.0,20.7625186943987,0.8329151729269114,000185-0023
scale-000185,qualification-synthetic,g,62024.0,20.961589735367337,1.1500125179244713,000185-0024
scale-000185,qualification-synthetic,g,62025.0,20.677758658440464,1.1307200960701973,000185-0025
scale-000185,qualification-synthetic,g,62026.0,19.401152332975368,1.1959529527114785,000185-0026
scale-000185,qualification-synthetic,g,62027.0,17.78360760832747,1.0600667812449942,000185-0027
scale-000185,qualification-synthetic,g,62028.0,22.604720488636183,1.1225781736087759,000185-0028
scale-000185,qualification-synthetic,g,62029.0,18.69241509862067,0.9167033442490895,000185-0029
scale-000185,qualification-synthetic,g,62030.0,19.818035814217012,0.8117873326354961,000185-0030
scale-000185,qualification-synthetic,g,62031.0,20.421687263300875,1.0704229408254042,000185-0031
scale-000186,qualification-synthetic,g,62000.0,20.378716389463204,1.1103275154965349,000186-0000
scale-000186,qualification-synthetic,g,62001.0,19.74732535371246,1.0000436790790548,000186-0001
scale-000186,qualification-synthetic,g,62002.0,18.802516609189187,0.8457381241314346,000186-0002
scale-000186,qualification-synthetic,g,62003.0,20.07485690323483,1.1838629714478057,000186-0003
scale-000186,qualification-synthetic,g,62004.0,20.518982111307533,0.8847808356071463,000186-0004
scale-000186,qualification-synthetic,g,62005.0,19.976260371680368,0.988789546314204,000186-0005
scale-000186,qualification-synthetic,g,62006.0,19.39317232827954,0.8850984509954725,000186-0006
scale-000186,qualification-synthetic,g,62007.0,20.567548245410862,1.180534597030549,000186-0007
scale-000186,qualification-synthetic,g,62008.0,19.677752333952057,0.8817586335133667,000186-0008
scale-000186,qualification-synthetic,g,62009.0,15.40566067227433,0.8665718409076556,000186-0009
scale-000186,qualification-synthetic,g,62010.0,19.91732039923651,1.1851806853218738,000186-0010
scale-000186,qualification-synthetic,g,62011.0,19.4071270946486,0.9740934779503555,000186-0011
scale-000186,qualification-synthetic,g,62012.0,19.922513899215307,0.8097019039052276,000186-0012
scale-000186,qualification-synthetic,g,62013.0,19.23467844017306,1.1581522195546594,000186-0013
scale-000186,qualification-synthetic,g,62014.0,20.065020382542038,0.9634374495568679,000186-0014
scale-000186,qualification-synthetic,g,62015.0,19.095576888804526,0.8892672119435715,000186-0015
scale-000186,qualification-synthetic,g,62016.0,20.013024976155613,1.1837141726691343,000186-0016
scale-000186,qualification-synthetic,g,62017.0,20.83582976371065,0.905608877862769,000186-0017
scale-000186,qualification-synthetic,g,62018.0,19.393692804683315,1.0245997878597308,000186-0018
scale-000186,qualification-synthetic,g,62019.0,21.51376355830967,1.0045589625879456,000186-0019
scale-000186,qualification-synthetic,g,62020.0,19.850107533187707,0.9773885736524637,000186-0020
scale-000186,qualification-synthetic,g,62021.0,17.717345318843734,1.07615171304709,000186-0021
scale-000186,qualification-synthetic,g,62022.0,20.80232463633865,1.0701255865690438,000186-0022
scale-000186,qualification-synthetic,g,62023.0,20.31922672541836,1.1666012006662263,000186-0023
scale-000186,qualification-synthetic,g,62024.0,18.577843469017516,1.1059066040359897,000186-0024
scale-000186,qualification-synthetic,g,62025.0,21.2143171533231,1.0657436167385863,000186-0025
scale-000186,qualification-synthetic,g,62026.0,20.235260069204944,0.9066321424054502,000186-0026
scale-000186,qualification-synthetic,g,62027.0,18.323400723075153,1.0839709845599734,000186-0027
scale-000186,qualification-synthetic,g,62028.0,19.44704478455704,0.9851367788672363,000186-0028
scale-000186,qualification-synthetic,g,62029.0,22.501762060227676,1.127463779301348,000186-0029
scale-000186,qualification-synthetic,g,62030.0,17.910209025274423,1.0807536236941007,000186-0030
scale-000186,qualification-synthetic,g,62031.0,16.353969401278704,1.0839748587957991,000186-0031
scale-000187,qualification-synthetic,g,62000.0,21.283039842514384,1.1097350107537565,000187-0000
scale-000187,qualification-synthetic,g,62001.0,19.513349357067533,1.1160708491978268,000187-0001
scale-000187,qualification-synthetic,g,62002.0,21.46004614788139,1.0927953490893958,000187-0002
scale-000187,qualification-synthetic,g,62003.0,19.749251207810378,0.9506886177899725,000187-0003
scale-000187,qualification-synthetic,g,62004.0,20.0309866996658,1.056398255931076,000187-0004
scale-000187,qualification-synthetic,g,62005.0,21.358650044576986,0.9116315161359277,000187-0005
scale-000187,qualification-synthetic,g,62006.0,20.186795785012453,0.8908998648261366,000187-0006
scale-000187,qualification-synthetic,g,62007.0,18.608200221422443,1.0683398710897856,000187-0007
scale-000187,qualification-synthetic,g,62008.0,19.366144062781046,1.1771437937692282,000187-0008
scale-000187,qualification-synthetic,g,62009.0,17.695206346564,0.9859742877692198,000187-0009
scale-000187,qualification-synthetic,g,62010.0,19.59888839842811,0.9308842569870328,000187-0010
scale-000187,qualification-synthetic,g,62011.0,21.325024721948882,1.1866078017589063,000187-0011
scale-000187,qualification-synthetic,g,62012.0,19.698541507620213,1.0929126431820535,000187-0012
scale-000187,qualification-synthetic,g,62013.0,20.146876424381894,1.1068263183812794,000187-0013
scale-000187,qualification-synthetic,g,62014.0,20.662677107563624,1.0310259097178722,000187-0014
scale-000187,qualification-synthetic,g,62015.0,21.165097158510527,1.1982493851996743,000187-0015
scale-000187,qualification-synthetic,g,62016.0,20.289162408799378,1.136580056092662,000187-0016
scale-000187,qualification-synthetic,g,62017.0,20.133017222918454,0.8007955114047959,000187-0017
scale-000187,qualification-synthetic,g,62018.0,19.814912143387133,0.8152240623916678,000187-0018
scale-000187,qualification-synthetic,g,62019.0,19.513379961946097,0.8012742702539377,000187-0019
scale-000187,qualification-synthetic,g,62020.0,22.895231995298754,0.9706015644561491,000187-0020
scale-000187,qualification-synthetic,g,62021.0,18.6340261229393,0.987438929021774,000187-0021
scale-000187,qualification-synthetic,g,62022.0,20.010290120246907,1.034752126702072,000187-0022
scale-000187,qualification-synthetic,g,62023.0,19.773859805107136,1.0803009747396182,000187-0023
scale-000187,qualification-synthetic,g,62024.0,18.529831498300926,1.028450171101038,000187-0024
scale-000187,qualification-synthetic,g,62025.0,19.21688351712951,0.9847583405961462,000187-0025
scale-000187,qualification-synthetic,g,62026.0,17.56468725149843,0.9826201842860636,000187-0026
scale-000187,qualification-synthetic,g,62027.0,16.052670127875416,0.8386789114163418,000187-0027
scale-000187,qualification-synthetic,g,62028.0,19.32840455663768,0.8246978095689199,000187-0028
scale-000187,qualification-synthetic,g,62029.0,21.3750901854163,0.9472608792717504,000187-0029
scale-000187,qualification-synthetic,g,62030.0,19.737808249508323,1.1452437520752556,000187-0030
scale-000187,qualification-synthetic,g,62031.0,21.52831787387003,0.8185642814230791,000187-0031
scale-000188,qualification-synthetic,g,62000.0,18.775341392620525,0.9375865719363163,000188-0000
scale-000188,qualification-synthetic,g,62001.0,19.960164696898367,1.017136785571091,000188-0001
scale-000188,qualification-synthetic,g,62002.0,19.639437684756636,1.0177214303666575,000188-0002
scale-000188,qualification-synthetic,g,62003.0,17.957589164422654,0.8711093511236278,000188-0003
scale-000188,qualification-synthetic,g,62004.0,19.54177126939551,1.042137783831784,000188-0004
scale-000188,qualification-synthetic,g,62005.0,21.559376089092346,0.8610421372941253,000188-0005
scale-000188,qualification-synthetic,g,62006.0,19.98196115553989,1.1741837218296727,000188-0006
scale-000188,qualification-synthetic,g,62007.0,20.154299795755527,1.1180705622573193,000188-0007
scale-000188,qualification-synthetic,g,62008.0,18.26983896843718,1.0056264999549573,000188-0008
scale-000188,qualification-synthetic,g,62009.0,19.57167517243926,1.1040067599732357,000188-0009
scale-000188,qualification-synthetic,g,62010.0,20.381725914736396,0.9758801401355888,000188-0010
scale-000188,qualification-synthetic,g,62011.0,20.79793366354196,0.8538536994534135,000188-0011
scale-000188,qualification-synthetic,g,62012.0,20.36180313740657,0.9274914760672357,000188-0012
scale-000188,qualification-synthetic,g,62013.0,20.555089183444732,1.0064853902937336,000188-0013
scale-000188,qualification-synthetic,g,62014.0,18.20609798680445,1.0815079234689213,000188-0014
scale-000188,qualification-synthetic,g,62015.0,19.490311843898322,1.071940147698035,000188-0015
scale-000188,qualification-synthetic,g,62016.0,21.10299712098237,0.9704235501827846,000188-0016
scale-000188,qualification-synthetic,g,62017.0,20.183498508919016,0.8395641338690856,000188-0017
scale-000188,qualification-synthetic,g,62018.0,20.14399582278575,1.1454284426297385,000188-0018
scale-000188,qualification-synthetic,g,62019.0,21.43703198582326,1.0980213637537737,000188-0019
scale-000188,qualification-synthetic,g,62020.0,21.264951785173174,0.8527190986671995,000188-0020
scale-000188,qualification-synthetic,g,62021.0,18.813341592428024,0.8534739584823916,000188-0021
scale-000188,qualification-synthetic,g,62022.0,20.042912779799373,0.8821430111733893,000188-0022
scale-000188,qualification-synthetic,g,62023.0,20.4951567031791,1.0908223539515525,000188-0023
scale-000188,qualification-synthetic,g,62024.0,21.368273896009136,1.1698864993823987,000188-0024
scale-000188,qualification-synthetic,g,62025.0,20.243410927070116,0.9807415053811053,000188-0025
scale-000188,qualification-synthetic,g,62026.0,19.78972229611823,0.9901489905115467,000188-0026
scale-000188,qualification-synthetic,g,62027.0,19.47256028696259,0.8590932458514245,000188-0027
scale-000188,qualification-synthetic,g,62028.0,19.443450496835005,0.8007795388605743,000188-0028
scale-000188,qualification-synthetic,g,62029.0,18.549549275114693,1.0914456836671687,000188-0029
scale-000188,qualification-synthetic,g,62030.0,21.300797282513706,1.0788312312877317,000188-0030
scale-000188,qualification-synthetic,g,62031.0,19.03642484798218,0.8983553123775371,000188-0031
scale-000189,qualification-synthetic,g,62000.0,20.567970518982253,1.1554246106646737,000189-0000
scale-000189,qualification-synthetic,g,62001.0,20.144881218513934,1.1525925531508703,000189-0001
scale-000189,qualification-synthetic,g,62002.0,19.308025733978006,0.9486273256860881,000189-0002
scale-000189,qualification-synthetic,g,62003.0,20.171604161240335,0.8149422488211777,000189-0003
scale-000189,qualification-synthetic,g,62004.0,20.02296157335803,0.9532579568180028,000189-0004
scale-000189,qualification-synthetic,g,62005.0,19.776299987867873,0.9423884406136128,000189-0005
scale-000189,qualification-synthetic,g,62006.0,20.507373137833202,1.025942404574125,000189-0006
scale-000189,qualification-synthetic,g,62007.0,21.296295738635745,1.1911353103110032,000189-0007
scale-000189,qualification-synthetic,g,62008.0,19.776346162477562,0.9294586860027408,000189-0008
scale-000189,qualification-synthetic,g,62009.0,20.508087902829708,0.9207954564602859,000189-0009
scale-000189,qualification-synthetic,g,62010.0,21.147477570994308,1.0740357338243731,000189-0010
scale-000189,qualification-synthetic,g,62011.0,21.413157352345788,0.9849830667444898,000189-0011
scale-000189,qualification-synthetic,g,62012.0,19.213249094700544,0.8158091382204534,000189-0012
scale-000189,qualification-synthetic,g,62013.0,21.47071909929777,1.1331615408103233,000189-0013
scale-000189,qualification-synthetic,g,62014.0,20.344525516784383,0.8218769239048771,000189-0014
scale-000189,qualification-synthetic,g,62015.0,19.9564598087774,0.926546823052294,000189-0015
scale-000189,qualification-synthetic,g,62016.0,19.86774633130731,1.0939398777461662,000189-0016
scale-000189,qualification-synthetic,g,62017.0,18.74069812923577,0.9532075710126051,000189-0017
scale-000189,qualification-synthetic,g,62018.0,19.529047330513354,1.0266664865008348,000189-0018
scale-000189,qualification-synthetic,g,62019.0,18.925224593450913,0.8905755131939895,000189-0019
scale-000189,qualification-synthetic,g,62020.0,20.452133765164334,0.9509616966182584,000189-0020
scale-000189,qualification-synthetic,g,62021.0,19.918557040628485,1.1293304590846018,000189-0021
scale-000189,qualification-synthetic,g,62022.0,20.19087063121653,1.138850963117247,000189-0022
scale-000189,qualification-synthetic,g,62023.0,19.209752609068055,1.050384164490275,000189-0023
scale-000189,qualification-synthetic,g,62024.0,18.54387898236477,0.8989661344186933,000189-0024
scale-000189,qualification-synthetic,g,62025.0,18.22430825085614,0.9202730893323888,000189-0025
scale-000189,qualification-synthetic,g,62026.0,19.749054342872206,1.1221843137855174,000189-0026
scale-000189,qualification-synthetic,g,62027.0,18.559691998943247,0.8890000208253627,000189-0027
scale-000189,qualification-synthetic,g,62028.0,19.22941715599621,0.9878428243345941,000189-0028
scale-000189,qualification-synthetic,g,62029.0,21.41978235745232,1.1942741692344256,000189-0029
scale-000189,qualification-synthetic,g,62030.0,20.888738975870208,1.062111817025233,000189-0030
scale-000189,qualification-synthetic,g,62031.0,20.379964785026154,0.9313809899164547,000189-0031
scale-000190,qualification-synthetic,g,62000.0,21.908728983002828,0.9297096375754991,000190-0000
scale-000190,qualification-synthetic,g,62001.0,20.141158489240567,0.819560652369278,000190-0001
scale-000190,qualification-synthetic,g,62002.0,18.906098037840152,0.9655087107238253,000190-0002
scale-000190,qualification-synthetic,g,62003.0,18.501916959030286,0.9710825719871672,000190-0003
scale-000190,qualification-synthetic,g,62004.0,21.39348444698992,0.8542300575279238,000190-0004
scale-000190,qualification-synthetic,g,62005.0,20.08136300367819,1.1477317220095975,000190-0005
scale-000190,qualification-synthetic,g,62006.0,20.387090696629823,1.1773387983508812,000190-0006
scale-000190,qualification-synthetic,g,62007.0,20.041110661780518,0.8177406227669111,000190-0007
scale-000190,qualification-synthetic,g,62008.0,20.143421875688354,0.8822288583181163,000190-0008
scale-000190,qualification-synthetic,g,62009.0,20.499678752291086,1.0125079676017628,000190-0009
scale-000190,qualification-synthetic,g,62010.0,17.403551430015895,1.1799924134915798,000190-0010
scale-000190,qualification-synthetic,g,62011.0,18.405446335637365,1.007012480331308,000190-0011
scale-000190,qualification-synthetic,g,62012.0,21.894437839230065,1.0005309364192772,000190-0012
scale-000190,qualification-synthetic,g,62013.0,20.308471418832816,0.8839789472901539,000190-0013
scale-000190,qualification-synthetic,g,62014.0,20.41009854076294,0.841937582258305,000190-0014
scale-000190,qualification-synthetic,g,62015.0,19.357762983704955,1.0259046544624033,000190-0015
scale-000190,qualification-synthetic,g,62016.0,21.032949803742554,1.1625426434838333,000190-0016
scale-000190,qualification-synthetic,g,62017.0,19.138002507189107,1.0862050105774745,000190-0017
scale-000190,qualification-synthetic,g,62018.0,19.031704484214483,0.9941936501019297,000190-0018
scale-000190,qualification-synthetic,g,62019.0,20.664059427290947,0.9649270493205654,000190-0019
scale-000190,qualification-synthetic,g,62020.0,19.633742059089133,1.1738178508474082,000190-0020
scale-000190,qualification-synthetic,g,62021.0,20.436850307736954,0.9034660030483135,000190-0021
scale-000190,qualification-synthetic,g,62022.0,21.185616779702517,0.9127659790816375,000190-0022
scale-000190,qualification-synthetic,g,62023.0,18.15181280638788,1.0528687230710787,000190-0023
scale-000190,qualification-synthetic,g,62024.0,19.111340249539744,0.8359095730327033,000190-0024
scale-000190,qualification-synthetic,g,62025.0,19.236389447659192,1.0742949545555356,000190-0025
scale-000190,qualification-synthetic,g,62026.0,21.233801560839346,0.8371385327738687,000190-0026
scale-000190,qualification-synthetic,g,62027.0,22.36742873557505,1.1902486433847124,000190-0027
scale-000190,qualification-synthetic,g,62028.0,17.36401761096171,0.9296978349199874,000190-0028
scale-000190,qualification-synthetic,g,62029.0,18.45116494089833,1.0666482144885938,000190-0029
scale-000190,qualification-synthetic,g,62030.0,19.713972488845055,0.9707955057323803,000190-0030
scale-000190,qualification-synthetic,g,62031.0,20.07694586465912,0.859954092181455,000190-0031
scale-000191,qualification-synthetic,g,62000.0,18.621625583071257,0.8608509987762338,000191-0000
scale-000191,qualification-synthetic,g,62001.0,19.625549369981023,1.0069004584671903,000191-0001
scale-000191,qualification-synthetic,g,62002.0,20.00774860074615,0.8922521526781616,000191-0002
scale-000191,qualification-synthetic,g,62003.0,22.04701911666604,0.8783455475549126,000191-0003
scale-000191,qualification-synthetic,g,62004.0,20.5381898895576,0.8919096085641889,000191-0004
scale-000191,qualification-synthetic,g,62005.0,18.593025013003484,0.9129427548754883,000191-0005
scale-000191,qualification-synthetic,g,62006.0,19.61719111608836,0.9730953864706602,000191-0006
scale-000191,qualification-synthetic,g,62007.0,19.17126781671897,0.916023438881633,000191-0007
scale-000191,qualification-synthetic,g,62008.0,21.396484879592986,0.8962328929602762,000191-0008
scale-000191,qualification-synthetic,g,62009.0,23.315271742525606,1.1497657347023522,000191-0009
scale-000191,qualification-synthetic,g,62010.0,17.02284244048228,1.1583624097647995,000191-0010
scale-000191,qualification-synthetic,g,62011.0,21.125169631699006,0.9344433329594067,000191-0011
scale-000191,qualification-synthetic,g,62012.0,22.10407668273741,0.8532383830833539,000191-0012
scale-000191,qualification-synthetic,g,62013.0,18.848070149153163,1.1759653465890154,000191-0013
scale-000191,qualification-synthetic,g,62014.0,21.011316326984545,1.120665193619806,000191-0014
scale-000191,qualification-synthetic,g,62015.0,19.718889462993452,0.8169225473884425,000191-0015
scale-000191,qualification-synthetic,g,62016.0,20.129104252243167,1.1841151666888972,000191-0016
scale-000191,qualification-synthetic,g,62017.0,21.053461996432556,0.8641900018798395,000191-0017
scale-000191,qualification-synthetic,g,62018.0,20.4043835304452,1.0402916576963526,000191-0018
scale-000191,qualification-synthetic,g,62019.0,20.333028670168094,1.0308238095270683,000191-0019
scale-000191,qualification-synthetic,g,62020.0,19.620881524424224,0.9375882894738803,000191-0020
scale-000191,qualification-synthetic,g,62021.0,19.49445161696843,0.9801376192338855,000191-0021
scale-000191,qualification-synthetic,g,62022.0,18.71217255284712,0.9107802802893504,000191-0022
scale-000191,qualification-synthetic,g,62023.0,23.192902154825834,1.1572352612895833,000191-0023
scale-000191,qualification-synthetic,g,62024.0,19.811585762514767,0.8371801771267564,000191-0024
scale-000191,qualification-synthetic,g,62025.0,20.02766256940828,0.8051970421367308,000191-0025
scale-000191,qualification-synthetic,g,62026.0,19.810553946616196,1.0371055589100806,000191-0026
scale-000191,qualification-synthetic,g,62027.0,20.664631886685235,0.8423711417721529,000191-0027
scale-000191,qualification-synthetic,g,62028.0,20.292784952663176,1.0620428579617567,000191-0028
scale-000191,qualification-synthetic,g,62029.0,20.02199496897594,1.1266411256485744,000191-0029
scale-000191,qualification-synthetic,g,62030.0,20.552826337810806,1.1564014234011057,000191-0030
scale-000191,qualification-synthetic,g,62031.0,20.279082907126654,0.9661205931906729,000191-0031
scale-000192,qualification-synthetic,g,62000.0,18.624630089200057,0.9309819590378927,000192-0000
scale-000192,qualification-synthetic,g,62001.0,21.510515947806503,1.0838064680787536,000192-0001
scale-000192,qualification-synthetic,g,62002.0,23.048026282459602,1.0317698145567094,000192-0002
scale-000192,qualification-synthetic,g,62003.0,19.399942656879965,0.8590219537882574,000192-0003
scale-000192,qualification-synthetic,g,62004.0,20.17973169411427,1.162138431189694,000192-0004
scale-000192,qualification-synthetic,g,62005.0,20.341945648339525,0.888807264790295,000192-0005
scale-000192,qualification-synthetic,g,62006.0,20.28641996961193,1.1248919541554312,000192-0006
scale-000192,qualification-synthetic,g,62007.0,21.3972427172427,1.1346544542725472,000192-0007
scale-000192,qualification-synthetic,g,62008.0,23.776538372918846,1.0218162530488755,000192-0008
scale-000192,qualification-synthetic,g,62009.0,19.847893553480226,0.9171058219109615,000192-0009
scale-000192,qualification-synthetic,g,62010.0,19.94421350799775,1.049950632888941,000192-0010
scale-000192,qualification-synthetic,g,62011.0,20.736269726674326,0.92137561092982,000192-0011
scale-000192,qualification-synthetic,g,62012.0,21.71170971487934,0.9098215955905599,000192-0012
scale-000192,qualification-synthetic,g,62013.0,19.04815190161907,1.0948152454462776,000192-0013
scale-000192,qualification-synthetic,g,62014.0,18.5470001803934,1.0620584557987809,000192-0014
scale-000192,qualification-synthetic,g,62015.0,17.743581099474316,1.1540989197123661,000192-0015
scale-000192,qualification-synthetic,g,62016.0,23.382142180011865,0.9764498520674885,000192-0016
scale-000192,qualification-synthetic,g,62017.0,22.620292291120982,1.1560753021338206,000192-0017
scale-000192,qualification-synthetic,g,62018.0,20.70884162364636,0.9875983796786081,000192-0018
scale-000192,qualification-synthetic,g,62019.0,20.253234609594262,0.9860168638905847,000192-0019
scale-000192,qualification-synthetic,g,62020.0,20.163605277879366,0.9047533635591779,000192-0020
scale-000192,qualification-synthetic,g,62021.0,19.25680731602039,1.1268995696579818,000192-0021
scale-000192,qualification-synthetic,g,62022.0,19.65327322656459,0.8029500154403216,000192-0022
scale-000192,qualification-synthetic,g,62023.0,20.11363436065526,1.1992155995939822,000192-0023
scale-000192,qualification-synthetic,g,62024.0,19.316130476124375,0.9542560136009137,000192-0024
scale-000192,qualification-synthetic,g,62025.0,19.0687040685722,0.9415541600177428,000192-0025
scale-000192,qualification-synthetic,g,62026.0,20.500106233150166,0.8642907555131379,000192-0026
scale-000192,qualification-synthetic,g,62027.0,20.91640197792122,0.8734125592266908,000192-0027
scale-000192,qualification-synthetic,g,62028.0,20.667954269561847,0.9431498283632017,000192-0028
scale-000192,qualification-synthetic,g,62029.0,17.89630795785494,1.1589877197920697,000192-0029
scale-000192,qualification-synthetic,g,62030.0,19.500395349987578,0.8282455611002012,000192-0030
scale-000192,qualification-synthetic,g,62031.0,19.961084166248913,0.8566046897158094,000192-0031
scale-000193,qualification-synthetic,g,62000.0,18.383465625980815,0.8212991703834316,000193-0000
scale-000193,qualification-synthetic,g,62001.0,20.199542692667922,0.8669823952122532,000193-0001
scale-000193,qualification-synthetic,g,62002.0,19.184070356861792,0.9428470403355278,000193-0002
scale-000193,qualification-synthetic,g,62003.0,20.204252125213255,0.9072888995305698,000193-0003
scale-000193,qualification-synthetic,g,62004.0,19.37385773619708,1.0737056475731803,000193-0004
scale-000193,qualification-synthetic,g,62005.0,22.206366902910723,0.9258281896863478,000193-0005
scale-000193,qualification-synthetic,g,62006.0,21.835882286794984,0.8450304726308295,000193-0006
scale-000193,qualification-synthetic,g,62007.0,18.766048366317936,0.8488908244153043,000193-0007
scale-000193,qualification-synthetic,g,62008.0,19.97448207257263,0.9327965426708437,000193-0008
scale-000193,qualification-synthetic,g,62009.0,20.163603131778657,0.863850260789285,000193-0009
scale-000193,qualification-synthetic,g,62010.0,21.140443365464517,0.8286488807211903,000193-0010
scale-000193,qualification-synthetic,g,62011.0,20.24976798762552,0.9238418928487017,000193-0011
scale-000193,qualification-synthetic,g,62012.0,21.448900656903547,1.1742037731371244,000193-0012
scale-000193,qualification-synthetic,g,62013.0,20.8289051490155,1.1465804452266906,000193-0013
scale-000193,qualification-synthetic,g,62014.0,19.173315975569086,1.1495003017841452,000193-0014
scale-000193,qualification-synthetic,g,62015.0,20.089452091773065,0.8166731030101303,000193-0015
scale-000193,qualification-synthetic,g,62016.0,20.410704300468154,0.9284838151904903,000193-0016
scale-000193,qualification-synthetic,g,62017.0,19.64157763334496,1.0043030965108648,000193-0017
scale-000193,qualification-synthetic,g,62018.0,18.721919291735176,0.9787618285597761,000193-0018
scale-000193,qualification-synthetic,g,62019.0,19.66692362037164,1.0569005957347595,000193-0019
scale-000193,qualification-synthetic,g,62020.0,20.028937167494618,0.8734607114061044,000193-0020
scale-000193,qualification-synthetic,g,62021.0,19.725691908268786,0.8329699836339005,000193-0021
scale-000193,qualification-synthetic,g,62022.0,18.115256957380385,0.9315209288642524,000193-0022
scale-000193,qualification-synthetic,g,62023.0,19.683339936158895,1.1446274283436464,000193-0023
scale-000193,qualification-synthetic,g,62024.0,19.952173375444495,0.9748965089675528,000193-0024
scale-000193,qualification-synthetic,g,62025.0,19.534641943956444,1.0198297054516738,000193-0025
scale-000193,qualification-synthetic,g,62026.0,18.834789948266284,0.987821452507374,000193-0026
scale-000193,qualification-synthetic,g,62027.0,19.798255197543394,1.0268241299011027,000193-0027
scale-000193,qualification-synthetic,g,62028.0,21.004880923325857,0.8439408738598421,000193-0028
scale-000193,qualification-synthetic,g,62029.0,18.120453976423693,1.172189684373297,000193-0029
scale-000193,qualification-synthetic,g,62030.0,20.448937811322555,1.0245390352321413,000193-0030
scale-000193,qualification-synthetic,g,62031.0,19.329727831852797,0.9079048271738961,000193-0031
scale-000194,qualification-synthetic,g,62000.0,19.505442080168788,1.1009587809754022,000194-0000
scale-000194,qualification-synthetic,g,62001.0,19.764924338424436,1.0014698654379872,000194-0001
scale-000194,qualification-synthetic,g,62002.0,18.937015719062178,1.1808601075390792,000194-0002
scale-000194,qualification-synthetic,g,62003.0,20.272645806625693,1.142889266821965,000194-0003
scale-000194,qualification-synthetic,g,62004.0,20.358384810625946,1.1583451617125804,000194-0004
scale-000194,qualification-synthetic,g,62005.0,20.312329786270027,1.0246189831369772,000194-0005
scale-000194,qualification-synthetic,g,62006.0,20.460274920328906,0.9351077641933205,000194-0006
scale-000194,qualification-synthetic,g,62007.0,20.138555381795037,0.9571263722182184,000194-0007
scale-000194,qualification-synthetic,g,62008.0,23.10685706211303,0.8627061540090885,000194-0008
scale-000194,qualification-synthetic,g,62009.0,22.427996150236574,1.1277970365999284,000194-0009
scale-000194,qualification-synthetic,g,62010.0,19.919918814557146,0.8748180168420593,000194-0010
scale-000194,qualification-synthetic,g,62011.0,17.863561631483986,0.8209718838198939,000194-0011
scale-000194,qualification-synthetic,g,62012.0,19.999821814059658,1.0753411443266983,000194-0012
scale-000194,qualification-synthetic,g,62013.0,21.634679563751956,1.1994378806512855,000194-0013
scale-000194,qualification-synthetic,g,62014.0,20.68648478865112,0.8358230798571692,000194-0014
scale-000194,qualification-synthetic,g,62015.0,20.79941920431675,1.176534267459272,000194-0015
scale-000194,qualification-synthetic,g,62016.0,20.00744370512108,0.8114511653299662,000194-0016
scale-000194,qualification-synthetic,g,62017.0,24.465407485690342,1.0877956491873635,000194-0017
scale-000194,qualification-synthetic,g,62018.0,18.49611642040938,1.1181741261878502,000194-0018
scale-000194,qualification-synthetic,g,62019.0,18.446006750274584,0.9607469682052194,000194-0019
scale-000194,qualification-synthetic,g,62020.0,19.0639015806285,0.9075177674832049,000194-0020
scale-000194,qualification-synthetic,g,62021.0,20.147956443085715,1.0100773115359645,000194-0021
scale-000194,qualification-synthetic,g,62022.0,19.122033060448175,0.8153726952220794,000194-0022
scale-000194,qualification-synthetic,g,62023.0,17.51733241709754,1.05153275719734,000194-0023
scale-000194,qualification-synthetic,g,62024.0,20.261770955038163,1.1977484279661266,000194-0024
scale-000194,qualification-synthetic,g,62025.0,20.301695405475634,0.9351647492014131,000194-0025
scale-000194,qualification-synthetic,g,62026.0,20.026031458415606,1.1177248439720666,000194-0026
scale-000194,qualification-synthetic,g,62027.0,18.58298350355723,0.9769258299916121,000194-0027
scale-000194,qualification-synthetic,g,62028.0,20.216643355738224,1.072514167460067,000194-0028
scale-000194,qualification-synthetic,g,62029.0,19.232901992243562,1.1134520226806208,000194-0029
scale-000194,qualification-synthetic,g,62030.0,21.074739724626635,1.0434164686309582,000194-0030
scale-000194,qualification-synthetic,g,62031.0,18.91942456182423,1.1462828516445522,000194-0031
scale-000195,qualification-synthetic,g,62000.0,20.470560956146688,0.9801150679528674,000195-0000
scale-000195,qualification-synthetic,g,62001.0,21.184253344650006,0.9297201767620895,000195-0001
scale-000195,qualification-synthetic,g,62002.0,18.855689625502755,0.9257594089615983,000195-0002
scale-000195,qualification-synthetic,g,62003.0,20.935253751906544,0.9679911502588419,000195-0003
scale-000195,qualification-synthetic,g,62004.0,20.41762334272375,1.1221066567451172,000195-0004
scale-000195,qualification-synthetic,g,62005.0,19.920899115984234,0.837059176734791,000195-0005
scale-000195,qualification-synthetic,g,62006.0,21.139096465570894,1.0117074822238286,000195-0006
scale-000195,qualification-synthetic,g,62007.0,20.027403244043363,0.9511361185022551,000195-0007
scale-000195,qualification-synthetic,g,62008.0,18.443119463462146,0.9460405912717564,000195-0008
scale-000195,qualification-synthetic,g,62009.0,19.131960827644537,0.8005266765631545,000195-0009
scale-000195,qualification-synthetic,g,62010.0,19.485433238065102,1.1232159202839394,000195-0010
scale-000195,qualification-synthetic,g,62011.0,19.836473863970433,0.8438884434438524,000195-0011
scale-000195,qualification-synthetic,g,62012.0,19.585102907608835,0.9014883853597953,000195-0012
scale-000195,qualification-synthetic,g,62013.0,19.53128377318172,0.9216273877266751,000195-0013
scale-000195,qualification-synthetic,g,62014.0,19.993456292606073,1.003294246359444,000195-0014
scale-000195,qualification-synthetic,g,62015.0,20.51368279179082,1.0398149867573443,000195-0015
scale-000195,qualification-synthetic,g,62016.0,20.79681599264998,0.9953145597908227,000195-0016
scale-000195,qualification-synthetic,g,62017.0,20.295153937763704,1.059972873510659,000195-0017
scale-000195,qualification-synthetic,g,62018.0,22.795870272774213,0.8319432929958049,000195-0018
scale-000195,qualification-synthetic,g,62019.0,20.74284542787021,0.8930825424475864,000195-0019
scale-000195,qualification-synthetic,g,62020.0,21.293795447093384,0.8112658921732152,000195-0020
scale-000195,qualification-synthetic,g,62021.0,19.879048689270462,0.9907332417417252,000195-0021
scale-000195,qualification-synthetic,g,62022.0,20.286884220962072,0.827400393513253,000195-0022
scale-000195,qualification-synthetic,g,62023.0,22.457628634166312,1.1503021053355793,000195-0023
scale-000195,qualification-synthetic,g,62024.0,20.270446381541937,1.1188525250089414,000195-0024
scale-000195,qualification-synthetic,g,62025.0,22.929564455544817,0.9790993208595123,000195-0025
scale-000195,qualification-synthetic,g,62026.0,21.507438630146574,0.9517241120355172,000195-0026
scale-000195,qualification-synthetic,g,62027.0,23.43225120017982,1.1056860617417716,000195-0027
scale-000195,qualification-synthetic,g,62028.0,19.510108085688678,1.0844097043307777,000195-0028
scale-000195,qualification-synthetic,g,62029.0,19.168756918906773,1.194278698791472,000195-0029
scale-000195,qualification-synthetic,g,62030.0,20.41116841485058,0.9260919928275829,000195-0030
scale-000195,qualification-synthetic,g,62031.0,19.99659348558911,0.8893709454008777,000195-0031
scale-000196,qualification-synthetic,g,62000.0,19.868900845751547,1.0786278764683954,000196-0000
scale-000196,qualification-synthetic,g,62001.0,19.636253588136203,0.8683962390067951,000196-0001
scale-000196,qualification-synthetic,g,62002.0,19.918488173516064,1.0524213057659266,000196-0002
scale-000196,qualification-synthetic,g,62003.0,20.19913600331232,1.0690842427332778,000196-0003
scale-000196,qualification-synthetic,g,62004.0,20.858649768906837,1.0468547603363278,000196-0004
scale-000196,qualification-synthetic,g,62005.0,15.701419541762222,0.8397919237073656,000196-0005
scale-000196,qualification-synthetic,g,62006.0,20.11578036307388,1.14915986203498,000196-0006
scale-000196,qualification-synthetic,g,62007.0,19.602010968974348,0.8128430657262932,000196-0007
scale-000196,qualification-synthetic,g,62008.0,18.733341346479346,0.8238387035258855,000196-0008
scale-000196,qualification-synthetic,g,62009.0,19.934971819875585,1.0218218419835623,000196-0009
scale-000196,qualification-synthetic,g,62010.0,21.04668760956751,0.9788982689211229,000196-0010
scale-000196,qualification-synthetic,g,62011.0,17.931498654033202,1.1685014414257138,000196-0011
scale-000196,qualification-synthetic,g,62012.0,20.16693395276495,0.8861888788130449,000196-0012
scale-000196,qualification-synthetic,g,62013.0,20.495676634496327,0.9818273657228935,000196-0013
scale-000196,qualification-synthetic,g,62014.0,20.48797744667763,0.9360889496753446,000196-0014
scale-000196,qualification-synthetic,g,62015.0,22.987478689882725,1.1166706452818378,000196-0015
scale-000196,qualification-synthetic,g,62016.0,18.63554417925072,0.9399586662610578,000196-0016
scale-000196,qualification-synthetic,g,62017.0,19.321041866461158,1.0417008474381237,000196-0017
scale-000196,qualification-synthetic,g,62018.0,19.954829997365962,1.0531231061508366,000196-0018
scale-000196,qualification-synthetic,g,62019.0,20.050026524459422,0.820243030217672,000196-0019
scale-000196,qualification-synthetic,g,62020.0,20.408264015695462,0.8149048420964893,000196-0020
scale-000196,qualification-synthetic,g,62021.0,22.177137405279392,0.882035177119903,000196-0021
scale-000196,qualification-synthetic,g,62022.0,18.12439629709183,1.135390927596971,000196-0022
scale-000196,qualification-synthetic,g,62023.0,19.96402196063612,1.02788042322887,000196-0023
scale-000196,qualification-synthetic,g,62024.0,18.808206791756483,0.8746606396190966,000196-0024
scale-000196,qualification-synthetic,g,62025.0,18.723874436575418,1.067216903615238,000196-0025
scale-000196,qualification-synthetic,g,62026.0,18.042668183793914,0.9625159480885275,000196-0026
scale-000196,qualification-synthetic,g,62027.0,18.758296153319257,0.9034990021605609,000196-0027
scale-000196,qualification-synthetic,g,62028.0,19.163052401535207,0.8356705162713388,000196-0028
scale-000196,qualification-synthetic,g,62029.0,20.039012793728382,1.124093770253887,000196-0029
scale-000196,qualification-synthetic,g,62030.0,19.059512318821206,1.1030364013635063,000196-0030
scale-000196,qualification-synthetic,g,62031.0,18.90288041827811,1.0048143414153505,000196-0031
scale-000197,qualification-synthetic,g,62000.0,21.528989356969088,1.1529890967814234,000197-0000
scale-000197,qualification-synthetic,g,62001.0,18.74619208490674,0.8338836700718327,000197-0001
scale-000197,qualification-synthetic,g,62002.0,19.081630104188235,1.1028365706407155,000197-0002
scale-000197,qualification-synthetic,g,62003.0,19.252949609860767,0.9903894941598026,000197-0003
scale-000197,qualification-synthetic,g,62004.0,19.093338995010956,0.8370902061504232,000197-0004
scale-000197,qualification-synthetic,g,62005.0,20.087626126102716,0.9967009783417335,000197-0005
scale-000197,qualification-synthetic,g,62006.0,19.862099195897432,1.0380978391474065,000197-0006
scale-000197,qualification-synthetic,g,62007.0,22.31515735466651,1.198728659925063,000197-0007
scale-000197,qualification-synthetic,g,62008.0,18.68924511971516,1.0792731158568485,000197-0008
scale-000197,qualification-synthetic,g,62009.0,20.87805225313648,1.0965051928681182,000197-0009
scale-000197,qualification-synthetic,g,62010.0,19.90675534494749,0.8630271849689418,000197-0010
scale-000197,qualification-synthetic,g,62011.0,20.363518896712257,0.8898972651187372,000197-0011
scale-000197,qualification-synthetic,g,62012.0,20.72834239892779,1.0117145757524864,000197-0012
scale-000197,qualification-synthetic,g,62013.0,19.01970751941469,0.860955391485504,000197-0013
scale-000197,qualification-synthetic,g,62014.0,21.430842968197144,1.156561181789445,000197-0014
scale-000197,qualification-synthetic,g,62015.0,19.521772026075798,1.0966136116641962,000197-0015
scale-000197,qualification-synthetic,g,62016.0,17.905357100425316,1.0828890117560552,000197-0016
scale-000197,qualification-synthetic,g,62017.0,19.73066359208294,1.174064270248396,000197-0017
scale-000197,qualification-synthetic,g,62018.0,22.504754217966987,1.103516048920857,000197-0018
scale-000197,qualification-synthetic,g,62019.0,20.017054158320125,1.0073987070545813,000197-0019
scale-000197,qualification-synthetic,g,62020.0,19.805816521690918,0.8989982922328345,000197-0020
scale-000197,qualification-synthetic,g,62021.0,21.27958958978694,1.1910306295248625,000197-0021
scale-000197,qualification-synthetic,g,62022.0,19.644616261778708,0.9193963906638589,000197-0022
scale-000197,qualification-synthetic,g,62023.0,20.80275656879595,1.1361065695443682,000197-0023
scale-000197,qualification-synthetic,g,62024.0,20.602599182543294,1.1434974766518398,000197-0024
scale-000197,qualification-synthetic,g,62025.0,16.185662764725144,0.9926604102264819,000197-0025
scale-000197,qualification-synthetic,g,62026.0,17.72520373606569,0.8760384932257149,000197-0026
scale-000197,qualification-synthetic,g,62027.0,17.486467590257924,1.0635709998000116,000197-0027
scale-000197,qualification-synthetic,g,62028.0,20.40488375611319,0.9577497640148163,000197-0028
scale-000197,qualification-synthetic,g,62029.0,20.61276064912704,0.9055829106115523,000197-0029
scale-000197,qualification-synthetic,g,62030.0,18.466266240680415,1.053558292027883,000197-0030
scale-000197,qualification-synthetic,g,62031.0,20.37532772993404,1.0496955962727295,000197-0031
scale-000198,qualification-synthetic,g,62000.0,19.04190775644572,1.02486511263952,000198-0000
scale-000198,qualification-synthetic,g,62001.0,20.101783088806314,1.1784915537378828,000198-0001
scale-000198,qualification-synthetic,g,62002.0,22.04656479498743,1.1788262936060514,000198-0002
scale-000198,qualification-synthetic,g,62003.0,19.497715982356556,0.855235871710334,000198-0003
scale-000198,qualification-synthetic,g,62004.0,19.00839103750381,1.1694281337898207,000198-0004
scale-000198,qualification-synthetic,g,62005.0,18.92524335752116,1.15013361955835,000198-0005
scale-000198,qualification-synthetic,g,62006.0,21.629922944726104,1.0123428854201368,000198-0006
scale-000198,qualification-synthetic,g,62007.0,20.170050634493474,1.0927722558461488,000198-0007
scale-000198,qualification-synthetic,g,62008.0,19.705343256164923,0.9593486032654479,000198-0008
scale-000198,qualification-synthetic,g,62009.0,20.368956018467436,1.0501563086163421,000198-0009
scale-000198,qualification-synthetic,g,62010.0,19.309252701584025,1.1404450054632922,000198-0010
scale-000198,qualification-synthetic,g,62011.0,20.728157540328873,1.0998942066388728,000198-0011
scale-000198,qualification-synthetic,g,62012.0,18.56141647111411,0.8392063707803384,000198-0012
scale-000198,qualification-synthetic,g,62013.0,20.3641791441438,1.0042598434246566,000198-0013
scale-000198,qualification-synthetic,g,62014.0,20.205940203525845,1.0675868843656375,000198-0014
scale-000198,qualification-synthetic,g,62015.0,20.764772886052867,1.0868884474497285,000198-0015
scale-000198,qualification-synthetic,g,62016.0,21.510243451511652,1.0342661648407185,000198-0016
scale-000198,qualification-synthetic,g,62017.0,20.684512086427322,1.0996811897878933,000198-0017
scale-000198,qualification-synthetic,g,62018.0,20.897154142177037,1.1977158986823517,000198-0018
scale-000198,qualification-synthetic,g,62019.0,20.589632113942514,0.896846494403895,000198-0019
scale-000198,qualification-synthetic,g,62020.0,20.14913788790436,0.8802836751359733,000198-0020
scale-000198,qualification-synthetic,g,62021.0,21.57296236758364,0.928106711896338,000198-0021
scale-000198,qualification-synthetic,g,62022.0,20.406126137904465,1.11533504825249,000198-0022
scale-000198,qualification-synthetic,g,62023.0,20.017981468350296,1.0383562799760402,000198-0023
scale-000198,qualification-synthetic,g,62024.0,21.764799708574287,1.1173174121010359,000198-0024
scale-000198,qualification-synthetic,g,62025.0,19.168544166193325,1.1184208669859492,000198-0025
scale-000198,qualification-synthetic,g,62026.0,20.564354013582715,0.9318250610695179,000198-0026
scale-000198,qualification-synthetic,g,62027.0,19.179854058073136,0.9796625533100602,000198-0027
scale-000198,qualification-synthetic,g,62028.0,19.740686678440014,1.1558266398153934,000198-0028
scale-000198,qualification-synthetic,g,62029.0,17.474618975306182,1.1938444757214992,000198-0029
scale-000198,qualification-synthetic,g,62030.0,20.399628896051375,0.8166032691608813,000198-0030
scale-000198,qualification-synthetic,g,62031.0,19.042139977014767,1.176898880349971,000198-0031
scale-000199,qualification-synthetic,g,62000.0,18.581580198447142,0.8482554744668108,000199-0000
scale-000199,qualification-synthetic,g,62001.0,20.340723244648444,0.8667901167144763,000199-0001
scale-000199,qualification-synthetic,g,62002.0,19.336289376003908,0.9076721593355704,000199-0002
scale-000199,qualification-synthetic,g,62003.0,19.8476782854489,1.07207085093783,000199-0003
scale-000199,qualification-synthetic,g,62004.0,20.32531242285921,1.147779861903204,000199-0004
scale-000199,qualification-synthetic,g,62005.0,20.325523949346856,1.1540169356716854,000199-0005
scale-000199,qualification-synthetic,g,62006.0,17.812175070045736,1.1464643371305112,000199-0006
scale-000199,qualification-synthetic,g,62007.0,21.527377671287994,1.0088077199863474,000199-0007
scale-000199,qualification-synthetic,g,62008.0,19.57222607113957,0.846752097358511,000199-0008
scale-000199,qualification-synthetic,g,62009.0,18.276717476125857,1.070928496955623,000199-0009
scale-000199,qualification-synthetic,g,62010.0,18.770417322960547,0.9886886277250369,000199-0010
scale-000199,qualification-synthetic,g,62011.0,19.43167909429357,0.829725485202207,000199-0011
scale-000199,qualification-synthetic,g,62012.0,17.95892664288908,0.959472333845779,000199-0012
scale-000199,qualification-synthetic,g,62013.0,20.59088172396801,1.0874996283037879,000199-0013
scale-000199,qualification-synthetic,g,62014.0,20.270005422658574,0.8314966935332401,000199-0014
scale-000199,qualification-synthetic,g,62015.0,20.045873003697704,1.1966275760129184,000199-0015
scale-000199,qualification-synthetic,g,62016.0,18.699710070112204,1.0125245732198427,000199-0016
scale-000199,qualification-synthetic,g,62017.0,20.93689789406052,1.1505440828715001,000199-0017
scale-000199,qualification-synthetic,g,62018.0,21.177921824220547,0.8157346050508214,000199-0018
scale-000199,qualification-synthetic,g,62019.0,20.1510610245073,0.8093702478420857,000199-0019
scale-000199,qualification-synthetic,g,62020.0,18.952000945877728,1.0880895426943555,000199-0020
scale-000199,qualification-synthetic,g,62021.0,20.57456513504438,0.8637591996663571,000199-0021
scale-000199,qualification-synthetic,g,62022.0,20.639233573265088,0.84416581942097,000199-0022
scale-000199,qualification-synthetic,g,62023.0,18.90714533384827,0.9083392244170096,000199-0023
scale-000199,qualification-synthetic,g,62024.0,19.783974933522156,1.1285704227471673,000199-0024
scale-000199,qualification-synthetic,g,62025.0,21.288335867116405,0.8627311200820885,000199-0025
scale-000199,qualification-synthetic,g,62026.0,22.0837424341551,1.1397117350026824,000199-0026
scale-000199,qualification-synthetic,g,62027.0,19.935706839146903,0.9005482924140479,000199-0027
scale-000199,qualification-synthetic,g,62028.0,21.621613928945145,1.0500859879729305,000199-0028
scale-000199,qualification-synthetic,g,62029.0,18.246262942445217,1.127646858554658,000199-0029
scale-000199,qualification-synthetic,g,62030.0,18.805292208556228,1.0537013423562684,000199-0030
scale-000199,qualification-synthetic,g,62031.0,22.38267147080178,0.9198473625810143,000199-0031
