source_id,survey,band,mjd,flux,flux_error,observation_id
scale-000300,qualification-synthetic,g,62000.0,19.583221165778763,1.0026935435956543,000300-0000
scale-000300,qualification-synthetic,g,62001.0,19.994141413232523,1.0576620194187902,000300-0001
scale-000300,qualification-synthetic,g,62002.0,22.656040334644867,1.1981114674768854,000300-0002
scale-000300,qualification-synthetic,g,62003.0,20.542848513580953,1.1411065517157266,000300-0003
scale-000300,qualification-synthetic,g,62004.0,18.236734649160436,1.1764173894641865,000300-0004
scale-000300,qualification-synthetic,g,62005.0,19.92910119623551,1.0847041669230983,000300-0005
scale-000300,qualification-synthetic,g,62006.0,19.44554524037715,0.8941086970026428,000300-0006
scale-000300,qualification-synthetic,g,62007.0,21.824748439867825,1.1506368154626376,000300-0007
scale-000300,qualification-synthetic,g,62008.0,21.2399612146867,0.9420605721362642,000300-0008
scale-000300,qualification-synthetic,g,62009.0,19.735809231730887,1.1485980228232646,000300-0009
scale-000300,qualification-synthetic,g,62010.0,21.188440234674957,1.0120629505686771,000300-0010
scale-000300,qualification-synthetic,g,62011.0,19.223959623871114,0.9295457613023757,000300-0011
scale-000300,qualification-synthetic,g,62012.0,16.969370899397948,0.8831244168231024,000300-0012
scale-000300,qualification-synthetic,g,62013.0,18.994732149001383,0.8671939570676076,000300-0013
scale-000300,qualification-synthetic,g,62014.0,22.571012515987068,1.071520716972095,000300-0014
scale-000300,qualification-synthetic,g,62015.0,24.52328255238996,1.1517879404179474,000300-0015
scale-000300,qualification-synthetic,g,62016.0,25.494992796162798,1.1558228010751244,000300-0016
scale-000300,qualification-synthetic,g,62017.0,23.79709833740323,1.0076943330761456,000300-0017
scale-000300,qualification-synthetic,g,62018.0,26.388962517272994,1.0481517832986527,000300-0018
scale-000300,qualification-synthetic,g,62019.0,24.422230774526433,0.8975647544275148,000300-0019
scale-000300,qualification-synthetic,g,62020.0,21.63739167382326,1.0752691256550755,000300-0020
scale-000300,qualification-synthetic,g,62021.0,20.8980058209039,1.1368770362258382,000300-0021
scale-000300,qualification-synthetic,g,62022.0,20.56010236862265,0.8408417181168782,000300-0022
scale-000300,qualification-synthetic,g,62023.0,21.343467105896416,1.0595345929042577,000300-0023
scale-000300,qualification-synthetic,g,62024.0,20.50010207755836,1.1090519336622218,000300-0024
scale-000300,qualification-synthetic,g,62025.0,20.853604754312,1.0396184902191121,000300-0025
scale-000300,qualification-synthetic,g,62026.0,22.155212389624293,0.8650628447548722,000300-0026
scale-000300,qualification-synthetic,g,62027.0,18.817971903183654,0.8996255143834005,000300-0027
scale-000300,qualification-synthetic,g,62028.0,18.64807800937185,0.8012583109416704,000300-0028
scale-000300,qualification-synthetic,g,62029.0,20.49810291183705,0.9414129297140421,000300-0029
scale-000300,qualification-synthetic,g,62030.0,20.44865840646333,1.138823997303694,000300-0030
scale-000300,qualification-synthetic,g,62031.0,21.094576345248026,0.8804321230412531,000300-0031
scale-000301,qualification-synthetic,g,62000.0,21.654038762052757,1.1832828083939178,000301-0000
scale-000301,qualification-synthetic,g,62001.0,21.057180018892552,1.1738482932115049,000301-0001
scale-000301,qualification-synthetic,g,62002.0,20.79699660545154,0.9442010690949042,000301-0002
scale-000301,qualification-synthetic,g,62003.0,19.078632111975057,0.9171105360230976,000301-0003
scale-000301,qualification-synthetic,g,62004.0,20.07428010072486,0.8332765702482792,000301-0004
scale-000301,qualification-synthetic,g,62005.0,18.823544157566257,0.8421901810720704,000301-0005
scale-000301,qualification-synthetic,g,62006.0,19.31629627100898,1.180572787819703,000301-0006
scale-000301,qualification-synthetic,g,62007.0,17.983389868274248,0.9744344148343633,000301-0007
scale-000301,qualification-synthetic,g,62008.0,19.58840911506868,1.1534407463681087,000301-0008
scale-000301,qualification-synthetic,g,62009.0,19.88202993566071,0.9702846838743391,000301-0009
scale-000301,qualification-synthetic,g,62010.0,20.77194248084641,0.9742994343859245,000301-0010
scale-000301,qualification-synthetic,g,62011.0,18.052509385398892,1.0894446230732875,000301-0011
scale-000301,qualification-synthetic,g,62012.0,20.32520969197883,1.1148019517679724,000301-0012
scale-000301,qualification-synthetic,g,62013.0,20.62977188518965,0.9431082635591145,000301-0013
scale-000301,qualification-synthetic,g,62014.0,19.728394173707194,0.8870746909652429,000301-0014
scale-000301,qualification-synthetic,g,62015.0,20.652543017396223,0.9186359952682007,000301-0015
scale-000301,qualification-synthetic,g,62016.0,20.15500056595041,0.9812020849302411,000301-0016
scale-000301,qualification-synthetic,g,62017.0,19.95661212913252,0.8951092928838369,000301-0017
scale-000301,qualification-synthetic,g,62018.0,21.574856207260705,1.1228905504731712,000301-0018
scale-000301,qualification-synthetic,g,62019.0,17.647344645753215,0.9916999071459378,000301-0019
scale-000301,qualification-synthetic,g,62020.0,21.018505238508684,0.8811066941050232,000301-0020
scale-000301,qualification-synthetic,g,62021.0,23.01904137306031,0.8995978515287228,000301-0021
scale-000301,qualification-synthetic,g,62022.0,21.102446577891108,1.114464899511524,000301-0022
scale-000301,qualification-synthetic,g,62023.0,19.749485405593017,1.0037229252908502,000301-0023
scale-000301,qualification-synthetic,g,62024.0,20.84531137227604,1.0937237856816724,000301-0024
scale-000301,qualification-synthetic,g,62025.0,20.715706411001783,0.8546032522828262,000301-0025
scale-000301,qualification-synthetic,g,62026.0,19.968566057105097,1.0287622439479276,000301-0026
scale-000301,qualification-synthetic,g,62027.0,18.83044492457941,1.0275098314844227,000301-0027
scale-000301,qualification-synthetic,g,62028.0,20.977356549595807,0.9069782523508675,000301-0028
scale-000301,qualification-synthetic,g,62029.0,20.1504249048969,1.0908790910320925,000301-0029
scale-000301,qualification-synthetic,g,62030.0,19.205795264485193,1.0385692070449295,000301-0030
scale-000301,qualification-synthetic,g,62031.0,19.84619867233602,0.9453635542500817,000301-0031
scale-000302,qualification-synthetic,g,62000.0,20.651140529406902,0.8493512736427459,000302-0000
scale-000302,qualification-synthetic,g,62001.0,21.132902461366303,0.9089929821333717,000302-0001
scale-000302,qualification-synthetic,g,62002.0,20.40097150450893,0.9676270840508184,000302-0002
scale-000302,qualification-synthetic,g,62003.0,21.052061133151298,0.911905437549105,000302-0003
scale-000302,qualification-synthetic,g,62004.0,19.54192110438686,0.9462080392354226,000302-0004
scale-000302,qualification-synthetic,g,62005.0,23.13461589568917,1.1540280769787596,000302-0005
scale-000302,qualification-synthetic,g,62006.0,20.588393446633194,0.9084415663031359,000302-0006
scale-000302,qualification-synthetic,g,62007.0,15.218291690631371,0.8418805184778897,000302-0007
scale-000302,qualification-synthetic,g,62008.0,20.71563072200129,0.8028038422894457,000302-0008
scale-000302,qualification-synthetic,g,62009.0,19.940762625370045,0.9124042117625936,000302-0009
scale-000302,qualification-synthetic,g,62010.0,18.133878932227237,0.8697377315411352,000302-0010
scale-000302,qualification-synthetic,g,62011.0,19.573348165365505,0.9624012521020342,000302-0011
scale-000302,qualification-synthetic,g,62012.0,18.775691737108115,0.8745926857718495,000302-0012
scale-000302,qualification-synthetic,g,62013.0,19.451736808437133,0.8655281696284218,000302-0013
scale-000302,qualification-synthetic,g,62014.0,20.682132482406683,0.8839962639875646,000302-0014
scale-000302,qualification-synthetic,g,62015.0,19.905634296543255,0.9230224045002583,000302-0015
scale-000302,qualification-synthetic,g,62016.0,17.869096415142213,1.1052940577491637,000302-0016
scale-000302,qualification-synthetic,g,62017.0,19.815501740189937,0.8284383834381032,000302-0017
scale-000302,qualification-synthetic,g,62018.0,20.395342788216507,1.1773799070059745,000302-0018
scale-000302,qualification-synthetic,g,62019.0,20.159367342880255,0.8847767524598199,000302-0019
scale-000302,qualification-synthetic,g,62020.0,18.81845916668111,0.8322004699337979,000302-0020
scale-000302,qualification-synthetic,g,62021.0,20.99346091580028,1.1905293483842112,000302-0021
scale-000302,qualification-synthetic,g,62022.0,21.543346197110534,1.0175382642382262,000302-0022
scale-000302,qualification-synthetic,g,62023.0,19.411835345733117,1.1246491507818261,000302-0023
scale-000302,qualification-synthetic,g,62024.0,19.07233273014785,1.0118152922222066,000302-0024
scale-000302,qualification-synthetic,g,62025.0,18.08806402171674,1.136747403909695,000302-0025
scale-000302,qualification-synthetic,g,62026.0,22.04125548351196,1.1662911016538196,000302-0026
scale-000302,qualification-synthetic,g,62027.0,20.430807904573665,0.9059764590422906,000302-0027
scale-000302,qualification-synthetic,g,62028.0,20.4499551174682,1.0456908101030309,000302-0028
scale-000302,qualification-synthetic,g,62029.0,19.374278324108513,1.086903076011867,000302-0029
scale-000302,qualification-synthetic,g,62030.0,19.93693210288242,0.9716555263771977,000302-0030
scale-000302,qualification-synthetic,g,62031.0,19.558730464519815,0.9424654116034399,000302-0031
scale-000303,qualification-synthetic,g,62000.0,18.544803432811154,0.803049077652062,000303-0000
scale-000303,qualification-synthetic,g,62001.0,20.648093678274968,1.0112641393292807,000303-0001
scale-000303,qualification-synthetic,g,62002.0,20.202319992380758,1.003089484041763,000303-0002
scale-000303,qualification-synthetic,g,62003.0,20.25893551034099,1.1371050385627246,000303-0003
scale-000303,qualification-synthetic,g,62004.0,18.63815812131332,0.9220965394490701,000303-0004
scale-000303,qualification-synthetic,g,62005.0,19.457494916764627,1.1485670625911275,000303-0005
scale-000303,qualification-synthetic,g,62006.0,19.810320906764836,0.9721884699421404,000303-0006
scale-000303,qualification-synthetic,g,62007.0,20.55913061527926,0.8001745925042372,000303-0007
scale-000303,qualification-synthetic,g,62008.0,20.453317694628183,1.197628481753857,000303-0008
scale-000303,qualification-synthetic,g,62009.0,19.52105631352037,1.173050818079067,000303-0009
scale-000303,qualification-synthetic,g,62010.0,20.198928404675947,1.1557989511939128,000303-0010
scale-000303,qualification-synthetic,g,62011.0,20.414312336153596,0.8989132469672542,000303-0011
scale-000303,qualification-synthetic,g,62012.0,19.919174745091276,0.8341060982282297,000303-0012
scale-000303,qualification-synthetic,g,62013.0,19.28685419564325,0.8161071106742617,000303-0013
scale-000303,qualification-synthetic,g,62014.0,18.279716394297935,0.8952679692773442,000303-0014
scale-000303,qualification-synthetic,g,62015.0,21.31344206385055,0.9595653910554675,000303-0015
scale-000303,qualification-synthetic,g,62016.0,19.95361564263543,1.0620515058814914,000303-0016
scale-000303,qualification-synthetic,g,62017.0,21.141666231708896,0.9803034933440895,000303-0017
scale-000303,qualification-synthetic,g,62018.0,23.685226249492374,1.1206705997264206,000303-0018
scale-000303,qualification-synthetic,g,62019.0,19.76735180779797,1.1458971473751143,000303-0019
scale-000303,qualification-synthetic,g,62020.0,18.904498864005433,1.1981344747513942,000303-0020
scale-000303,qualification-synthetic,g,62021.0,20.117759818150393,1.021627294740561,000303-0021
scale-000303,qualification-synthetic,g,62022.0,20.615022139635595,0.958055538872828,000303-0022
scale-000303,qualification-synthetic,g,62023.0,18.83040665906417,0.9351441958072143,000303-0023
scale-000303,qualification-synthetic,g,62024.0,19.91831377226004,1.0180673641883216,000303-0024
scale-000303,qualification-synthetic,g,62025.0,18.916511768160554,0.9561279614990008,000303-0025
scale-000303,qualification-synthetic,g,62026.0,19.887562070028267,0.9448579724039845,000303-0026
scale-000303,qualification-synthetic,g,62027.0,19.82461669779596,1.104326605836501,000303-0027
scale-000303,qualification-synthetic,g,62028.0,20.979865029218036,1.1842430844037957,000303-0028
scale-000303,qualification-synthetic,g,62029.0,19.65362418947864,1.0619982377836847,000303-0029
scale-000303,qualification-synthetic,g,62030.0,19.12950476819733,0.8279878800874757,000303-0030
scale-000303,qualification-synthetic,g,62031.0,20.28183467532634,1.1052158586916003,000303-0031
scale-000304,qualification-synthetic,g,62000.0,21.791210052958917,1.1371588641152586,000304-0000
scale-000304,qualification-synthetic,g,62001.0,20.710170710581572,1.1407815030912505,000304-0001
scale-000304,qualification-synthetic,g,62002.0,19.9293984093555,1.1148783014056545,000304-0002
scale-000304,qualification-synthetic,g,62003.0,19.81853773685557,1.0057831479599553,000304-0003
scale-000304,qualification-synthetic,g,62004.0,18.47434703846161,1.095995432150789,000304-0004
scale-000304,qualification-synthetic,g,62005.0,20.321706292629322,1.145583309061078,000304-0005
scale-000304,qualification-synthetic,g,62006.0,19.03415245935666,1.1763338125036398,000304-0006
scale-000304,qualification-synthetic,g,62007.0,19.69653685918731,0.8778807976929845,000304-0007
scale-000304,qualification-synthetic,g,62008.0,21.421455771871116,0.8464130204994028,000304-0008
scale-000304,qualification-synthetic,g,62009.0,19.83371197016326,0.8761302427719714,000304-0009
scale-000304,qualification-synthetic,g,62010.0,19.464206495786872,0.9915002377597318,000304-0010
scale-000304,qualification-synthetic,g,62011.0,19.273646841252692,1.174580866631001,000304-0011
scale-000304,qualification-synthetic,g,62012.0,19.283339713403127,0.9562880524733915,000304-0012
scale-000304,qualification-synthetic,g,62013.0,20.615174162450856,1.0263204776136856,000304-0013
scale-000304,qualification-synthetic,g,62014.0,19.58189363807133,0.8422582985303753,000304-0014
scale-000304,qualification-synthetic,g,62015.0,20.086254003141153,1.1200552953396086,000304-0015
scale-000304,qualification-synthetic,g,62016.0,21.848233828839334,1.1924923924459716,000304-0016
scale-000304,qualification-synthetic,g,62017.0,19.80020625377156,0.8967406393691119,000304-0017
scale-000304,qualification-synthetic,g,62018.0,20.389936820023507,0.9597005553837614,000304-0018
scale-000304,qualification-synthetic,g,62019.0,19.903785438812434,0.8674672810810609,000304-0019
scale-000304,qualification-synthetic,g,62020.0,20.360175298293502,0.9042890393443644,000304-0020
scale-000304,qualification-synthetic,g,62021.0,20.660977797556622,0.8444290883105976,000304-0021
scale-000304,qualification-synthetic,g,62022.0,23.482049943408523,0.9333291141845631,000304-0022
scale-000304,qualification-synthetic,g,62023.0,18.872068329090048,0.9643326204020453,000304-0023
scale-000304,qualification-synthetic,g,62024.0,23.498512475404805,1.1575892381400679,000304-0024
scale-000304,qualification-synthetic,g,62025.0,18.73706008490538,1.0174634086612862,000304-0025
scale-000304,qualification-synthetic,g,62026.0,19.272711161870465,1.0060902854003115,000304-0026
scale-000304,qualification-synthetic,g,62027.0,22.3651906421612,1.0442325595628406,000304-0027
scale-000304,qualification-synthetic,g,62028.0,19.087657011015562,0.832014292688296,000304-0028
scale-000304,qualification-synthetic,g,62029.0,19.655730588428877,0.9963222626525553,000304-0029
scale-000304,qualification-synthetic,g,62030.0,17.64323468215124,0.9062933328156302,000304-0030
scale-000304,qualification-synthetic,g,62031.0,19.10515258631634,1.094397280478635,000304-0031
scale-000305,qualification-synthetic,g,62000.0,18.740828359998456,0.8904428282767148,000305-0000
scale-000305,qualification-synthetic,g,62001.0,19.329129995838795,0.9091292202093862,000305-0001
scale-000305,qualification-synthetic,g,62002.0,19.89777170046533,1.075650827665022,000305-0002
scale-000305,qualification-synthetic,g,62003.0,22.28970101423871,0.8318793554153652,000305-0003
scale-000305,qualification-synthetic,g,62004.0,19.861129004410838,1.0119843884719237,000305-0004
scale-000305,qualification-synthetic,g,62005.0,18.811424812665393,0.8568984850230554,000305-0005
scale-000305,qualification-synthetic,g,62006.0,20.719637792879077,1.0508696791499375,000305-0006
scale-000305,qualification-synthetic,g,62007.0,19.656275743962503,1.151785061206218,000305-0007
scale-000305,qualification-synthetic,g,62008.0,19.812955029104803,0.9967234086259851,000305-0008
scale-000305,qualification-synthetic,g,62009.0,20.484717863199027,0.8026267272696974,000305-0009
scale-000305,qualification-synthetic,g,62010.0,19.681712325760856,0.9729131661791606,000305-0010
scale-000305,qualification-synthetic,g,62011.0,19.91586757863551,0.9253202876684841,000305-0011
scale-000305,qualification-synthetic,g,62012.0,18.684781981774318,0.8650828602296633,000305-0012
scale-000305,qualification-synthetic,g,62013.0,19.76816153985595,0.8957801931959862,000305-0013
scale-000305,qualification-synthetic,g,62014.0,18.929893779807234,1.0488615479230134,000305-0014
scale-000305,qualification-synthetic,g,62015.0,21.551347928037046,1.0841343502338274,000305-0015
scale-000305,qualification-synthetic,g,62016.0,17.38879779138167,1.1947188576040833,000305-0016
scale-000305,qualification-synthetic,g,62017.0,19.956791647722092,1.0958565978707104,000305-0017
scale-000305,qualification-synthetic,g,62018.0,18.34317682218157,0.9242161916947651,000305-0018
scale-000305,qualification-synthetic,g,62019.0,21.123708276144107,0.9685812767311678,000305-0019
scale-000305,qualification-synthetic,g,62020.0,19.2625924187447,0.8050253544388003,000305-0020
scale-000305,qualification-synthetic,g,62021.0,19.234569937371727,0.9038906978126628,000305-0021
scale-000305,qualification-synthetic,g,62022.0,19.39063817448365,0.8271958278296514,000305-0022
scale-000305,qualification-synthetic,g,62023.0,17.99003304895531,1.0222185672146322,000305-0023
scale-000305,qualification-synthetic,g,62024.0,20.00040019251835,1.064036294544725,000305-0024
scale-000305,qualification-synthetic,g,62025.0,20.135658235265257,0.8948513402375058,000305-0025
scale-000305,qualification-synthetic,g,62026.0,21.273915277102507,0.9145861014273953,000305-0026
scale-000305,qualification-synthetic,g,62027.0,17.06481599844473,1.1913070252776605,000305-0027
scale-000305,qualification-synthetic,g,62028.0,19.8679345316807,0.8902801868361248,000305-0028
scale-000305,qualification-synthetic,g,62029.0,18.82329449661837,1.0696033031550896,000305-0029
scale-000305,qualification-synthetic,g,62030.0,20.896848714417725,1.1908692478340936,000305-0030
scale-000305,qualification-synthetic,g,62031.0,19.34761566922996,0.8809101264043925,000305-0031
scale-000306,qualification-synthetic,g,62000.0,19.988512948849273,0.9491527979273517,000306-0000
scale-000306,qualification-synthetic,g,62001.0,20.207071974322442,0.8832138150674832,000306-0001
scale-000306,qualification-synthetic,g,62002.0,20.524420926342557,0.8006736853557086,000306-0002
scale-000306,qualification-synthetic,g,62003.0,17.67323463889082,1.1459532458760207,000306-0003
scale-000306,qualification-synthetic,g,62004.0,20.245850241825327,1.0644123167042747,000306-0004
scale-000306,qualification-synthetic,g,62005.0,18.753068521873725,1.0173878411561155,000306-0005
scale-000306,qualification-synthetic,g,62006.0,21.953197591217318,1.1771312794925568,000306-0006
scale-000306,qualification-synthetic,g,62007.0,20.797764047788935,0.821191279506056,000306-0007
scale-000306,qualification-synthetic,g,62008.0,19.51377530616628,0.9212017664414721,000306-0008
scale-000306,qualification-synthetic,g,62009.0,19.1050398749527,1.0441191053302232,000306-0009
scale-000306,qualification-synthetic,g,62010.0,19.04963028058534,1.0483427031402284,000306-0010
scale-000306,qualification-synthetic,g,62011.0,21.806415100164283,1.1634022395339703,000306-0011
scale-000306,qualification-synthetic,g,62012.0,19.58652633245891,0.9681634404002417,000306-0012
scale-000306,qualification-synthetic,g,62013.0,20.93630821411715,1.0745126211929823,000306-0013
scale-000306,qualification-synthetic,g,62014.0,22.1222809922026,1.1566762831138822,000306-0014
scale-000306,qualification-synthetic,g,62015.0,17.36812065360631,0.851980511013722,000306-0015
scale-000306,qualification-synthetic,g,62016.0,18.850758528844533,1.060232752941425,000306-0016
scale-000306,qualification-synthetic,g,62017.0,21.077736459965255,1.0988535124930852,000306-0017
scale-000306,qualification-synthetic,g,62018.0,19.809245017734273,1.1452480548023733,000306-0018
scale-000306,qualification-synthetic,g,62019.0,20.454804378057187,0.8160842704679918,000306-0019
scale-000306,qualification-synthetic,g,62020.0,19.808391988841457,1.0105751253048292,000306-0020
scale-000306,qualification-synthetic,g,62021.0,20.424242995601496,0.8289110204783219,000306-0021
scale-000306,qualification-synthetic,g,62022.0,21.16755109794062,1.0978043516918157,000306-0022
scale-000306,qualification-synthetic,g,62023.0,17.554503358190733,1.065640927223477,000306-0023
scale-000306,qualification-synthetic,g,62024.0,20.037766972463032,0.8285415548759282,000306-0024
scale-000306,qualification-synthetic,g,62025.0,18.91026180632856,1.0629202302993457,000306-0025
scale-000306,qualification-synthetic,g,62026.0,19.197203888339303,1.1640907358408201,000306-0026
scale-000306,qualification-synthetic,g,62027.0,21.231539419352643,0.8116289841998423,000306-0027
scale-000306,qualification-synthetic,g,62028.0,19.74952673990321,1.0863905163013596,000306-0028
scale-000306,qualification-synthetic,g,62029.0,20.609970374718205,1.020774534379572,000306-0029
scale-000306,qualification-synthetic,g,62030.0,21.25647973784397,0.8673872236512136,000306-0030
scale-000306,qualification-synthetic,g,62031.0,21.17662117324014,1.0573706776527134,000306-0031
scale-000307,qualification-synthetic,g,62000.0,19.184873151753283,1.0092977752420516,000307-0000
scale-000307,qualification-synthetic,g,62001.0,23.6840516392826,0.8123082970170847,000307-0001
scale-000307,qualification-synthetic,g,62002.0,17.29600837738434,0.9873853795205496,000307-0002
scale-000307,qualification-synthetic,g,62003.0,20.377822683704732,0.8146585563181442,000307-0003
scale-000307,qualification-synthetic,g,62004.0,20.501815978237303,1.1249592298993414,000307-0004
scale-000307,qualification-synthetic,g,62005.0,20.202994430810342,0.9128423197059515,000307-0005
scale-000307,qualification-synthetic,g,62006.0,20.789036741078487,1.1994394544191775,000307-0006
scale-000307,qualification-synthetic,g,62007.0,20.296475788058792,1.0856030160793961,000307-0007
scale-000307,qualification-synthetic,g,62008.0,19.019350349875836,1.1697347000098477,000307-0008
scale-000307,qualification-synthetic,g,62009.0,19.839248945830015,0.8035752935614099,000307-0009
scale-000307,qualification-synthetic,g,62010.0,20.234298773798056,0.9991521104240573,000307-0010
scale-000307,qualification-synthetic,g,62011.0,19.759449822809657,0.9726189505801661,000307-0011
scale-000307,qualification-synthetic,g,62012.0,19.8772833550302,1.0804706099549033,000307-0012
scale-000307,qualification-synthetic,g,62013.0,20.35246710898694,0.9274798244226464,000307-0013
scale-000307,qualification-synthetic,g,62014.0,18.51518741747204,0.9498644195015251,000307-0014
scale-000307,qualification-synthetic,g,62015.0,18.36808529446428,0.817630728385434,000307-0015
scale-000307,qualification-synthetic,g,62016.0,19.875429144431948,0.945314414423606,000307-0016
scale-000307,qualification-synthetic,g,62017.0,20.01662805802841,0.8647906383190604,000307-0017
scale-000307,qualification-synthetic,g,62018.0,20.00885763743576,0.9134818689481013,000307-0018
scale-000307,qualification-synthetic,g,62019.0,19.310228677853466,0.9263500415153197,000307-0019
scale-000307,qualification-synthetic,g,62020.0,20.47966581690525,1.0824199099136633,000307-0020
scale-000307,qualification-synthetic,g,62021.0,20.47965847884697,1.0706399026294067,000307-0021
scale-000307,qualification-synthetic,g,62022.0,21.313703259472277,1.0368386082770888,000307-0022
scale-000307,qualification-synthetic,g,62023.0,19.67589570445693,0.9116391637096395,000307-0023
scale-000307,qualification-synthetic,g,62024.0,18.779668820349386,0.8043630350984633,000307-0024
scale-000307,qualification-synthetic,g,62025.0,20.15087883118854,0.9427130786005367,000307-0025
scale-000307,qualification-synthetic,g,62026.0,21.440927648658437,1.0732705978274044,000307-0026
scale-000307,qualification-synthetic,g,62027.0,20.282751518373832,0.8330743783412455,000307-0027
scale-000307,qualification-synthetic,g,62028.0,19.795893335185685,1.1347152577074981,000307-0028
scale-000307,qualification-synthetic,g,62029.0,20.683787132622395,1.0760059111661195,000307-0029
scale-000307,qualification-synthetic,g,62030.0,19.40735503631537,0.8855269081096175,000307-0030
scale-000307,qualification-synthetic,g,62031.0,20.19778374976947,1.0397915894519711,000307-0031
scale-000308,qualification-synthetic,g,62000.0,20.299320813715124,0.8471422463796139,000308-0000
scale-000308,qualification-synthetic,g,62001.0,21.75814060371304,1.1200953221949748,000308-0001
scale-000308,qualification-synthetic,g,62002.0,20.34168236128969,0.9029552267130618,000308-0002
scale-000308,qualification-synthetic,g,62003.0,20.994131017351158,1.1785494244705643,000308-0003
scale-000308,qualification-synthetic,g,62004.0,19.928432186107464,0.8962908427131381,000308-0004
scale-000308,qualification-synthetic,g,62005.0,20.271314864042328,1.0733027429067343,000308-0005
scale-000308,qualification-synthetic,g,62006.0,21.344450175371378,1.1669513813340697,000308-0006
scale-000308,qualification-synthetic,g,62007.0,18.263370530619255,1.1546050698188528,000308-0007
scale-000308,qualification-synthetic,g,62008.0,18.282271375759848,0.8440371467312603,000308-0008
scale-000308,qualification-synthetic,g,62009.0,20.079680609083198,1.073317073051019,000308-0009
scale-000308,qualification-synthetic,g,62010.0,21.552857452617292,1.0064507525419322,000308-0010
scale-000308,qualification-synthetic,g,62011.0,20.692773502747322,0.9189270127135529,000308-0011
scale-000308,qualification-synthetic,g,62012.0,14.660066793537196,1.090686985738866,000308-0012
scale-000308,qualification-synthetic,g,62013.0,21.09977676525342,1.135810528888716,000308-0013
scale-000308,qualification-synthetic,g,62014.0,20.120694216380784,1.040670069123774,000308-0014
scale-000308,qualification-synthetic,g,62015.0,22.593627729077806,1.1351262464274188,000308-0015
scale-000308,qualification-synthetic,g,62016.0,21.886878659741107,0.8831733754759364,000308-0016
scale-000308,qualification-synthetic,g,62017.0,20.400463785920078,0.9233463259935001,000308-0017
scale-000308,qualification-synthetic,g,62018.0,20.143862975805867,0.8775190412661589,000308-0018
scale-000308,qualification-synthetic,g,62019.0,16.65526814188485,0.9704040653770961,000308-0019
scale-000308,qualification-synthetic,g,62020.0,20.040011632486266,0.9443756942038927,000308-0020
scale-000308,qualification-synthetic,g,62021.0,20.016304308588495,1.0499881571665837,000308-0021
scale-000308,qualification-synthetic,g,62022.0,20.327854900678513,0.918116038027088,000308-0022
scale-000308,qualification-synthetic,g,62023.0,20.19087004621484,1.1280563289864614,000308-0023
scale-000308,qualification-synthetic,g,62024.0,19.319982420151895,0.8644018823142604,000308-0024
scale-000308,qualification-synthetic,g,62025.0,20.236586474299596,0.9299319599687527,000308-0025
scale-000308,qualification-synthetic,g,62026.0,20.305345991789736,0.98588550612898,000308-0026
scale-000308,qualification-synthetic,g,62027.0,21.46037959530331,1.1845304806876449,000308-0027
scale-000308,qualification-synthetic,g,62028.0,18.241916204436286,0.8565855751966499,000308-0028
scale-000308,qualification-synthetic,g,62029.0,19.48994730609981,0.8246252249130206,000308-0029
scale-000308,qualification-synthetic,g,62030.0,20.6141058166866,0.954732254174193,000308-0030
scale-000308,qualification-synthetic,g,62031.0,20.334775878522166,1.1683916289532825,000308-0031
scale-000309,qualification-synthetic,g,62000.0,20.189315659601863,0.9103829993164417,000309-0000
scale-000309,qualification-synthetic,g,62001.0,19.665022861664717,0.8005071360568987,000309-0001
scale-000309,qualification-synthetic,g,62002.0,20.65120805551818,0.8324860844420547,000309-0002
scale-000309,qualification-synthetic,g,62003.0,19.221919390073623,1.1480167135785349,000309-0003
scale-000309,qualification-synthetic,g,62004.0,20.39869902562647,1.0695041563266485,000309-0004
scale-000309,qualification-synthetic,g,62005.0,17.983537144527357,1.0312525991091415,000309-0005
scale-000309,qualification-synthetic,g,62006.0,19.81853236887644,0.8561070820836043,000309-0006
scale-000309,qualification-synthetic,g,62007.0,21.434322850929302,1.0365794317505592,000309-0007
scale-000309,qualification-synthetic,g,62008.0,19.336918061913813,1.0149056875487132,000309-0008
scale-000309,qualification-synthetic,g,62009.0,19.378782229594226,0.9878437474876725,000309-0009
scale-000309,qualification-synthetic,g,62010.0,20.52543957716562,1.192160223906978,000309-0010
scale-000309,qualification-synthetic,g,62011.0,20.058125208705675,0.8666820685563039,000309-0011
scale-000309,qualification-synthetic,g,62012.0,20.951823324065266,1.0798642920803005,000309-0012
scale-000309,qualification-synthetic,g,62013.0,20.051678605652533,1.0646423431742236,000309-0013
scale-000309,qualification-synthetic,g,62014.0,20.635725720668802,0.8604379714019922,000309-0014
scale-000309,qualification-synthetic,g,62015.0,19.791832378957608,1.1752502960584394,000309-0015
scale-000309,qualification-synthetic,g,62016.0,20.593742254421155,1.1224431584455163,000309-0016
scale-000309,qualification-synthetic,g,62017.0,18.35909963701392,1.1399616104865524,000309-0017
scale-000309,qualification-synthetic,g,62018.0,19.23684247808615,0.8133786383445645,000309-0018
scale-000309,qualification-synthetic,g,62019.0,20.416632582652678,0.8322199983589346,000309-0019
scale-000309,qualification-synthetic,g,62020.0,19.867691207376645,0.9197598039084715,000309-0020
scale-000309,qualification-synthetic,g,62021.0,17.96475877157473,1.1580491884002084,000309-0021
scale-000309,qualification-synthetic,g,62022.0,20.216259643192476,1.1458407451454202,000309-0022
scale-000309,qualification-synthetic,g,62023.0,20.541635920141154,0.8469179247824795,000309-0023
scale-000309,qualification-synthetic,g,62024.0,20.646907744456378,0.8554766790379417,000309-0024
scale-000309,qualification-synthetic,g,62025.0,20.154178397219447,0.9858931543183498,000309-0025
scale-000309,qualification-synthetic,g,62026.0,17.517152632927782,1.1654003008576912,000309-0026
scale-000309,qualification-synthetic,g,62027.0,20.081715434915996,0.9704306148344508,000309-0027
scale-000309,qualification-synthetic,g,62028.0,20.156656601959845,0.8838983796553123,000309-0028
scale-000309,qualification-synthetic,g,62029.0,19.929562553589967,0.9074374707607216,000309-0029
scale-000309,qualification-synthetic,g,62030.0,20.306490330686287,1.034842502676724,000309-0030
scale-000309,qualification-synthetic,g,62031.0,17.844170379546043,0.9558752610841599,000309-0031
scale-000310,qualification-synthetic,g,62000.0,19.891485479897906,1.0894222669858225,000310-0000
scale-000310,qualification-synthetic,g,62001.0,22.03536183518713,1.038500299797321,000310-0001
scale-000310,qualification-synthetic,g,62002.0,19.052014676260253,1.0705617329830646,000310-0002
scale-000310,qualification-synthetic,g,62003.0,20.037585683646117,1.006329238592057,000310-0003
scale-000310,qualification-synthetic,g,62004.0,22.303845455461907,1.0486488349556409,000310-0004
scale-000310,qualification-synthetic,g,62005.0,19.253343564896753,0.9985097648495469,000310-0005
scale-000310,qualification-synthetic,g,62006.0,19.18682407537467,0.9615781773276736,000310-0006
scale-000310,qualification-synthetic,g,62007.0,19.887948993377883,0.849891986865378,000310-0007
scale-000310,qualification-synthetic,g,62008.0,21.415584738881833,0.8560750397405283,000310-0008
scale-000310,qualification-synthetic,g,62009.0,19.032042862241703,1.0665055825308283,000310-0009
scale-000310,qualification-synthetic,g,62010.0,20.217907448530905,1.0525009854943208,000310-0010
scale-000310,qualification-synthetic,g,62011.0,23.10617162407718,0.9699999365450468,000310-0011
scale-000310,qualification-synthetic,g,62012.0,18.665342948585128,1.0949256008357984,000310-0012
scale-000310,qualification-synthetic,g,62013.0,19.901463092265427,0.8265137448996366,000310-0013
scale-000310,qualification-synthetic,g,62014.0,19.157262956815394,1.1281018405206364,000310-0014
scale-000310,qualification-synthetic,g,62015.0,19.14886155968644,1.013179707757712,000310-0015
scale-000310,qualification-synthetic,g,62016.0,18.82730915756741,0.8266258401153792,000310-0016
scale-000310,qualification-synthetic,g,62017.0,17.97143957036986,0.8732815520595666,000310-0017
scale-000310,qualification-synthetic,g,62018.0,19.4849337617393,1.1137990521111911,000310-0018
scale-000310,qualification-synthetic,g,62019.0,20.83432169286101,1.0779626683715833,000310-0019
scale-000310,qualification-synthetic,g,62020.0,21.74816251068168,1.052001607544835,000310-0020
scale-000310,qualification-synthetic,g,62021.0,19.486210247062857,1.1458571301577962,000310-0021
scale-000310,qualification-synthetic,g,62022.0,18.251572203626495,0.9307966604130795,000310-0022
scale-000310,qualification-synthetic,g,62023.0,20.62430449632503,1.0412485652598595,000310-0023
scale-000310,qualification-synthetic,g,62024.0,22.289107264998965,1.0149008277045184,000310-0024
scale-000310,qualification-synthetic,g,62025.0,20.775459855434125,1.1144108146823444,000310-0025
scale-000310,qualification-synthetic,g,62026.0,20.008881104050694,0.9575303644761791,000310-0026
scale-000310,qualification-synthetic,g,62027.0,21.25765084287971,0.9117971488062393,000310-0027
scale-000310,qualification-synthetic,g,62028.0,20.641342650856966,1.0758460838669714,000310-0028
scale-000310,qualification-synthetic,g,62029.0,23.27928204477819,1.1185550952481929,000310-0029
scale-000310,qualification-synthetic,g,62030.0,19.381177757377355,0.895967598814821,000310-0030
scale-000310,qualification-synthetic,g,62031.0,21.87361530216071,1.0737156377614154,000310-0031
scale-000311,qualification-synthetic,g,62000.0,19.629381112030806,1.1109910469285433,000311-0000
scale-000311,qualification-synthetic,g,62001.0,21.81204417923185,1.0949850050179861,000311-0001
scale-000311,qualification-synthetic,g,62002.0,17.681775843042985,1.059499616735104,000311-0002
scale-000311,qualification-synthetic,g,62003.0,20.458575041137024,0.8845837078598148,000311-0003
scale-000311,qualification-synthetic,g,62004.0,18.298867322458428,0.8400578651979812,000311-0004
scale-000311,qualification-synthetic,g,62005.0,20.757249363754017,0.9402332442439559,000311-0005
scale-000311,qualification-synthetic,g,62006.0,22.449442016881306,1.0249201728108264,000311-0006
scale-000311,qualification-synthetic,g,62007.0,19.49907769731621,1.1747118667593188,000311-0007
scale-000311,qualification-synthetic,g,62008.0,19.575801125994467,0.8338898768400612,000311-0008
scale-000311,qualification-synthetic,g,62009.0,21.366727811304276,0.8631946669472771,000311-0009
scale-000311,qualification-synthetic,g,62010.0,22.35476304790754,1.1316035759174856,000311-0010
scale-000311,qualification-synthetic,g,62011.0,19.30788778023694,0.9575146908530692,000311-0011
scale-000311,qualification-synthetic,g,62012.0,18.465749044957633,1.1978544221384815,000311-0012
scale-000311,qualification-synthetic,g,62013.0,20.49364841470959,1.0620324203264384,000311-0013
scale-000311,qualification-synthetic,g,62014.0,20.15737570182487,1.0280221279187454,000311-0014
scale-000311,qualification-synthetic,g,62015.0,20.20239219960331,1.1529776023692724,000311-0015
scale-000311,qualification-synthetic,g,62016.0,20.771115501211817,1.0554947014782492,000311-0016
scale-000311,qualification-synthetic,g,62017.0,22.143952804011533,0.8564018832506505,000311-0017
scale-000311,qualification-synthetic,g,62018.0,17.483398320644387,0.8533142517424808,000311-0018
scale-000311,qualification-synthetic,g,62019.0,19.657442858699003,0.8785098546248803,000311-0019
scale-000311,qualification-synthetic,g,62020.0,21.316963732359252,0.8086559397857135,000311-0020
scale-000311,qualification-synthetic,g,62021.0,22.090176403309567,1.0675145355728777,000311-0021
scale-000311,qualification-synthetic,g,62022.0,21.5317519292361,1.175987247126656,000311-0022
scale-000311,qualification-synthetic,g,62023.0,19.31302225249619,1.0828035076256972,000311-0023
scale-000311,qualification-synthetic,g,62024.0,21.150708628694613,1.0978689660186323,000311-0024
scale-000311,qualification-synthetic,g,62025.0,20.994414668760907,0.9724481231988686,000311-0025
scale-000311,qualification-synthetic,g,62026.0,18.556943281626328,0.8278905587235434,000311-0026
scale-000311,qualification-synthetic,g,62027.0,20.53393001187366,0.8202923267189194,000311-0027
scale-000311,qualification-synthetic,g,62028.0,20.17597797798449,0.8750930390736061,000311-0028
scale-000311,qualification-synthetic,g,62029.0,19.90182657629407,0.8136909394016234,000311-0029
scale-000311,qualification-synthetic,g,62030.0,20.777156995558776,1.008884618076001,000311-0030
scale-000311,qualification-synthetic,g,62031.0,21.25045234590154,0.8861831104782596,000311-0031
scale-000312,qualification-synthetic,g,62000.0,21.492886470753284,1.0738281678667554,000312-0000
scale-000312,qualification-synthetic,g,62001.0,20.207669871672746,1.126322439099104,000312-0001
scale-000312,qualification-synthetic,g,62002.0,19.58016697935674,1.1941884070047588,000312-0002
scale-000312,qualification-synthetic,g,62003.0,21.22046453442246,1.0865502233562818,000312-0003
scale-000312,qualification-synthetic,g,62004.0,17.527956394156984,1.0498576450566315,000312-0004
scale-000312,qualification-synthetic,g,62005.0,18.71861027666627,1.1736194021749164,000312-0005
scale-000312,qualification-synthetic,g,62006.0,20.039342377155982,0.9683905515737423,000312-0006
scale-000312,qualification-synthetic,g,62007.0,21.4122628002245,1.1964991889570298,000312-0007
scale-000312,qualification-synthetic,g,62008.0,20.164750348583002,0.9726485908831163,000312-0008
scale-000312,qualification-synthetic,g,62009.0,19.13300969110333,1.0704884255531828,000312-0009
scale-000312,qualification-synthetic,g,62010.0,20.01319810817272,1.1471515953501163,000312-0010
scale-000312,qualification-synthetic,g,62011.0,20.63086062638891,1.0104498569480733,000312-0011
scale-000312,qualification-synthetic,g,62012.0,19.26052765497994,0.987424353068614,000312-0012
scale-000312,qualification-synthetic,g,62013.0,21.610656121382288,1.0139021224569331,000312-0013
scale-000312,qualification-synthetic,g,62014.0,19.129525043679298,1.1068676560834403,000312-0014
scale-000312,qualification-synthetic,g,62015.0,19.677229006526957,1.1318531139006665,000312-0015
scale-000312,qualification-synthetic,g,62016.0,15.780333798408858,1.003177863464539,000312-0016
scale-000312,qualification-synthetic,g,62017.0,19.278927711243625,0.8826143723301645,000312-0017
scale-000312,qualification-synthetic,g,62018.0,19.185847398568523,0.8436811606222011,000312-0018
scale-000312,qualification-synthetic,g,62019.0,18.760035523628552,0.9887639128907438,000312-0019
scale-000312,qualification-synthetic,g,62020.0,20.435874323497124,0.9788933778963762,000312-0020
scale-000312,qualification-synthetic,g,62021.0,20.32711308693481,1.144645973003177,000312-0021
scale-000312,qualification-synthetic,g,62022.0,16.98777012804171,0.9425199999703108,000312-0022
scale-000312,qualification-synthetic,g,62023.0,19.890998285427948,0.8424622717164499,000312-0023
scale-000312,qualification-synthetic,g,62024.0,21.48537590390613,1.139100959182993,000312-0024
scale-000312,qualification-synthetic,g,62025.0,20.471827188539283,0.9676029203507576,000312-0025
scale-000312,qualification-synthetic,g,62026.0,19.074437279842606,1.0863649918759366,000312-0026
scale-000312,qualification-synthetic,g,62027.0,19.543105751282162,1.0718534079841076,000312-0027
scale-000312,qualification-synthetic,g,62028.0,19.41307700660412,1.0557934644304912,000312-0028
scale-000312,qualification-synthetic,g,62029.0,21.06607725473911,0.9882823152355329,000312-0029
scale-000312,qualification-synthetic,g,62030.0,18.780889850971946,1.0024226773761113,000312-0030
scale-000312,qualification-synthetic,g,62031.0,18.31369513600705,1.1861346296385322,000312-0031
scale-000313,qualification-synthetic,g,62000.0,20.982961753770642,0.9125597088642315,000313-0000
scale-000313,qualification-synthetic,g,62001.0,19.18086240639456,0.8902465162263311,000313-0001
scale-000313,qualification-synthetic,g,62002.0,20.232554204437573,0.8215054569832672,000313-0002
scale-000313,qualification-synthetic,g,62003.0,16.99198583641928,1.177970855218916,000313-0003
scale-000313,qualification-synthetic,g,62004.0,20.18945262814672,0.8912552296529352,000313-0004
scale-000313,qualification-synthetic,g,62005.0,20.506276147186227,1.0903174331195082,000313-0005
scale-000313,qualification-synthetic,g,62006.0,19.709514377979684,0.9124151090718925,000313-0006
scale-000313,qualification-synthetic,g,62007.0,20.728317408098114,1.0868292345227126,000313-0007
scale-000313,qualification-synthetic,g,62008.0,18.874563069673474,0.9881026080365434,000313-0008
scale-000313,qualification-synthetic,g,62009.0,20.811986549203063,1.1140141317484535,000313-0009
scale-000313,qualification-synthetic,g,62010.0,18.923548685092285,1.0325789954952194,000313-0010
scale-000313,qualification-synthetic,g,62011.0,19.290003096346013,0.9084516681489049,000313-0011
scale-000313,qualification-synthetic,g,62012.0,20.269904911155166,0.8538499161262301,000313-0012
scale-000313,qualification-synthetic,g,62013.0,19.705207397354897,1.0717289597988782,000313-0013
scale-000313,qualification-synthetic,g,62014.0,20.77968257775412,1.01537014809706,000313-0014
scale-000313,qualification-synthetic,g,62015.0,18.19545881514654,0.8392021376897887,000313-0015
scale-000313,qualification-synthetic,g,62016.0,21.59246817880699,0.8338523967981036,000313-0016
scale-000313,qualification-synthetic,g,62017.0,20.29157100691464,0.865612141675331,000313-0017
scale-000313,qualification-synthetic,g,62018.0,20.226887926054157,0.8471750797296922,000313-0018
scale-000313,qualification-synthetic,g,62019.0,17.97192511653261,1.1535781169030797,000313-0019
scale-000313,qualification-synthetic,g,62020.0,21.167090383860376,0.9884205827471102,000313-0020
scale-000313,qualification-synthetic,g,62021.0,19.438034018090807,0.938610091753085,000313-0021
scale-000313,qualification-synthetic,g,62022.0,21.6733815072723,1.0241536174141859,000313-0022
scale-000313,qualification-synthetic,g,62023.0,20.520122427882583,0.8613345013632433,000313-0023
scale-000313,qualification-synthetic,g,62024.0,17.810720138085248,1.1520363657289487,000313-0024
scale-000313,qualification-synthetic,g,62025.0,19.231520599495138,1.0700787878988856,000313-0025
scale-000313,qualification-synthetic,g,62026.0,22.59233482921063,0.9709801519346459,000313-0026
scale-000313,qualification-synthetic,g,62027.0,19.017916209756525,0.8754372165832324,000313-0027
scale-000313,qualification-synthetic,g,62028.0,20.396529575756936,0.9911390378862899,000313-0028
scale-000313,qualification-synthetic,g,62029.0,19.95066681522598,0.9985923125524153,000313-0029
scale-000313,qualification-synthetic,g,62030.0,18.855848092011225,0.9140985468606263,000313-0030
scale-000313,qualification-synthetic,g,62031.0,20.004919474917408,0.8133791319167305,000313-0031
scale-000314,qualification-synthetic,g,62000.0,18.10859711460103,0.8138720246013584,000314-0000
scale-000314,qualification-synthetic,g,62001.0,19.269169839138087,1.0701231215606486,000314-0001
scale-000314,qualification-synthetic,g,62002.0,19.324039192760818,0.9805463426817467,000314-0002
scale-000314,qualification-synthetic,g,62003.0,19.87991774125302,1.1054635885947446,000314-0003
scale-000314,qualification-synthetic,g,62004.0,20.78042150431826,0.8072581996846913,000314-0004
scale-000314,qualification-synthetic,g,62005.0,19.34578994293408,0.9894550510869867,000314-0005
scale-000314,qualification-synthetic,g,62006.0,21.682574974914456,0.9091851198090997,000314-0006
scale-000314,qualification-synthetic,g,62007.0,19.729475629818335,0.8099412973187059,000314-0007
scale-000314,qualification-synthetic,g,62008.0,22.0754134713534,1.0351313251153962,000314-0008
scale-000314,qualification-synthetic,g,62009.0,20.077334612194335,1.0085432550605904,000314-0009
scale-000314,qualification-synthetic,g,62010.0,21.664086918073203,1.007494520318879,000314-0010
scale-000314,qualification-synthetic,g,62011.0,21.228055263685658,1.1160311903097206,000314-0011
scale-000314,qualification-synthetic,g,62012.0,21.31582121971225,1.186834100136118,000314-0012
scale-000314,qualification-synthetic,g,62013.0,21.501580589467213,1.066765862379192,000314-0013
scale-000314,qualification-synthetic,g,62014.0,18.989755190355613,1.0450653036173714,000314-0014
scale-000314,qualification-synthetic,g,62015.0,20.593629354022568,0.816940876874718,000314-0015
scale-000314,qualification-synthetic,g,62016.0,21.341635964733197,1.009506160097429,000314-0016
scale-000314,qualification-synthetic,g,62017.0,19.07526410372403,1.1087065927825823,000314-0017
scale-000314,qualification-synthetic,g,62018.0,19.443074856420132,0.9148869083138872,000314-0018
scale-000314,qualification-synthetic,g,62019.0,18.941661579089647,0.8024372921242185,000314-0019
scale-000314,qualification-synthetic,g,62020.0,21.45047842702418,1.118681397513984,000314-0020
scale-000314,qualification-synthetic,g,62021.0,20.440920501769604,1.0788624999506455,000314-0021
scale-000314,qualification-synthetic,g,62022.0,20.70513357004964,0.9103578963622069,000314-0022
scale-000314,qualification-synthetic,g,62023.0,18.79746581374333,1.1544650626116661,000314-0023
scale-000314,qualification-synthetic,g,62024.0,19.864825375681846,0.8381821834461254,000314-0024
scale-000314,qualification-synthetic,g,62025.0,20.366252222567766,0.933171904813851,000314-0025
scale-000314,qualification-synthetic,g,62026.0,19.741853062700685,1.082130459159966,000314-0026
scale-000314,qualification-synthetic,g,62027.0,18.724942635341048,1.1365256742700887,000314-0027
scale-000314,qualification-synthetic,g,62028.0,19.93848291241744,0.8978185829096519,000314-0028
scale-000314,qualification-synthetic,g,62029.0,21.16808188393089,1.1298445722053396,000314-0029
scale-000314,qualification-synthetic,g,62030.0,20.12652126992558,1.1211723875300306,000314-0030
scale-000314,qualification-synthetic,g,62031.0,20.126607753165143,0.8308543548426601,000314-0031
scale-000315,qualification-synthetic,g,62000.0,20.16582628463969,0.8632003013769639,000315-0000
scale-000315,qualification-synthetic,g,62001.0,20.247081012518443,1.009072657042346,000315-0001
scale-000315,qualification-synthetic,g,62002.0,17.726267916655488,0.9635558501604581,000315-0002
scale-000315,qualification-synthetic,g,62003.0,22.414557179936725,1.1420011172602524,000315-0003
scale-000315,qualification-synthetic,g,62004.0,19.871746688196733,0.8559419036004227,000315-0004
scale-000315,qualification-synthetic,g,62005.0,22.001690980253294,1.16916937222378,000315-0005
scale-000315,qualification-synthetic,g,62006.0,22.190133628174173,0.8250971463072512,000315-0006
scale-000315,qualification-synthetic,g,62007.0,20.629791115439488,0.9755807110818424,000315-0007
scale-000315,qualification-synthetic,g,62008.0,18.693747694239654,0.9816736475757603,000315-0008
scale-000315,qualification-synthetic,g,62009.0,21.045456267647737,0.9195108952832284,000315-0009
scale-000315,qualification-synthetic,g,62010.0,16.526706455409677,1.0594869233663464,000315-0010
scale-000315,qualification-synthetic,g,62011.0,18.5125582926477,0.9848900749319006,000315-0011
scale-000315,qualification-synthetic,g,62012.0,19.89792731466369,1.1394751295217849,000315-0012
scale-000315,qualification-synthetic,g,62013.0,19.500254448744055,0.9057960486815947,000315-0013
scale-000315,qualification-synthetic,g,62014.0,20.130270080912062,1.0274734337624285,000315-0014
scale-000315,qualification-synthetic,g,62015.0,22.134791242675906,0.9349657058233992,000315-0015
scale-000315,qualification-synthetic,g,62016.0,20.09499007891795,0.8644678172271463,000315-0016
scale-000315,qualification-synthetic,g,62017.0,19.360243322926138,1.0685401087691546,000315-0017
scale-000315,qualification-synthetic,g,62018.0,20.806407969674776,0.8107860698672354,000315-0018
scale-000315,qualification-synthetic,g,62019.0,20.706829954294786,1.1934830958818081,000315-0019
scale-000315,qualification-synthetic,g,62020.0,20.18818780617046,1.151723967730053,000315-0020
scale-000315,qualification-synthetic,g,62021.0,19.189848782624253,1.1326689248834587,000315-0021
scale-000315,qualification-synthetic,g,62022.0,19.907193840822874,1.1894597507606375,000315-0022
scale-000315,qualification-synthetic,g,62023.0,19.470780039659797,1.0338825649984469,000315-0023
scale-000315,qualification-synthetic,g,62024.0,20.563088391799912,1.1653710935328656,000315-0024
scale-000315,qualification-synthetic,g,62025.0,19.608775187828464,1.020779602609926,000315-0025
scale-000315,qualification-synthetic,g,62026.0,19.60995109090891,0.810675451961264,000315-0026
scale-000315,qualification-synthetic,g,62027.0,19.538744527036634,0.8531260054299328,000315-0027
scale-000315,qualification-synthetic,g,62028.0,21.250945379612837,0.9626863090094328,000315-0028
scale-000315,qualification-synthetic,g,62029.0,17.178352589600987,1.0529936359234393,000315-0029
scale-000315,qualification-synthetic,g,62030.0,20.981376992549357,0.9685936448428891,000315-0030
scale-000315,qualification-synthetic,g,62031.0,17.613881990644703,0.9656082947300565,000315-0031
scale-000316,qualification-synthetic,g,62000.0,20.026256835152406,0.8578224602335908,000316-0000
scale-000316,qualification-synthetic,g,62001.0,21.377240979435022,1.1767713708541097,000316-0001
scale-000316,qualification-synthetic,g,62002.0,20.873830431990747,1.155268117617721,000316-0002
scale-000316,qualification-synthetic,g,62003.0,20.637288358100246,0.9127061590056513,000316-0003
scale-000316,qualification-synthetic,g,62004.0,19.46228655909001,1.048022772928512,000316-0004
scale-000316,qualification-synthetic,g,62005.0,20.331769848072916,0.9624603727315129,000316-0005
scale-000316,qualification-synthetic,g,62006.0,18.65225959870968,0.8663836902512575,000316-0006
scale-000316,qualification-synthetic,g,62007.0,20.00789147963557,0.9867848276677658,000316-0007
scale-000316,qualification-synthetic,g,62008.0,19.89574967729121,0.906773067157575,000316-0008
scale-000316,qualification-synthetic,g,62009.0,20.97145932646562,0.849295276388321,000316-0009
scale-000316,qualification-synthetic,g,62010.0,19.268878252918814,1.1635731385440204,000316-0010
scale-000316,qualification-synthetic,g,62011.0,20.644808887543686,0.9671723230993089,000316-0011
scale-000316,qualification-synthetic,g,62012.0,20.12894294570114,0.9331372599112757,000316-0012
scale-000316,qualification-synthetic,g,62013.0,19.262858563652397,0.9793019545668404,000316-0013
scale-000316,qualification-synthetic,g,62014.0,21.56190314098336,0.8993750150182963,000316-0014
scale-000316,qualification-synthetic,g,62015.0,19.94171211051607,1.1755264685789804,000316-0015
scale-000316,qualification-synthetic,g,62016.0,20.91192737606298,1.0360626059377571,000316-0016
scale-000316,qualification-synthetic,g,62017.0,20.85881322527045,1.17318788029231,000316-0017
scale-000316,qualification-synthetic,g,62018.0,20.14468210565428,1.0070283462520895,000316-0018
scale-000316,qualification-synthetic,g,62019.0,23.11261073677831,1.154699871636186,000316-0019
scale-000316,qualification-synthetic,g,62020.0,20.10608786752906,1.0871809364555882,000316-0020
scale-000316,qualification-synthetic,g,62021.0,19.831320279144677,0.8243018854345351,000316-0021
scale-000316,qualification-synthetic,g,62022.0,20.905738914441752,1.176471653768751,000316-0022
scale-000316,qualification-synthetic,g,62023.0,17.886941798013993,0.9266909652812408,000316-0023
scale-000316,qualification-synthetic,g,62024.0,19.885924102783868,1.1120739729519766,000316-0024
scale-000316,qualification-synthetic,g,62025.0,19.57968557318264,0.9058098544455035,000316-0025
scale-000316,qualification-synthetic,g,62026.0,17.9182826738147,0.9308168458220533,000316-0026
scale-000316,qualification-synthetic,g,62027.0,19.963537326686048,0.8924035219463605,000316-0027
scale-000316,qualification-synthetic,g,62028.0,19.57476197333996,0.9196397382970457,000316-0028
scale-000316,qualification-synthetic,g,62029.0,20.491124234670703,0.9865405267544688,000316-0029
scale-000316,qualification-synthetic,g,62030.0,19.766464194633194,0.8367645508732928,000316-0030
scale-000316,qualification-synthetic,g,62031.0,19.134196125685428,0.9623172644859117,000316-0031
scale-000317,qualification-synthetic,g,62000.0,18.42866451053745,1.0196294124715686,000317-0000
scale-000317,qualification-synthetic,g,62001.0,19.013848723634748,0.939523236771161,000317-0001
scale-000317,qualification-synthetic,g,62002.0,20.08494458540848,1.1890449178513531,000317-0002
scale-000317,qualification-synthetic,g,62003.0,21.11088610631895,1.0313531362739037,000317-0003
scale-000317,qualification-synthetic,g,62004.0,21.08485718197012,0.9533045322935196,000317-0004
scale-000317,qualification-synthetic,g,62005.0,21.271583977442415,1.062806710436461,000317-0005
scale-000317,qualification-synthetic,g,62006.0,18.262582099388432,0.9596812296507414,000317-0006
scale-000317,qualification-synthetic,g,62007.0,19.021567069628027,1.1360071039999604,000317-0007
scale-000317,qualification-synthetic,g,62008.0,18.807404936481834,0.8206291270206868,000317-0008
scale-000317,qualification-synthetic,g,62009.0,19.15610884255765,0.9144652520509982,000317-0009
scale-000317,qualification-synthetic,g,62010.0,23.40550222601989,1.0401082277874667,000317-0010
scale-000317,qualification-synthetic,g,62011.0,17.925808464245293,1.0013173229864742,000317-0011
scale-000317,qualification-synthetic,g,62012.0,20.206749848851857,1.0077508747115367,000317-0012
scale-000317,qualification-synthetic,g,62013.0,19.87274412428032,1.014725856342691,000317-0013
scale-000317,qualification-synthetic,g,62014.0,19.639522137435936,1.1048144648266667,000317-0014
scale-000317,qualification-synthetic,g,62015.0,20.10066186016314,1.125362369387852,000317-0015
scale-000317,qualification-synthetic,g,62016.0,24.18354567732177,0.9272619658753595,000317-0016
scale-000317,qualification-synthetic,g,62017.0,20.15258405682619,1.0206419901615578,000317-0017
scale-000317,qualification-synthetic,g,62018.0,21.594636860835546,0.9407137269801503,000317-0018
scale-000317,qualification-synthetic,g,62019.0,19.540313728139704,1.0335597445689289,000317-0019
scale-000317,qualification-synthetic,g,62020.0,23.554377630754907,0.9902921318720672,000317-0020
scale-000317,qualification-synthetic,g,62021.0,19.030717776674344,1.0439270977966875,000317-0021
scale-000317,qualification-synthetic,g,62022.0,20.645922769098213,0.8266021701034456,000317-0022
scale-000317,qualification-synthetic,g,62023.0,19.310992582213597,1.0283343631577901,000317-0023
scale-000317,qualification-synthetic,g,62024.0,22.74962464243646,1.0787857879170752,000317-0024
scale-000317,qualification-synthetic,g,62025.0,20.253183336139585,0.885895297749354,000317-0025
scale-000317,qualification-synthetic,g,62026.0,19.857098446344022,0.9178234944232044,000317-0026
scale-000317,qualification-synthetic,g,62027.0,18.625850107714392,1.183068359084894,000317-0027
scale-000317,qualification-synthetic,g,62028.0,21.249452166922918,0.9984394703896872,000317-0028
scale-000317,qualification-synthetic,g,62029.0,18.992531106286272,0.9915720187144137,000317-0029
scale-000317,qualification-synthetic,g,62030.0,17.765503254027376,1.0023574141776668,000317-0030
scale-000317,qualification-synthetic,g,62031.0,19.200509747431525,1.1059801182626057,000317-0031
scale-000318,qualification-synthetic,g,62000.0,16.007776865192202,1.0801765805933696,000318-0000
scale-000318,qualification-synthetic,g,62001.0,19.970687056637654,1.1217959192700895,000318-0001
scale-000318,qualification-synthetic,g,62002.0,23.466750491546357,1.044173761517485,000318-0002
scale-000318,qualification-synthetic,g,62003.0,20.833320871173672,1.1280395228517057,000318-0003
scale-000318,qualification-synthetic,g,62004.0,19.900710218699597,0.846144108080119,000318-0004
scale-000318,qualification-synthetic,g,62005.0,19.395869401631668,0.9344757288882346,000318-0005
scale-000318,qualification-synthetic,g,62006.0,18.782758764586184,1.0696244533006003,000318-0006
scale-000318,qualification-synthetic,g,62007.0,19.368289396056966,1.1667429545503984,000318-0007
scale-000318,qualification-synthetic,g,62008.0,20.565152708939312,0.8396425439483616,000318-0008
scale-000318,qualification-synthetic,g,62009.0,17.656738828175975,0.8663205050154094,000318-0009
scale-000318,qualification-synthetic,g,62010.0,19.786185121480717,0.8449618307786627,000318-0010
scale-000318,qualification-synthetic,g,62011.0,21.02455330745353,0.8739426242463629,000318-0011
scale-000318,qualification-synthetic,g,62012.0,20.80675881409668,0.8557657391573417,000318-0012
scale-000318,qualification-synthetic,g,62013.0,19.579152671411148,1.0659636589957164,000318-0013
scale-000318,qualification-synthetic,g,62014.0,19.989874984983913,1.0818523349400135,000318-0014
scale-000318,qualification-synthetic,g,62015.0,16.202183523281384,1.1546299461980905,000318-0015
scale-000318,qualification-synthetic,g,62016.0,21.50574461985902,0.9378620788930977,000318-0016
scale-000318,qualification-synthetic,g,62017.0,19.082419014842138,0.9817114802374479,000318-0017
scale-000318,qualification-synthetic,g,62018.0,18.668931364719977,0.8691770443275889,000318-0018
scale-000318,qualification-synthetic,g,62019.0,22.425902008401753,0.8922276124674643,000318-0019
scale-000318,qualification-synthetic,g,62020.0,20.283449707088174,0.9220162876256272,000318-0020
scale-000318,qualification-synthetic,g,62021.0,21.82666071497547,1.111335411606891,000318-0021
scale-000318,qualification-synthetic,g,62022.0,19.48995041327992,1.0097508351988262,000318-0022
scale-000318,qualification-synthetic,g,62023.0,19.71814401255635,0.8048723571158707,000318-0023
scale-000318,qualification-synthetic,g,62024.0,18.697769261678065,0.9725364625333495,000318-0024
scale-000318,qualification-synthetic,g,62025.0,20.73373790902916,0.804850946195266,000318-0025
scale-000318,qualification-synthetic,g,62026.0,19.91929046182089,0.9445055756419026,000318-0026
scale-000318,qualification-synthetic,g,62027.0,20.610484658257036,0.8176173671256723,000318-0027
scale-000318,qualification-synthetic,g,62028.0,19.116132847521428,0.9697878475164361,000318-0028
scale-000318,qualification-synthetic,g,62029.0,20.056274019609315,0.8694250223216237,000318-0029
scale-000318,qualification-synthetic,g,62030.0,18.874322312766445,0.9407743068477147,000318-0030
scale-000318,qualification-synthetic,g,62031.0,19.673812572669643,1.0958543357488029,000318-0031
scale-000319,qualification-synthetic,g,62000.0,20.654972428707225,0.9354058411901165,000319-0000
scale-000319,qualification-synthetic,g,62001.0,21.365550473347653,0.9029091475326946,000319-0001
scale-000319,qualification-synthetic,g,62002.0,19.743851590952065,0.8010733361626904,000319-0002
scale-000319,qualification-synthetic,g,62003.0,21.21795220442982,0.8253592669447456,000319-0003
scale-000319,qualification-synthetic,g,62004.0,18.940614535302384,0.9812953369870105,000319-0004
scale-000319,qualification-synthetic,g,62005.0,20.42138624084183,0.8417320130213908,000319-0005
scale-000319,qualification-synthetic,g,62006.0,20.248925998816738,0.9453594407345667,000319-0006
scale-000319,qualification-synthetic,g,62007.0,19.48451981666811,0.8745976443382951,000319-0007
scale-000319,qualification-synthetic,g,62008.0,18.956573450918622,1.097622185514037,000319-0008
scale-000319,qualification-synthetic,g,62009.0,20.556360566944154,0.8132166179300924,000319-0009
scale-000319,qualification-synthetic,g,62010.0,22.293033347589947,1.1775420490738342,000319-0010
scale-000319,qualification-synthetic,g,62011.0,20.624715210936273,1.0612573693536234,000319-0011
scale-000319,qualification-synthetic,g,62012.0,19.476409547475292,1.1331483066995691,000319-0012
scale-000319,qualification-synthetic,g,62013.0,24.088147713559458,0.9450487736043476,000319-0013
scale-000319,qualification-synthetic,g,62014.0,20.16899303105872,0.8902237932080075,000319-0014
scale-000319,qualification-synthetic,g,62015.0,19.959184785200527,0.9130524845053792,000319-0015
scale-000319,qualification-synthetic,g,62016.0,18.99035953718717,0.9253361499724777,000319-0016
scale-000319,qualification-synthetic,g,62017.0,19.867299782158728,0.9080725945163185,000319-0017
scale-000319,qualification-synthetic,g,62018.0,20.90834764949508,0.9104667632725749,000319-0018
scale-000319,qualification-synthetic,g,62019.0,21.188855646293515,0.9821972813101388,000319-0019
scale-000319,qualification-synthetic,g,62020.0,19.42694636772135,1.0504903435453736,000319-0020
scale-000319,qualification-synthetic,g,62021.0,19.445429365171826,0.885703579735532,000319-0021
scale-000319,qualification-synthetic,g,62022.0,18.369812378482628,0.8261451609180022,000319-0022
scale-000319,qualification-synthetic,g,62023.0,19.450824839816203,1.1280861265957725,000319-0023
scale-000319,qualification-synthetic,g,62024.0,20.687475438589097,0.8741862362965774,000319-0024
scale-000319,qualification-synthetic,g,62025.0,22.644012580772838,0.8896422420923856,000319-0025
scale-000319,qualification-synthetic,g,62026.0,20.54855962221865,1.1173163343741905,000319-0026
scale-000319,qualification-synthetic,g,62027.0,18.598937682018853,1.060844012979874,000319-0027
scale-000319,qualification-synthetic,g,62028.0,21.08287742739326,1.1241452685086244,000319-0028
scale-000319,qualification-synthetic,g,62029.0,20.23765810516804,0.9621461029991557,000319-0029
scale-000319,qualification-synthetic,g,62030.0,19.472071584311855,1.044563013186099,000319-0030
scale-000319,qualification-synthetic,g,62031.0,19.25691800516249,1.1729406952529091,000319-0031
scale-000320,qualification-synthetic,g,62000.0,21.29171196182733,0.9058261115081331,000320-0000
scale-000320,qualification-synthetic,g,62001.0,20.03335928654494,0.8914303512323977,000320-0001
scale-000320,qualification-synthetic,g,62002.0,20.360080472180353,0.9472280309182098,000320-0002
scale-000320,qualification-synthetic,g,62003.0,19.453646132504325,1.170394665050499,000320-0003
scale-000320,qualification-synthetic,g,62004.0,19.742692554680502,0.9751747419608945,000320-0004
scale-000320,qualification-synthetic,g,62005.0,20.477558231908535,0.895349492192925,000320-0005
scale-000320,qualification-synthetic,g,62006.0,20.54837040775696,0.8480356176543666,000320-0006
scale-000320,qualification-synthetic,g,62007.0,19.811937775183683,0.9124148878250394,000320-0007
scale-000320,qualification-synthetic,g,62008.0,18.92933887268106,1.0843234619233084,000320-0008
scale-000320,qualification-synthetic,g,62009.0,19.184700017125493,1.0550397823825512,000320-0009
scale-000320,qualification-synthetic,g,62010.0,19.892998233142922,0.8226874891781806,000320-0010
scale-000320,qualification-synthetic,g,62011.0,21.788503308288515,0.9890479709064139,000320-0011
scale-000320,qualification-synthetic,g,62012.0,20.648340447741475,0.9410257186185916,000320-0012
scale-000320,qualification-synthetic,g,62013.0,20.048580601763014,1.0069170480020389,000320-0013
scale-000320,qualification-synthetic,g,62014.0,17.852302267278546,1.094586455760095,000320-0014
scale-000320,qualification-synthetic,g,62015.0,21.280964381806967,1.028595300839083,000320-0015
scale-000320,qualification-synthetic,g,62016.0,20.0019882915728,0.9215906104132928,000320-0016
scale-000320,qualification-synthetic,g,62017.0,21.315046070109744,1.1109054055316405,000320-0017
scale-000320,qualification-synthetic,g,62018.0,18.778839499953573,0.8519967923472338,000320-0018
scale-000320,qualification-synthetic,g,62019.0,16.494163508288466,1.1692565365778207,000320-0019
scale-000320,qualification-synthetic,g,62020.0,22.09749219050803,1.1105115724674015,000320-0020
scale-000320,qualification-synthetic,g,62021.0,18.88403922381172,0.8374589137436114,000320-0021
scale-000320,qualification-synthetic,g,62022.0,20.357450339460552,0.9610853890601988,000320-0022
scale-000320,qualification-synthetic,g,62023.0,19.73441195610733,1.0533237856381557,000320-0023
scale-000320,qualification-synthetic,g,62024.0,18.638499621277123,1.1851163462319947,000320-0024
scale-000320,qualification-synthetic,g,62025.0,20.5129836298494,1.1683863606959766,000320-0025
scale-000320,qualification-synthetic,g,62026.0,20.513606385421717,0.8032043839379923,000320-0026
scale-000320,qualification-synthetic,g,62027.0,19.455858410228835,0.8954390086211191,000320-0027
scale-000320,qualification-synthetic,g,62028.0,19.044915582334077,1.1463501089386436,000320-0028
scale-000320,qualification-synthetic,g,62029.0,20.397201520274546,0.8343734772368722,000320-0029
scale-000320,qualification-synthetic,g,62030.0,22.794347448132896,1.1039739102208972,000320-0030
scale-000320,qualification-synthetic,g,62031.0,21.561003037875196,0.9846208853965972,000320-0031
scale-000321,qualification-synthetic,g,62000.0,21.105829447487693,1.076555237322439,000321-0000
scale-000321,qualification-synthetic,g,62001.0,18.693020822488375,0.9492046939890291,000321-0001
scale-000321,qualification-synthetic,g,62002.0,19.475707459903397,0.8570005427367242,000321-0002
scale-000321,qualification-synthetic,g,62003.0,24.556435672071526,1.1752711001351013,000321-0003
scale-000321,qualification-synthetic,g,62004.0,21.171904261592857,1.112032476213078,000321-0004
scale-000321,qualification-synthetic,g,62005.0,19.88178319472941,1.1846041329464536,000321-0005
scale-000321,qualification-synthetic,g,62006.0,20.151055979490135,0.996059923849733,000321-0006
scale-000321,qualification-synthetic,g,62007.0,19.11984738122798,1.0990042855405338,000321-0007
scale-000321,qualification-synthetic,g,62008.0,18.343037678632196,1.178638012565513,000321-0008
scale-000321,qualification-synthetic,g,62009.0,19.427904611087346,1.0780677657509277,000321-0009
scale-000321,qualification-synthetic,g,62010.0,18.470179279716167,1.1252429929767263,000321-0010
scale-000321,qualification-synthetic,g,62011.0,19.744886947411896,0.9372441969105629,000321-0011
scale-000321,qualification-synthetic,g,62012.0,19.018454856494145,1.05203604007084,000321-0012
scale-000321,qualification-synthetic,g,62013.0,16.73174938896839,1.0493599143330168,000321-0013
scale-000321,qualification-synthetic,g,62014.0,21.27287321354499,1.1035208004903252,000321-0014
scale-000321,qualification-synthetic,g,62015.0,20.387223614395847,0.8828504670543228,000321-0015
scale-000321,qualification-synthetic,g,62016.0,23.134848260973175,1.1312594452770621,000321-0016
scale-000321,qualification-synthetic,g,62017.0,14.335675265780072,1.1980155659924394,000321-0017
scale-000321,qualification-synthetic,g,62018.0,25.711252010177002,1.0274699497727122,000321-0018
scale-000321,qualification-synthetic,g,62019.0,20.363093958094364,1.1667605271490227,000321-0019
scale-000321,qualification-synthetic,g,62020.0,18.917918924467738,1.091459305189478,000321-0020
scale-000321,qualification-synthetic,g,62021.0,19.918807777757902,0.8927080032514366,000321-0021
scale-000321,qualification-synthetic,g,62022.0,20.48735930090347,1.077922599773924,000321-0022
scale-000321,qualification-synthetic,g,62023.0,23.936220895670495,0.9627198809824367,000321-0023
scale-000321,qualification-synthetic,g,62024.0,20.605975447313348,0.9053723613505145,000321-0024
scale-000321,qualification-synthetic,g,62025.0,20.16871524150822,0.9998337655029635,000321-0025
scale-000321,qualification-synthetic,g,62026.0,18.026895405335075,1.0284930313905842,000321-0026
scale-000321,qualification-synthetic,g,62027.0,21.202517887593277,0.999541158018288,000321-0027
scale-000321,qualification-synthetic,g,62028.0,18.4326636566638,1.0088947742977012,000321-0028
scale-000321,qualification-synthetic,g,62029.0,19.165962936556465,1.0122995682904428,000321-0029
scale-000321,qualification-synthetic,g,62030.0,21.86630427636933,0.982703810558504,000321-0030
scale-000321,qualification-synthetic,g,62031.0,19.80338252341313,1.1156413240182947,000321-0031
scale-000322,qualification-synthetic,g,62000.0,20.25648878097243,0.8356690254589652,000322-0000
scale-000322,qualification-synthetic,g,62001.0,21.050729730468998,0.8647365153395485,000322-0001
scale-000322,qualification-synthetic,g,62002.0,21.309417242496526,1.074962397995508,000322-0002
scale-000322,qualification-synthetic,g,62003.0,18.86596737135178,1.0126591131712888,000322-0003
scale-000322,qualification-synthetic,g,62004.0,19.947407961449844,0.8887989982036132,000322-0004
scale-000322,qualification-synthetic,g,62005.0,19.970288720990226,0.9445058887436241,000322-0005
scale-000322,qualification-synthetic,g,62006.0,20.882535068669522,0.8236111287713568,000322-0006
scale-000322,qualification-synthetic,g,62007.0,20.606807023325523,1.1767753443402407,000322-0007
scale-000322,qualification-synthetic,g,62008.0,19.675418746064796,0.8807678023095443,000322-0008
scale-000322,qualification-synthetic,g,62009.0,20.609075322443985,0.8341072582735561,000322-0009
scale-000322,qualification-synthetic,g,62010.0,20.262220794617797,0.8237194986184391,000322-0010
scale-000322,qualification-synthetic,g,62011.0,19.201473864615235,0.8384677962506794,000322-0011
scale-000322,qualification-synthetic,g,62012.0,19.17626311327121,0.9285710009166767,000322-0012
scale-000322,qualification-synthetic,g,62013.0,19.782322065195125,0.8341183705974478,000322-0013
scale-000322,qualification-synthetic,g,62014.0,18.13218308000788,1.1842262241500574,000322-0014
scale-000322,qualification-synthetic,g,62015.0,21.968430308442127,0.9342553370672897,000322-0015
scale-000322,qualification-synthetic,g,62016.0,18.66586834588938,1.1696350181089208,000322-0016
scale-000322,qualification-synthetic,g,62017.0,20.126322471452646,0.8875206203749123,000322-0017
scale-000322,qualification-synthetic,g,62018.0,20.158448730091603,0.8443244165258036,000322-0018
scale-000322,qualification-synthetic,g,62019.0,19.956047545060414,1.195839762561061,000322-0019
scale-000322,qualification-synthetic,g,62020.0,20.186604861722344,0.9505579007110807,000322-0020
scale-000322,qualification-synthetic,g,62021.0,20.536802359925126,1.0013107821522753,000322-0021
scale-000322,qualification-synthetic,g,62022.0,21.793421338172063,0.8431040973917503,000322-0022
scale-000322,qualification-synthetic,g,62023.0,19.178110238806582,1.122514562249443,000322-0023
scale-000322,qualification-synthetic,g,62024.0,19.51912785488502,1.0985037852661081,000322-0024
scale-000322,qualification-synthetic,g,62025.0,18.1790701305989,1.0588591996472416,000322-0025
scale-000322,qualification-synthetic,g,62026.0,21.00209746822134,1.0087496541702259,000322-0026
scale-000322,qualification-synthetic,g,62027.0,19.80934021545238,1.1864661317251362,000322-0027
scale-000322,qualification-synthetic,g,62028.0,18.75732969256676,0.9855623000705287,000322-0028
scale-000322,qualification-synthetic,g,62029.0,19.2676595582937,0.9148198026963604,000322-0029
scale-000322,qualification-synthetic,g,62030.0,18.52793517577539,0.8901973350204019,000322-0030
scale-000322,qualification-synthetic,g,62031.0,18.85777602014704,1.1339992873641167,000322-0031
scale-000323,qualification-synthetic,g,62000.0,20.637113479858872,0.8990397504028729,000323-0000
scale-000323,qualification-synthetic,g,62001.0,21.08789081668187,0.9021643192488076,000323-0001
scale-000323,qualification-synthetic,g,62002.0,20.252182426516935,1.0263467414113117,000323-0002
scale-000323,qualification-synthetic,g,62003.0,20.352616858244296,1.1687758706302154,000323-0003
scale-000323,qualification-synthetic,g,62004.0,19.69694597103016,0.8989370419407022,000323-0004
scale-000323,qualification-synthetic,g,62005.0,20.261312020604578,1.0888919833108122,000323-0005
scale-000323,qualification-synthetic,g,62006.0,21.4870244304231,0.8206210266819006,000323-0006
scale-000323,qualification-synthetic,g,62007.0,19.651547014326063,0.8073001386964334,000323-0007
scale-000323,qualification-synthetic,g,62008.0,18.44717906710666,0.9733222501733797,000323-0008
scale-000323,qualification-synthetic,g,62009.0,20.606375056041006,0.9870159549882971,000323-0009
scale-000323,qualification-synthetic,g,62010.0,17.747721630104692,0.874542267030375,000323-0010
scale-000323,qualification-synthetic,g,62011.0,17.759524348880824,0.8013198361876743,000323-0011
scale-000323,qualification-synthetic,g,62012.0,20.190847845430742,0.8933276334148682,000323-0012
scale-000323,qualification-synthetic,g,62013.0,20.421072019077595,0.8228916260528869,000323-0013
scale-000323,qualification-synthetic,g,62014.0,18.719108747884864,0.8323762069990642,000323-0014
scale-000323,qualification-synthetic,g,62015.0,21.11567471418024,1.0187395389612826,000323-0015
scale-000323,qualification-synthetic,g,62016.0,20.66097698997328,0.8542017982695378,000323-0016
scale-000323,qualification-synthetic,g,62017.0,19.88968030041746,1.132412694113767,000323-0017
scale-000323,qualification-synthetic,g,62018.0,20.807340671114304,1.1636623659958185,000323-0018
scale-000323,qualification-synthetic,g,62019.0,20.95883873965099,1.098366543647218,000323-0019
scale-000323,qualification-synthetic,g,62020.0,20.13629612601705,0.867719718970768,000323-0020
scale-000323,qualification-synthetic,g,62021.0,20.5462382661188,1.1832860155859377,000323-0021
scale-000323,qualification-synthetic,g,62022.0,20.529898591813694,0.9090286711747486,000323-0022
scale-000323,qualification-synthetic,g,62023.0,19.2905939827686,0.9629241241980282,000323-0023
scale-000323,qualification-synthetic,g,62024.0,21.75443492929615,1.0477424578680175,000323-0024
scale-000323,qualification-synthetic,g,62025.0,19.9288344684923,1.1382919099382465,000323-0025
scale-000323,qualification-synthetic,g,62026.0,20.09351473999387,0.9915909170799502,000323-0026
scale-000323,qualification-synthetic,g,62027.0,19.59032970848843,0.9839784475121139,000323-0027
scale-000323,qualification-synthetic,g,62028.0,18.38121419759823,1.1321829813464976,000323-0028
scale-000323,qualification-synthetic,g,62029.0,19.826814768166226,0.9405350013063427,000323-0029
scale-000323,qualification-synthetic,g,62030.0,21.77631864249992,1.1673768846295998,000323-0030
scale-000323,qualification-synthetic,g,62031.0,20.367052307415104,0.9258494172927928,000323-0031
scale-000324,qualification-synthetic,g,62000.0,20.46738287938674,0.8641711067651646,000324-0000
scale-000324,qualification-synthetic,g,62001.0,19.442040746098368,1.1437721677452588,000324-0001
scale-000324,qualification-synthetic,g,62002.0,21.595170464544797,1.1620062423358248,000324-0002
scale-000324,qualification-synthetic,g,62003.0,20.324864358623916,0.9733490317967268,000324-0003
scale-000324,qualification-synthetic,g,62004.0,19.685383580610225,0.902774354647711,000324-0004
scale-000324,qualification-synthetic,g,62005.0,20.96400670089447,1.0498131420542962,000324-0005
scale-000324,qualification-synthetic,g,62006.0,18.210040084041157,0.8893923546537917,000324-0006
scale-000324,qualification-synthetic,g,62007.0,19.17399306932997,0.8074340493044719,000324-0007
scale-000324,qualification-synthetic,g,62008.0,18.787854810315856,1.0449428907725544,000324-0008
scale-000324,qualification-synthetic,g,62009.0,22.61441234446632,1.0592996542464366,000324-0009
scale-000324,qualification-synthetic,g,62010.0,19.253172500870757,1.0921379121175967,000324-0010
scale-000324,qualification-synthetic,g,62011.0,20.773391037838323,1.076020939429261,000324-0011
scale-000324,qualification-synthetic,g,62012.0,19.264750304643936,0.836627689632752,000324-0012
scale-000324,qualification-synthetic,g,62013.0,19.742753167254705,1.1520951077790897,000324-0013
scale-000324,qualification-synthetic,g,62014.0,20.179670282123322,0.8144722184795462,000324-0014
scale-000324,qualification-synthetic,g,62015.0,20.454029054896896,0.9991910085588268,000324-0015
scale-000324,qualification-synthetic,g,62016.0,21.881346964200066,1.1379659697174835,000324-0016
scale-000324,qualification-synthetic,g,62017.0,20.3363604373463,0.9969454372430941,000324-0017
scale-000324,qualification-synthetic,g,62018.0,20.099888515780027,1.1759569459521608,000324-0018
scale-000324,qualification-synthetic,g,62019.0,19.1186645731822,0.8139344217992484,000324-0019
scale-000324,qualification-synthetic,g,62020.0,21.104054894477787,0.9959126242778197,000324-0020
scale-000324,qualification-synthetic,g,62021.0,21.017364681489468,0.8122117228843195,000324-0021
scale-000324,qualification-synthetic,g,62022.0,20.38251288594487,1.0004006733882598,000324-0022
scale-000324,qualification-synthetic,g,62023.0,20.24579536907741,0.9930504815017875,000324-0023
scale-000324,qualification-synthetic,g,62024.0,18.727948219601817,0.9230174487569445,000324-0024
scale-000324,qualification-synthetic,g,62025.0,20.190021620219625,1.1940140401580237,000324-0025
scale-000324,qualification-synthetic,g,62026.0,20.713455221610527,1.1170531332859617,000324-0026
scale-000324,qualification-synthetic,g,62027.0,18.32694972224922,0.9107448675888068,000324-0027
scale-000324,qualification-synthetic,g,62028.0,19.789526671262436,0.9162530651348701,000324-0028
scale-000324,qualification-synthetic,g,62029.0,21.309754219440762,0.8501789152950237,000324-0029
scale-000324,qualification-synthetic,g,62030.0,19.211637502505017,0.8721771828202692,000324-0030
scale-000324,qualification-synthetic,g,62031.0,19.451029765975523,1.0009553815169676,000324-0031
scale-000325,qualification-synthetic,g,62000.0,18.80893918395963,1.0268566490852713,000325-0000
scale-000325,qualification-synthetic,g,62001.0,19.754095179742304,1.1516531539614772,000325-0001
scale-000325,qualification-synthetic,g,62002.0,20.42571190920359,0.895025970772392,000325-0002
scale-000325,qualification-synthetic,g,62003.0,18.730992729216165,0.8293161331850044,000325-0003
scale-000325,qualification-synthetic,g,62004.0,18.413773900003168,1.1860061130658748,000325-0004
scale-000325,qualification-synthetic,g,62005.0,19.228978218039074,0.9192439679883918,000325-0005
scale-000325,qualification-synthetic,g,62006.0,19.626464882290875,1.0910004910859632,000325-0006
scale-000325,qualification-synthetic,g,62007.0,19.90308284984022,1.1273479023519823,000325-0007
scale-000325,qualification-synthetic,g,62008.0,18.32989295489521,1.1750187642490606,000325-0008
scale-000325,qualification-synthetic,g,62009.0,17.049051279385893,0.9944558989468673,000325-0009
scale-000325,qualification-synthetic,g,62010.0,20.287021071703908,1.098355288696019,000325-0010
scale-000325,qualification-synthetic,g,62011.0,19.01758898440037,1.166479827291584,000325-0011
scale-000325,qualification-synthetic,g,62012.0,18.08966204049635,0.8874105608753782,000325-0012
scale-000325,qualification-synthetic,g,62013.0,19.733283988616826,1.0059837118808672,000325-0013
scale-000325,qualification-synthetic,g,62014.0,19.888513346978762,1.025980694662812,000325-0014
scale-000325,qualification-synthetic,g,62015.0,20.46745143771208,1.1992152386883075,000325-0015
scale-000325,qualification-synthetic,g,62016.0,19.86456805519741,1.0378194374429017,000325-0016
scale-000325,qualification-synthetic,g,62017.0,20.337746598084646,0.8770336603326147,000325-0017
scale-000325,qualification-synthetic,g,62018.0,20.079354157675503,1.1101346596073105,000325-0018
scale-000325,qualification-synthetic,g,62019.0,19.591184649554947,1.0435834080618056,000325-0019
scale-000325,qualification-synthetic,g,62020.0,21.306546431725327,1.183644169820879,000325-0020
scale-000325,qualification-synthetic,g,62021.0,19.37518574469361,0.9224147272882376,000325-0021
scale-000325,qualification-synthetic,g,62022.0,19.867487510344464,0.8965655373061264,000325-0022
scale-000325,qualification-synthetic,g,62023.0,21.026256469864865,1.165635660979679,000325-0023
scale-000325,qualification-synthetic,g,62024.0,16.809405218458185,0.9941241245139126,000325-0024
scale-000325,qualification-synthetic,g,62025.0,18.178460196741028,0.9910838399271528,000325-0025
scale-000325,qualification-synthetic,g,62026.0,20.230223263279886,1.0891251561092155,000325-0026
scale-000325,qualification-synthetic,g,62027.0,19.005795677848933,0.8678213725229356,000325-0027
scale-000325,qualification-synthetic,g,62028.0,19.738024618750803,0.8743144674063936,000325-0028
scale-000325,qualification-synthetic,g,62029.0,19.77331723908404,0.8315370222585965,000325-0029
scale-000325,qualification-synthetic,g,62030.0,19.521488177902874,0.9257192642204886,000325-0030
scale-000325,qualification-synthetic,g,62031.0,19.155907168361047,1.1992830356462776,000325-0031
scale-000326,qualification-synthetic,g,62000.0,20.07663606919825,1.0336433500997373,000326-0000
scale-000326,qualification-synthetic,g,62001.0,18.60162460141789,1.1607316871186348,000326-0001
scale-000326,qualification-synthetic,g,62002.0,20.869367902165795,0.9817008339705899,000326-0002
scale-000326,qualification-synthetic,g,62003.0,19.004974010038147,0.8556027125611333,000326-0003
scale-000326,qualification-synthetic,g,62004.0,20.282203529465043,1.042506974276287,000326-0004
scale-000326,qualification-synthetic,g,62005.0,19.353437617480335,0.8481578892142584,000326-0005
scale-000326,qualification-synthetic,g,62006.0,19.166563694576606,1.1742543801484575,000326-0006
scale-000326,qualification-synthetic,g,62007.0,15.720033297641397,1.1550449359639443,000326-0007
scale-000326,qualification-synthetic,g,62008.0,19.53501456346149,1.0121017562392316,000326-0008
scale-000326,qualification-synthetic,g,62009.0,20.968963357512365,1.1810861519500837,000326-0009
scale-000326,qualification-synthetic,g,62010.0,19.575266606697344,0.8943661972011975,000326-0010
scale-000326,qualification-synthetic,g,62011.0,20.034410931699004,0.8260158125047923,000326-0011
scale-000326,qualification-synthetic,g,62012.0,20.67615034499913,0.931902272563481,000326-0012
scale-000326,qualification-synthetic,g,62013.0,19.266850395995355,1.0442351260190552,000326-0013
scale-000326,qualification-synthetic,g,62014.0,19.44616681696998,0.9709231120682383,000326-0014
scale-000326,qualification-synthetic,g,62015.0,18.877758389177732,1.15541405378086,000326-0015
scale-000326,qualification-synthetic,g,62016.0,19.960939728547846,1.1860502848691719,000326-0016
scale-000326,qualification-synthetic,g,62017.0,18.835481469189187,1.0044843061844322,000326-0017
scale-000326,qualification-synthetic,g,62018.0,17.91109562883194,0.9122436977547131,000326-0018
scale-000326,qualification-synthetic,g,62019.0,19.401255724657915,0.9513471771117605,000326-0019
scale-000326,qualification-synthetic,g,62020.0,19.48627201627027,1.034817170170863,000326-0020
scale-000326,qualification-synthetic,g,62021.0,19.6356470006202,1.1663165256018415,000326-0021
scale-000326,qualification-synthetic,g,62022.0,18.12661389638926,0.9095480477022947,000326-0022
scale-000326,qualification-synthetic,g,62023.0,20.300864880522397,1.0050915041198507,000326-0023
scale-000326,qualification-synthetic,g,62024.0,20.510767791206906,1.065079664203146,000326-0024
scale-000326,qualification-synthetic,g,62025.0,19.143804167469398,1.1805722299242563,000326-0025
scale-000326,qualification-synthetic,g,62026.0,19.59095712948755,0.9027379266067731,000326-0026
scale-000326,qualification-synthetic,g,62027.0,20.640450788097674,1.1366475177180297,000326-0027
scale-000326,qualification-synthetic,g,62028.0,20.634374543984713,0.8443413285097633,000326-0028
scale-000326,qualification-synthetic,g,62029.0,19.932152178568117,0.9968922746177129,000326-0029
scale-000326,qualification-synthetic,g,62030.0,20.922123992443606,0.8284079486825785,000326-0030
scale-000326,qualification-synthetic,g,62031.0,20.052300030508906,1.1643925193362554,000326-0031
scale-000327,qualification-synthetic,g,62000.0,21.93273127009312,0.9102793329786255,000327-0000
scale-000327,qualification-synthetic,g,62001.0,21.672832523997368,1.0147119909079336,000327-0001
scale-000327,qualification-synthetic,g,62002.0,19.690940992064906,0.935782718455938,000327-0002
scale-000327,qualification-synthetic,g,62003.0,20.238557875421016,1.157429513824417,000327-0003
scale-000327,qualification-synthetic,g,62004.0,19.075759816444734,1.187562672931343,000327-0004
scale-000327,qualification-synthetic,g,62005.0,20.248532441203555,1.032966304283504,000327-0005
scale-000327,qualification-synthetic,g,62006.0,20.17601660179582,0.9696417498535901,000327-0006
scale-000327,qualification-synthetic,g,62007.0,18.690683025148353,0.8672480288298354,000327-0007
scale-000327,qualification-synthetic,g,62008.0,19.240019388880125,1.183663350828317,000327-0008
scale-000327,qualification-synthetic,g,62009.0,20.617728929929175,1.0983300726444158,000327-0009
scale-000327,qualification-synthetic,g,62010.0,19.77921557579898,1.0070918306659111,000327-0010
scale-000327,qualification-synthetic,g,62011.0,18.322797414793886,0.8474745016352857,000327-0011
scale-000327,qualification-synthetic,g,62012.0,19.697681266309736,0.9466463095449547,000327-0012
scale-000327,qualification-synthetic,g,62013.0,20.919927610868736,1.0662045250683403,000327-0013
scale-000327,qualification-synthetic,g,62014.0,20.72808390929358,1.0176270524830362,000327-0014
scale-000327,qualification-synthetic,g,62015.0,20.89163466120937,0.8109165375163999,000327-0015
scale-000327,qualification-synthetic,g,62016.0,21.240939195141937,1.031407047297635,000327-0016
scale-000327,qualification-synthetic,g,62017.0,19.145898420373385,1.146468573734898,000327-0017
scale-000327,qualification-synthetic,g,62018.0,21.093073823517607,1.1569961592140539,000327-0018
scale-000327,qualification-synthetic,g,62019.0,20.525361901749,1.0261375762091163,000327-0019
scale-000327,qualification-synthetic,g,62020.0,18.601674701865125,0.8247329124188071,000327-0020
scale-000327,qualification-synthetic,g,62021.0,16.153515894156985,1.1478897354983497,000327-0021
scale-000327,qualification-synthetic,g,62022.0,20.346235280653847,1.034133100579029,000327-0022
scale-000327,qualification-synthetic,g,62023.0,18.604493342005163,1.0716040322519296,000327-0023
scale-000327,qualification-synthetic,g,62024.0,16.89090726537001,1.0834112140962462,000327-0024
scale-000327,qualification-synthetic,g,62025.0,20.519403303169177,1.0560514283783775,000327-0025
scale-000327,qualification-synthetic,g,62026.0,20.888367401471655,0.8256787835477044,000327-0026
scale-000327,qualification-synthetic,g,62027.0,19.505439433586236,1.1462401095167218,000327-0027
scale-000327,qualification-synthetic,g,62028.0,20.641071828361394,0.8489417767881449,000327-0028
scale-000327,qualification-synthetic,g,62029.0,20.381285002321732,0.9462943701665575,000327-0029
scale-000327,qualification-synthetic,g,62030.0,20.017707743575578,1.0807961686621874,000327-0030
scale-000327,qualification-synthetic,g,62031.0,22.0415199650302,0.9122134279930856,000327-0031
scale-000328,qualification-synthetic,g,62000.0,20.9232265979336,1.0427622853511087,000328-0000
scale-000328,qualification-synthetic,g,62001.0,19.240646771757106,0.8523015485332547,000328-0001
scale-000328,qualification-synthetic,g,62002.0,17.713797997997986,1.0776230875971722,000328-0002
scale-000328,qualification-synthetic,g,62003.0,22.982781488553194,1.0835661839356308,000328-0003
scale-000328,qualification-synthetic,g,62004.0,19.39107444164885,0.9833327146326456,000328-0004
scale-000328,qualification-synthetic,g,62005.0,19.300157222964355,0.980951023718517,000328-0005
scale-000328,qualification-synthetic,g,62006.0,19.393538537179666,0.9697492584335679,000328-0006
scale-000328,qualification-synthetic,g,62007.0,20.38078352831493,0.8864102858915599,000328-0007
scale-000328,qualification-synthetic,g,62008.0,21.340660137660905,1.0068903657557875,000328-0008
scale-000328,qualification-synthetic,g,62009.0,20.218877261748762,0.8542884782340151,000328-0009
scale-000328,qualification-synthetic,g,62010.0,19.685809471457354,1.0306075209425427,000328-0010
scale-000328,qualification-synthetic,g,62011.0,20.930168505702206,0.8112126693717593,000328-0011
scale-000328,qualification-synthetic,g,62012.0,20.279748755586848,1.0643090642447435,000328-0012
scale-000328,qualification-synthetic,g,62013.0,19.338475431224566,1.0715067348959724,000328-0013
scale-000328,qualification-synthetic,g,62014.0,19.767068686759156,0.9294273489352948,000328-0014
scale-000328,qualification-synthetic,g,62015.0,21.205298101333266,0.8460310614430986,000328-0015
scale-000328,qualification-synthetic,g,62016.0,20.50855929806705,1.1927088346860277,000328-0016
scale-000328,qualification-synthetic,g,62017.0,19.254246233778844,0.9338146656304709,000328-0017
scale-000328,qualification-synthetic,g,62018.0,19.97434500020681,1.0360896051952877,000328-0018
scale-000328,qualification-synthetic,g,62019.0,21.595382929792915,1.0448688386604754,000328-0019
scale-000328,qualification-synthetic,g,62020.0,21.081136790434577,0.9370907322848016,000328-0020
scale-000328,qualification-synthetic,g,62021.0,20.65140552104677,1.1796723575948238,000328-0021
scale-000328,qualification-synthetic,g,62022.0,21.789591374086356,1.1284476954273948,000328-0022
scale-000328,qualification-synthetic,g,62023.0,18.832069746187347,1.0791169067559452,000328-0023
scale-000328,qualification-synthetic,g,62024.0,20.401193283855882,0.8688988985392443,000328-0024
scale-000328,qualification-synthetic,g,62025.0,20.53930622366967,1.1476806467808078,000328-0025
scale-000328,qualification-synthetic,g,62026.0,19.811948121689383,0.9513049219106173,000328-0026
scale-000328,qualification-synthetic,g,62027.0,19.445780032797686,0.8487365547007035,000328-0027
scale-000328,qualification-synthetic,g,62028.0,20.366836792968083,0.9436707851456633,000328-0028
scale-000328,qualification-synthetic,g,62029.0,18.860316259960065,1.0914160681475074,000328-0029
scale-000328,qualification-synthetic,g,62030.0,21.692988816363528,1.1941490160548285,000328-0030
scale-000328,qualification-synthetic,g,62031.0,20.027293242220324,1.163604126654589,000328-0031
scale-000329,qualification-synthetic,g,62000.0,18.939327851496373,0.861091055858062,000329-0000
scale-000329,qualification-synthetic,g,62001.0,19.728494354844845,1.1118420046756878,000329-0001
scale-000329,qualification-synthetic,g,62002.0,19.20343671403042,1.0282926106748194,000329-0002
scale-000329,qualification-synthetic,g,62003.0,19.703480386536295,0.943401822684473,000329-0003
scale-000329,qualification-synthetic,g,62004.0,19.541335020111003,0.8419580475426771,000329-0004
scale-000329,qualification-synthetic,g,62005.0,19.143765446106233,0.9796841471401132,000329-0005
scale-000329,qualification-synthetic,g,62006.0,19.577790680861362,1.076235699615415,000329-0006
scale-000329,qualification-synthetic,g,62007.0,20.04109452709,1.0601192233641488,000329-0007
scale-000329,qualification-synthetic,g,62008.0,20.560254426455646,0.9663994305178542,000329-0008
scale-000329,qualification-synthetic,g,62009.0,20.673559225074158,0.996117331792827,000329-0009
scale-000329,qualification-synthetic,g,62010.0,20.099386370027425,1.104451838243164,000329-0010
scale-000329,qualification-synthetic,g,62011.0,19.594809735892145,1.1863697422276362,000329-0011
scale-000329,qualification-synthetic,g,62012.0,21.889741770497963,1.117345908698502,000329-0012
scale-000329,qualification-synthetic,g,62013.0,20.959618424615755,0.9198894463981275,000329-0013
scale-000329,qualification-synthetic,g,62014.0,20.525619188133188,0.9177432410220966,000329-0014
scale-000329,qualification-synthetic,g,62015.0,20.503209478579368,0.911754081991984,000329-0015
scale-000329,qualification-synthetic,g,62016.0,19.586604343831002,1.029922165346203,000329-0016
scale-000329,qualification-synthetic,g,62017.0,20.43791788831637,1.1127811540390546,000329-0017
scale-000329,qualification-synthetic,g,62018.0,17.01330393796583,1.0269742332544747,000329-0018
scale-000329,qualification-synthetic,g,62019.0,20.614067152070653,0.9473071178190714,000329-0019
scale-000329,qualification-synthetic,g,62020.0,20.642604132964845,0.9957770136991109,000329-0020
scale-000329,qualification-synthetic,g,62021.0,20.625297988949278,1.0050355292623678,000329-0021
scale-000329,qualification-synthetic,g,62022.0,18.744363235581282,1.0656910292985238,000329-0022
scale-000329,qualification-synthetic,g,62023.0,20.50815735357649,1.0313607619125282,000329-0023
scale-000329,qualification-synthetic,g,62024.0,20.03836311186774,0.8405652511941086,000329-0024
scale-000329,qualification-synthetic,g,62025.0,20.06790873807954,0.9052499618385504,000329-0025
scale-000329,qualification-synthetic,g,62026.0,20.5431102393015,1.0931794930505663,000329-0026
scale-000329,qualification-synthetic,g,62027.0,19.643985709349042,1.107883457551204,000329-0027
scale-000329,qualification-synthetic,g,62028.0,18.674873704599406,0.9603649114243573,000329-0028
scale-000329,qualification-synthetic,g,62029.0,18.524279405311727,1.0612691688488272,000329-0029
scale-000329,qualification-synthetic,g,62030.0,19.716162016109134,1.0996141658266816,000329-0030
scale-000329,qualification-synthetic,g,62031.0,20.174571423005023,0.911675825429205,000329-0031
scale-000330,qualification-synthetic,g,62000.0,20.150085384815124,1.1296690016515203,000330-0000
scale-000330,qualification-synthetic,g,62001.0,20.36763028755932,0.9157883025903389,000330-0001
scale-000330,qualification-synthetic,g,62002.0,20.392163178156686,0.8591040713016638,000330-0002
scale-000330,qualification-synthetic,g,62003.0,20.06319515118422,1.1013967618339668,000330-0003
scale-000330,qualification-synthetic,g,62004.0,20.51653707385425,0.854572058374924,000330-0004
scale-000330,qualification-synthetic,g,62005.0,18.026957635580178,1.1457793732434507,000330-0005
scale-000330,qualification-synthetic,g,62006.0,19.054973883540757,0.9638343908291859,000330-0006
scale-000330,qualification-synthetic,g,62007.0,20.956086907097497,0.8681310514525027,000330-0007
scale-000330,qualification-synthetic,g,62008.0,21.159960527922657,1.176773227655101,000330-0008
scale-000330,qualification-synthetic,g,62009.0,21.222147325060913,1.0194592278323231,000330-0009
scale-000330,qualification-synthetic,g,62010.0,21.192139195758152,1.1731274038993977,000330-0010
scale-000330,qualification-synthetic,g,62011.0,20.865089330891827,1.1021573639168263,000330-0011
scale-000330,qualification-synthetic,g,62012.0,20.71144674848427,1.0562130066982134,000330-0012
scale-000330,qualification-synthetic,g,62013.0,17.26306859541708,1.1014032748628364,000330-0013
scale-000330,qualification-synthetic,g,62014.0,21.002798864176714,1.104565144898987,000330-0014
scale-000330,qualification-synthetic,g,62015.0,20.24313850625702,1.0277952598261595,000330-0015
scale-000330,qualification-synthetic,g,62016.0,20.22840892882824,1.0849359230401334,000330-0016
scale-000330,qualification-synthetic,g,62017.0,19.128709498142438,1.1347822917368504,000330-0017
scale-000330,qualification-synthetic,g,62018.0,20.040802896459354,0.8506355222724128,000330-0018
scale-000330,qualification-synthetic,g,62019.0,21.372961052919223,1.1101232121081983,000330-0019
scale-000330,qualification-synthetic,g,62020.0,20.002832908560645,0.8847836381632957,000330-0020
scale-000330,qualification-synthetic,g,62021.0,20.19787675457174,1.104032731513492,000330-0021
scale-000330,qualification-synthetic,g,62022.0,20.33676857080893,0.8366009375844794,000330-0022
scale-000330,qualification-synthetic,g,62023.0,20.174661022525992,0.9560547759554663,000330-0023
scale-000330,qualification-synthetic,g,62024.0,21.117265987251155,0.8244542871623322,000330-0024
scale-000330,qualification-synthetic,g,62025.0,19.33852150024163,1.0521406027655384,000330-0025
scale-000330,qualification-synthetic,g,62026.0,20.48179198425094,1.075050820004418,000330-0026
scale-000330,qualification-synthetic,g,62027.0,19.700412057158296,1.1746189871403698,000330-0027
scale-000330,qualification-synthetic,g,62028.0,19.711266288959248,0.8801841236551298,000330-0028
scale-000330,qualification-synthetic,g,62029.0,19.240137882368593,0.9044804706633044,000330-0029
scale-000330,qualification-synthetic,g,62030.0,19.947888858618548,1.0087406907703806,000330-0030
scale-000330,qualification-synthetic,g,62031.0,18.75244273040982,0.8984625671085612,000330-0031
scale-000331,qualification-synthetic,g,62000.0,19.19778652274268,0.926110953168187,000331-0000
scale-000331,qualification-synthetic,g,62001.0,19.704274592395258,0.8411700836707161,000331-0001
scale-000331,qualification-synthetic,g,62002.0,20.0418169987304,0.8287194477980186,000331-0002
scale-000331,qualification-synthetic,g,62003.0,22.020327700813024,1.1494588508139907,000331-0003
scale-000331,qualification-synthetic,g,62004.0,20.799695722812913,0.8224602783162898,000331-0004
scale-000331,qualification-synthetic,g,62005.0,20.808620484605598,0.8104018841437592,000331-0005
scale-000331,qualification-synthetic,g,62006.0,19.485231972836015,1.0581575664850098,000331-0006
scale-000331,qualification-synthetic,g,62007.0,18.784116672204444,1.0855599380022778,000331-0007
scale-000331,qualification-synthetic,g,62008.0,18.383860230802473,0.8017405953119872,000331-0008
scale-000331,qualification-synthetic,g,62009.0,19.921021001324576,1.0540081102397874,000331-0009
scale-000331,qualification-synthetic,g,62010.0,18.998824654098254,0.9920637402380085,000331-0010
scale-000331,qualification-synthetic,g,62011.0,19.621086151659345,1.0199534119358458,000331-0011
scale-000331,qualification-synthetic,g,62012.0,17.612768967516207,0.9907859125603022,000331-0012
scale-000331,qualification-synthetic,g,62013.0,19.81740833917919,0.8158993585925157,000331-0013
scale-000331,qualification-synthetic,g,62014.0,18.056569233950217,1.1353281600922869,000331-0014
scale-000331,qualification-synthetic,g,62015.0,20.901687810499922,0.9235990402053093,000331-0015
scale-000331,qualification-synthetic,g,62016.0,20.95179108167158,1.1544209989278504,000331-0016
scale-000331,qualification-synthetic,g,62017.0,19.815116114717092,1.1673790983049044,000331-0017
scale-000331,qualification-synthetic,g,62018.0,17.847278309948912,0.858867269068666,000331-0018
scale-000331,qualification-synthetic,g,62019.0,19.067933906391783,1.185329674318653,000331-0019
scale-000331,qualification-synthetic,g,62020.0,20.806623180118628,0.8440207545846773,000331-0020
scale-000331,qualification-synthetic,g,62021.0,19.281282905870928,1.1085440979870143,000331-0021
scale-000331,qualification-synthetic,g,62022.0,15.427892746324705,1.1956981758119354,000331-0022
scale-000331,qualification-synthetic,g,62023.0,19.590911623962484,0.8624468884829265,000331-0023
scale-000331,qualification-synthetic,g,62024.0,18.92318087792516,0.9657447957871638,000331-0024
scale-000331,qualification-synthetic,g,62025.0,18.621892084673483,1.0002784238437905,000331-0025
scale-000331,qualification-synthetic,g,62026.0,19.79344358980038,0.9280789504199979,000331-0026
scale-000331,qualification-synthetic,g,62027.0,20.21288934570243,0.9397643897395466,000331-0027
scale-000331,qualification-synthetic,g,62028.0,18.680057639158797,0.8616771440595147,000331-0028
scale-000331,qualification-synthetic,g,62029.0,19.318639570514815,1.1489244992726972,000331-0029
scale-000331,qualification-synthetic,g,62030.0,20.71433881345878,0.9510597646995144,000331-0030
scale-000331,qualification-synthetic,g,62031.0,15.55945925180294,0.8507170216793442,000331-0031
scale-000332,qualification-synthetic,g,62000.0,18.32050837065193,0.9733722249595739,000332-0000
scale-000332,qualification-synthetic,g,62001.0,19.970821637341047,1.1553508776475985,000332-0001
scale-000332,qualification-synthetic,g,62002.0,20.141842056844855,0.8163495429744113,000332-0002
scale-000332,qualification-synthetic,g,62003.0,24.852715387899007,1.092075935689812,000332-0003
scale-000332,qualification-synthetic,g,62004.0,17.875657428544354,1.0602630562842092,000332-0004
scale-000332,qualification-synthetic,g,62005.0,18.73375640416632,0.9901706520631371,000332-0005
scale-000332,qualification-synthetic,g,62006.0,19.160953344157736,1.1945611064653143,000332-0006
scale-000332,qualification-synthetic,g,62007.0,20.228138947573786,1.0741666352768195,000332-0007
scale-000332,qualification-synthetic,g,62008.0,18.93924838565397,1.0037818712560953,000332-0008
scale-000332,qualification-synthetic,g,62009.0,18.97075578263908,1.0449915039272273,000332-0009
scale-000332,qualification-synthetic,g,62010.0,19.560179012292313,0.8418930377181308,000332-0010
scale-000332,qualification-synthetic,g,62011.0,20.952268468257003,0.8206033187936389,000332-0011
scale-000332,qualification-synthetic,g,62012.0,19.888416869444544,1.0296214578787721,000332-0012
scale-000332,qualification-synthetic,g,62013.0,19.12236506198854,1.1176534699581218,000332-0013
scale-000332,qualification-synthetic,g,62014.0,20.111409643849022,1.1626175503375047,000332-0014
scale-000332,qualification-synthetic,g,62015.0,19.092860630876004,0.972037140676817,000332-0015
scale-000332,qualification-synthetic,g,62016.0,21.057069199853064,0.8791142588847622,000332-0016
scale-000332,qualification-synthetic,g,62017.0,24.65522082809946,0.972049385813475,000332-0017
scale-000332,qualification-synthetic,g,62018.0,19.06992383965028,0.9691931374826174,000332-0018
scale-000332,qualification-synthetic,g,62019.0,19.749888356780733,0.8172309170000647,000332-0019
scale-000332,qualification-synthetic,g,62020.0,20.38163139409919,0.8024790792342811,000332-0020
scale-000332,qualification-synthetic,g,62021.0,20.488800337945182,0.8901051959693569,000332-0021
scale-000332,qualification-synthetic,g,62022.0,20.23527028025576,1.0897575036012608,000332-0022
scale-000332,qualification-synthetic,g,62023.0,20.08922517578816,1.0313186408531745,000332-0023
scale-000332,qualification-synthetic,g,62024.0,17.775379838949828,1.0804186120636259,000332-0024
scale-000332,qualification-synthetic,g,62025.0,21.29595722616859,0.989305480720736,000332-0025
scale-000332,qualification-synthetic,g,62026.0,19.7391740178069,0.8654215858386058,000332-0026
scale-000332,qualification-synthetic,g,62027.0,19.274789456568943,0.973525463292773,000332-0027
scale-000332,qualification-synthetic,g,62028.0,21.31648487826474,0.9823785884586044,000332-0028
scale-000332,qualification-synthetic,g,62029.0,20.366804577732683,0.8291556164597829,000332-0029
scale-000332,qualification-synthetic,g,62030.0,15.59950596984873,0.9018730734777838,000332-0030
scale-000332,qualification-synthetic,g,62031.0,18.94701104446489,0.9603539001101081,000332-0031
scale-000333,qualification-synthetic,g,62000.0,20.065606349331805,0.9856133218123686,000333-0000
scale-000333,qualification-synthetic,g,62001.0,19.24100648277846,1.0500489854139279,000333-0001
scale-000333,qualification-synthetic,g,62002.0,20.821962256168657,0.9528838553692371,000333-0002
scale-000333,qualification-synthetic,g,62003.0,19.851949095703038,1.1544321545535234,000333-0003
scale-000333,qualification-synthetic,g,62004.0,19.194248626044654,1.0305748828343761,000333-0004
scale-000333,qualification-synthetic,g,62005.0,16.817297142116583,0.8632169821318951,000333-0005
scale-000333,qualification-synthetic,g,62006.0,20.332382180649553,0.9475888897697003,000333-0006
scale-000333,qualification-synthetic,g,62007.0,19.192102749716355,1.1342719198292237,000333-0007
scale-000333,qualification-synthetic,g,62008.0,19.440780945994675,1.0533115335335623,000333-0008
scale-000333,qualification-synthetic,g,62009.0,22.651812573479884,0.9603528845394416,000333-0009
scale-000333,qualification-synthetic,g,62010.0,20.22161215526915,1.1632944070044593,000333-0010
scale-000333,qualification-synthetic,g,62011.0,18.28006890252484,0.8790931957990795,000333-0011
scale-000333,qualification-synthetic,g,62012.0,19.392515846452646,0.8145731800232006,000333-0012
scale-000333,qualification-synthetic,g,62013.0,18.820612015716137,1.0931042581029597,000333-0013
scale-000333,qualification-synthetic,g,62014.0,20.187828015657775,0.8431786924738116,000333-0014
scale-000333,qualification-synthetic,g,62015.0,21.264476322818254,1.1196308142173672,000333-0015
scale-000333,qualification-synthetic,g,62016.0,17.536674209073503,0.910634328256786,000333-0016
scale-000333,qualification-synthetic,g,62017.0,19.922231259819785,0.92476172512011,000333-0017
scale-000333,qualification-synthetic,g,62018.0,17.787923430712993,1.1248153971893435,000333-0018
scale-000333,qualification-synthetic,g,62019.0,21.25915630132391,1.1819526591329839,000333-0019
scale-000333,qualification-synthetic,g,62020.0,21.020116524995125,0.9210098033928291,000333-0020
scale-000333,qualification-synthetic,g,62021.0,18.129193701777222,0.8929895045152535,000333-0021
scale-000333,qualification-synthetic,g,62022.0,19.565219534739057,1.0088062882494204,000333-0022
scale-000333,qualification-synthetic,g,62023.0,20.516579660939733,0.859519499800323,000333-0023
scale-000333,qualification-synthetic,g,62024.0,20.100766768593257,1.0574180058623077,000333-0024
scale-000333,qualification-synthetic,g,62025.0,20.228200202100076,0.8001703284897348,000333-0025
scale-000333,qualification-synthetic,g,62026.0,19.998007053460274,0.8945994958017642,000333-0026
scale-000333,qualification-synthetic,g,62027.0,21.489966889536124,1.0053490915514325,000333-0027
scale-000333,qualification-synthetic,g,62028.0,19.593411774297955,0.9791330419874759,000333-0028
scale-000333,qualification-synthetic,g,62029.0,19.628336469292467,0.8961379451304193,000333-0029
scale-000333,qualification-synthetic,g,62030.0,21.221827541594006,0.9051821425513319,000333-0030
scale-000333,qualification-synthetic,g,62031.0,20.740098586052383,0.9551536408805785,000333-0031
scale-000334,qualification-synthetic,g,62000.0,21.66566661622733,1.039112317400935,000334-0000
scale-000334,qualification-synthetic,g,62001.0,18.64880990563312,1.1733674211632223,000334-0001
scale-000334,qualification-synthetic,g,62002.0,20.074834985483218,0.9052942933057505,000334-0002
scale-000334,qualification-synthetic,g,62003.0,20.970812854624576,1.163849133097438,000334-0003
scale-000334,qualification-synthetic,g,62004.0,19.984534335870524,1.046821307050652,000334-0004
scale-000334,qualification-synthetic,g,62005.0,20.081663046598273,0.8033208165453805,000334-0005
scale-000334,qualification-synthetic,g,62006.0,20.23797217703196,0.9173524614189108,000334-0006
scale-000334,qualification-synthetic,g,62007.0,22.792836821286116,0.9972442922366035,000334-0007
scale-000334,qualification-synthetic,g,62008.0,16.63870404148126,1.064814515093475,000334-0008
scale-000334,qualification-synthetic,g,62009.0,20.23833781417968,0.992447405156136,000334-0009
scale-000334,qualification-synthetic,g,62010.0,19.23753868303998,1.1346278940595267,000334-0010
scale-000334,qualification-synthetic,g,62011.0,17.53079976230691,1.0936601569576399,000334-0011
scale-000334,qualification-synthetic,g,62012.0,21.485835891689963,1.0908983459399648,000334-0012
scale-000334,qualification-synthetic,g,62013.0,21.28784421559352,1.030506468390228,000334-0013
scale-000334,qualification-synthetic,g,62014.0,19.95510370854634,0.9073491173943776,000334-0014
scale-000334,qualification-synthetic,g,62015.0,20.668749794568583,0.996981567730293,000334-0015
scale-000334,qualification-synthetic,g,62016.0,21.576669932356378,0.8499165201598734,000334-0016
scale-000334,qualification-synthetic,g,62017.0,21.422285114105986,1.019436182217746,000334-0017
scale-000334,qualification-synthetic,g,62018.0,22.490672537921384,0.8343723440879931,000334-0018
scale-000334,qualification-synthetic,g,62019.0,20.645953868102605,0.8298211561540696,000334-0019
scale-000334,qualification-synthetic,g,62020.0,19.89471699942564,1.0913101994093564,000334-0020
scale-000334,qualification-synthetic,g,62021.0,18.56802362856828,0.9751185100088551,000334-0021
scale-000334,qualification-synthetic,g,62022.0,20.171225099731892,0.9263480479396965,000334-0022
scale-000334,qualification-synthetic,g,62023.0,20.94790346217219,1.0215135366579962,000334-0023
scale-000334,qualification-synthetic,g,62024.0,18.829623466049966,0.909374388795866,000334-0024
scale-000334,qualification-synthetic,g,62025.0,17.89094109805147,1.0753035533141406,000334-0025
scale-000334,qualification-synthetic,g,62026.0,20.130502670753323,0.8534929817519257,000334-0026
scale-000334,qualification-synthetic,g,62027.0,20.391961251820405,1.0686099225120607,000334-0027
scale-000334,qualification-synthetic,g,62028.0,20.596165081172078,1.035521680339368,000334-0028
scale-000334,qualification-synthetic,g,62029.0,18.716460585134364,0.9664835656685992,000334-0029
scale-000334,qualification-synthetic,g,62030.0,19.894809134026257,1.0857028324809266,000334-0030
scale-000334,qualification-synthetic,g,62031.0,20.638763104692707,0.873550821400037,000334-0031
scale-000335,qualification-synthetic,g,62000.0,21.46731892107149,1.074277838111736,000335-0000
scale-000335,qualification-synthetic,g,62001.0,20.32692087885766,0.9371646499864258,000335-0001
scale-000335,qualification-synthetic,g,62002.0,20.647602311478742,1.0865017338789718,000335-0002
scale-000335,qualification-synthetic,g,62003.0,19.679069084171303,1.1404276476903845,000335-0003
scale-000335,qualification-synthetic,g,62004.0,21.162133057977435,0.8338880405691266,000335-0004
scale-000335,qualification-synthetic,g,62005.0,20.320142000175963,1.0286174822108587,000335-0005
scale-000335,qualification-synthetic,g,62006.0,19.87961342043125,0.8802641485658496,000335-0006
scale-000335,qualification-synthetic,g,62007.0,20.774621943183682,0.8440467901313546,000335-0007
scale-000335,qualification-synthetic,g,62008.0,20.69035742523886,1.1021154853996693,000335-0008
scale-000335,qualification-synthetic,g,62009.0,16.867082869996757,1.0367926148912807,000335-0009
scale-000335,qualification-synthetic,g,62010.0,20.798445551325862,1.1425196410838914,000335-0010
scale-000335,qualification-synthetic,g,62011.0,20.991230401365804,1.158101913353964,000335-0011
scale-000335,qualification-synthetic,g,62012.0,20.416257426840474,1.1373403856040045,000335-0012
scale-000335,qualification-synthetic,g,62013.0,20.43863070584796,1.0819788444835787,000335-0013
scale-000335,qualification-synthetic,g,62014.0,19.4000358734257,1.0326334631030825,000335-0014
scale-000335,qualification-synthetic,g,62015.0,19.03945360742786,0.8945660686428869,000335-0015
scale-000335,qualification-synthetic,g,62016.0,20.40135723696955,1.0293923802771883,000335-0016
scale-000335,qualification-synthetic,g,62017.0,21.956051076791162,1.1845901985657237,000335-0017
scale-000335,qualification-synthetic,g,62018.0,19.35871272647679,1.057105222131355,000335-0018
scale-000335,qualification-synthetic,g,62019.0,20.111917997540207,0.8766934060756464,000335-0019
scale-000335,qualification-synthetic,g,62020.0,21.807496500946282,0.9875869567470186,000335-0020
scale-000335,qualification-synthetic,g,62021.0,20.153911798596866,1.0238508084865874,000335-0021
scale-000335,qualification-synthetic,g,62022.0,21.746716202974948,1.0177380651056265,000335-0022
scale-000335,qualification-synthetic,g,62023.0,19.33576553364995,1.0862868920878679,000335-0023
scale-000335,qualification-synthetic,g,62024.0,18.599074426019207,1.0843653549370114,000335-0024
scale-000335,qualification-synthetic,g,62025.0,20.176324449997853,1.0317139095609658,000335-0025
scale-000335,qualification-synthetic,g,62026.0,18.565650671902116,0.929129083064835,000335-0026
scale-000335,qualification-synthetic,g,62027.0,19.99466572429544,0.8633377727800615,000335-0027
scale-000335,qualification-synthetic,g,62028.0,20.57321823988297,1.0760227253141912,000335-0028
scale-000335,qualification-synthetic,g,62029.0,19.412879845380886,0.8927344756010687,000335-0029
scale-000335,qualification-synthetic,g,62030.0,21.907846283989198,0.9595675393345686,000335-0030
scale-000335,qualification-synthetic,g,62031.0,17.296288181242247,0.8293330117727146,000335-0031
scale-000336,qualification-synthetic,g,62000.0,18.560199190702566,1.024279467511158,000336-0000
scale-000336,qualification-synthetic,g,62001.0,20.852221396519,1.1803013062766978,000336-0001
scale-000336,qualification-synthetic,g,62002.0,20.342099300831098,1.1403153785090105,000336-0002
scale-000336,qualification-synthetic,g,62003.0,21.072479128883188,1.0125674282505028,000336-0003
scale-000336,qualification-synthetic,g,62004.0,19.175595335418627,1.0919863633446532,000336-0004
scale-000336,qualification-synthetic,g,62005.0,16.922760672395956,1.0517051081853501,000336-0005
scale-000336,qualification-synthetic,g,62006.0,19.51575038474551,1.1917830186040816,000336-0006
scale-000336,qualification-synthetic,g,62007.0,19.37118190806359,0.9071595221533528,000336-0007
scale-000336,qualification-synthetic,g,62008.0,17.767066344573426,1.0980356068751482,000336-0008
scale-000336,qualification-synthetic,g,62009.0,16.756587735390646,1.1958420603036528,000336-0009
scale-000336,qualification-synthetic,g,62010.0,20.554648627512226,1.0992883414665964,000336-0010
scale-000336,qualification-synthetic,g,62011.0,17.60041969741625,1.07247646231963,000336-0011
scale-000336,qualification-synthetic,g,62012.0,19.6173162223338,0.8177879467748845,000336-0012
scale-000336,qualification-synthetic,g,62013.0,23.21896788322794,0.962109961561859,000336-0013
scale-000336,qualification-synthetic,g,62014.0,21.382291941663254,0.8214323323111276,000336-0014
scale-000336,qualification-synthetic,g,62015.0,20.320257296141968,0.9526511785670108,000336-0015
scale-000336,qualification-synthetic,g,62016.0,20.655087048836094,0.8355393713788187,000336-0016
scale-000336,qualification-synthetic,g,62017.0,18.33415518610501,1.1533864631862718,000336-0017
scale-000336,qualification-synthetic,g,62018.0,19.321139767509216,1.1302123638495654,000336-0018
scale-000336,qualification-synthetic,g,62019.0,19.425599286667907,0.897827485037865,000336-0019
scale-000336,qualification-synthetic,g,62020.0,22.55708836714479,0.8645279211318675,000336-0020
scale-000336,qualification-synthetic,g,62021.0,20.714436312914607,1.1753392061148944,000336-0021
scale-000336,qualification-synthetic,g,62022.0,20.18587944864407,0.9604491915075576,000336-0022
scale-000336,qualification-synthetic,g,62023.0,19.972013940276806,1.0053841739308806,000336-0023
scale-000336,qualification-synthetic,g,62024.0,20.323009777462918,0.9033201888774995,000336-0024
scale-000336,qualification-synthetic,g,62025.0,19.146225954228463,0.9738007770348238,000336-0025
scale-000336,qualification-synthetic,g,62026.0,20.955421153805656,0.9280022294579755,000336-0026
scale-000336,qualification-synthetic,g,62027.0,20.71448899950507,1.1124812392819052,000336-0027
scale-000336,qualification-synthetic,g,62028.0,17.949888533791327,1.165499957158301,000336-0028
scale-000336,qualification-synthetic,g,62029.0,20.875121922971157,1.133542040295457,000336-0029
scale-000336,qualification-synthetic,g,62030.0,17.830618050936977,0.8850221323604068,000336-0030
scale-000336,qualification-synthetic,g,62031.0,23.19992913090744,0.9252681465244771,000336-0031
scale-000337,qualification-synthetic,g,62000.0,19.248996639526535,1.184312268143706,000337-0000
scale-000337,qualification-synthetic,g,62001.0,19.978204825209637,1.1677711552291326,000337-0001
scale-000337,qualification-synthetic,g,62002.0,19.470335660027956,0.8246554846106748,000337-0002
scale-000337,qualification-synthetic,g,62003.0,20.100917862643435,1.1053535013004,000337-0003
scale-000337,qualification-synthetic,g,62004.0,19.319666022279833,0.9033420289879486,000337-0004
scale-000337,qualification-synthetic,g,62005.0,19.62623808511483,0.9538561743823127,000337-0005
scale-000337,qualification-synthetic,g,62006.0,19.2092360165873,0.9075056742533187,000337-0006
scale-000337,qualification-synthetic,g,62007.0,20.511744484795802,0.8219746921673569,000337-0007
scale-000337,qualification-synthetic,g,62008.0,17.75984689224904,1.0870243342242787,000337-0008
scale-000337,qualification-synthetic,g,62009.0,19.821929254343587,0.9645636188798099,000337-0009
scale-000337,qualification-synthetic,g,62010.0,20.570542833054198,0.9018516019545583,000337-0010
scale-000337,qualification-synthetic,g,62011.0,19.48971307849558,0.9638594556376794,000337-0011
scale-000337,qualification-synthetic,g,62012.0,20.358716279107725,0.8149090083542032,000337-0012
scale-000337,qualification-synthetic,g,62013.0,19.540782310477876,0.9593045564758287,000337-0013
scale-000337,qualification-synthetic,g,62014.0,18.34372327328772,0.8874317317733021,000337-0014
scale-000337,qualification-synthetic,g,62015.0,18.420260818629178,1.0109697665721233,000337-0015
scale-000337,qualification-synthetic,g,62016.0,21.12966813772523,0.9184136472044543,000337-0016
scale-000337,qualification-synthetic,g,62017.0,20.67808722585321,0.9213319564646488,000337-0017
scale-000337,qualification-synthetic,g,62018.0,20.804969745424227,1.080579516693333,000337-0018
scale-000337,qualification-synthetic,g,62019.0,19.994244634435926,0.9590501297318718,000337-0019
scale-000337,qualification-synthetic,g,62020.0,20.222690321328212,0.9439755051940776,000337-0020
scale-000337,qualification-synthetic,g,62021.0,20.674136164534037,0.9681690350951772,000337-0021
scale-000337,qualification-synthetic,g,62022.0,21.705886383994383,1.0869834172896709,000337-0022
scale-000337,qualification-synthetic,g,62023.0,20.895857856232755,0.9955802199778206,000337-0023
scale-000337,qualification-synthetic,g,62024.0,21.43319856034479,0.9357886082995004,000337-0024
scale-000337,qualification-synthetic,g,62025.0,22.152943353703296,1.157310470210696,000337-0025
scale-000337,qualification-synthetic,g,62026.0,20.545163751071094,1.1878560692265128,000337-0026
scale-000337,qualification-synthetic,g,62027.0,19.83900590599042,0.8623596576779505,000337-0027
scale-000337,qualification-synthetic,g,62028.0,18.461746760159965,1.0744883310475497,000337-0028
scale-000337,qualification-synthetic,g,62029.0,18.970205816738442,1.1833806985702473,000337-0029
scale-000337,qualification-synthetic,g,62030.0,18.31756361977343,1.1393194612053932,000337-0030
scale-000337,qualification-synthetic,g,62031.0,21.714445269752364,0.876631725916458,000337-0031
scale-000338,qualification-synthetic,g,62000.0,20.878862660288743,1.0246182782112707,000338-0000
scale-000338,qualification-synthetic,g,62001.0,20.02186217759677,1.1730797197761682,000338-0001
scale-000338,qualification-synthetic,g,62002.0,20.756709559851853,1.1507410728833456,000338-0002
scale-000338,qualification-synthetic,g,62003.0,20.76465965658368,0.9205357828172067,000338-0003
scale-000338,qualification-synthetic,g,62004.0,20.216224660996463,1.166752444407095,000338-0004
scale-000338,qualification-synthetic,g,62005.0,19.24965441940562,0.8080316553349046,000338-0005
scale-000338,qualification-synthetic,g,62006.0,18.057761112287178,1.1943555758613253,000338-0006
scale-000338,qualification-synthetic,g,62007.0,21.446436393978267,0.9322053086383858,000338-0007
scale-000338,qualification-synthetic,g,62008.0,19.414150315297135,0.8355532830414832,000338-0008
scale-000338,qualification-synthetic,g,62009.0,21.984624904552383,1.0916650645522807,000338-0009
scale-000338,qualification-synthetic,g,62010.0,25.04006634233777,0.9756170067178909,000338-0010
scale-000338,qualification-synthetic,g,62011.0,22.545124080153226,0.9546390961556114,000338-0011
scale-000338,qualification-synthetic,g,62012.0,19.652919822394438,0.912172064635583,000338-0012
scale-000338,qualification-synthetic,g,62013.0,22.922836492098238,0.8957108110863617,000338-0013
scale-000338,qualification-synthetic,g,62014.0,19.72319275626328,1.1010465145955481,000338-0014
scale-000338,qualification-synthetic,g,62015.0,17.115378763866374,0.9922895290405697,000338-0015
scale-000338,qualification-synthetic,g,62016.0,19.82099723282636,0.8119579180522821,000338-0016
scale-000338,qualification-synthetic,g,62017.0,21.356529868281488,1.0711179158196558,000338-0017
scale-000338,qualification-synthetic,g,62018.0,23.07283380472557,1.0442059125183685,000338-0018
scale-000338,qualification-synthetic,g,62019.0,20.37351511288766,0.9989132098902479,000338-0019
scale-000338,qualification-synthetic,g,62020.0,20.008229551120312,1.0663226299384194,000338-0020
scale-000338,qualification-synthetic,g,62021.0,20.61669094348077,0.852141626848992,000338-0021
scale-000338,qualification-synthetic,g,62022.0,21.120911808838276,1.0273743644501618,000338-0022
scale-000338,qualification-synthetic,g,62023.0,21.441684133231742,1.0826266002719442,000338-0023
scale-000338,qualification-synthetic,g,62024.0,19.49832568652941,0.9014445749271858,000338-0024
scale-000338,qualification-synthetic,g,62025.0,19.308666627192867,1.067808286706873,000338-0025
scale-000338,qualification-synthetic,g,62026.0,19.681340761180046,1.0394576580947177,000338-0026
scale-000338,qualification-synthetic,g,62027.0,19.256539691588866,0.8474613786002585,000338-0027
scale-000338,qualification-synthetic,g,62028.0,20.711265759878643,0.9133983265372583,000338-0028
scale-000338,qualification-synthetic,g,62029.0,19.988384491039664,1.1698349936962293,000338-0029
scale-000338,qualification-synthetic,g,62030.0,21.246053570306493,1.0350190788858153,000338-0030
scale-000338,qualification-synthetic,g,62031.0,20.270983357598773,0.9243079367552011,000338-0031
scale-000339,qualification-synthetic,g,62000.0,18.808502238993576,1.0214298446269683,000339-0000
scale-000339,qualification-synthetic,g,62001.0,19.342158875144875,1.10939556514119,000339-0001
scale-000339,qualification-synthetic,g,62002.0,21.479256722913668,1.1150165433776302,000339-0002
scale-000339,qualification-synthetic,g,62003.0,21.47241694112077,1.1512038033266905,000339-0003
scale-000339,qualification-synthetic,g,62004.0,21.013213166223032,1.1171709884239673,000339-0004
scale-000339,qualification-synthetic,g,62005.0,20.28595222617235,0.9196064076461956,000339-0005
scale-000339,qualification-synthetic,g,62006.0,22.08364910284887,1.1848208685594699,000339-0006
scale-000339,qualification-synthetic,g,62007.0,20.46760294178605,0.8785957964992981,000339-0007
scale-000339,qualification-synthetic,g,62008.0,19.053310240719767,1.126240073048647,000339-0008
scale-000339,qualification-synthetic,g,62009.0,20.888850892012442,0.9908920953526841,000339-0009
scale-000339,qualification-synthetic,g,62010.0,18.403343381092327,1.1834304545793943,000339-0010
scale-000339,qualification-synthetic,g,62011.0,19.74937141571257,0.9709052049701671,000339-0011
scale-000339,qualification-synthetic,g,62012.0,18.72856311504374,1.0119088195739094,000339-0012
scale-000339,qualification-synthetic,g,62013.0,20.85608882703206,0.909571787799138,000339-0013
scale-000339,qualification-synthetic,g,62014.0,19.249813136490417,0.9657147706885613,000339-0014
scale-000339,qualification-synthetic,g,62015.0,21.095308899418647,1.172641310145177,000339-0015
scale-000339,qualification-synthetic,g,62016.0,19.969755067887498,1.0835553281595018,000339-0016
scale-000339,qualification-synthetic,g,62017.0,19.90665037788095,0.9740132349098034,000339-0017
scale-000339,qualification-synthetic,g,62018.0,18.546892400758516,1.1989062913845885,000339-0018
scale-000339,qualification-synthetic,g,62019.0,20.313423977649695,0.8875384423360448,000339-0019
scale-000339,qualification-synthetic,g,62020.0,19.595545118227474,0.8414833475199224,000339-0020
scale-000339,qualification-synthetic,g,62021.0,22.351780363207563,1.067630487931602,000339-0021
scale-000339,qualification-synthetic,g,62022.0,18.92778870385308,1.1185862103941842,000339-0022
scale-000339,qualification-synthetic,g,62023.0,18.39076914017877,1.1142544495213036,000339-0023
scale-000339,qualification-synthetic,g,62024.0,20.085520076536646,0.8666426093476358,000339-0024
scale-000339,qualification-synthetic,g,62025.0,20.174955035200966,0.8651249918719931,000339-0025
scale-000339,qualification-synthetic,g,62026.0,21.334437516908615,0.9889814634871144,000339-0026
scale-000339,qualification-synthetic,g,62027.0,20.841164227387505,0.8617830623231126,000339-0027
scale-000339,qualification-synthetic,g,62028.0,19.566272931667417,1.070762710327754,000339-0028
scale-000339,qualification-synthetic,g,62029.0,19.98636258367942,1.0320216788445553,000339-0029
scale-000339,qualification-synthetic,g,62030.0,20.950433848441243,0.9028033216859807,000339-0030
scale-000339,qualification-synthetic,g,62031.0,19.992975845909754,0.910292618420949,000339-0031
scale-000340,qualification-synthetic,g,62000.0,22.034350646177092,0.8769173072432661,000340-0000
scale-000340,qualification-synthetic,g,62001.0,20.274706339398083,0.8564326593856415,000340-0001
scale-000340,qualification-synthetic,g,62002.0,17.430445797220802,1.1362713365010804,000340-0002
scale-000340,qualification-synthetic,g,62003.0,15.700603296925571,1.1748432391758727,000340-0003
scale-000340,qualification-synthetic,g,62004.0,19.19416285539827,0.8173400909850945,000340-0004
scale-000340,qualification-synthetic,g,62005.0,20.94302617973939,0.9151755594550924,000340-0005
scale-000340,qualification-synthetic,g,62006.0,18.96099448861417,0.9142981965617836,000340-0006
scale-000340,qualification-synthetic,g,62007.0,18.658635352548174,1.083558901586352,000340-0007
scale-000340,qualification-synthetic,g,62008.0,20.838020035062357,0.9101614952854604,000340-0008
scale-000340,qualification-synthetic,g,62009.0,18.253434383487104,1.126639426801897,000340-0009
scale-000340,qualification-synthetic,g,62010.0,17.40051279385765,0.9580212586467047,000340-0010
scale-000340,qualification-synthetic,g,62011.0,21.00492073451812,1.0755036221635725,000340-0011
scale-000340,qualification-synthetic,g,62012.0,20.468322298068763,0.8721703095427413,000340-0012
scale-000340,qualification-synthetic,g,62013.0,20.519748607318036,1.1489992512785152,000340-0013
scale-000340,qualification-synthetic,g,62014.0,21.564081559244226,1.1076314995637044,000340-0014
scale-000340,qualification-synthetic,g,62015.0,19.72380563310178,1.1311739757069423,000340-0015
scale-000340,qualification-synthetic,g,62016.0,20.407203634630726,0.8245453503912636,000340-0016
scale-000340,qualification-synthetic,g,62017.0,20.745891119435708,0.9020637413916014,000340-0017
scale-000340,qualification-synthetic,g,62018.0,24.57973407993127,1.1922837629455008,000340-0018
scale-000340,qualification-synthetic,g,62019.0,19.20127525139347,0.9936634349927658,000340-0019
scale-000340,qualification-synthetic,g,62020.0,20.894321342972713,0.9819252547425941,000340-0020
scale-000340,qualification-synthetic,g,62021.0,19.449303898549022,1.0747076234631097,000340-0021
scale-000340,qualification-synthetic,g,62022.0,19.99169290498856,0.8098815311238334,000340-0022
scale-000340,qualification-synthetic,g,62023.0,18.39331052846719,1.163628833218756,000340-0023
scale-000340,qualification-synthetic,g,62024.0,21.013756723836075,1.0946483065935815,000340-0024
scale-000340,qualification-synthetic,g,62025.0,22.164224927827235,1.1721059274538985,000340-0025
scale-000340,qualification-synthetic,g,62026.0,20.19212837683404,1.165979787715043,000340-0026
scale-000340,qualification-synthetic,g,62027.0,19.563584342065926,0.9136480534006001,000340-0027
scale-000340,qualification-synthetic,g,62028.0,18.42744554732806,1.1988087503378333,000340-0028
scale-000340,qualification-synthetic,g,62029.0,20.43840134013987,1.1426338962971825,000340-0029
scale-000340,qualification-synthetic,g,62030.0,19.17299510423299,0.9112101491718941,000340-0030
scale-000340,qualification-synthetic,g,62031.0,18.80999225871774,1.1975316852273716,000340-0031
scale-000341,qualification-synthetic,g,62000.0,20.73597474280966,1.1134367478929592,000341-0000
scale-000341,qualification-synthetic,g,62001.0,20.375963727413364,1.0524097899000169,000341-0001
scale-000341,qualification-synthetic,g,62002.0,18.861631455917927,1.070756957999197,000341-0002
scale-000341,qualification-synthetic,g,62003.0,20.724113711249235,1.1143506625999582,000341-0003
scale-000341,qualification-synthetic,g,62004.0,18.80540387248566,0.8498692890092475,000341-0004
scale-000341,qualification-synthetic,g,62005.0,18.614794622409118,0.8100690936551863,000341-0005
scale-000341,qualification-synthetic,g,62006.0,19.20797826930469,0.8134236128412681,000341-0006
scale-000341,qualification-synthetic,g,62007.0,18.75951265359897,1.1528697217353203,000341-0007
scale-000341,qualification-synthetic,g,62008.0,20.197233723387395,1.1516457025371836,000341-0008
scale-000341,qualification-synthetic,g,62009.0,20.148111570431812,1.0279332363798739,000341-0009
scale-000341,qualification-synthetic,g,62010.0,20.19599217198454,0.8202924828204973,000341-0010
scale-000341,qualification-synthetic,g,62011.0,20.96471322324439,0.9710494344847441,000341-0011
scale-000341,qualification-synthetic,g,62012.0,20.775538441771424,1.1178361619775328,000341-0012
scale-000341,qualification-synthetic,g,62013.0,19.775021563497962,0.9626136617227832,000341-0013
scale-000341,qualification-synthetic,g,62014.0,21.208171955880843,0.8989972881933521,000341-0014
scale-000341,qualification-synthetic,g,62015.0,22.464029030629035,1.1176023294019868,000341-0015
scale-000341,qualification-synthetic,g,62016.0,19.85410004425499,0.8128308492999672,000341-0016
scale-000341,qualification-synthetic,g,62017.0,20.168001253644174,0.8038277917054057,000341-0017
scale-000341,qualification-synthetic,g,62018.0,19.028784961113434,0.8487039914548359,000341-0018
scale-000341,qualification-synthetic,g,62019.0,20.4321096486173,0.9690313254599552,000341-0019
scale-000341,qualification-synthetic,g,62020.0,20.87492909883314,0.8595160749202682,000341-0020
scale-000341,qualification-synthetic,g,62021.0,18.803183137192185,0.8535275755048678,000341-0021
scale-000341,qualification-synthetic,g,62022.0,19.034889491884524,1.0857506281030693,000341-0022
scale-000341,qualification-synthetic,g,62023.0,19.569784564549842,0.942678702369211,000341-0023
scale-000341,qualification-synthetic,g,62024.0,19.83708227521072,0.8953558963271687,000341-0024
scale-000341,qualification-synthetic,g,62025.0,19.42692623377681,0.8627124219534457,000341-0025
scale-000341,qualification-synthetic,g,62026.0,19.55288565826426,1.099450376012821,000341-0026
scale-000341,qualification-synthetic,g,62027.0,20.972173558427965,0.8473351190555133,000341-0027
scale-000341,qualification-synthetic,g,62028.0,20.281674411801223,0.8502264454899592,000341-0028
scale-000341,qualification-synthetic,g,62029.0,20.75528987208589,0.9367071735046203,000341-0029
scale-000341,qualification-synthetic,g,62030.0,20.34040672130709,1.1268288348603375,000341-0030
scale-000341,qualification-synthetic,g,62031.0,20.500231019418415,0.9897706624143339,000341-0031
scale-000342,qualification-synthetic,g,62000.0,18.978732466653202,1.078516738386933,000342-0000
scale-000342,qualification-synthetic,g,62001.0,20.573708257242053,1.1641011455791452,000342-0001
scale-000342,qualification-synthetic,g,62002.0,16.793804211917553,0.8679957845131746,000342-0002
scale-000342,qualification-synthetic,g,62003.0,20.039953253342482,1.1906277670427894,000342-0003
scale-000342,qualification-synthetic,g,62004.0,20.01547695253104,1.04057675665043,000342-0004
scale-000342,qualification-synthetic,g,62005.0,20.617217743352914,0.9912423573884777,000342-0005
scale-000342,qualification-synthetic,g,62006.0,19.05129154113713,0.8595027330565197,000342-0006
scale-000342,qualification-synthetic,g,62007.0,18.494722550957412,0.856072676123085,000342-0007
scale-000342,qualification-synthetic,g,62008.0,19.65062362430005,0.8887503773495072,000342-0008
scale-000342,qualification-synthetic,g,62009.0,21.35251162803752,0.8873426554876745,000342-0009
scale-000342,qualification-synthetic,g,62010.0,19.645762918965037,0.8456442368603224,000342-0010
scale-000342,qualification-synthetic,g,62011.0,21.13109886565136,1.1278753286962235,000342-0011
scale-000342,qualification-synthetic,g,62012.0,19.761372998450483,0.8390858466873459,000342-0012
scale-000342,qualification-synthetic,g,62013.0,21.017736173983057,1.142965709235033,000342-0013
scale-000342,qualification-synthetic,g,62014.0,19.495095107222216,0.8263538353222482,000342-0014
scale-000342,qualification-synthetic,g,62015.0,19.910558124109254,0.9417799976179225,000342-0015
scale-000342,qualification-synthetic,g,62016.0,20.89184332562634,1.1947296601036101,000342-0016
scale-000342,qualification-synthetic,g,62017.0,20.861533505057377,1.1447105497147687,000342-0017
scale-000342,qualification-synthetic,g,62018.0,17.88856983366262,1.0945376702365213,000342-0018
scale-000342,qualification-synthetic,g,62019.0,11.582644881030834,1.0447067149114433,000342-0019
scale-000342,qualification-synthetic,g,62020.0,19.7126430087626,0.8002505670998843,000342-0020
scale-000342,qualification-synthetic,g,62021.0,20.548484035908245,0.8122104959757718,000342-0021
scale-000342,qualification-synthetic,g,62022.0,19.86383179479348,1.10384407563756,000342-0022
scale-000342,qualification-synthetic,g,62023.0,19.96196041325114,0.9003682074413656,000342-0023
scale-000342,qualification-synthetic,g,62024.0,17.649574534446582,0.9731462029271243,000342-0024
scale-000342,qualification-synthetic,g,62025.0,19.642388792783063,1.0165292891075173,000342-0025
scale-000342,qualification-synthetic,g,62026.0,20.04224063895301,0.8039845805669339,000342-0026
scale-000342,qualification-synthetic,g,62027.0,18.373691267802176,0.9648247999014128,000342-0027
scale-000342,qualification-synthetic,g,62028.0,21.556873840423574,1.1058057785657371,000342-0028
scale-000342,qualification-synthetic,g,62029.0,19.52609729370773,1.0751689117667154,000342-0029
scale-000342,qualification-synthetic,g,62030.0,19.90352752435589,0.8422463966043379,000342-0030
scale-000342,qualification-synthetic,g,62031.0,19.367894495645164,1.1609262242453902,000342-0031
scale-000343,qualification-synthetic,g,62000.0,18.783912753124532,0.852649159422893,000343-0000
scale-000343,qualification-synthetic,g,62001.0,22.2141836619036,1.1673727195753636,000343-0001
scale-000343,qualification-synthetic,g,62002.0,19.73326959626334,1.007278030702431,000343-0002
scale-000343,qualification-synthetic,g,62003.0,19.43622937214817,1.1728761151769362,000343-0003
scale-000343,qualification-synthetic,g,62004.0,20.54658839508132,1.040028479295242,000343-0004
scale-000343,qualification-synthetic,g,62005.0,18.94907354487666,0.824332730059989,000343-0005
scale-000343,qualification-synthetic,g,62006.0,17.867314092444193,1.1013809900922529,000343-0006
scale-000343,qualification-synthetic,g,62007.0,19.2432082074022,1.0795214651997247,000343-0007
scale-000343,qualification-synthetic,g,62008.0,19.205087286201262,1.0330716648999043,000343-0008
scale-000343,qualification-synthetic,g,62009.0,20.0114156621857,1.1976768434029976,000343-0009
scale-000343,qualification-synthetic,g,62010.0,21.25188324504388,1.0580682654857165,000343-0010
scale-000343,qualification-synthetic,g,62011.0,22.254561125055545,0.9511375624405108,000343-0011
scale-000343,qualification-synthetic,g,62012.0,20.303944203121503,1.049979186483567,000343-0012
scale-000343,qualification-synthetic,g,62013.0,19.75839535062209,0.8320266331932401,000343-0013
scale-000343,qualification-synthetic,g,62014.0,18.698810130373182,0.9252937997454332,000343-0014
scale-000343,qualification-synthetic,g,62015.0,19.957279353259867,1.1371339490385202,000343-0015
scale-000343,qualification-synthetic,g,62016.0,21.04902645791948,1.113282837104663,000343-0016
scale-000343,qualification-synthetic,g,62017.0,19.87267818232297,0.8504018317226568,000343-0017
scale-000343,qualification-synthetic,g,62018.0,19.08997912698763,0.8588157765543877,000343-0018
scale-000343,qualification-synthetic,g,62019.0,19.135363497849344,1.1655317464329122,000343-0019
scale-000343,qualification-synthetic,g,62020.0,18.91482162467064,1.0454877175806956,000343-0020
scale-000343,qualification-synthetic,g,62021.0,18.291122937884225,0.9499316547948616,000343-0021
scale-000343,qualification-synthetic,g,62022.0,18.827511104795004,0.9920546756458551,000343-0022
scale-000343,qualification-synthetic,g,62023.0,20.272054059999768,0.8419820638275022,000343-0023
scale-000343,qualification-synthetic,g,62024.0,19.599883138050085,0.8966115796665437,000343-0024
scale-000343,qualification-synthetic,g,62025.0,18.566692552984893,0.8090459206109454,000343-0025
scale-000343,qualification-synthetic,g,62026.0,20.609014713582635,1.0049696611148773,000343-0026
scale-000343,qualification-synthetic,g,62027.0,19.28564436409275,0.9125952043089564,000343-0027
scale-000343,qualification-synthetic,g,62028.0,20.36404434559193,0.866267256204291,000343-0028
scale-000343,qualification-synthetic,g,62029.0,19.913501959451445,0.9397958603375859,000343-0029
scale-000343,qualification-synthetic,g,62030.0,20.458874891008133,1.0615192260948023,000343-0030
scale-000343,qualification-synthetic,g,62031.0,21.315566602614307,1.1915159394432107,000343-0031
scale-000344,qualification-synthetic,g,62000.0,18.571463668666294,1.1550950855319186,000344-0000
scale-000344,qualification-synthetic,g,62001.0,20.54511882473992,1.1033059664432714,000344-0001
scale-000344,qualification-synthetic,g,62002.0,16.68750083791553,1.017758500462931,000344-0002
scale-000344,qualification-synthetic,g,62003.0,18.34159257974656,0.9874429119596065,000344-0003
scale-000344,qualification-synthetic,g,62004.0,18.803390305544717,1.076695961754775,000344-0004
scale-000344,qualification-synthetic,g,62005.0,19.965328936525793,0.9097970799172304,000344-0005
scale-000344,qualification-synthetic,g,62006.0,20.38253533734429,0.9602954418614993,000344-0006
scale-000344,qualification-synthetic,g,62007.0,19.60615487173376,1.1128339793704545,000344-0007
scale-000344,qualification-synthetic,g,62008.0,19.551101669703872,1.1035782796630238,000344-0008
scale-000344,qualification-synthetic,g,62009.0,17.3824610185756,1.1932262570121983,000344-0009
scale-000344,qualification-synthetic,g,62010.0,20.833716964456602,0.8004126321909317,000344-0010
scale-000344,qualification-synthetic,g,62011.0,19.23326401747364,0.8753480298718609,000344-0011
scale-000344,qualification-synthetic,g,62012.0,20.558110181114,1.1363226768773105,000344-0012
scale-000344,qualification-synthetic,g,62013.0,21.593478129785392,0.961693516456806,000344-0013
scale-000344,qualification-synthetic,g,62014.0,20.04993021619604,0.8405372576471378,000344-0014
scale-000344,qualification-synthetic,g,62015.0,19.901994275811006,1.0590686780944338,000344-0015
scale-000344,qualification-synthetic,g,62016.0,19.934179597055273,1.0607525098805946,000344-0016
scale-000344,qualification-synthetic,g,62017.0,21.07789117961821,1.1565154619146003,000344-0017
scale-000344,qualification-synthetic,g,62018.0,17.805678483288503,1.0803728135059891,000344-0018
scale-000344,qualification-synthetic,g,62019.0,22.19753865501982,1.0650510034508505,000344-0019
scale-000344,qualification-synthetic,g,62020.0,20.252298336564454,0.8545022560370529,000344-0020
scale-000344,qualification-synthetic,g,62021.0,20.511520772321163,1.038269631561843,000344-0021
scale-000344,qualification-synthetic,g,62022.0,20.19003714252709,1.103745943590134,000344-0022
scale-000344,qualification-synthetic,g,62023.0,20.55946441082955,1.173478681625084,000344-0023
scale-000344,qualification-synthetic,g,62024.0,17.891926544891312,0.9784901314067782,000344-0024
scale-000344,qualification-synthetic,g,62025.0,20.069977587083734,1.1571833866424959,000344-0025
scale-000344,qualification-synthetic,g,62026.0,20.83813197589406,0.8224982916824193,000344-0026
scale-000344,qualification-synthetic,g,62027.0,20.1856573727282,0.8252121260001943,000344-0027
scale-000344,qualification-synthetic,g,62028.0,19.815486531259452,1.0232247765159659,000344-0028
scale-000344,qualification-synthetic,g,62029.0,20.10162031881638,1.094016030734432,000344-0029
scale-000344,qualification-synthetic,g,62030.0,19.057970720966875,1.0278894728115742,000344-0030
scale-000344,qualification-synthetic,g,62031.0,18.585136606106627,0.9882984336956029,000344-0031
scale-000345,qualification-synthetic,g,62000.0,21.46385437859723,1.0157617355192756,000345-0000
scale-000345,qualification-synthetic,g,62001.0,20.39317990406719,0.8297726204219709,000345-0001
scale-000345,qualification-synthetic,g,62002.0,19.0798983080414,1.0946297729004293,000345-0002
scale-000345,qualification-synthetic,g,62003.0,20.245129135944385,0.9043414113902829,000345-0003
scale-000345,qualification-synthetic,g,62004.0,20.176039729970352,1.110299992941171,000345-0004
scale-000345,qualification-synthetic,g,62005.0,19.552310049630584,1.1465671369021844,000345-0005
scale-000345,qualification-synthetic,g,62006.0,18.069184345553897,1.0587907047389402,000345-0006
scale-000345,qualification-synthetic,g,62007.0,21.859347299454043,1.118467501913644,000345-0007
scale-000345,qualification-synthetic,g,62008.0,17.681800669822472,1.1949445775142409,000345-0008
scale-000345,qualification-synthetic,g,62009.0,19.80720504046573,0.9300798572891494,000345-0009
scale-000345,qualification-synthetic,g,62010.0,20.190669590644788,1.1808691615725446,000345-0010
scale-000345,qualification-synthetic,g,62011.0,20.353618702163338,1.082217763408929,000345-0011
scale-000345,qualification-synthetic,g,62012.0,20.954847877785124,0.8335687767985305,000345-0012
scale-000345,qualification-synthetic,g,62013.0,21.054738992873805,1.1576230814223152,000345-0013
scale-000345,qualification-synthetic,g,62014.0,19.732998310382207,1.0421082532167556,000345-0014
scale-000345,qualification-synthetic,g,62015.0,23.697153295385526,1.1786495854702175,000345-0015
scale-000345,qualification-synthetic,g,62016.0,19.80114993492871,0.8525477366211379,000345-0016
scale-000345,qualification-synthetic,g,62017.0,21.546572708900268,0.9029623778037721,000345-0017
scale-000345,qualification-synthetic,g,62018.0,19.492812274118492,0.8177976871829112,000345-0018
scale-000345,qualification-synthetic,g,62019.0,18.014815405045162,1.102920094150747,000345-0019
scale-000345,qualification-synthetic,g,62020.0,19.358001385645366,1.16824178380063,000345-0020
scale-000345,qualification-synthetic,g,62021.0,21.453502009129878,0.8973365753809283,000345-0021
scale-000345,qualification-synthetic,g,62022.0,18.621886911451075,1.1281475233606761,000345-0022
scale-000345,qualification-synthetic,g,62023.0,20.848405310728403,1.041662304774979,000345-0023
scale-000345,qualification-synthetic,g,62024.0,22.047604636214576,0.9050298324681061,000345-0024
scale-000345,qualification-synthetic,g,62025.0,20.4415347151809,0.9352629591285881,000345-0025
scale-000345,qualification-synthetic,g,62026.0,23.23774846879664,0.9665505825990797,000345-0026
scale-000345,qualification-synthetic,g,62027.0,17.43250218616541,0.8976449448246385,000345-0027
scale-000345,qualification-synthetic,g,62028.0,18.77179001398019,1.164774249674321,000345-0028
scale-000345,qualification-synthetic,g,62029.0,21.351142552248533,1.0368290413174754,000345-0029
scale-000345,qualification-synthetic,g,62030.0,17.606625452905284,1.0985414916103964,000345-0030
scale-000345,qualification-synthetic,g,62031.0,21.224481106639765,0.8063054475858518,000345-0031
scale-000346,qualification-synthetic,g,62000.0,22.200585797268324,1.052057018501719,000346-0000
scale-000346,qualification-synthetic,g,62001.0,20.52923841412285,1.0279432482700344,000346-0001
scale-000346,qualification-synthetic,g,62002.0,19.430350016285477,0.9511481094375857,000346-0002
scale-000346,qualification-synthetic,g,62003.0,18.93656656056362,1.0313974456016406,000346-0003
scale-000346,qualification-synthetic,g,62004.0,19.98380678419244,0.9254096045323367,000346-0004
scale-000346,qualification-synthetic,g,62005.0,18.655030754618924,0.8375579575668095,000346-0005
scale-000346,qualification-synthetic,g,62006.0,20.032390065333548,1.1551307686905337,000346-0006
scale-000346,qualification-synthetic,g,62007.0,20.000207698302603,1.0708055502858411,000346-0007
scale-000346,qualification-synthetic,g,62008.0,19.620700151752494,0.8675195833081745,000346-0008
scale-000346,qualification-synthetic,g,62009.0,19.15911225463438,1.0790466944138792,000346-0009
scale-000346,qualification-synthetic,g,62010.0,20.101575715561918,0.8794807933647516,000346-0010
scale-000346,qualification-synthetic,g,62011.0,20.10310642077349,1.1967700995431947,000346-0011
scale-000346,qualification-synthetic,g,62012.0,19.438301833314675,1.045981108505502,000346-0012
scale-000346,qualification-synthetic,g,62013.0,23.035342167903753,0.8032049038493909,000346-0013
scale-000346,qualification-synthetic,g,62014.0,18.89729997209314,1.1554603462668018,000346-0014
scale-000346,qualification-synthetic,g,62015.0,20.214881648154005,0.80280400744945,000346-0015
scale-000346,qualification-synthetic,g,62016.0,16.11754242010054,0.9426145547626573,000346-0016
scale-000346,qualification-synthetic,g,62017.0,19.841224804581746,1.0011918425363406,000346-0017
scale-000346,qualification-synthetic,g,62018.0,16.83388615519071,0.9315179272331958,000346-0018
scale-000346,qualification-synthetic,g,62019.0,19.43472823200887,1.0926191234772444,000346-0019
scale-000346,qualification-synthetic,g,62020.0,19.520381096807412,0.8676098266914908,000346-0020
scale-000346,qualification-synthetic,g,62021.0,18.765898918742668,1.0006028950465988,000346-0021
scale-000346,qualification-synthetic,g,62022.0,23.16391946475079,1.177259610756922,000346-0022
scale-000346,qualification-synthetic,g,62023.0,23.616376802289892,1.1812697176308768,000346-0023
scale-000346,qualification-synthetic,g,62024.0,19.423308604235572,1.1361572252097325,000346-0024
scale-000346,qualification-synthetic,g,62025.0,19.62712524737822,0.9074560640105863,000346-0025
scale-000346,qualification-synthetic,g,62026.0,19.29422143621321,1.0628303317278653,000346-0026
scale-000346,qualification-synthetic,g,62027.0,18.604647353932048,0.9567154093300715,000346-0027
scale-000346,qualification-synthetic,g,62028.0,20.418918302957618,1.138996989805229,000346-0028
scale-000346,qualification-synthetic,g,62029.0,19.331636128061064,0.9423365889962341,000346-0029
scale-000346,qualification-synthetic,g,62030.0,20.69453634002626,1.0243320520305141,000346-0030
scale-000346,qualification-synthetic,g,62031.0,19.18127446830342,1.1288352371911272,000346-0031
scale-000347,qualification-synthetic,g,62000.0,19.9166780300391,0.9776482454474276,000347-0000
scale-000347,qualification-synthetic,g,62001.0,20.428343345443754,0.9265495087835617,000347-0001
scale-000347,qualification-synthetic,g,62002.0,20.005699325265006,1.096442450917703,000347-0002
scale-000347,qualification-synthetic,g,62003.0,20.022884278805222,1.1109440178620917,000347-0003
scale-000347,qualification-synthetic,g,62004.0,19.557565280446692,1.167350613993648,000347-0004
scale-000347,qualification-synthetic,g,62005.0,20.418863223942218,0.9136797860837247,000347-0005
scale-000347,qualification-synthetic,g,62006.0,18.53133098101234,1.1954471692836024,000347-0006
scale-000347,qualification-synthetic,g,62007.0,19.620092505094373,0.982908154721601,000347-0007
scale-000347,qualification-synthetic,g,62008.0,21.797073608320026,1.193421608858259,000347-0008
scale-000347,qualification-synthetic,g,62009.0,20.37675857684406,1.0448048704406026,000347-0009
scale-000347,qualification-synthetic,g,62010.0,20.761474295313757,1.0252226023113984,000347-0010
scale-000347,qualification-synthetic,g,62011.0,20.882387566203484,0.916851491822682,000347-0011
scale-000347,qualification-synthetic,g,62012.0,20.27833108501049,1.0747128125741692,000347-0012
scale-000347,qualification-synthetic,g,62013.0,20.383883478911653,1.0418774036863236,000347-0013
scale-000347,qualification-synthetic,g,62014.0,22.528200113728563,1.1831210304427306,000347-0014
scale-000347,qualification-synthetic,g,62015.0,19.667704862181495,0.925063648093583,000347-0015
scale-000347,qualification-synthetic,g,62016.0,20.51333370233807,1.1484373500029694,000347-0016
scale-000347,qualification-synthetic,g,62017.0,20.873550500453568,1.0950774057428476,000347-0017
scale-000347,qualification-synthetic,g,62018.0,20.400711106476727,1.0679801137091214,000347-0018
scale-000347,qualification-synthetic,g,62019.0,19.61921975051053,0.8949603748116395,000347-0019
scale-000347,qualification-synthetic,g,62020.0,18.90767129704335,0.8974212547146981,000347-0020
scale-000347,qualification-synthetic,g,62021.0,20.531544360712573,0.9642711439615802,000347-0021
scale-000347,qualification-synthetic,g,62022.0,19.96058894945759,0.8159606171634548,000347-0022
scale-000347,qualification-synthetic,g,62023.0,21.18956619418796,1.0065556291054418,000347-0023
scale-000347,qualification-synthetic,g,62024.0,19.62335001646578,0.9435620631670997,000347-0024
scale-000347,qualification-synthetic,g,62025.0,19.17356931680519,0.8133832466519244,000347-0025
scale-000347,qualification-synthetic,g,62026.0,19.547394107978707,0.9291748299939161,000347-0026
scale-000347,qualification-synthetic,g,62027.0,18.531425295329836,1.1633423074410532,000347-0027
scale-000347,qualification-synthetic,g,62028.0,20.440235171172127,1.1492397435321873,000347-0028
scale-000347,qualification-synthetic,g,62029.0,20.35421529444835,1.137266603330818,000347-0029
scale-000347,qualification-synthetic,g,62030.0,20.001380733374244,1.0445511741820246,000347-0030
scale-000347,qualification-synthetic,g,62031.0,20.176704845026677,1.0786950375186404,000347-0031
scale-000348,qualification-synthetic,g,62000.0,17.13202907155047,0.8394942300344119,000348-0000
scale-000348,qualification-synthetic,g,62001.0,22.82139208217458,1.01331729289275,000348-0001
scale-000348,qualification-synthetic,g,62002.0,19.66774448842867,1.0489973265413892,000348-0002
scale-000348,qualification-synthetic,g,62003.0,17.454219121868274,1.014748355326231,000348-0003
scale-000348,qualification-synthetic,g,62004.0,19.904105587611337,1.1305243359290476,000348-0004
scale-000348,qualification-synthetic,g,62005.0,19.26722850514252,0.8933113345195073,000348-0005
scale-000348,qualification-synthetic,g,62006.0,18.733978203798795,0.8776227458219477,000348-0006
scale-000348,qualification-synthetic,g,62007.0,21.156257141993464,1.0138436329114984,000348-0007
scale-000348,qualification-synthetic,g,62008.0,20.180905467452476,0.8344827527043168,000348-0008
scale-000348,qualification-synthetic,g,62009.0,18.969386459928746,1.0061004136532363,000348-0009
scale-000348,qualification-synthetic,g,62010.0,21.398014502915373,1.1814166549113434,000348-0010
scale-000348,qualification-synthetic,g,62011.0,20.091700737451628,1.138512370204908,000348-0011
scale-000348,qualification-synthetic,g,62012.0,18.68083838609982,1.030922957768744,000348-0012
scale-000348,qualification-synthetic,g,62013.0,21.51402433786769,0.8451313313653883,000348-0013
scale-000348,qualification-synthetic,g,62014.0,18.88964950911834,0.9115620053421218,000348-0014
scale-000348,qualification-synthetic,g,62015.0,21.404091746548637,1.1017205298603523,000348-0015
scale-000348,qualification-synthetic,g,62016.0,20.372163762152272,0.8058184606195253,000348-0016
scale-000348,qualification-synthetic,g,62017.0,20.84738712164177,0.8974777979540857,000348-0017
scale-000348,qualification-synthetic,g,62018.0,20.164781963983053,0.9859227814916888,000348-0018
scale-000348,qualification-synthetic,g,62019.0,20.194196632696226,0.8517088825899153,000348-0019
scale-000348,qualification-synthetic,g,62020.0,19.843846147077745,0.8257540245836921,000348-0020
scale-000348,qualification-synthetic,g,62021.0,19.26508567891289,1.1785148661104072,000348-0021
scale-000348,qualification-synthetic,g,62022.0,21.54360005457475,1.1393128222164828,000348-0022
scale-000348,qualification-synthetic,g,62023.0,19.901317780410395,0.8583097603928675,000348-0023
scale-000348,qualification-synthetic,g,62024.0,20.647963151721985,0.9718736079814574,000348-0024
scale-000348,qualification-synthetic,g,62025.0,19.962226534234254,1.0763516484414868,000348-0025
scale-000348,qualification-synthetic,g,62026.0,19.68450968738428,0.8917282228895914,000348-0026
scale-000348,qualification-synthetic,g,62027.0,19.83632605856524,0.9636210007089632,000348-0027
scale-000348,qualification-synthetic,g,62028.0,19.79568671414337,0.964400997371201,000348-0028
scale-000348,qualification-synthetic,g,62029.0,20.71233376355693,0.8039487979542498,000348-0029
scale-000348,qualification-synthetic,g,62030.0,21.109853488383823,1.0636179446772815,000348-0030
scale-000348,qualification-synthetic,g,62031.0,20.48007579285136,0.9710195976392362,000348-0031
scale-000349,qualification-synthetic,g,62000.0,17.430462287514324,1.1495536854141837,000349-0000
scale-000349,qualification-synthetic,g,62001.0,20.990742541416566,0.9163258983870096,000349-0001
scale-000349,qualification-synthetic,g,62002.0,18.9177121860792,0.9823516389627329,000349-0002
scale-000349,qualification-synthetic,g,62003.0,19.788039314540978,0.9789926776688572,000349-0003
scale-000349,qualification-synthetic,g,62004.0,21.268016595723683,1.175292577631303,000349-0004
scale-000349,qualification-synthetic,g,62005.0,18.956477814782275,1.1414488425373386,000349-0005
scale-000349,qualification-synthetic,g,62006.0,20.259760055388362,0.8128980590562896,000349-0006
scale-000349,qualification-synthetic,g,62007.0,19.775259171486102,0.9194895740493231,000349-0007
scale-000349,qualification-synthetic,g,62008.0,19.966945307232955,1.031201568757718,000349-0008
scale-000349,qualification-synthetic,g,62009.0,20.20181869641741,1.140607583645778,000349-0009
scale-000349,qualification-synthetic,g,62010.0,20.88687472849867,1.0746064870495218,000349-0010
scale-000349,qualification-synthetic,g,62011.0,21.23829908712399,0.8791813275831238,000349-0011
scale-000349,qualification-synthetic,g,62012.0,19.946049469472573,1.0793278669737445,000349-0012
scale-000349,qualification-synthetic,g,62013.0,18.95060398092142,0.8245532696473798,000349-0013
scale-000349,qualification-synthetic,g,62014.0,20.255272344063748,1.1150609904575393,000349-0014
scale-000349,qualification-synthetic,g,62015.0,21.176318168381577,1.0542279933706273,000349-0015
scale-000349,qualification-synthetic,g,62016.0,19.307348216077457,1.1121292151672044,000349-0016
scale-000349,qualification-synthetic,g,62017.0,20.73762505237636,1.1784567621401765,000349-0017
scale-000349,qualification-synthetic,g,62018.0,21.354376819795288,1.0327553615231122,000349-0018
scale-000349,qualification-synthetic,g,62019.0,19.079712458594802,1.0583254185554014,000349-0019
scale-000349,qualification-synthetic,g,62020.0,19.569071003676054,0.8600010817647116,000349-0020
scale-000349,qualification-synthetic,g,62021.0,21.683289035067794,1.0942767600698045,000349-0021
scale-000349,qualification-synthetic,g,62022.0,21.054076621010047,1.0544107266359544,000349-0022
scale-000349,qualification-synthetic,g,62023.0,19.742898533461595,0.9319475451254321,000349-0023
scale-000349,qualification-synthetic,g,62024.0,22.834136757515193,0.8211897890971305,000349-0024
scale-000349,qualification-synthetic,g,62025.0,20.324682148289945,1.1597837962906072,000349-0025
scale-000349,qualification-synthetic,g,62026.0,22.06347265659604,0.9978095809877937,000349-0026
scale-000349,qualification-synthetic,g,62027.0,22.409508223999893,0.836239302316788,000349-0027
scale-000349,qualification-synthetic,g,62028.0,20.815187881302656,1.1008743019897684,000349-0028
scale-000349,qualification-synthetic,g,62029.0,19.19595788410289,1.020139224985684,000349-0029
scale-000349,qualification-synthetic,g,62030.0,18.903601745609915,1.1438026309986382,000349-0030
scale-000349,qualification-synthetic,g,62031.0,20.103550778587696,0.9883698741207477,000349-0031
scale-000350,qualification-synthetic,g,62000.0,19.354277732879684,1.0339423443505327,000350-0000
scale-000350,qualification-synthetic,g,62001.0,21.463354575458464,1.0671670169869005,000350-0001
scale-000350,qualification-synthetic,g,62002.0,20.635396252443723,0.849697458256387,000350-0002
scale-000350,qualification-synthetic,g,62003.0,20.935408724982985,1.1313179465690657,000350-0003
scale-000350,qualification-synthetic,g,62004.0,19.56644257662023,0.9783849916800925,000350-0004
scale-000350,qualification-synthetic,g,62005.0,20.73071602464316,0.957734696560089,000350-0005
scale-000350,qualification-synthetic,g,62006.0,22.171646389666293,1.0140377771333229,000350-0006
scale-000350,qualification-synthetic,g,62007.0,20.577226867242608,0.8603427434503481,000350-0007
scale-000350,qualification-synthetic,g,62008.0,20.434393552665927,1.1881175676843547,000350-0008
scale-000350,qualification-synthetic,g,62009.0,20.19613375869271,0.9876519773187715,000350-0009
scale-000350,qualification-synthetic,g,62010.0,19.082393827760118,1.0042113826164725,000350-0010
scale-000350,qualification-synthetic,g,62011.0,19.311992199861994,0.8636098113116235,000350-0011
scale-000350,qualification-synthetic,g,62012.0,21.067042399271408,0.8730569339973423,000350-0012
scale-000350,qualification-synthetic,g,62013.0,20.265677491313834,1.0262801887753026,000350-0013
scale-000350,qualification-synthetic,g,62014.0,22.3480027229492,0.9990506991878776,000350-0014
scale-000350,qualification-synthetic,g,62015.0,23.050765257004745,0.829228702469735,000350-0015
scale-000350,qualification-synthetic,g,62016.0,24.32801279916474,0.9891696279289725,000350-0016
scale-000350,qualification-synthetic,g,62017.0,25.206943774931435,1.1709141126723324,000350-0017
scale-000350,qualification-synthetic,g,62018.0,26.858600193246048,0.8463363071738691,000350-0018
scale-000350,qualification-synthetic,g,62019.0,25.489780909499938,1.1759931293493386,000350-0019
scale-000350,qualification-synthetic,g,62020.0,24.693828037846547,0.8721312621319243,000350-0020
scale-000350,qualification-synthetic,g,62021.0,20.621587440674503,0.8600010383768215,000350-0021
scale-000350,qualification-synthetic,g,62022.0,19.624631904164218,0.8520729464707927,000350-0022
scale-000350,qualification-synthetic,g,62023.0,20.599635185573085,1.0574852859786918,000350-0023
scale-000350,qualification-synthetic,g,62024.0,20.147271690143327,0.826469900236742,000350-0024
scale-000350,qualification-synthetic,g,62025.0,20.994858229638226,1.0032197917536423,000350-0025
scale-000350,qualification-synthetic,g,62026.0,19.126524176407873,1.1393325017830376,000350-0026
scale-000350,qualification-synthetic,g,62027.0,21.164296832758875,1.0088083470474174,000350-0027
scale-000350,qualification-synthetic,g,62028.0,19.7674038460238,1.137091724824844,000350-0028
scale-000350,qualification-synthetic,g,62029.0,19.841133855284912,0.9050819811070465,000350-0029
scale-000350,qualification-synthetic,g,62030.0,17.63620321045039,0.855643638172977,000350-0030
scale-000350,qualification-synthetic,g,62031.0,19.803956049912916,1.1866461804472819,000350-0031
scale-000351,qualification-synthetic,g,62000.0,23.54972297678814,0.973379814508469,000351-0000
scale-000351,qualification-synthetic,g,62001.0,21.999503746942846,1.1172374795418827,000351-0001
scale-000351,qualification-synthetic,g,62002.0,20.65863872615142,1.1200939358423103,000351-0002
scale-000351,qualification-synthetic,g,62003.0,19.972787004102315,1.0893518148861812,000351-0003
scale-000351,qualification-synthetic,g,62004.0,19.706539412553596,0.8773675703691691,000351-0004
scale-000351,qualification-synthetic,g,62005.0,21.192381136422007,1.1004292777805906,000351-0005
scale-000351,qualification-synthetic,g,62006.0,20.27232324424875,0.9926779157260676,000351-0006
scale-000351,qualification-synthetic,g,62007.0,21.6151422228542,1.112163959981058,000351-0007
scale-000351,qualification-synthetic,g,62008.0,17.415846872260385,0.9918589367795871,000351-0008
scale-000351,qualification-synthetic,g,62009.0,19.38169161710209,0.984574215307628,000351-0009
scale-000351,qualification-synthetic,g,62010.0,19.389186362934325,0.9685964998099151,000351-0010
scale-000351,qualification-synthetic,g,62011.0,19.04857744026476,1.0555651144270009,000351-0011
scale-000351,qualification-synthetic,g,62012.0,22.09959554995726,1.1183631254486663,000351-0012
scale-000351,qualification-synthetic,g,62013.0,20.940919024939625,0.8363527202051987,000351-0013
scale-000351,qualification-synthetic,g,62014.0,20.074531289989668,1.033969209747599,000351-0014
scale-000351,qualification-synthetic,g,62015.0,19.5743607907514,1.0827278660253232,000351-0015
scale-000351,qualification-synthetic,g,62016.0,21.845468422322188,1.0597920398926206,000351-0016
scale-000351,qualification-synthetic,g,62017.0,19.666616592994444,1.0876922420515496,000351-0017
scale-000351,qualification-synthetic,g,62018.0,21.249029465665195,1.012010155093187,000351-0018
scale-000351,qualification-synthetic,g,62019.0,20.247452446386525,0.9562934238649807,000351-0019
scale-000351,qualification-synthetic,g,62020.0,20.279351015812228,0.9579927167386485,000351-0020
scale-000351,qualification-synthetic,g,62021.0,19.6744752417511,0.8638110605875305,000351-0021
scale-000351,qualification-synthetic,g,62022.0,17.240267264295607,1.1553539424242572,000351-0022
scale-000351,qualification-synthetic,g,62023.0,20.038374775411217,0.9046441899176938,000351-0023
scale-000351,qualification-synthetic,g,62024.0,20.19098610203706,0.8508595047865193,000351-0024
scale-000351,qualification-synthetic,g,62025.0,20.601235848905926,1.0646615194647788,000351-0025
scale-000351,qualification-synthetic,g,62026.0,18.314386350709935,0.9093310172916063,000351-0026
scale-000351,qualification-synthetic,g,62027.0,20.465224953269956,0.8404713154911188,000351-0027
scale-000351,qualification-synthetic,g,62028.0,21.073026278921088,1.0790914587196676,000351-0028
scale-000351,qualification-synthetic,g,62029.0,20.57826364149706,1.1019565616112708,000351-0029
scale-000351,qualification-synthetic,g,62030.0,20.791345201351774,1.029633764124819,000351-0030
scale-000351,qualification-synthetic,g,62031.0,19.966430819676198,1.1859901410758233,000351-0031
scale-000352,qualification-synthetic,g,62000.0,20.696971305379105,1.1972801859403996,000352-0000
scale-000352,qualification-synthetic,g,62001.0,20.275331364957616,1.0869001690601126,000352-0001
scale-000352,qualification-synthetic,g,62002.0,19.42264078702124,0.9817588666654684,000352-0002
scale-000352,qualification-synthetic,g,62003.0,19.855641059395268,1.1179932770486183,000352-0003
scale-000352,qualification-synthetic,g,62004.0,21.645643357700195,1.0906969573581158,000352-0004
scale-000352,qualification-synthetic,g,62005.0,19.738476110059747,0.811576992112216,000352-0005
scale-000352,qualification-synthetic,g,62006.0,19.229910550720668,1.1032377706583012,000352-0006
scale-000352,qualification-synthetic,g,62007.0,20.887954124974478,1.0290713797063447,000352-0007
scale-000352,qualification-synthetic,g,62008.0,19.15729978835324,1.0901684729807555,000352-0008
scale-000352,qualification-synthetic,g,62009.0,17.87442538118517,1.176921828725379,000352-0009
scale-000352,qualification-synthetic,g,62010.0,21.15438650023006,0.8426457391904415,000352-0010
scale-000352,qualification-synthetic,g,62011.0,18.48325989324124,1.1982922513366439,000352-0011
scale-000352,qualification-synthetic,g,62012.0,22.10188654450279,1.1083931841727273,000352-0012
scale-000352,qualification-synthetic,g,62013.0,21.193925641616072,1.1894166875675465,000352-0013
scale-000352,qualification-synthetic,g,62014.0,21.592790512044814,1.1846723517289852,000352-0014
scale-000352,qualification-synthetic,g,62015.0,18.466263975673844,0.9997724472329903,000352-0015
scale-000352,qualification-synthetic,g,62016.0,16.342001623804215,1.1437467323882844,000352-0016
scale-000352,qualification-synthetic,g,62017.0,17.034768977729044,1.1260929083106448,000352-0017
scale-000352,qualification-synthetic,g,62018.0,20.462018783253903,1.0757227940202547,000352-0018
scale-000352,qualification-synthetic,g,62019.0,18.094760546345558,1.060847309507747,000352-0019
scale-000352,qualification-synthetic,g,62020.0,19.441144010926926,1.0232342429923424,000352-0020
scale-000352,qualification-synthetic,g,62021.0,19.547206787621434,0.8950391536065367,000352-0021
scale-000352,qualification-synthetic,g,62022.0,22.45397151768585,1.027994053466604,000352-0022
scale-000352,qualification-synthetic,g,62023.0,20.414014801176364,0.9822571456027449,000352-0023
scale-000352,qualification-synthetic,g,62024.0,18.61971336629809,0.8001501458399556,000352-0024
scale-000352,qualification-synthetic,g,62025.0,19.959186893806983,0.8986077994319148,000352-0025
scale-000352,qualification-synthetic,g,62026.0,17.28281515476273,1.0992076504809107,000352-0026
scale-000352,qualification-synthetic,g,62027.0,18.98906433644803,1.0700836514351986,000352-0027
scale-000352,qualification-synthetic,g,62028.0,21.607928583338406,0.8382755378640946,000352-0028
scale-000352,qualification-synthetic,g,62029.0,17.829957751996297,1.1317518059564005,000352-0029
scale-000352,qualification-synthetic,g,62030.0,16.630227620294963,0.8986650055160231,000352-0030
scale-000352,qualification-synthetic,g,62031.0,20.015433789868226,1.0312172015734418,000352-0031
scale-000353,qualification-synthetic,g,62000.0,20.438714746559437,1.0493641981021418,000353-0000
scale-000353,qualification-synthetic,g,62001.0,19.83306853037424,0.9436475762861812,000353-0001
scale-000353,qualification-synthetic,g,62002.0,18.2295248705106,1.0623928395151334,000353-0002
scale-000353,qualification-synthetic,g,62003.0,20.92676691878371,0.8514610527922399,000353-0003
scale-000353,qualification-synthetic,g,62004.0,19.702553569094082,1.0894563301503812,000353-0004
scale-000353,qualification-synthetic,g,62005.0,19.360223673329333,0.8456321121345037,000353-0005
scale-000353,qualification-synthetic,g,62006.0,17.11972859015308,1.1409031780847496,000353-0006
scale-000353,qualification-synthetic,g,62007.0,18.86853352941376,1.0458138841068312,000353-0007
scale-000353,qualification-synthetic,g,62008.0,21.166037304922327,0.8263503656121345,000353-0008
scale-000353,qualification-synthetic,g,62009.0,20.043877313303835,0.9783107855075567,000353-0009
scale-000353,qualification-synthetic,g,62010.0,20.111626957012515,0.8623752743376193,000353-0010
scale-000353,qualification-synthetic,g,62011.0,18.47569199471596,0.889292853728013,000353-0011
scale-000353,qualification-synthetic,g,62012.0,21.27323085037745,1.1012140400058992,000353-0012
scale-000353,qualification-synthetic,g,62013.0,19.260264656422596,0.8388177380372371,000353-0013
scale-000353,qualification-synthetic,g,62014.0,20.97065825298961,1.1969935886099083,000353-0014
scale-000353,qualification-synthetic,g,62015.0,18.970723548437995,0.8033091297144171,000353-0015
scale-000353,qualification-synthetic,g,62016.0,18.3556145442574,1.082756982069247,000353-0016
scale-000353,qualification-synthetic,g,62017.0,20.594301277107977,1.0054332859566737,000353-0017
scale-000353,qualification-synthetic,g,62018.0,18.887490779839126,0.9758878611776336,000353-0018
scale-000353,qualification-synthetic,g,62019.0,19.806128109415635,1.1474339316569768,000353-0019
scale-000353,qualification-synthetic,g,62020.0,20.950276793591865,1.1901958850701388,000353-0020
scale-000353,qualification-synthetic,g,62021.0,20.630198388661036,0.8071166779537983,000353-0021
scale-000353,qualification-synthetic,g,62022.0,19.86848860831216,0.8873801230372415,000353-0022
scale-000353,qualification-synthetic,g,62023.0,20.2257466148515,1.045381134726306,000353-0023
scale-000353,qualification-synthetic,g,62024.0,18.938363120773474,1.0821751650802451,000353-0024
scale-000353,qualification-synthetic,g,62025.0,18.995558764481355,1.1511832971385947,000353-0025
scale-000353,qualification-synthetic,g,62026.0,20.11616841477944,1.0196737922632095,000353-0026
scale-000353,qualification-synthetic,g,62027.0,19.069861239859865,1.1720495461237244,000353-0027
scale-000353,qualification-synthetic,g,62028.0,20.456802111072204,0.8248099969438832,000353-0028
scale-000353,qualification-synthetic,g,62029.0,19.96689362789722,1.0452500340893411,000353-0029
scale-000353,qualification-synthetic,g,62030.0,19.447123003016884,0.9447932561719047,000353-0030
scale-000353,qualification-synthetic,g,62031.0,18.433102755060705,1.0041734640940894,000353-0031
scale-000354,qualification-synthetic,g,62000.0,21.0874175412365,0.9210380236024609,000354-0000
scale-000354,qualification-synthetic,g,62001.0,21.67210241080275,0.9107566655260063,000354-0001
scale-000354,qualification-synthetic,g,62002.0,19.955090800844765,1.188216419446955,000354-0002
scale-000354,qualification-synthetic,g,62003.0,21.981382169935777,1.136308010692857,000354-0003
scale-000354,qualification-synthetic,g,62004.0,20.198326424257534,1.0342514685528175,000354-0004
scale-000354,qualification-synthetic,g,62005.0,18.128938193661178,0.8101633750813049,000354-0005
scale-000354,qualification-synthetic,g,62006.0,19.145440017061386,1.064095328188253,000354-0006
scale-000354,qualification-synthetic,g,62007.0,20.70189848136908,1.1046036576971345,000354-0007
scale-000354,qualification-synthetic,g,62008.0,18.91216720893544,0.8749186451387856,000354-0008
scale-000354,qualification-synthetic,g,62009.0,20.25400755013304,1.1491073505022542,000354-0009
scale-000354,qualification-synthetic,g,62010.0,19.37525777009277,1.186212471742763,000354-0010
scale-000354,qualification-synthetic,g,62011.0,20.501775956230517,1.0220575463730874,000354-0011
scale-000354,qualification-synthetic,g,62012.0,22.04294359945651,1.1233549796116147,000354-0012
scale-000354,qualification-synthetic,g,62013.0,20.080375792795447,0.9804896649120339,000354-0013
scale-000354,qualification-synthetic,g,62014.0,19.66573166719529,0.9516379295189372,000354-0014
scale-000354,qualification-synthetic,g,62015.0,20.760659353294244,0.8386968589055684,000354-0015
scale-000354,qualification-synthetic,g,62016.0,20.342988178077604,0.9609794316172524,000354-0016
scale-000354,qualification-synthetic,g,62017.0,20.02258362580721,0.8699788931863057,000354-0017
scale-000354,qualification-synthetic,g,62018.0,18.833847053618598,0.8184566855820254,000354-0018
scale-000354,qualification-synthetic,g,62019.0,19.914811503521637,1.011941226059747,000354-0019
scale-000354,qualification-synthetic,g,62020.0,21.703574283645445,1.0577520648991763,000354-0020
scale-000354,qualification-synthetic,g,62021.0,20.1148801156724,0.9815442816086313,000354-0021
scale-000354,qualification-synthetic,g,62022.0,19.58097272935387,1.1460377339894687,000354-0022
scale-000354,qualification-synthetic,g,62023.0,21.095758168999886,1.1754971721709846,000354-0023
scale-000354,qualification-synthetic,g,62024.0,21.44859299652652,1.0491577648552652,000354-0024
scale-000354,qualification-synthetic,g,62025.0,21.72220836972976,0.8063441337244455,000354-0025
scale-000354,qualification-synthetic,g,62026.0,19.684513099204345,1.146669528759706,000354-0026
scale-000354,qualification-synthetic,g,62027.0,20.70640069362669,0.8200076800874678,000354-0027
scale-000354,qualification-synthetic,g,62028.0,19.935946874350435,1.1582351499894423,000354-0028
scale-000354,qualification-synthetic,g,62029.0,20.502732700883357,0.8816274567030341,000354-0029
scale-000354,qualification-synthetic,g,62030.0,20.403006458785452,1.0045308356833922,000354-0030
scale-000354,qualification-synthetic,g,62031.0,20.23591265071387,0.888439249194102,000354-0031
scale-000355,qualification-synthetic,g,62000.0,19.139127306489307,0.9954895526562667,000355-0000
scale-000355,qualification-synthetic,g,62001.0,20.915929130465198,1.0381279096712026,000355-0001
scale-000355,qualification-synthetic,g,62002.0,18.46068272574483,1.1241072050960348,000355-0002
scale-000355,qualification-synthetic,g,62003.0,19.7155391863305,1.109262924421012,000355-0003
scale-000355,qualification-synthetic,g,62004.0,19.621041838888154,0.9029314893713527,000355-0004
scale-000355,qualification-synthetic,g,62005.0,21.294883794333074,1.1411892875979552,000355-0005
scale-000355,qualification-synthetic,g,62006.0,19.95241976092155,1.015408333898754,000355-0006
scale-000355,qualification-synthetic,g,62007.0,19.83067229731048,0.8976227187368806,000355-0007
scale-000355,qualification-synthetic,g,62008.0,19.994477163413006,1.0291574909451948,000355-0008
scale-000355,qualification-synthetic,g,62009.0,19.69865656464931,0.9767701207652679,000355-0009
scale-000355,qualification-synthetic,g,62010.0,20.644708211567213,0.8909466745858102,000355-0010
scale-000355,qualification-synthetic,g,62011.0,18.316924008178436,1.1246457083102888,000355-0011
scale-000355,qualification-synthetic,g,62012.0,19.027280719326388,0.9222340219706556,000355-0012
scale-000355,qualification-synthetic,g,62013.0,20.07317881727795,1.182823720310625,000355-0013
scale-000355,qualification-synthetic,g,62014.0,21.02646425327768,1.0738722254080155,000355-0014
scale-000355,qualification-synthetic,g,62015.0,19.974240967443308,1.0154558121547181,000355-0015
scale-000355,qualification-synthetic,g,62016.0,19.412734361263,1.0387021314177034,000355-0016
scale-000355,qualification-synthetic,g,62017.0,18.243588858773027,1.1578443683265702,000355-0017
scale-000355,qualification-synthetic,g,62018.0,20.304128656371176,1.047915288762618,000355-0018
scale-000355,qualification-synthetic,g,62019.0,20.14862494238481,0.950142670155657,000355-0019
scale-000355,qualification-synthetic,g,62020.0,20.83985433459253,1.1243019658816955,000355-0020
scale-000355,qualification-synthetic,g,62021.0,20.945395607587027,1.056341743469853,000355-0021
scale-000355,qualification-synthetic,g,62022.0,19.440359802420453,0.9417440220064136,000355-0022
scale-000355,qualification-synthetic,g,62023.0,21.37531752768379,1.0639170319702524,000355-0023
scale-000355,qualification-synthetic,g,62024.0,20.09976168419228,0.8762154251818328,000355-0024
scale-000355,qualification-synthetic,g,62025.0,22.42261922312823,0.9741671333733836,000355-0025
scale-000355,qualification-synthetic,g,62026.0,20.235783653575808,0.9412955984827099,000355-0026
scale-000355,qualification-synthetic,g,62027.0,21.775957728014966,1.1711334658523054,000355-0027
scale-000355,qualification-synthetic,g,62028.0,19.890477283539703,1.0318918346876458,000355-0028
scale-000355,qualification-synthetic,g,62029.0,20.29600942175762,1.0858479104786862,000355-0029
scale-000355,qualification-synthetic,g,62030.0,18.666613306118524,1.1239467487040815,000355-0030
scale-000355,qualification-synthetic,g,62031.0,18.697262183189533,0.9182732403513867,000355-0031
scale-000356,qualification-synthetic,g,62000.0,20.320301176450542,1.188149176939196,000356-0000
scale-000356,qualification-synthetic,g,62001.0,19.737994840531076,0.8005974061575836,000356-0001
scale-000356,qualification-synthetic,g,62002.0,20.944352887302536,0.9232596942750446,000356-0002
scale-000356,qualification-synthetic,g,62003.0,24.8311871398758,1.1769264871771428,000356-0003
scale-000356,qualification-synthetic,g,62004.0,19.17169609093016,0.9861424197307873,000356-0004
scale-000356,qualification-synthetic,g,62005.0,19.650655742642456,0.9726124623946497,000356-0005
scale-000356,qualification-synthetic,g,62006.0,20.690295900185305,0.9920463497108123,000356-0006
scale-000356,qualification-synthetic,g,62007.0,18.522324844452957,1.004247550813735,000356-0007
scale-000356,qualification-synthetic,g,62008.0,19.656837036569943,1.0856554174871254,000356-0008
scale-000356,qualification-synthetic,g,62009.0,20.183778038431143,0.8049425532421322,000356-0009
scale-000356,qualification-synthetic,g,62010.0,18.2843751018959,1.0972180569393852,000356-0010
scale-000356,qualification-synthetic,g,62011.0,19.495716629109133,1.0977846856248497,000356-0011
scale-000356,qualification-synthetic,g,62012.0,20.019063509450003,1.0240876379360366,000356-0012
scale-000356,qualification-synthetic,g,62013.0,19.0962734557416,0.9317759983740711,000356-0013
scale-000356,qualification-synthetic,g,62014.0,21.072781211054874,0.9119529644847408,000356-0014
scale-000356,qualification-synthetic,g,62015.0,22.545328015285737,1.1925658382321416,000356-0015
scale-000356,qualification-synthetic,g,62016.0,18.994032386763298,0.9035756804913766,000356-0016
scale-000356,qualification-synthetic,g,62017.0,19.261118028284216,1.1706740420837,000356-0017
scale-000356,qualification-synthetic,g,62018.0,18.809030151113234,0.8539713729763073,000356-0018
scale-000356,qualification-synthetic,g,62019.0,18.61236468669845,0.8478359855076099,000356-0019
scale-000356,qualification-synthetic,g,62020.0,18.95032116105742,1.1795464598274554,000356-0020
scale-000356,qualification-synthetic,g,62021.0,20.773122407639057,0.853259822977876,000356-0021
scale-000356,qualification-synthetic,g,62022.0,21.014665587821472,1.198693602147301,000356-0022
scale-000356,qualification-synthetic,g,62023.0,18.355952788383316,1.174428490789225,000356-0023
scale-000356,qualification-synthetic,g,62024.0,18.437878730523728,1.1263446871379383,000356-0024
scale-000356,qualification-synthetic,g,62025.0,17.994599964823074,0.9566796085092566,000356-0025
scale-000356,qualification-synthetic,g,62026.0,19.622449606894488,0.8502302838206711,000356-0026
scale-000356,qualification-synthetic,g,62027.0,21.181048245877417,1.0802861604894625,000356-0027
scale-000356,qualification-synthetic,g,62028.0,21.28372457590861,1.1034701631634434,000356-0028
scale-000356,qualification-synthetic,g,62029.0,20.384685632112,1.0255895630808172,000356-0029
scale-000356,qualification-synthetic,g,62030.0,19.666455389586016,0.9136951264768233,000356-0030
scale-000356,qualification-synthetic,g,62031.0,20.517120938142984,0.8653026513369221,000356-0031
scale-000357,qualification-synthetic,g,62000.0,22.54176644611693,0.8376162125442927,000357-0000
scale-000357,qualification-synthetic,g,62001.0,19.282845499422066,0.8236485895747778,000357-0001
scale-000357,qualification-synthetic,g,62002.0,18.05158750393435,1.0346442140335494,000357-0002
scale-000357,qualification-synthetic,g,62003.0,21.64246480381572,1.0169382123352186,000357-0003
scale-000357,qualification-synthetic,g,62004.0,25.127160801319633,1.1772697565086103,000357-0004
scale-000357,qualification-synthetic,g,62005.0,19.688688172729584,0.8202874494804415,000357-0005
scale-000357,qualification-synthetic,g,62006.0,20.69432696687937,1.001947399826305,000357-0006
scale-000357,qualification-synthetic,g,62007.0,21.72612235616196,0.8866071749550956,000357-0007
scale-000357,qualification-synthetic,g,62008.0,19.268036959310617,1.1052836948437414,000357-0008
scale-000357,qualification-synthetic,g,62009.0,20.66685945231595,1.1074573743376237,000357-0009
scale-000357,qualification-synthetic,g,62010.0,21.27003989510466,1.027984140735526,000357-0010
scale-000357,qualification-synthetic,g,62011.0,19.368694333392693,0.8633914981899854,000357-0011
scale-000357,qualification-synthetic,g,62012.0,20.173864450377987,1.0345713219100894,000357-0012
scale-000357,qualification-synthetic,g,62013.0,17.70116779865106,1.1931389180124878,000357-0013
scale-000357,qualification-synthetic,g,62014.0,20.316995648576718,0.9594284143853073,000357-0014
scale-000357,qualification-synthetic,g,62015.0,20.108149647419182,1.1173266417508954,000357-0015
scale-000357,qualification-synthetic,g,62016.0,21.52115329501457,1.1790097685264613,000357-0016
scale-000357,qualification-synthetic,g,62017.0,19.32346640377286,1.1346147792634642,000357-0017
scale-000357,qualification-synthetic,g,62018.0,21.211162012680536,0.9466000672131438,000357-0018
scale-000357,qualification-synthetic,g,62019.0,21.02963430289335,0.8752450210562494,000357-0019
scale-000357,qualification-synthetic,g,62020.0,18.375659934057023,0.9964122605280424,000357-0020
scale-000357,qualification-synthetic,g,62021.0,20.7801193475312,0.8870054045597505,000357-0021
scale-000357,qualification-synthetic,g,62022.0,17.543131451502756,0.9813954967941979,000357-0022
scale-000357,qualification-synthetic,g,62023.0,18.885774189918497,0.8014784877408068,000357-0023
scale-000357,qualification-synthetic,g,62024.0,20.394216862154853,0.9932683537603382,000357-0024
scale-000357,qualification-synthetic,g,62025.0,17.36551748229345,0.8964868474144553,000357-0025
scale-000357,qualification-synthetic,g,62026.0,18.98491432300774,0.9739688606916473,000357-0026
scale-000357,qualification-synthetic,g,62027.0,20.33664379810048,1.1901097695501288,000357-0027
scale-000357,qualification-synthetic,g,62028.0,20.832905334971098,0.9589348691781838,000357-0028
scale-000357,qualification-synthetic,g,62029.0,20.5639665022834,0.963148569425886,000357-0029
scale-000357,qualification-synthetic,g,62030.0,20.761266996203677,1.1834299887094313,000357-0030
scale-000357,qualification-synthetic,g,62031.0,18.48696342337243,0.9932769855649387,000357-0031
scale-000358,qualification-synthetic,g,62000.0,18.685836830750993,0.9338039043431919,000358-0000
scale-000358,qualification-synthetic,g,62001.0,22.21130315909519,1.1422839177647595,000358-0001
scale-000358,qualification-synthetic,g,62002.0,19.671150923284586,0.9845728041441839,000358-0002
scale-000358,qualification-synthetic,g,62003.0,19.83552643486904,1.1661989970712865,000358-0003
scale-000358,qualification-synthetic,g,62004.0,19.096883650771492,1.0609697957580095,000358-0004
scale-000358,qualification-synthetic,g,62005.0,18.89551097720597,1.0493643249741482,000358-0005
scale-000358,qualification-synthetic,g,62006.0,18.08916777786444,1.1142725221210745,000358-0006
scale-000358,qualification-synthetic,g,62007.0,20.07305148567711,0.9856834615835937,000358-0007
scale-000358,qualification-synthetic,g,62008.0,20.624271851038632,1.0143933640916862,000358-0008
scale-000358,qualification-synthetic,g,62009.0,19.53590078196377,0.8842729340136029,000358-0009
scale-000358,qualification-synthetic,g,62010.0,20.405589106038274,1.1862192022848137,000358-0010
scale-000358,qualification-synthetic,g,62011.0,20.551521277388158,1.1396434903273263,000358-0011
scale-000358,qualification-synthetic,g,62012.0,17.24478464918353,1.1818385493197128,000358-0012
scale-000358,qualification-synthetic,g,62013.0,20.863267714774793,1.1476661481709909,000358-0013
scale-000358,qualification-synthetic,g,62014.0,19.583385550133276,0.9739056085212536,000358-0014
scale-000358,qualification-synthetic,g,62015.0,19.479594905866936,1.0847246503776586,000358-0015
scale-000358,qualification-synthetic,g,62016.0,21.433851661620366,1.1397463894701882,000358-0016
scale-000358,qualification-synthetic,g,62017.0,20.03750546575002,0.9245519770029408,000358-0017
scale-000358,qualification-synthetic,g,62018.0,20.870604211093383,0.9795697343558767,000358-0018
scale-000358,qualification-synthetic,g,62019.0,21.36019609374612,0.9450378681719505,000358-0019
scale-000358,qualification-synthetic,g,62020.0,19.917041735602076,1.0034485665823905,000358-0020
scale-000358,qualification-synthetic,g,62021.0,19.443333994314415,0.8878184865647815,000358-0021
scale-000358,qualification-synthetic,g,62022.0,19.508305483736592,0.9599888073761862,000358-0022
scale-000358,qualification-synthetic,g,62023.0,20.608349078554387,1.1897816207408,000358-0023
scale-000358,qualification-synthetic,g,62024.0,20.86698403444249,0.9978216555068175,000358-0024
scale-000358,qualification-synthetic,g,62025.0,19.65859108428666,1.1578543296558264,000358-0025
scale-000358,qualification-synthetic,g,62026.0,18.896764796100864,1.0650473251100823,000358-0026
scale-000358,qualification-synthetic,g,62027.0,21.197575103365896,1.0488423133324483,000358-0027
scale-000358,qualification-synthetic,g,62028.0,20.04187039006319,0.9347273297391631,000358-0028
scale-000358,qualification-synthetic,g,62029.0,18.671588834346405,0.9470015049147535,000358-0029
scale-000358,qualification-synthetic,g,62030.0,17.975532566227248,0.8335633557234509,000358-0030
scale-000358,qualification-synthetic,g,62031.0,20.16007785637887,0.8484001755486523,000358-0031
scale-000359,qualification-synthetic,g,62000.0,19.20998020338533,0.93680213806288,000359-0000
scale-000359,qualification-synthetic,g,62001.0,19.892594848087928,0.8408126829993392,000359-0001
scale-000359,qualification-synthetic,g,62002.0,20.923136192045238,0.8272660876671214,000359-0002
scale-000359,qualification-synthetic,g,62003.0,19.552056384335177,1.009767900204177,000359-0003
scale-000359,qualification-synthetic,g,62004.0,19.83091807040976,0.9790954952178654,000359-0004
scale-000359,qualification-synthetic,g,62005.0,22.83546879708806,1.1066281469106618,000359-0005
scale-000359,qualification-synthetic,g,62006.0,21.1943522889879,1.182512878130932,000359-0006
scale-000359,qualification-synthetic,g,62007.0,18.993478778026347,1.0610577318438408,000359-0007
scale-000359,qualification-synthetic,g,62008.0,21.411330418954055,1.0473419427674908,000359-0008
scale-000359,qualification-synthetic,g,62009.0,19.513940927576556,0.8691622180401795,000359-0009
scale-000359,qualification-synthetic,g,62010.0,20.527398315908673,0.8539959528309816,000359-0010
scale-000359,qualification-synthetic,g,62011.0,19.529402465678572,0.8028181169968468,000359-0011
scale-000359,qualification-synthetic,g,62012.0,19.74736925845489,1.1098362834172906,000359-0012
scale-000359,qualification-synthetic,g,62013.0,18.039251806423866,0.8586503837435396,000359-0013
scale-000359,qualification-synthetic,g,62014.0,19.00831335919314,0.9394035387992686,000359-0014
scale-000359,qualification-synthetic,g,62015.0,18.850676646921222,1.048820108212315,000359-0015
scale-000359,qualification-synthetic,g,62016.0,21.458757914846178,0.9795446582203718,000359-0016
scale-000359,qualification-synthetic,g,62017.0,19.89513557593001,0.892126270794513,000359-0017
scale-000359,qualification-synthetic,g,62018.0,19.50961065442434,0.8016076802984843,000359-0018
scale-000359,qualification-synthetic,g,62019.0,19.616070381224176,0.868101368010978,000359-0019
scale-000359,qualification-synthetic,g,62020.0,18.809129031595532,1.069356899199376,000359-0020
scale-000359,qualification-synthetic,g,62021.0,21.07756882413375,1.1446254441623398,000359-0021
scale-000359,qualification-synthetic,g,62022.0,19.536168042971134,0.8006620675777967,000359-0022
scale-000359,qualification-synthetic,g,62023.0,19.124333780964548,1.0045837519260838,000359-0023
scale-000359,qualification-synthetic,g,62024.0,22.082990453183516,1.1026410135412537,000359-0024
scale-000359,qualification-synthetic,g,62025.0,19.453852263833163,1.148327996356901,000359-0025
scale-000359,qualification-synthetic,g,62026.0,20.4928036498216,0.87702039175483,000359-0026
scale-000359,qualification-synthetic,g,62027.0,21.075381884854647,1.180961811439467,000359-0027
scale-000359,qualification-synthetic,g,62028.0,19.1510580813311,0.8121872689297591,000359-0028
scale-000359,qualification-synthetic,g,62029.0,21.61702435926385,1.145788051909387,000359-0029
scale-000359,qualification-synthetic,g,62030.0,19.50668979293419,0.8242295632730411,000359-0030
scale-000359,qualification-synthetic,g,62031.0,20.18920364602057,1.0658771043427155,000359-0031
scale-000360,qualification-synthetic,g,62000.0,24.82508636558471,1.14609134868698,000360-0000
scale-000360,qualification-synthetic,g,62001.0,20.563257652696556,1.0490741023212589,000360-0001
scale-000360,qualification-synthetic,g,62002.0,20.199659810748766,1.0874973843937126,000360-0002
scale-000360,qualification-synthetic,g,62003.0,20.166986707954006,0.8853262921852683,000360-0003
scale-000360,qualification-synthetic,g,62004.0,21.096473840579513,1.1892404890289692,000360-0004
scale-000360,qualification-synthetic,g,62005.0,19.423855724866073,1.18263083734397,000360-0005
scale-000360,qualification-synthetic,g,62006.0,20.31808104937397,1.1882591556574604,000360-0006
scale-000360,qualification-synthetic,g,62007.0,16.8446273115669,1.0977117013293498,000360-0007
scale-000360,qualification-synthetic,g,62008.0,21.831554449444226,0.859638283033573,000360-0008
scale-000360,qualification-synthetic,g,62009.0,18.578565313942132,1.14630143434869,000360-0009
scale-000360,qualification-synthetic,g,62010.0,18.087631241163514,0.9734912464731943,000360-0010
scale-000360,qualification-synthetic,g,62011.0,21.15570333184056,0.872948063056149,000360-0011
scale-000360,qualification-synthetic,g,62012.0,21.785374131817022,1.1489645555371322,000360-0012
scale-000360,qualification-synthetic,g,62013.0,19.032176467712986,0.803206773984352,000360-0013
scale-000360,qualification-synthetic,g,62014.0,20.967327023487307,0.906714366507786,000360-0014
scale-000360,qualification-synthetic,g,62015.0,20.30278359589179,0.8504826007503925,000360-0015
scale-000360,qualification-synthetic,g,62016.0,18.09087981751758,1.0218858346349944,000360-0016
scale-000360,qualification-synthetic,g,62017.0,20.680553945360263,1.026116368181482,000360-0017
scale-000360,qualification-synthetic,g,62018.0,20.889065727920485,0.8270491916851715,000360-0018
scale-000360,qualification-synthetic,g,62019.0,21.22662904734091,1.1858659289009998,000360-0019
scale-000360,qualification-synthetic,g,62020.0,19.37035678588814,1.1629905364692978,000360-0020
scale-000360,qualification-synthetic,g,62021.0,20.706521095402806,0.9804472820603504,000360-0021
scale-000360,qualification-synthetic,g,62022.0,20.055866960195164,1.1761758335580412,000360-0022
scale-000360,qualification-synthetic,g,62023.0,20.346043105725826,1.030663203037347,000360-0023
scale-000360,qualification-synthetic,g,62024.0,20.273491973944775,0.9405734983836874,000360-0024
scale-000360,qualification-synthetic,g,62025.0,20.679116724394465,0.9353835456205701,000360-0025
scale-000360,qualification-synthetic,g,62026.0,18.47409094475145,1.153384359129779,000360-0026
scale-000360,qualification-synthetic,g,62027.0,20.628553145306615,0.9633295320542647,000360-0027
scale-000360,qualification-synthetic,g,62028.0,21.72366522048366,0.901788003098335,000360-0028
scale-000360,qualification-synthetic,g,62029.0,19.427920125316543,1.1290507760989816,000360-0029
scale-000360,qualification-synthetic,g,62030.0,23.007510417905216,1.0266921734259722,000360-0030
scale-000360,qualification-synthetic,g,62031.0,21.386551808003038,0.8604177460604859,000360-0031
scale-000361,qualification-synthetic,g,62000.0,18.881297579370262,1.1691129559628761,000361-0000
scale-000361,qualification-synthetic,g,62001.0,19.577554972317376,0.9009256313102735,000361-0001
scale-000361,qualification-synthetic,g,62002.0,19.827391518023347,1.0665821536888143,000361-0002
scale-000361,qualification-synthetic,g,62003.0,19.52545933663269,0.9675736327142227,000361-0003
scale-000361,qualification-synthetic,g,62004.0,20.36725129730814,0.9179960191225811,000361-0004
scale-000361,qualification-synthetic,g,62005.0,19.816068058214846,0.8829875345909023,000361-0005
scale-000361,qualification-synthetic,g,62006.0,19.776146078321144,0.9760409757944247,000361-0006
scale-000361,qualification-synthetic,g,62007.0,20.903676982521823,0.9481409388900068,000361-0007
scale-000361,qualification-synthetic,g,62008.0,15.35910062105909,1.167925790864025,000361-0008
scale-000361,qualification-synthetic,g,62009.0,21.36749909419863,1.1594631423245059,000361-0009
scale-000361,qualification-synthetic,g,62010.0,21.450713181158633,1.1472370580360938,000361-0010
scale-000361,qualification-synthetic,g,62011.0,19.761397971427694,0.991910354755712,000361-0011
scale-000361,qualification-synthetic,g,62012.0,21.037657190414365,1.013857622035807,000361-0012
scale-000361,qualification-synthetic,g,62013.0,20.89617900962231,1.1386503713227831,000361-0013
scale-000361,qualification-synthetic,g,62014.0,19.899197267527562,0.9798010584151042,000361-0014
scale-000361,qualification-synthetic,g,62015.0,20.068288311106034,0.9574185364004659,000361-0015
scale-000361,qualification-synthetic,g,62016.0,19.808351557780647,1.167380645186263,000361-0016
scale-000361,qualification-synthetic,g,62017.0,20.239151860033207,0.9714322363536156,000361-0017
scale-000361,qualification-synthetic,g,62018.0,21.201282357886956,1.1315193451725016,000361-0018
scale-000361,qualification-synthetic,g,62019.0,21.380309121799254,1.1073808324664627,000361-0019
scale-000361,qualification-synthetic,g,62020.0,19.42165210036624,1.0414062144963627,000361-0020
scale-000361,qualification-synthetic,g,62021.0,20.18148191603526,0.8779118845271198,000361-0021
scale-000361,qualification-synthetic,g,62022.0,19.79142769854514,1.0776241406596219,000361-0022
scale-000361,qualification-synthetic,g,62023.0,19.31575413621145,0.8051530074872963,000361-0023
scale-000361,qualification-synthetic,g,62024.0,18.599712699555496,1.0802708760385926,000361-0024
scale-000361,qualification-synthetic,g,62025.0,20.871596430018162,0.8810638576058926,000361-0025
scale-000361,qualification-synthetic,g,62026.0,19.983469854375667,0.9930296241309585,000361-0026
scale-000361,qualification-synthetic,g,62027.0,20.276522465030975,1.071037178644778,000361-0027
scale-000361,qualification-synthetic,g,62028.0,19.16738937869392,0.9461941727267963,000361-0028
scale-000361,qualification-synthetic,g,62029.0,18.451059151658374,0.9883136894342457,000361-0029
scale-000361,qualification-synthetic,g,62030.0,19.89155940978432,0.8626671334539202,000361-0030
scale-000361,qualification-synthetic,g,62031.0,23.223694000438357,0.8654156215525599,000361-0031
scale-000362,qualification-synthetic,g,62000.0,19.307293428624785,1.1411605435417156,000362-0000
scale-000362,qualification-synthetic,g,62001.0,15.927544052381819,1.1307468360474162,000362-0001
scale-000362,qualification-synthetic,g,62002.0,19.643943066029873,0.8478964965049786,000362-0002
scale-000362,qualification-synthetic,g,62003.0,19.363019491411794,1.0530179121470178,000362-0003
scale-000362,qualification-synthetic,g,62004.0,20.88895608788448,1.1904809779207028,000362-0004
scale-000362,qualification-synthetic,g,62005.0,21.00583539019652,1.069980811393394,000362-0005
scale-000362,qualification-synthetic,g,62006.0,19.72134359640867,1.08471733005782,000362-0006
scale-000362,qualification-synthetic,g,62007.0,20.26929247301925,1.0049577432129586,000362-0007
scale-000362,qualification-synthetic,g,62008.0,19.041640381301903,0.8901449227068308,000362-0008
scale-000362,qualification-synthetic,g,62009.0,16.7717145094504,1.0926645899886114,000362-0009
scale-000362,qualification-synthetic,g,62010.0,20.688058705928945,0.8835180507926393,000362-0010
scale-000362,qualification-synthetic,g,62011.0,19.592924354578052,1.0257623046008675,000362-0011
scale-000362,qualification-synthetic,g,62012.0,18.869633755927623,0.9424404668441263,000362-0012
scale-000362,qualification-synthetic,g,62013.0,18.179602755739324,0.8343810161245842,000362-0013
scale-000362,qualification-synthetic,g,62014.0,21.095946803139885,1.0447808768372202,000362-0014
scale-000362,qualification-synthetic,g,62015.0,19.164350203932855,0.8782307451657589,000362-0015
scale-000362,qualification-synthetic,g,62016.0,20.91486306856151,0.9097387724843783,000362-0016
scale-000362,qualification-synthetic,g,62017.0,17.984771156304074,1.180625418505949,000362-0017
scale-000362,qualification-synthetic,g,62018.0,20.406855660719916,0.9680295649651116,000362-0018
scale-000362,qualification-synthetic,g,62019.0,19.32613244434006,0.8086958994805722,000362-0019
scale-000362,qualification-synthetic,g,62020.0,19.147970185266608,1.0621856473502247,000362-0020
scale-000362,qualification-synthetic,g,62021.0,20.61674611711723,1.0663782199654657,000362-0021
scale-000362,qualification-synthetic,g,62022.0,18.276482389829567,0.9724582431676015,000362-0022
scale-000362,qualification-synthetic,g,62023.0,20.335238632095372,0.9753448269697963,000362-0023
scale-000362,qualification-synthetic,g,62024.0,20.650728556088218,0.8296075004624095,000362-0024
scale-000362,qualification-synthetic,g,62025.0,19.344685597563025,0.9387558781467884,000362-0025
scale-000362,qualification-synthetic,g,62026.0,20.15278314268891,1.0375308472096727,000362-0026
scale-000362,qualification-synthetic,g,62027.0,19.39029014535127,1.1639951082220004,000362-0027
scale-000362,qualification-synthetic,g,62028.0,21.154797217977087,0.9724235044016214,000362-0028
scale-000362,qualification-synthetic,g,62029.0,21.23009624583836,0.8513932002685499,000362-0029
scale-000362,qualification-synthetic,g,62030.0,20.269385514872617,0.9446373587068626,000362-0030
scale-000362,qualification-synthetic,g,62031.0,20.8601114488066,1.0942507374060477,000362-0031
scale-000363,qualification-synthetic,g,62000.0,18.9733176970869,1.016138725957354,000363-0000
scale-000363,qualification-synthetic,g,62001.0,24.005153249539347,0.8033675424969904,000363-0001
scale-000363,qualification-synthetic,g,62002.0,19.9611905137766,1.0145465172114538,000363-0002
scale-000363,qualification-synthetic,g,62003.0,19.280417172640185,0.9252814925694881,000363-0003
scale-000363,qualification-synthetic,g,62004.0,20.792898505753946,0.8126177253936022,000363-0004
scale-000363,qualification-synthetic,g,62005.0,21.049673745005975,1.1794192482416963,000363-0005
scale-000363,qualification-synthetic,g,62006.0,20.046750070722016,0.9125262059092695,000363-0006
scale-000363,qualification-synthetic,g,62007.0,20.241208818681667,1.1353004758843923,000363-0007
scale-000363,qualification-synthetic,g,62008.0,19.307682934990897,1.1392668844258396,000363-0008
scale-000363,qualification-synthetic,g,62009.0,19.733334911571205,0.8849759215127805,000363-0009
scale-000363,qualification-synthetic,g,62010.0,19.753209406404274,0.9277174482274788,000363-0010
scale-000363,qualification-synthetic,g,62011.0,20.328453970985983,0.9463238472044389,000363-0011
scale-000363,qualification-synthetic,g,62012.0,19.15528606645467,0.8742388865130993,000363-0012
scale-000363,qualification-synthetic,g,62013.0,21.443132242580035,0.8013243939770385,000363-0013
scale-000363,qualification-synthetic,g,62014.0,19.857016611546268,1.1689219900465557,000363-0014
scale-000363,qualification-synthetic,g,62015.0,20.718863831731543,1.0365395808019067,000363-0015
scale-000363,qualification-synthetic,g,62016.0,16.625923146494124,1.034948510711265,000363-0016
scale-000363,qualification-synthetic,g,62017.0,20.491956191972307,1.035861304671033,000363-0017
scale-000363,qualification-synthetic,g,62018.0,17.76983637019401,1.1478289493094858,000363-0018
scale-000363,qualification-synthetic,g,62019.0,16.931683540295708,0.9755114816461291,000363-0019
scale-000363,qualification-synthetic,g,62020.0,19.415397223479655,0.8724716655817807,000363-0020
scale-000363,qualification-synthetic,g,62021.0,25.766760145392276,1.0116774650449833,000363-0021
scale-000363,qualification-synthetic,g,62022.0,23.887585544547715,0.9273613541901599,000363-0022
scale-000363,qualification-synthetic,g,62023.0,19.467993686215646,1.1281915982726987,000363-0023
scale-000363,qualification-synthetic,g,62024.0,20.912233125640032,0.9870507330430325,000363-0024
scale-000363,qualification-synthetic,g,62025.0,21.97258198050449,0.9732022969141855,000363-0025
scale-000363,qualification-synthetic,g,62026.0,20.699885877881147,0.9333418335298642,000363-0026
scale-000363,qualification-synthetic,g,62027.0,19.8903774015119,0.9255808507624871,000363-0027
scale-000363,qualification-synthetic,g,62028.0,18.836228433252845,0.8422406732444288,000363-0028
scale-000363,qualification-synthetic,g,62029.0,21.713736951095733,1.027554199246846,000363-0029
scale-000363,qualification-synthetic,g,62030.0,21.756646416812398,1.116013591038757,000363-0030
scale-000363,qualification-synthetic,g,62031.0,19.12145212441116,1.1748921787824658,000363-0031
scale-000364,qualification-synthetic,g,62000.0,19.821690892562316,0.8204019331408776,000364-0000
scale-000364,qualification-synthetic,g,62001.0,19.387468157779516,1.0834163924983404,000364-0001
scale-000364,qualification-synthetic,g,62002.0,20.170214344987013,0.8321813782222146,000364-0002
scale-000364,qualification-synthetic,g,62003.0,19.022959034259806,0.8254720929145009,000364-0003
scale-000364,qualification-synthetic,g,62004.0,22.499033669939394,1.1712372156393236,000364-0004
scale-000364,qualification-synthetic,g,62005.0,19.53068308742635,0.929916873772243,000364-0005
scale-000364,qualification-synthetic,g,62006.0,21.564318441083504,1.1040074999992882,000364-0006
scale-000364,qualification-synthetic,g,62007.0,19.369144533809,1.0424184111385821,000364-0007
scale-000364,qualification-synthetic,g,62008.0,19.398952550412467,1.018470177785709,000364-0008
scale-000364,qualification-synthetic,g,62009.0,19.6328734436849,0.955375728283322,000364-0009
scale-000364,qualification-synthetic,g,62010.0,19.566576227588364,1.0165863826104875,000364-0010
scale-000364,qualification-synthetic,g,62011.0,20.874181632166415,0.9088277322792478,000364-0011
scale-000364,qualification-synthetic,g,62012.0,18.87846547896865,1.0195227445263306,000364-0012
scale-000364,qualification-synthetic,g,62013.0,22.064819746921835,0.848341898765266,000364-0013
scale-000364,qualification-synthetic,g,62014.0,20.8005517586964,1.0372066975244665,000364-0014
scale-000364,qualification-synthetic,g,62015.0,19.633010209971896,1.0524727282273192,000364-0015
scale-000364,qualification-synthetic,g,62016.0,22.747484038485563,1.1966290235400567,000364-0016
scale-000364,qualification-synthetic,g,62017.0,20.326609468062586,0.8705795991541373,000364-0017
scale-000364,qualification-synthetic,g,62018.0,20.22887355197626,1.085712987318282,000364-0018
scale-000364,qualification-synthetic,g,62019.0,19.105994625137093,1.1577114531873267,000364-0019
scale-000364,qualification-synthetic,g,62020.0,20.28074077671485,0.9218672959048723,000364-0020
scale-000364,qualification-synthetic,g,62021.0,19.89736809551264,0.9704987564379802,000364-0021
scale-000364,qualification-synthetic,g,62022.0,18.951558289410634,1.125502421053519,000364-0022
scale-000364,qualification-synthetic,g,62023.0,20.948226037359458,0.8623962105526022,000364-0023
scale-000364,qualification-synthetic,g,62024.0,20.199345375187367,0.8853052474285101,000364-0024
scale-000364,qualification-synthetic,g,62025.0,20.81856566619768,0.9176551418779282,000364-0025
scale-000364,qualification-synthetic,g,62026.0,19.37270379636046,1.1479569522550395,000364-0026
scale-000364,qualification-synthetic,g,62027.0,21.419602869570827,1.1156111482644002,000364-0027
scale-000364,qualification-synthetic,g,62028.0,19.21121561775613,1.102777650025983,000364-0028
scale-000364,qualification-synthetic,g,62029.0,19.69432360306832,0.9790467030056502,000364-0029
scale-000364,qualification-synthetic,g,62030.0,21.29727480472849,0.822314738011599,000364-0030
scale-000364,qualification-synthetic,g,62031.0,20.280542413064545,0.9458860338313009,000364-0031
scale-000365,qualification-synthetic,g,62000.0,20.337437094826818,1.1534336344363496,000365-0000
scale-000365,qualification-synthetic,g,62001.0,19.246544051584433,1.0555609568029063,000365-0001
scale-000365,qualification-synthetic,g,62002.0,19.812792705879644,0.8291953333383565,000365-0002
scale-000365,qualification-synthetic,g,62003.0,19.747496400228496,0.8583882226060704,000365-0003
scale-000365,qualification-synthetic,g,62004.0,19.400010215461812,1.1116014061137742,000365-0004
scale-000365,qualification-synthetic,g,62005.0,21.327998912799693,1.099997894931151,000365-0005
scale-000365,qualification-synthetic,g,62006.0,20.516840292473372,0.9117475682959082,000365-0006
scale-000365,qualification-synthetic,g,62007.0,21.895893874680443,1.1246716371207255,000365-0007
scale-000365,qualification-synthetic,g,62008.0,22.817506162045184,1.1969882126003661,000365-0008
scale-000365,qualification-synthetic,g,62009.0,20.23706964993376,0.8208562345975988,000365-0009
scale-000365,qualification-synthetic,g,62010.0,19.40711146944606,0.972175244814441,000365-0010
scale-000365,qualification-synthetic,g,62011.0,21.75535812767664,0.9727297002932505,000365-0011
scale-000365,qualification-synthetic,g,62012.0,19.200940442237524,0.9788872679498364,000365-0012
scale-000365,qualification-synthetic,g,62013.0,22.231966062556616,1.1930833803279044,000365-0013
scale-000365,qualification-synthetic,g,62014.0,20.32267381658732,0.9917263529954232,000365-0014
scale-000365,qualification-synthetic,g,62015.0,19.502707996292003,1.105134454452511,000365-0015
scale-000365,qualification-synthetic,g,62016.0,20.565416178400977,1.0553434435438296,000365-0016
scale-000365,qualification-synthetic,g,62017.0,20.31127318024297,0.9298850486955161,000365-0017
scale-000365,qualification-synthetic,g,62018.0,19.111722670317373,0.9787274511318296,000365-0018
scale-000365,qualification-synthetic,g,62019.0,17.44833562217751,1.1814959361728712,000365-0019
scale-000365,qualification-synthetic,g,62020.0,19.46915506935427,1.0358379283703,000365-0020
scale-000365,qualification-synthetic,g,62021.0,19.908341590214324,0.8619990446963849,000365-0021
scale-000365,qualification-synthetic,g,62022.0,20.81405673969262,1.1434285068888521,000365-0022
scale-000365,qualification-synthetic,g,62023.0,19.662609388988002,0.9726400114515273,000365-0023
scale-000365,qualification-synthetic,g,62024.0,19.83841649770538,0.8171990400385234,000365-0024
scale-000365,qualification-synthetic,g,62025.0,19.851325992776125,1.0654957658266258,000365-0025
scale-000365,qualification-synthetic,g,62026.0,20.15857712832197,1.0475825559682603,000365-0026
scale-000365,qualification-synthetic,g,62027.0,20.266787240801794,1.1836072307112415,000365-0027
scale-000365,qualification-synthetic,g,62028.0,18.065771667036294,0.8917027064881607,000365-0028
scale-000365,qualification-synthetic,g,62029.0,19.308947915897324,1.1720086305459838,000365-0029
scale-000365,qualification-synthetic,g,62030.0,19.72659878208867,1.133665539599843,000365-0030
scale-000365,qualification-synthetic,g,62031.0,18.84336866542732,1.0886910890023376,000365-0031
scale-000366,qualification-synthetic,g,62000.0,22.079742407322772,0.9303278203167292,000366-0000
scale-000366,qualification-synthetic,g,62001.0,18.93419373334772,1.1063692404223002,000366-0001
scale-000366,qualification-synthetic,g,62002.0,20.10897439247519,0.9182301656062081,000366-0002
scale-000366,qualification-synthetic,g,62003.0,19.126114355839622,1.0669961386397482,000366-0003
scale-000366,qualification-synthetic,g,62004.0,20.353976030028694,1.0450729319444656,000366-0004
scale-000366,qualification-synthetic,g,62005.0,18.21136861367807,1.0594523732010448,000366-0005
scale-000366,qualification-synthetic,g,62006.0,19.59139311022765,0.9369475046744437,000366-0006
scale-000366,qualification-synthetic,g,62007.0,18.670617954183776,0.9994015706253909,000366-0007
scale-000366,qualification-synthetic,g,62008.0,19.419452885285615,0.827332985067824,000366-0008
scale-000366,qualification-synthetic,g,62009.0,20.71804367344101,0.8481775774989444,000366-0009
scale-000366,qualification-synthetic,g,62010.0,20.08394609583704,0.8941042253358283,000366-0010
scale-000366,qualification-synthetic,g,62011.0,20.419874859307825,0.9470290295667172,000366-0011
scale-000366,qualification-synthetic,g,62012.0,19.180159879894088,0.9395023039096608,000366-0012
scale-000366,qualification-synthetic,g,62013.0,17.644517569947464,0.9444951333547531,000366-0013
scale-000366,qualification-synthetic,g,62014.0,19.954541667571164,0.8123112296468411,000366-0014
scale-000366,qualification-synthetic,g,62015.0,20.648849935218667,0.8177035229103446,000366-0015
scale-000366,qualification-synthetic,g,62016.0,20.118916629338454,0.9906125575650256,000366-0016
scale-000366,qualification-synthetic,g,62017.0,20.311828105321045,1.1546707723140452,000366-0017
scale-000366,qualification-synthetic,g,62018.0,19.90018113200279,1.173227923200863,000366-0018
scale-000366,qualification-synthetic,g,62019.0,19.70883260612571,0.9803563811302114,000366-0019
scale-000366,qualification-synthetic,g,62020.0,19.1459816955052,0.863567942661504,000366-0020
scale-000366,qualification-synthetic,g,62021.0,20.896753859871133,0.9773191649331072,000366-0021
scale-000366,qualification-synthetic,g,62022.0,20.427649288828885,0.8504061822554432,000366-0022
scale-000366,qualification-synthetic,g,62023.0,18.948209733500995,0.8883400604274219,000366-0023
scale-000366,qualification-synthetic,g,62024.0,17.97105122437434,1.196388054309805,000366-0024
scale-000366,qualification-synthetic,g,62025.0,19.528099196759463,1.1082719811426713,000366-0025
scale-000366,qualification-synthetic,g,62026.0,21.004970797234762,1.1764496398865223,000366-0026
scale-000366,qualification-synthetic,g,62027.0,20.317581643009643,0.8425595512382782,000366-0027
scale-000366,qualification-synthetic,g,62028.0,18.488609633932594,1.0601696673278647,000366-0028
scale-000366,qualification-synthetic,g,62029.0,19.40970800615277,0.9179410400289535,000366-0029
scale-000366,qualification-synthetic,g,62030.0,20.604194279249583,0.8638379179914193,000366-0030
scale-000366,qualification-synthetic,g,62031.0,20.257887302530055,1.028087327952683,000366-0031
scale-000367,qualification-synthetic,g,62000.0,19.7583549831574,1.1998268683311295,000367-0000
scale-000367,qualification-synthetic,g,62001.0,20.77973068062943,0.8630077959814968,000367-0001
scale-000367,qualification-synthetic,g,62002.0,19.64870283829209,1.1665688238735958,000367-0002
scale-000367,qualification-synthetic,g,62003.0,19.405526429011523,0.8937360500667987,000367-0003
scale-000367,qualification-synthetic,g,62004.0,20.19054772407288,1.1164914347523958,000367-0004
scale-000367,qualification-synthetic,g,62005.0,18.94744159611948,0.9089378094351217,000367-0005
scale-000367,qualification-synthetic,g,62006.0,20.320806201557847,0.8377969410221345,000367-0006
scale-000367,qualification-synthetic,g,62007.0,20.56246189493214,1.174249512188347,000367-0007
scale-000367,qualification-synthetic,g,62008.0,19.412824294831623,0.9995675439981573,000367-0008
scale-000367,qualification-synthetic,g,62009.0,19.081517780332256,0.9617346244153101,000367-0009
scale-000367,qualification-synthetic,g,62010.0,20.622341990813077,0.9376938216971661,000367-0010
scale-000367,qualification-synthetic,g,62011.0,19.358922605256545,1.1820165709119925,000367-0011
scale-000367,qualification-synthetic,g,62012.0,19.506572131524646,1.1300389608041292,000367-0012
scale-000367,qualification-synthetic,g,62013.0,20.542995925585327,1.0255465901181744,000367-0013
scale-000367,qualification-synthetic,g,62014.0,21.406596613859893,1.0083327412258603,000367-0014
scale-000367,qualification-synthetic,g,62015.0,20.214508397421064,0.9029272460041721,000367-0015
scale-000367,qualification-synthetic,g,62016.0,19.08801109463113,1.0517681691236394,000367-0016
scale-000367,qualification-synthetic,g,62017.0,19.93436354351079,0.9630436110204531,000367-0017
scale-000367,qualification-synthetic,g,62018.0,20.447977288227992,0.8940484148020119,000367-0018
scale-000367,qualification-synthetic,g,62019.0,20.549380348424837,0.9911571869685659,000367-0019
scale-000367,qualification-synthetic,g,62020.0,18.663285272996184,0.9129747683764077,000367-0020
scale-000367,qualification-synthetic,g,62021.0,18.62672365319527,0.9512648641657634,000367-0021
scale-000367,qualification-synthetic,g,62022.0,19.531200966787086,0.9184084854521534,000367-0022
scale-000367,qualification-synthetic,g,62023.0,18.38767197308678,1.0475295939671923,000367-0023
scale-000367,qualification-synthetic,g,62024.0,20.579478643942092,1.1310433315432749,000367-0024
scale-000367,qualification-synthetic,g,62025.0,15.917180517417163,1.0365857798341194,000367-0025
scale-000367,qualification-synthetic,g,62026.0,20.238611307809876,1.0648632553461055,000367-0026
scale-000367,qualification-synthetic,g,62027.0,23.20296018849179,1.026700586738978,000367-0027
scale-000367,qualification-synthetic,g,62028.0,20.48442865695357,0.8974288129226161,000367-0028
scale-000367,qualification-synthetic,g,62029.0,19.082240754786117,0.8378370307960138,000367-0029
scale-000367,qualification-synthetic,g,62030.0,20.468031655325966,1.1940257942042352,000367-0030
scale-000367,qualification-synthetic,g,62031.0,19.768949719222142,0.8771314236117146,000367-0031
scale-000368,qualification-synthetic,g,62000.0,20.0209846745998,0.9773021324882705,000368-0000
scale-000368,qualification-synthetic,g,62001.0,20.47854634520692,0.9086503686682827,000368-0001
scale-000368,qualification-synthetic,g,62002.0,19.761479002696806,0.8467317875972507,000368-0002
scale-000368,qualification-synthetic,g,62003.0,20.447966335467488,0.9532110230045523,000368-0003
scale-000368,qualification-synthetic,g,62004.0,22.277152255224305,1.1768590849654026,000368-0004
scale-000368,qualification-synthetic,g,62005.0,19.497538233704596,0.9150188636059874,000368-0005
scale-000368,qualification-synthetic,g,62006.0,19.65956426702096,0.9845497720119951,000368-0006
scale-000368,qualification-synthetic,g,62007.0,20.019029393906454,0.99220596589483,000368-0007
scale-000368,qualification-synthetic,g,62008.0,19.245935287148352,0.952576131395239,000368-0008
scale-000368,qualification-synthetic,g,62009.0,20.770511388185486,1.0042359649312687,000368-0009
scale-000368,qualification-synthetic,g,62010.0,21.982067029362074,0.8704505187872326,000368-0010
scale-000368,qualification-synthetic,g,62011.0,19.483975304544412,0.8562701901335236,000368-0011
scale-000368,qualification-synthetic,g,62012.0,20.491133728109222,1.1761497694902106,000368-0012
scale-000368,qualification-synthetic,g,62013.0,18.754534810663408,1.0541048408302514,000368-0013
scale-000368,qualification-synthetic,g,62014.0,19.0067203520115,1.0604658824688746,000368-0014
scale-000368,qualification-synthetic,g,62015.0,22.36627819749322,1.1602830124007457,000368-0015
scale-000368,qualification-synthetic,g,62016.0,20.3060980679942,0.9481030644662807,000368-0016
scale-000368,qualification-synthetic,g,62017.0,19.62378909952661,0.8479146919804224,000368-0017
scale-000368,qualification-synthetic,g,62018.0,20.528569201137,0.9484191005146557,000368-0018
scale-000368,qualification-synthetic,g,62019.0,19.695278407829015,0.8017727915858895,000368-0019
scale-000368,qualification-synthetic,g,62020.0,18.34302152375225,0.9943768031259133,000368-0020
scale-000368,qualification-synthetic,g,62021.0,20.746052468027706,1.0314021465500764,000368-0021
scale-000368,qualification-synthetic,g,62022.0,20.065677791976736,1.1785791072324914,000368-0022
scale-000368,qualification-synthetic,g,62023.0,22.29697580072692,1.0765252728888481,000368-0023
scale-000368,qualification-synthetic,g,62024.0,20.96432253967021,1.1793487055493694,000368-0024
scale-000368,qualification-synthetic,g,62025.0,21.441022156383113,1.0858354670289245,000368-0025
scale-000368,qualification-synthetic,g,62026.0,19.152078187649163,0.8580149900916365,000368-0026
scale-000368,qualification-synthetic,g,62027.0,17.79840843851089,1.108513597691445,000368-0027
scale-000368,qualification-synthetic,g,62028.0,22.106791500045418,0.9483935254579628,000368-0028
scale-000368,qualification-synthetic,g,62029.0,19.808698051295547,1.0109281088290445,000368-0029
scale-000368,qualification-synthetic,g,62030.0,24.334214702707932,1.1102831951020815,000368-0030
scale-000368,qualification-synthetic,g,62031.0,19.189488817076757,1.024121268078894,000368-0031
scale-000369,qualification-synthetic,g,62000.0,20.536087954542623,1.152777249216454,000369-0000
scale-000369,qualification-synthetic,g,62001.0,20.48460029806298,0.9374836808524619,000369-0001
scale-000369,qualification-synthetic,g,62002.0,19.603806037281647,0.8021069463622443,000369-0002
scale-000369,qualification-synthetic,g,62003.0,19.34325209789791,1.0865753335619823,000369-0003
scale-000369,qualification-synthetic,g,62004.0,20.146770537032673,1.1886902437839706,000369-0004
scale-000369,qualification-synthetic,g,62005.0,20.723177144967686,1.091267233799141,000369-0005
scale-000369,qualification-synthetic,g,62006.0,19.508901961781024,0.9801518992481625,000369-0006
scale-000369,qualification-synthetic,g,62007.0,20.025066275204672,1.0823160390853626,000369-0007
scale-000369,qualification-synthetic,g,62008.0,19.81692863929241,1.0814618218207948,000369-0008
scale-000369,qualification-synthetic,g,62009.0,20.53578555215886,0.9482469434971809,000369-0009
scale-000369,qualification-synthetic,g,62010.0,20.67477831640559,0.8741966224812022,000369-0010
scale-000369,qualification-synthetic,g,62011.0,21.456582054048763,0.8718244608624486,000369-0011
scale-000369,qualification-synthetic,g,62012.0,20.639132869431425,0.8074583988079868,000369-0012
scale-000369,qualification-synthetic,g,62013.0,21.379683743669574,1.0740583687763714,000369-0013
scale-000369,qualification-synthetic,g,62014.0,18.901865726503125,1.1623747259350492,000369-0014
scale-000369,qualification-synthetic,g,62015.0,19.843197005551424,1.0116436500851136,000369-0015
scale-000369,qualification-synthetic,g,62016.0,18.12363411466027,0.9607113165284071,000369-0016
scale-000369,qualification-synthetic,g,62017.0,20.11652416798801,1.0728684609308847,000369-0017
scale-000369,qualification-synthetic,g,62018.0,19.277331678712937,1.0045640652792729,000369-0018
scale-000369,qualification-synthetic,g,62019.0,19.400210917755,0.8615327441643921,000369-0019
scale-000369,qualification-synthetic,g,62020.0,21.089063185892588,1.1256307880259324,000369-0020
scale-000369,qualification-synthetic,g,62021.0,20.354368872618505,1.0359552098821412,000369-0021
scale-000369,qualification-synthetic,g,62022.0,19.50403206233891,0.8785536989851019,000369-0022
scale-000369,qualification-synthetic,g,62023.0,20.155985132869176,0.8408887684873205,000369-0023
scale-000369,qualification-synthetic,g,62024.0,19.739043708857608,1.011927749432991,000369-0024
scale-000369,qualification-synthetic,g,62025.0,19.21761736423143,0.9963647554307913,000369-0025
scale-000369,qualification-synthetic,g,62026.0,17.419102327912892,1.0579779529935238,000369-0026
scale-000369,qualification-synthetic,g,62027.0,21.219982351624033,1.1987562201732864,000369-0027
scale-000369,qualification-synthetic,g,62028.0,19.50103965213311,1.1778649433574566,000369-0028
scale-000369,qualification-synthetic,g,62029.0,19.401034440724388,1.1654359533569176,000369-0029
scale-000369,qualification-synthetic,g,62030.0,19.158795530738534,0.972727675769675,000369-0030
scale-000369,qualification-synthetic,g,62031.0,19.532392624809987,1.1610828666889377,000369-0031
scale-000370,qualification-synthetic,g,62000.0,20.97997203819945,1.0208456292119572,000370-0000
scale-000370,qualification-synthetic,g,62001.0,21.717340508951967,0.8405162091629899,000370-0001
scale-000370,qualification-synthetic,g,62002.0,19.898052469267494,0.9265864969030345,000370-0002
scale-000370,qualification-synthetic,g,62003.0,20.06902986171591,1.1232431856890037,000370-0003
scale-000370,qualification-synthetic,g,62004.0,21.508127774498867,1.082502074510212,000370-0004
scale-000370,qualification-synthetic,g,62005.0,22.49292683773087,0.9270889664980569,000370-0005
scale-000370,qualification-synthetic,g,62006.0,19.10255213677524,0.8563146213618174,000370-0006
scale-000370,qualification-synthetic,g,62007.0,20.115346391250828,1.0572304640978896,000370-0007
scale-000370,qualification-synthetic,g,62008.0,19.76336895123514,0.9194055535665276,000370-0008
scale-000370,qualification-synthetic,g,62009.0,20.02179632049039,0.883509099295858,000370-0009
scale-000370,qualification-synthetic,g,62010.0,21.195090863380997,0.9501584671481627,000370-0010
scale-000370,qualification-synthetic,g,62011.0,16.727242460198205,1.1105439215469282,000370-0011
scale-000370,qualification-synthetic,g,62012.0,18.21105219989909,0.8022957946736771,000370-0012
scale-000370,qualification-synthetic,g,62013.0,20.072522353321602,1.044126198712839,000370-0013
scale-000370,qualification-synthetic,g,62014.0,18.99612329913573,1.0738405003609914,000370-0014
scale-000370,qualification-synthetic,g,62015.0,20.785419465599954,1.0661380445691875,000370-0015
scale-000370,qualification-synthetic,g,62016.0,14.161567716092236,1.17188731789302,000370-0016
scale-000370,qualification-synthetic,g,62017.0,21.068286517626085,1.0602250114279144,000370-0017
scale-000370,qualification-synthetic,g,62018.0,20.866012805843805,1.1523291482426556,000370-0018
scale-000370,qualification-synthetic,g,62019.0,18.79632201137244,1.1744743398505193,000370-0019
scale-000370,qualification-synthetic,g,62020.0,21.629922737708597,1.1450077079277523,000370-0020
scale-000370,qualification-synthetic,g,62021.0,18.979152706388437,0.9931183967944789,000370-0021
scale-000370,qualification-synthetic,g,62022.0,18.263450014381167,0.9346590806049292,000370-0022
scale-000370,qualification-synthetic,g,62023.0,20.06569846710678,1.054501330359922,000370-0023
scale-000370,qualification-synthetic,g,62024.0,21.419029750887685,0.8696927725273079,000370-0024
scale-000370,qualification-synthetic,g,62025.0,19.59152044622694,0.9382297747768681,000370-0025
scale-000370,qualification-synthetic,g,62026.0,18.00221543897339,1.1895258469831833,000370-0026
scale-000370,qualification-synthetic,g,62027.0,19.621593257546287,0.8053299833188772,000370-0027
scale-000370,qualification-synthetic,g,62028.0,15.434248180430757,0.9208194984594664,000370-0028
scale-000370,qualification-synthetic,g,62029.0,20.652181087839818,0.8338311849310072,000370-0029
scale-000370,qualification-synthetic,g,62030.0,20.235100331291743,1.0081633045043428,000370-0030
scale-000370,qualification-synthetic,g,62031.0,20.963049601936177,0.8199379896053678,000370-0031
scale-000371,qualification-synthetic,g,62000.0,20.422450820476477,1.1855578764737271,000371-0000
scale-000371,qualification-synthetic,g,62001.0,20.259716767275055,1.0611608463213542,000371-0001
scale-000371,qualification-synthetic,g,62002.0,20.05652002489219,1.096555471377971,000371-0002
scale-000371,qualification-synthetic,g,62003.0,19.77604155802954,0.9826125774291902,000371-0003
scale-000371,qualification-synthetic,g,62004.0,19.79585489471146,1.0988421616721624,000371-0004
scale-000371,qualification-synthetic,g,62005.0,18.96106745000265,1.1652560226756081,000371-0005
scale-000371,qualification-synthetic,g,62006.0,19.31657489411402,1.1976309041488857,000371-0006
scale-000371,qualification-synthetic,g,62007.0,18.780479591251627,0.9007835845363591,000371-0007
scale-000371,qualification-synthetic,g,62008.0,19.97045738913516,1.1946223519712467,000371-0008
scale-000371,qualification-synthetic,g,62009.0,20.888626799524076,0.8860449855120506,000371-0009
scale-000371,qualification-synthetic,g,62010.0,23.376596669745688,1.1602266172048732,000371-0010
scale-000371,qualification-synthetic,g,62011.0,21.58304442137241,1.1549792191741544,000371-0011
scale-000371,qualification-synthetic,g,62012.0,19.899918206300136,0.9001758370895943,000371-0012
scale-000371,qualification-synthetic,g,62013.0,17.499949082807213,0.8815714259656161,000371-0013
scale-000371,qualification-synthetic,g,62014.0,20.307753803358903,0.8404584080756002,000371-0014
scale-000371,qualification-synthetic,g,62015.0,20.942312150946204,0.9908061625655652,000371-0015
scale-000371,qualification-synthetic,g,62016.0,21.43794414214799,0.9750421671917282,000371-0016
scale-000371,qualification-synthetic,g,62017.0,21.587173754592218,1.0156327743935616,000371-0017
scale-000371,qualification-synthetic,g,62018.0,18.578459256306203,1.1876995336619551,000371-0018
scale-000371,qualification-synthetic,g,62019.0,21.087372655179394,0.9064930282567872,000371-0019
scale-000371,qualification-synthetic,g,62020.0,15.448279833152512,0.8855505489453803,000371-0020
scale-000371,qualification-synthetic,g,62021.0,18.954332887981433,0.8366660039602551,000371-0021
scale-000371,qualification-synthetic,g,62022.0,20.40865236095972,1.0783815237217271,000371-0022
scale-000371,qualification-synthetic,g,62023.0,22.23221432859579,1.197730080271191,000371-0023
scale-000371,qualification-synthetic,g,62024.0,18.858897174371243,0.9144862815769357,000371-0024
scale-000371,qualification-synthetic,g,62025.0,19.453253205865803,1.1239978260774077,000371-0025
scale-000371,qualification-synthetic,g,62026.0,20.425189122498395,0.9103683003425151,000371-0026
scale-000371,qualification-synthetic,g,62027.0,16.38360539962505,1.0508046724387894,000371-0027
scale-000371,qualification-synthetic,g,62028.0,20.96193655961931,1.0114249568455844,000371-0028
scale-000371,qualification-synthetic,g,62029.0,19.808322445712797,0.8264869852296819,000371-0029
scale-000371,qualification-synthetic,g,62030.0,20.566426338345178,0.8547628769123878,000371-0030
scale-000371,qualification-synthetic,g,62031.0,21.658827553288738,0.8966611588329745,000371-0031
scale-000372,qualification-synthetic,g,62000.0,20.781270189190636,1.0809277024389028,000372-0000
scale-000372,qualification-synthetic,g,62001.0,20.992904726538736,0.8439338030224686,000372-0001
scale-000372,qualification-synthetic,g,62002.0,19.21918042380243,0.8429310871864378,000372-0002
scale-000372,qualification-synthetic,g,62003.0,21.285071922076924,1.046754030623312,000372-0003
scale-000372,qualification-synthetic,g,62004.0,20.587009757721336,0.9772012971640873,000372-0004
scale-000372,qualification-synthetic,g,62005.0,20.19298667422668,0.9234518934742909,000372-0005
scale-000372,qualification-synthetic,g,62006.0,21.069011656447657,1.0918483244414923,000372-0006
scale-000372,qualification-synthetic,g,62007.0,19.523354468897946,0.9372957790017628,000372-0007
scale-000372,qualification-synthetic,g,62008.0,21.691376213695886,0.9629315118418268,000372-0008
scale-000372,qualification-synthetic,g,62009.0,20.814092590097715,1.0496984599184809,000372-0009
scale-000372,qualification-synthetic,g,62010.0,19.99834595214992,1.0164459525377065,000372-0010
scale-000372,qualification-synthetic,g,62011.0,19.07479313603169,0.8308410824200769,000372-0011
scale-000372,qualification-synthetic,g,62012.0,20.03513836300998,0.845274879658154,000372-0012
scale-000372,qualification-synthetic,g,62013.0,18.837268764496315,0.9679636908077911,000372-0013
scale-000372,qualification-synthetic,g,62014.0,18.65471850949481,1.0412333671654823,000372-0014
scale-000372,qualification-synthetic,g,62015.0,20.21382192039613,0.9572494141900232,000372-0015
scale-000372,qualification-synthetic,g,62016.0,20.209987659152326,0.9546501626667139,000372-0016
scale-000372,qualification-synthetic,g,62017.0,16.111304474186188,1.0236731110031523,000372-0017
scale-000372,qualification-synthetic,g,62018.0,19.626799260333076,1.1099047575936396,000372-0018
scale-000372,qualification-synthetic,g,62019.0,20.61126128961534,0.9691411950426277,000372-0019
scale-000372,qualification-synthetic,g,62020.0,19.197304860129393,0.8986825084464377,000372-0020
scale-000372,qualification-synthetic,g,62021.0,20.02226035520418,1.0842904495958805,000372-0021
scale-000372,qualification-synthetic,g,62022.0,20.85680017344412,0.8771738275947263,000372-0022
scale-000372,qualification-synthetic,g,62023.0,14.524823761544623,1.0265374521756847,000372-0023
scale-000372,qualification-synthetic,g,62024.0,19.74162693070019,0.848152793937006,000372-0024
scale-000372,qualification-synthetic,g,62025.0,20.633153397558527,0.8534420359249435,000372-0025
scale-000372,qualification-synthetic,g,62026.0,19.944485381109136,0.904665854124768,000372-0026
scale-000372,qualification-synthetic,g,62027.0,19.941848171196845,1.064095212534883,000372-0027
scale-000372,qualification-synthetic,g,62028.0,19.975772021146355,1.106325022837024,000372-0028
scale-000372,qualification-synthetic,g,62029.0,21.35306811230108,0.9230669712768058,000372-0029
scale-000372,qualification-synthetic,g,62030.0,19.966451829098794,1.0860104590882662,000372-0030
scale-000372,qualification-synthetic,g,62031.0,20.701814644696512,0.8364243956330664,000372-0031
scale-000373,qualification-synthetic,g,62000.0,20.581072360445447,1.0590008821677608,000373-0000
scale-000373,qualification-synthetic,g,62001.0,18.200304610780034,0.8445145360976197,000373-0001
scale-000373,qualification-synthetic,g,62002.0,18.480848931328477,0.9714840336093931,000373-0002
scale-000373,qualification-synthetic,g,62003.0,20.51540076693431,1.0015629595884472,000373-0003
scale-000373,qualification-synthetic,g,62004.0,18.894800738245713,0.8313782161061973,000373-0004
scale-000373,qualification-synthetic,g,62005.0,21.24834488859846,1.1193537104891584,000373-0005
scale-000373,qualification-synthetic,g,62006.0,19.93746757888217,0.8458181030685881,000373-0006
scale-000373,qualification-synthetic,g,62007.0,20.78511119530649,1.186507085850208,000373-0007
scale-000373,qualification-synthetic,g,62008.0,20.29552860217412,1.1915823562370886,000373-0008
scale-000373,qualification-synthetic,g,62009.0,20.626971219882932,1.1398398332236754,000373-0009
scale-000373,qualification-synthetic,g,62010.0,22.769039734408338,1.025585246977853,000373-0010
scale-000373,qualification-synthetic,g,62011.0,23.783268686096335,1.0301800583927736,000373-0011
scale-000373,qualification-synthetic,g,62012.0,21.667755385999207,1.0543475372191902,000373-0012
scale-000373,qualification-synthetic,g,62013.0,22.243464355425616,1.1484400530062928,000373-0013
scale-000373,qualification-synthetic,g,62014.0,21.207249344841642,0.9663342206644414,000373-0014
scale-000373,qualification-synthetic,g,62015.0,19.50584838805924,0.8332784724220236,000373-0015
scale-000373,qualification-synthetic,g,62016.0,19.79592625091971,1.0595504124721744,000373-0016
scale-000373,qualification-synthetic,g,62017.0,20.108582006776473,0.9478251709298251,000373-0017
scale-000373,qualification-synthetic,g,62018.0,20.581859934400285,0.8651595789956432,000373-0018
scale-000373,qualification-synthetic,g,62019.0,21.376108221196557,0.8699605133902293,000373-0019
scale-000373,qualification-synthetic,g,62020.0,19.01049407853039,0.9773589584854212,000373-0020
scale-000373,qualification-synthetic,g,62021.0,19.53974437684848,1.1492223019987393,000373-0021
scale-000373,qualification-synthetic,g,62022.0,21.000647939877464,1.0396731638847534,000373-0022
scale-000373,qualification-synthetic,g,62023.0,20.74866714947624,0.8224736223222704,000373-0023
scale-000373,qualification-synthetic,g,62024.0,19.117827460500806,1.1813722707828604,000373-0024
scale-000373,qualification-synthetic,g,62025.0,20.331995855087392,1.1449311572152123,000373-0025
scale-000373,qualification-synthetic,g,62026.0,18.648458371031683,0.9941100654913839,000373-0026
scale-000373,qualification-synthetic,g,62027.0,21.13980882224418,1.126786327309251,000373-0027
scale-000373,qualification-synthetic,g,62028.0,18.684441469958763,0.931794380254387,000373-0028
scale-000373,qualification-synthetic,g,62029.0,20.211351468225253,1.0720667783243123,000373-0029
scale-000373,qualification-synthetic,g,62030.0,20.220040924820392,1.0594445615936177,000373-0030
scale-000373,qualification-synthetic,g,62031.0,17.891733652674816,1.1864138973612206,000373-0031
scale-000374,qualification-synthetic,g,62000.0,20.81492673625129,0.8959963890446443,000374-0000
scale-000374,qualification-synthetic,g,62001.0,19.422166701113714,1.0606557880328784,000374-0001
scale-000374,qualification-synthetic,g,62002.0,20.17779095409193,1.066153289557363,000374-0002
scale-000374,qualification-synthetic,g,62003.0,19.339796872728616,1.178754369777234,000374-0003
scale-000374,qualification-synthetic,g,62004.0,20.918424021650818,0.9800618296094694,000374-0004
scale-000374,qualification-synthetic,g,62005.0,19.991386270395836,0.932205509767157,000374-0005
scale-000374,qualification-synthetic,g,62006.0,21.077297099936388,1.1099169212619204,000374-0006
scale-000374,qualification-synthetic,g,62007.0,21.573720261655225,0.8664812753996843,000374-0007
scale-000374,qualification-synthetic,g,62008.0,19.396168478061206,0.9633222722129828,000374-0008
scale-000374,qualification-synthetic,g,62009.0,17.286149512528745,0.8124390418782355,000374-0009
scale-000374,qualification-synthetic,g,62010.0,20.646428385287205,0.8542565787292531,000374-0010
scale-000374,qualification-synthetic,g,62011.0,22.1789310925814,0.9065828837261926,000374-0011
scale-000374,qualification-synthetic,g,62012.0,21.374273439607506,0.8579177773043998,000374-0012
scale-000374,qualification-synthetic,g,62013.0,20.12457201294803,1.1697843319960421,000374-0013
scale-000374,qualification-synthetic,g,62014.0,19.642012979478043,0.8725053724405546,000374-0014
scale-000374,qualification-synthetic,g,62015.0,18.887043126312403,1.1919531734646436,000374-0015
scale-000374,qualification-synthetic,g,62016.0,18.02760601427457,0.9564792575988259,000374-0016
scale-000374,qualification-synthetic,g,62017.0,18.309712930015614,1.0032067805856573,000374-0017
scale-000374,qualification-synthetic,g,62018.0,19.269181905061274,1.0260339458805954,000374-0018
scale-000374,qualification-synthetic,g,62019.0,19.63054810817456,0.8604899067010514,000374-0019
scale-000374,qualification-synthetic,g,62020.0,20.68078601834639,1.0523872123972693,000374-0020
scale-000374,qualification-synthetic,g,62021.0,21.742946160885793,1.0056049797426212,000374-0021
scale-000374,qualification-synthetic,g,62022.0,29.70156721931467,1.1265041488466054,000374-0022
scale-000374,qualification-synthetic,g,62023.0,16.796096921525475,0.9002682618457012,000374-0023
scale-000374,qualification-synthetic,g,62024.0,17.681669691041325,1.0500135327493942,000374-0024
scale-000374,qualification-synthetic,g,62025.0,18.71495668691113,0.9506412455970366,000374-0025
scale-000374,qualification-synthetic,g,62026.0,20.832037935289584,1.1673507106867118,000374-0026
scale-000374,qualification-synthetic,g,62027.0,19.89736751402559,0.8077018009568071,000374-0027
scale-000374,qualification-synthetic,g,62028.0,17.426091811465408,1.1464585158036766,000374-0028
scale-000374,qualification-synthetic,g,62029.0,18.61280374749439,0.8588702517767712,000374-0029
scale-000374,qualification-synthetic,g,62030.0,17.064550515659512,0.8916682530428164,000374-0030
scale-000374,qualification-synthetic,g,62031.0,21.175204207873453,1.1920971972969543,000374-0031
scale-000375,qualification-synthetic,g,62000.0,23.266060226061736,0.8840435080664479,000375-0000
scale-000375,qualification-synthetic,g,62001.0,20.163546262343075,0.8310862186799568,000375-0001
scale-000375,qualification-synthetic,g,62002.0,21.90699642595526,0.916503216189134,000375-0002
scale-000375,qualification-synthetic,g,62003.0,19.54920425554964,0.9793422217430856,000375-0003
scale-000375,qualification-synthetic,g,62004.0,20.46047422532435,1.1665507321270183,000375-0004
scale-000375,qualification-synthetic,g,62005.0,20.892633214051706,1.0972868199549022,000375-0005
scale-000375,qualification-synthetic,g,62006.0,19.763988633234913,0.869552195544728,000375-0006
scale-000375,qualification-synthetic,g,62007.0,19.715021861196764,0.980922948324117,000375-0007
scale-000375,qualification-synthetic,g,62008.0,20.575888422150523,0.9070592089588394,000375-0008
scale-000375,qualification-synthetic,g,62009.0,20.956017168608422,0.8740124565923382,000375-0009
scale-000375,qualification-synthetic,g,62010.0,19.134647107101195,1.1921746605909276,000375-0010
scale-000375,qualification-synthetic,g,62011.0,20.74336801082027,0.8087091866476049,000375-0011
scale-000375,qualification-synthetic,g,62012.0,20.37651871091441,0.9820895969510828,000375-0012
scale-000375,qualification-synthetic,g,62013.0,19.779281662266236,0.8854206844442479,000375-0013
scale-000375,qualification-synthetic,g,62014.0,20.397130065888376,0.9681763945038476,000375-0014
scale-000375,qualification-synthetic,g,62015.0,19.048111512689438,1.1211616342154567,000375-0015
scale-000375,qualification-synthetic,g,62016.0,20.17681024931273,0.9440265281899795,000375-0016
scale-000375,qualification-synthetic,g,62017.0,19.531702637898228,0.974581646040835,000375-0017
scale-000375,qualification-synthetic,g,62018.0,20.09950444265094,0.9577075370824454,000375-0018
scale-000375,qualification-synthetic,g,62019.0,19.35024006060601,1.1014067076255845,000375-0019
scale-000375,qualification-synthetic,g,62020.0,19.923150081357154,0.8765066686149555,000375-0020
scale-000375,qualification-synthetic,g,62021.0,20.667142842986653,0.8625861472175281,000375-0021
scale-000375,qualification-synthetic,g,62022.0,20.435938780059292,1.11985219067962,000375-0022
scale-000375,qualification-synthetic,g,62023.0,21.28599002772349,0.9675352251115684,000375-0023
scale-000375,qualification-synthetic,g,62024.0,20.0554367764548,0.8301333895297338,000375-0024
scale-000375,qualification-synthetic,g,62025.0,20.406486725713673,0.8870511913917937,000375-0025
scale-000375,qualification-synthetic,g,62026.0,19.86723367500329,0.861168617774572,000375-0026
scale-000375,qualification-synthetic,g,62027.0,19.311826110878027,0.9851056805360218,000375-0027
scale-000375,qualification-synthetic,g,62028.0,20.918770527850146,0.8679851736968124,000375-0028
scale-000375,qualification-synthetic,g,62029.0,21.015457289749012,0.9161403604329496,000375-0029
scale-000375,qualification-synthetic,g,62030.0,19.74429222732183,0.9968538335686141,000375-0030
scale-000375,qualification-synthetic,g,62031.0,23.54812392922932,1.1774741894409857,000375-0031
scale-000376,qualification-synthetic,g,62000.0,20.419918578508774,0.9907462826718928,000376-0000
scale-000376,qualification-synthetic,g,62001.0,18.214095095315816,1.084904498678728,000376-0001
scale-000376,qualification-synthetic,g,62002.0,19.53359790014015,0.8494471903266707,000376-0002
scale-000376,qualification-synthetic,g,62003.0,20.642041856669348,0.8965666841643877,000376-0003
scale-000376,qualification-synthetic,g,62004.0,20.27027168488486,0.9439555943989925,000376-0004
scale-000376,qualification-synthetic,g,62005.0,20.711373495016417,1.0036962609646534,000376-0005
scale-000376,qualification-synthetic,g,62006.0,19.43098137354117,1.0709185370454677,000376-0006
scale-000376,qualification-synthetic,g,62007.0,19.691409737487565,0.9055007130742274,000376-0007
scale-000376,qualification-synthetic,g,62008.0,20.66072291098538,1.1626679635694324,000376-0008
scale-000376,qualification-synthetic,g,62009.0,19.639353870751304,1.178606051303832,000376-0009
scale-000376,qualification-synthetic,g,62010.0,21.46439546601135,0.9470046205415004,000376-0010
scale-000376,qualification-synthetic,g,62011.0,20.004153754664546,1.0164932993083087,000376-0011
scale-000376,qualification-synthetic,g,62012.0,18.385991796595793,1.1981713541946366,000376-0012
scale-000376,qualification-synthetic,g,62013.0,20.308581727434706,1.0789120730975472,000376-0013
scale-000376,qualification-synthetic,g,62014.0,20.677004034622506,0.9683030365949523,000376-0014
scale-000376,qualification-synthetic,g,62015.0,18.908537348409986,1.1503438969076483,000376-0015
scale-000376,qualification-synthetic,g,62016.0,18.41644671426796,1.0892941267569063,000376-0016
scale-000376,qualification-synthetic,g,62017.0,20.955808507749172,0.8883619684657894,000376-0017
scale-000376,qualification-synthetic,g,62018.0,19.29072626381369,0.9172775112772786,000376-0018
scale-000376,qualification-synthetic,g,62019.0,19.74173170697355,0.863369695283921,000376-0019
scale-000376,qualification-synthetic,g,62020.0,18.973450407769473,1.1512639220313896,000376-0020
scale-000376,qualification-synthetic,g,62021.0,21.496123812897594,1.122731801503046,000376-0021
scale-000376,qualification-synthetic,g,62022.0,19.43607385763557,0.8982624737239892,000376-0022
scale-000376,qualification-synthetic,g,62023.0,19.477927352009466,0.9060696330889292,000376-0023
scale-000376,qualification-synthetic,g,62024.0,22.605457095819254,1.1834369267760285,000376-0024
scale-000376,qualification-synthetic,g,62025.0,21.71485249346415,0.8305475096397168,000376-0025
scale-000376,qualification-synthetic,g,62026.0,19.249687469257662,1.0840013018864345,000376-0026
scale-000376,qualification-synthetic,g,62027.0,19.06123551159797,0.8916771772174062,000376-0027
scale-000376,qualification-synthetic,g,62028.0,22.411218494767137,0.8808549443142243,000376-0028
scale-000376,qualification-synthetic,g,62029.0,21.179103025633502,1.0487945989622436,000376-0029
scale-000376,qualification-synthetic,g,62030.0,19.913190336435743,1.1914936596182921,000376-0030
scale-000376,qualification-synthetic,g,62031.0,21.98835624159843,1.0829041232213632,000376-0031
scale-000377,qualification-synthetic,g,62000.0,19.30007629055294,0.8726962979111774,000377-0000
scale-000377,qualification-synthetic,g,62001.0,20.858550447201647,1.020338414568293,000377-0001
scale-000377,qualification-synthetic,g,62002.0,18.865903858921325,1.0546734323248472,000377-0002
scale-000377,qualification-synthetic,g,62003.0,17.313890499927044,1.191853869148544,000377-0003
scale-000377,qualification-synthetic,g,62004.0,20.930271936116952,1.1403355613732562,000377-0004
scale-000377,qualification-synthetic,g,62005.0,20.279815637173282,1.0745395862133296,000377-0005
scale-000377,qualification-synthetic,g,62006.0,19.736452515082497,0.8753492662407926,000377-0006
scale-000377,qualification-synthetic,g,62007.0,19.823622827904217,1.0957340561539841,000377-0007
scale-000377,qualification-synthetic,g,62008.0,21.682204548710065,0.9709356092903392,000377-0008
scale-000377,qualification-synthetic,g,62009.0,18.96567134475467,0.8703843056729238,000377-0009
scale-000377,qualification-synthetic,g,62010.0,19.42353808115499,0.8981468381180098,000377-0010
scale-000377,qualification-synthetic,g,62011.0,18.322172615787796,1.1072445990393813,000377-0011
scale-000377,qualification-synthetic,g,62012.0,19.61576545260442,1.081987100188331,000377-0012
scale-000377,qualification-synthetic,g,62013.0,20.38619480155828,1.192807190569801,000377-0013
scale-000377,qualification-synthetic,g,62014.0,19.704784881466114,0.9452715660231951,000377-0014
scale-000377,qualification-synthetic,g,62015.0,18.57339569851795,1.177235133761806,000377-0015
scale-000377,qualification-synthetic,g,62016.0,20.23263392032012,1.0674246537661485,000377-0016
scale-000377,qualification-synthetic,g,62017.0,19.000079269866703,0.9076160106136182,000377-0017
scale-000377,qualification-synthetic,g,62018.0,19.861033877781004,0.8593546104074206,000377-0018
scale-000377,qualification-synthetic,g,62019.0,18.886261915445512,0.8210245014622333,000377-0019
scale-000377,qualification-synthetic,g,62020.0,21.947503230208973,1.072392213222368,000377-0020
scale-000377,qualification-synthetic,g,62021.0,20.31841526307386,1.0982221582937608,000377-0021
scale-000377,qualification-synthetic,g,62022.0,21.726008078659053,1.108563142408208,000377-0022
scale-000377,qualification-synthetic,g,62023.0,19.982708457110036,0.9516244598822974,000377-0023
scale-000377,qualification-synthetic,g,62024.0,20.640268625952615,0.8648442567163351,000377-0024
scale-000377,qualification-synthetic,g,62025.0,18.11897021458151,1.1283509779276188,000377-0025
scale-000377,qualification-synthetic,g,62026.0,19.66163364758807,0.942488374806675,000377-0026
scale-000377,qualification-synthetic,g,62027.0,19.250679953816455,1.1626435637432977,000377-0027
scale-000377,qualification-synthetic,g,62028.0,19.61080597039768,0.9127109109087149,000377-0028
scale-000377,qualification-synthetic,g,62029.0,21.155487707720372,1.1720480019052073,000377-0029
scale-000377,qualification-synthetic,g,62030.0,20.79551637312143,0.8266085385653765,000377-0030
scale-000377,qualification-synthetic,g,62031.0,20.41058113120705,1.1702855543932216,000377-0031
scale-000378,qualification-synthetic,g,62000.0,20.882695588696617,1.1931307573438463,000378-0000
scale-000378,qualification-synthetic,g,62001.0,18.472203147662647,1.1739487081203088,000378-0001
scale-000378,qualification-synthetic,g,62002.0,20.780063693991792,1.0149783782169373,000378-0002
scale-000378,qualification-synthetic,g,62003.0,18.892255570556262,1.0696754058238047,000378-0003
scale-000378,qualification-synthetic,g,62004.0,20.23176226362205,1.0589223418232585,000378-0004
scale-000378,qualification-synthetic,g,62005.0,20.85126332450998,0.8858823783482501,000378-0005
scale-000378,qualification-synthetic,g,62006.0,19.09675896739516,0.8520378301318855,000378-0006
scale-000378,qualification-synthetic,g,62007.0,20.105677185848588,1.1184563694015648,000378-0007
scale-000378,qualification-synthetic,g,62008.0,21.056029205094475,1.057041413157184,000378-0008
scale-000378,qualification-synthetic,g,62009.0,18.826923772190618,1.0993592426771437,000378-0009
scale-000378,qualification-synthetic,g,62010.0,19.016033037082156,1.0327061630366148,000378-0010
scale-000378,qualification-synthetic,g,62011.0,19.076004461794064,1.1244480816190487,000378-0011
scale-000378,qualification-synthetic,g,62012.0,22.368545862486556,1.0560887427650942,000378-0012
scale-000378,qualification-synthetic,g,62013.0,21.4437193323941,0.8604955351280702,000378-0013
scale-000378,qualification-synthetic,g,62014.0,18.93748128639043,0.9009512006310605,000378-0014
scale-000378,qualification-synthetic,g,62015.0,20.245077768848553,1.03093315519718,000378-0015
scale-000378,qualification-synthetic,g,62016.0,20.47667144655495,1.1867903324575684,000378-0016
scale-000378,qualification-synthetic,g,62017.0,20.804938907864937,1.1541709118461505,000378-0017
scale-000378,qualification-synthetic,g,62018.0,19.306510249167903,1.0812043074121518,000378-0018
scale-000378,qualification-synthetic,g,62019.0,19.89312313300128,1.0017367069049115,000378-0019
scale-000378,qualification-synthetic,g,62020.0,18.968047633160214,1.1828740813533762,000378-0020
scale-000378,qualification-synthetic,g,62021.0,20.69484102147482,0.9629061790815642,000378-0021
scale-000378,qualification-synthetic,g,62022.0,21.54184990463832,0.994196983441543,000378-0022
scale-000378,qualification-synthetic,g,62023.0,20.849077003575562,1.03577826916319,000378-0023
scale-000378,qualification-synthetic,g,62024.0,17.634029831531905,0.951977458871471,000378-0024
scale-000378,qualification-synthetic,g,62025.0,22.319598452776876,0.9634850117997988,000378-0025
scale-000378,qualification-synthetic,g,62026.0,20.12643414267706,1.1085223613962414,000378-0026
scale-000378,qualification-synthetic,g,62027.0,19.13194386830756,1.0036157206569067,000378-0027
scale-000378,qualification-synthetic,g,62028.0,19.9253155358706,0.9036883470993203,000378-0028
scale-000378,qualification-synthetic,g,62029.0,19.87553641217655,1.008820691021839,000378-0029
scale-000378,qualification-synthetic,g,62030.0,22.85033521725131,1.0900376529029538,000378-0030
scale-000378,qualification-synthetic,g,62031.0,19.396500101423083,0.8179488441395398,000378-0031
scale-000379,qualification-synthetic,g,62000.0,20.42537262940317,0.906288183609218,000379-0000
scale-000379,qualification-synthetic,g,62001.0,22.622882130832757,0.8031744169448798,000379-0001
scale-000379,qualification-synthetic,g,62002.0,18.92363800566999,1.1218148383309288,000379-0002
scale-000379,qualification-synthetic,g,62003.0,20.82007023294392,1.0171559477936691,000379-0003
scale-000379,qualification-synthetic,g,62004.0,19.62202135902822,0.8388486047161515,000379-0004
scale-000379,qualification-synthetic,g,62005.0,20.38880897843195,0.9955599871519778,000379-0005
scale-000379,qualification-synthetic,g,62006.0,20.052812511607453,0.8301327539463855,000379-0006
scale-000379,qualification-synthetic,g,62007.0,19.203864558012143,1.066765448484404,000379-0007
scale-000379,qualification-synthetic,g,62008.0,21.10141841340819,0.8692781219908549,000379-0008
scale-000379,qualification-synthetic,g,62009.0,20.055704951543177,0.8974749106651045,000379-0009
scale-000379,qualification-synthetic,g,62010.0,19.66498233095044,0.9210781420637625,000379-0010
scale-000379,qualification-synthetic,g,62011.0,18.5246219913201,0.892490287875008,000379-0011
scale-000379,qualification-synthetic,g,62012.0,21.538305749942133,0.857081854084541,000379-0012
scale-000379,qualification-synthetic,g,62013.0,20.0545512636684,0.9199613220774424,000379-0013
scale-000379,qualification-synthetic,g,62014.0,20.52768481216092,0.946821845456321,000379-0014
scale-000379,qualification-synthetic,g,62015.0,20.060671295390247,1.1508545978196711,000379-0015
scale-000379,qualification-synthetic,g,62016.0,19.780871597832263,0.9844559229949523,000379-0016
scale-000379,qualification-synthetic,g,62017.0,20.467979445621744,0.9400875351463965,000379-0017
scale-000379,qualification-synthetic,g,62018.0,19.66812692104426,0.8112886649627096,000379-0018
scale-000379,qualification-synthetic,g,62019.0,19.537613499696043,1.082757763257093,000379-0019
scale-000379,qualification-synthetic,g,62020.0,19.123766173492676,0.8955696021419512,000379-0020
scale-000379,qualification-synthetic,g,62021.0,19.663674107075735,0.8714408393882876,000379-0021
scale-000379,qualification-synthetic,g,62022.0,20.04045057136825,0.9560732556217845,000379-0022
scale-000379,qualification-synthetic,g,62023.0,21.13909887976978,1.05461747157861,000379-0023
scale-000379,qualification-synthetic,g,62024.0,20.98159912866611,0.873151023342789,000379-0024
scale-000379,qualification-synthetic,g,62025.0,19.473382782215385,0.9011390917429803,000379-0025
scale-000379,qualification-synthetic,g,62026.0,18.760186436679554,0.8905756391282139,000379-0026
scale-000379,qualification-synthetic,g,62027.0,19.41665977388747,1.1531339222122274,000379-0027
scale-000379,qualification-synthetic,g,62028.0,19.43610971467232,1.153336333181773,000379-0028
scale-000379,qualification-synthetic,g,62029.0,19.694731458891127,1.0353494444382751,000379-0029
scale-000379,qualification-synthetic,g,62030.0,19.898832182258516,0.9649229735982772,000379-0030
scale-000379,qualification-synthetic,g,62031.0,19.883179547764215,1.0753237872890518,000379-0031
scale-000380,qualification-synthetic,g,62000.0,18.51003832550534,1.1527389120498799,000380-0000
scale-000380,qualification-synthetic,g,62001.0,20.016928332137198,0.9493226344016888,000380-0001
scale-000380,qualification-synthetic,g,62002.0,20.92446495239347,0.9826220964212732,000380-0002
scale-000380,qualification-synthetic,g,62003.0,19.056863141506202,0.8689138521130055,000380-0003
scale-000380,qualification-synthetic,g,62004.0,20.66839239637633,1.1190216913345907,000380-0004
scale-000380,qualification-synthetic,g,62005.0,20.295119469903305,0.9990506231855982,000380-0005
scale-000380,qualification-synthetic,g,62006.0,17.694953742960262,0.9739769067723414,000380-0006
scale-000380,qualification-synthetic,g,62007.0,19.63020305628204,0.8558893728012077,000380-0007
scale-000380,qualification-synthetic,g,62008.0,19.612668098167752,0.925174553586056,000380-0008
scale-000380,qualification-synthetic,g,62009.0,20.175395766708203,1.0265095829717386,000380-0009
scale-000380,qualification-synthetic,g,62010.0,18.70279655782765,1.1809141809450079,000380-0010
scale-000380,qualification-synthetic,g,62011.0,19.532981862927226,0.8872372854362053,000380-0011
scale-000380,qualification-synthetic,g,62012.0,20.632849484422163,0.8329520161508239,000380-0012
scale-000380,qualification-synthetic,g,62013.0,19.393778782534348,0.9330077878204062,000380-0013
scale-000380,qualification-synthetic,g,62014.0,18.08399878110802,0.9322042096120209,000380-0014
scale-000380,qualification-synthetic,g,62015.0,18.63256057951016,0.8469747990791416,000380-0015
scale-000380,qualification-synthetic,g,62016.0,19.1897444233348,0.8440181462235773,000380-0016
scale-000380,qualification-synthetic,g,62017.0,20.30382714504278,0.8713738753706926,000380-0017
scale-000380,qualification-synthetic,g,62018.0,21.321876595080372,1.0465533054859895,000380-0018
scale-000380,qualification-synthetic,g,62019.0,19.04031862525254,1.1394842740432929,000380-0019
scale-000380,qualification-synthetic,g,62020.0,20.311269477994024,0.9829594311322415,000380-0020
scale-000380,qualification-synthetic,g,62021.0,18.47631624048864,0.8774798913463026,000380-0021
scale-000380,qualification-synthetic,g,62022.0,19.316699121278774,0.9176331622209625,000380-0022
scale-000380,qualification-synthetic,g,62023.0,18.959313229414477,0.8288682868585248,000380-0023
scale-000380,qualification-synthetic,g,62024.0,21.411735080804398,1.0466601158025062,000380-0024
scale-000380,qualification-synthetic,g,62025.0,21.007992766100593,0.8402573200488387,000380-0025
scale-000380,qualification-synthetic,g,62026.0,20.722022186553748,1.1903931817794593,000380-0026
scale-000380,qualification-synthetic,g,62027.0,19.68463065691269,1.1588688414916968,000380-0027
scale-000380,qualification-synthetic,g,62028.0,20.639988370630938,0.872838423252582,000380-0028
scale-000380,qualification-synthetic,g,62029.0,20.67303920551659,0.9039526666042397,000380-0029
scale-000380,qualification-synthetic,g,62030.0,19.83318791010219,0.8551517199753249,000380-0030
scale-000380,qualification-synthetic,g,62031.0,18.14713870533463,0.8567174203532073,000380-0031
scale-000381,qualification-synthetic,g,62000.0,19.388671827232866,1.014436055391624,000381-0000
scale-000381,qualification-synthetic,g,62001.0,19.6947239247067,0.9530294836111384,000381-0001
scale-000381,qualification-synthetic,g,62002.0,18.62624843570466,0.9729207642211092,000381-0002
scale-000381,qualification-synthetic,g,62003.0,19.93663561938642,1.1380388781765503,000381-0003
scale-000381,qualification-synthetic,g,62004.0,19.732052248990385,1.1021460199524227,000381-0004
scale-000381,qualification-synthetic,g,62005.0,20.84178795628069,0.8206220911886963,000381-0005
scale-000381,qualification-synthetic,g,62006.0,19.990180696406913,0.9371320322782846,000381-0006
scale-000381,qualification-synthetic,g,62007.0,22.41291689582143,0.8904172298658842,000381-0007
scale-000381,qualification-synthetic,g,62008.0,19.147305200498113,1.1505591592803524,000381-0008
scale-000381,qualification-synthetic,g,62009.0,20.863136366595842,1.115952130122048,000381-0009
scale-000381,qualification-synthetic,g,62010.0,21.102497040603364,0.9412932783962717,000381-0010
scale-000381,qualification-synthetic,g,62011.0,20.913432563669076,1.109646073919148,000381-0011
scale-000381,qualification-synthetic,g,62012.0,19.582856783813444,1.0915447566884477,000381-0012
scale-000381,qualification-synthetic,g,62013.0,20.998573350044424,1.1033678323179976,000381-0013
scale-000381,qualification-synthetic,g,62014.0,24.7535906512897,0.8545819275843319,000381-0014
scale-000381,qualification-synthetic,g,62015.0,20.771068589494934,1.1183504958601602,000381-0015
scale-000381,qualification-synthetic,g,62016.0,19.71309220631039,0.8866124468089417,000381-0016
scale-000381,qualification-synthetic,g,62017.0,19.202027208820827,1.0040219459002582,000381-0017
scale-000381,qualification-synthetic,g,62018.0,21.261245056832653,0.8229028083717804,000381-0018
scale-000381,qualification-synthetic,g,62019.0,19.056128108585636,0.9735132844722305,000381-0019
scale-000381,qualification-synthetic,g,62020.0,19.99736638303327,1.0530395303062248,000381-0020
scale-000381,qualification-synthetic,g,62021.0,19.50736751451361,0.8408907498810724,000381-0021
scale-000381,qualification-synthetic,g,62022.0,18.224587561902762,1.1460899007839778,000381-0022
scale-000381,qualification-synthetic,g,62023.0,17.79548596787961,0.895669602328636,000381-0023
scale-000381,qualification-synthetic,g,62024.0,18.793160757526085,0.9301645853862809,000381-0024
scale-000381,qualification-synthetic,g,62025.0,19.241472060265032,1.0511993191602171,000381-0025
scale-000381,qualification-synthetic,g,62026.0,20.70245460222119,0.9591744381051809,000381-0026
scale-000381,qualification-synthetic,g,62027.0,18.70242040751659,0.8734639351296669,000381-0027
scale-000381,qualification-synthetic,g,62028.0,19.05176133162431,1.0666975064101134,000381-0028
scale-000381,qualification-synthetic,g,62029.0,20.76093979482386,1.1787400858198094,000381-0029
scale-000381,qualification-synthetic,g,62030.0,21.26833796669038,0.8969812534496762,000381-0030
scale-000381,qualification-synthetic,g,62031.0,21.06558167556201,1.0917532688570717,000381-0031
scale-000382,qualification-synthetic,g,62000.0,18.828833412649313,0.9966288533823731,000382-0000
scale-000382,qualification-synthetic,g,62001.0,19.719756332316106,0.8676060818885057,000382-0001
scale-000382,qualification-synthetic,g,62002.0,22.931376478530748,0.8040772448230981,000382-0002
scale-000382,qualification-synthetic,g,62003.0,21.82978213126056,0.9359280295066447,000382-0003
scale-000382,qualification-synthetic,g,62004.0,20.70261253031683,1.0189615825705265,000382-0004
scale-000382,qualification-synthetic,g,62005.0,19.364102793116892,1.0316155856218567,000382-0005
scale-000382,qualification-synthetic,g,62006.0,20.167208448057437,0.9122703133088912,000382-0006
scale-000382,qualification-synthetic,g,62007.0,20.356009221265168,1.1714392005649414,000382-0007
scale-000382,qualification-synthetic,g,62008.0,20.17353705089878,0.9863176502409867,000382-0008
scale-000382,qualification-synthetic,g,62009.0,19.21634729078407,0.9563532686867026,000382-0009
scale-000382,qualification-synthetic,g,62010.0,21.106252758313236,1.0803972705726566,000382-0010
scale-000382,qualification-synthetic,g,62011.0,19.316279663068173,0.8449179440197591,000382-0011
scale-000382,qualification-synthetic,g,62012.0,19.769785128741866,0.9175469621088972,000382-0012
scale-000382,qualification-synthetic,g,62013.0,18.768532020680233,0.8852537801730851,000382-0013
scale-000382,qualification-synthetic,g,62014.0,18.699614551390535,1.0361494576796433,000382-0014
scale-000382,qualification-synthetic,g,62015.0,18.361496752159237,0.9507016170085287,000382-0015
scale-000382,qualification-synthetic,g,62016.0,18.396999529191,1.129841755573483,000382-0016
scale-000382,qualification-synthetic,g,62017.0,20.818002689291852,0.9644988120366389,000382-0017
scale-000382,qualification-synthetic,g,62018.0,19.942297259944862,1.189923094552319,000382-0018
scale-000382,qualification-synthetic,g,62019.0,20.55965388498021,0.9724928554801231,000382-0019
scale-000382,qualification-synthetic,g,62020.0,21.577496095493167,0.9875339374495753,000382-0020
scale-000382,qualification-synthetic,g,62021.0,20.62597939347788,0.8888356718896679,000382-0021
scale-000382,qualification-synthetic,g,62022.0,19.80672602237661,0.9287889789582776,000382-0022
scale-000382,qualification-synthetic,g,62023.0,20.334537716544773,1.0597747717739265,000382-0023
scale-000382,qualification-synthetic,g,62024.0,18.671140906039984,1.0995153290018616,000382-0024
scale-000382,qualification-synthetic,g,62025.0,19.947452732595114,0.8649474525381378,000382-0025
scale-000382,qualification-synthetic,g,62026.0,20.87154378500128,1.0911658063995686,000382-0026
scale-000382,qualification-synthetic,g,62027.0,22.366315353848496,1.0263369782712235,000382-0027
scale-000382,qualification-synthetic,g,62028.0,20.262024826684748,1.0949299286374579,000382-0028
scale-000382,qualification-synthetic,g,62029.0,20.434787208666247,1.0133439911773587,000382-0029
scale-000382,qualification-synthetic,g,62030.0,19.018442776168712,1.179723396081696,000382-0030
scale-000382,qualification-synthetic,g,62031.0,21.029873609119605,0.8738481234102068,000382-0031
scale-000383,qualification-synthetic,g,62000.0,21.853517874517063,0.8107257752508058,000383-0000
scale-000383,qualification-synthetic,g,62001.0,20.432290277016346,1.0442121662371555,000383-0001
scale-000383,qualification-synthetic,g,62002.0,19.50452778276565,0.9818000616901301,000383-0002
scale-000383,qualification-synthetic,g,62003.0,19.36190220689609,0.8683857655287429,000383-0003
scale-000383,qualification-synthetic,g,62004.0,20.94894886768344,1.0452004456316657,000383-0004
scale-000383,qualification-synthetic,g,62005.0,18.98815923262099,1.1547066001846087,000383-0005
scale-000383,qualification-synthetic,g,62006.0,18.8529427895417,0.8272839909614669,000383-0006
scale-000383,qualification-synthetic,g,62007.0,20.09411293709996,0.8786026336745602,000383-0007
scale-000383,qualification-synthetic,g,62008.0,19.450680709323624,0.8241532954596873,000383-0008
scale-000383,qualification-synthetic,g,62009.0,19.867907634992527,1.1116989668641188,000383-0009
scale-000383,qualification-synthetic,g,62010.0,20.04394758117222,0.8321196180757708,000383-0010
scale-000383,qualification-synthetic,g,62011.0,19.571667373394906,0.9074248101594908,000383-0011
scale-000383,qualification-synthetic,g,62012.0,19.047106422997903,0.9771203254145238,000383-0012
scale-000383,qualification-synthetic,g,62013.0,20.07597269680133,1.1991667296413455,000383-0013
scale-000383,qualification-synthetic,g,62014.0,21.84762564065479,1.1416415953960808,000383-0014
scale-000383,qualification-synthetic,g,62015.0,20.562573018730177,1.1140184769164942,000383-0015
scale-000383,qualification-synthetic,g,62016.0,21.584701813934615,0.8828632129841377,000383-0016
scale-000383,qualification-synthetic,g,62017.0,18.950276924342266,0.8308246588540265,000383-0017
scale-000383,qualification-synthetic,g,62018.0,19.555863560414625,1.1184919705139398,000383-0018
scale-000383,qualification-synthetic,g,62019.0,19.512052623073934,0.8388219662068805,000383-0019
scale-000383,qualification-synthetic,g,62020.0,20.947813016231468,0.9206977230198884,000383-0020
scale-000383,qualification-synthetic,g,62021.0,21.662973391018078,0.9695251535211075,000383-0021
scale-000383,qualification-synthetic,g,62022.0,19.6790058507527,0.9480609835310472,000383-0022
scale-000383,qualification-synthetic,g,62023.0,20.326066180329722,0.8209429763326277,000383-0023
scale-000383,qualification-synthetic,g,62024.0,20.62962135294363,1.102478475649643,000383-0024
scale-000383,qualification-synthetic,g,62025.0,18.913035727845678,0.9673407437502739,000383-0025
scale-000383,qualification-synthetic,g,62026.0,21.760696018194405,1.0904617590474286,000383-0026
scale-000383,qualification-synthetic,g,62027.0,19.455276906352523,1.0247868588006157,000383-0027
scale-000383,qualification-synthetic,g,62028.0,20.611898894744606,1.1014572130623295,000383-0028
scale-000383,qualification-synthetic,g,62029.0,18.669662520130824,1.16746095534562,000383-0029
scale-000383,qualification-synthetic,g,62030.0,20.014241952863802,1.0806282532625486,000383-0030
scale-000383,qualification-synthetic,g,62031.0,22.449462395789958,1.177087513565449,000383-0031
scale-000384,qualification-synthetic,g,62000.0,20.124970168192547,0.8658989305283284,000384-0000
scale-000384,qualification-synthetic,g,62001.0,20.531357238992555,0.9231709692767963,000384-0001
scale-000384,qualification-synthetic,g,62002.0,21.629789441135,0.8020830037242215,000384-0002
scale-000384,qualification-synthetic,g,62003.0,19.599006594329204,0.8830696618318896,000384-0003
scale-000384,qualification-synthetic,g,62004.0,20.2982480285543,1.1136634541135424,000384-0004
scale-000384,qualification-synthetic,g,62005.0,20.134231021307663,1.1595977753743756,000384-0005
scale-000384,qualification-synthetic,g,62006.0,19.632356359743298,1.0659278793891198,000384-0006
scale-000384,qualification-synthetic,g,62007.0,20.89097862290619,1.074760544500264,000384-0007
scale-000384,qualification-synthetic,g,62008.0,20.287854417557803,0.9935317552724965,000384-0008
scale-000384,qualification-synthetic,g,62009.0,19.42090226002591,0.8579991007228437,000384-0009
scale-000384,qualification-synthetic,g,62010.0,18.453855126822504,1.0643320793972986,000384-0010
scale-000384,qualification-synthetic,g,62011.0,20.770198538073306,1.1516280301429838,000384-0011
scale-000384,qualification-synthetic,g,62012.0,20.446324740146785,0.8180201110898943,000384-0012
scale-000384,qualification-synthetic,g,62013.0,20.772004774823987,1.0425063704706903,000384-0013
scale-000384,qualification-synthetic,g,62014.0,19.864302405157627,1.029490550737987,000384-0014
scale-000384,qualification-synthetic,g,62015.0,19.260906254796694,0.8700348219827141,000384-0015
scale-000384,qualification-synthetic,g,62016.0,18.10189804251551,1.0934813012008162,000384-0016
scale-000384,qualification-synthetic,g,62017.0,18.281015465307014,1.1062724723482238,000384-0017
scale-000384,qualification-synthetic,g,62018.0,19.916529681766864,1.0669328793441992,000384-0018
scale-000384,qualification-synthetic,g,62019.0,19.038226091403317,0.9847513040657158,000384-0019
scale-000384,qualification-synthetic,g,62020.0,21.336546176013243,1.1156654646170479,000384-0020
scale-000384,qualification-synthetic,g,62021.0,21.320899494286675,1.073614850275746,000384-0021
scale-000384,qualification-synthetic,g,62022.0,19.853434601127606,1.11414212972342,000384-0022
scale-000384,qualification-synthetic,g,62023.0,19.92191365394315,1.0520305116269513,000384-0023
scale-000384,qualification-synthetic,g,62024.0,18.208073845902394,1.1666041742161464,000384-0024
scale-000384,qualification-synthetic,g,62025.0,21.193723004111153,1.0322167264092572,000384-0025
scale-000384,qualification-synthetic,g,62026.0,21.835241796557362,1.1960596682708746,000384-0026
scale-000384,qualification-synthetic,g,62027.0,19.433751825395067,0.8887516477124563,000384-0027
scale-000384,qualification-synthetic,g,62028.0,24.458799129383443,1.1430284074457826,000384-0028
scale-000384,qualification-synthetic,g,62029.0,20.449629814747038,1.0042350248054783,000384-0029
scale-000384,qualification-synthetic,g,62030.0,20.258113300249413,1.0827293502918585,000384-0030
scale-000384,qualification-synthetic,g,62031.0,18.824744525537007,1.1398048292435634,000384-0031
scale-000385,qualification-synthetic,g,62000.0,21.555543489153557,1.185989710458371,000385-0000
scale-000385,qualification-synthetic,g,62001.0,19.8870820621083,0.9532063197148997,000385-0001
scale-000385,qualification-synthetic,g,62002.0,21.414375419045697,1.1193481892163895,000385-0002
scale-000385,qualification-synthetic,g,62003.0,19.29572443578463,1.1612586538878304,000385-0003
scale-000385,qualification-synthetic,g,62004.0,21.139868480476725,0.9941623080782562,000385-0004
scale-000385,qualification-synthetic,g,62005.0,20.041366799498622,1.1854594383026211,000385-0005
scale-000385,qualification-synthetic,g,62006.0,20.486998870523305,0.8129365063010071,000385-0006
scale-000385,qualification-synthetic,g,62007.0,19.02449751833152,1.1583101205540767,000385-0007
scale-000385,qualification-synthetic,g,62008.0,19.621768465857567,0.96195696831383,000385-0008
scale-000385,qualification-synthetic,g,62009.0,20.537085192587014,1.1107857977398907,000385-0009
scale-000385,qualification-synthetic,g,62010.0,19.018857578924436,1.0611059204419957,000385-0010
scale-000385,qualification-synthetic,g,62011.0,20.791796512467858,0.8019820222888432,000385-0011
scale-000385,qualification-synthetic,g,62012.0,21.011359264092604,0.9610631409863013,000385-0012
scale-000385,qualification-synthetic,g,62013.0,19.621500517675347,1.090382507471603,000385-0013
scale-000385,qualification-synthetic,g,62014.0,20.51288590300218,1.1067619916154527,000385-0014
scale-000385,qualification-synthetic,g,62015.0,20.811786691191436,0.9055360787705259,000385-0015
scale-000385,qualification-synthetic,g,62016.0,20.294456471003752,1.0099111086028512,000385-0016
scale-000385,qualification-synthetic,g,62017.0,20.82627681144557,1.0612917855830852,000385-0017
scale-000385,qualification-synthetic,g,62018.0,19.93507878394676,0.8518468149359918,000385-0018
scale-000385,qualification-synthetic,g,62019.0,17.77280908934634,1.1875656066357636,000385-0019
scale-000385,qualification-synthetic,g,62020.0,20.840931822900696,1.0686416520634563,000385-0020
scale-000385,qualification-synthetic,g,62021.0,18.353525958502708,0.9118038862622339,000385-0021
scale-000385,qualification-synthetic,g,62022.0,20.99102188906436,0.8766583343338844,000385-0022
scale-000385,qualification-synthetic,g,62023.0,20.707700602878074,1.1662388194894364,000385-0023
scale-000385,qualification-synthetic,g,62024.0,19.95425392735132,0.8423470011466028,000385-0024
scale-000385,qualification-synthetic,g,62025.0,18.79551050512294,0.9370165368919099,000385-0025
scale-000385,qualification-synthetic,g,62026.0,20.764381317044148,0.8247367034778003,000385-0026
scale-000385,qualification-synthetic,g,62027.0,21.261019055196822,1.0793423363690953,000385-0027
scale-000385,qualification-synthetic,g,62028.0,19.382285481749797,0.8479079411914787,000385-0028
scale-000385,qualification-synthetic,g,62029.0,19.80349839918979,1.066570879679713,000385-0029
scale-000385,qualification-synthetic,g,62030.0,20.041191527464917,0.9964827074400168,000385-0030
scale-000385,qualification-synthetic,g,62031.0,20.806038540223415,0.8578960572226773,000385-0031
scale-000386,qualification-synthetic,g,62000.0,21.513122890953277,1.1836171576385845,000386-0000
scale-000386,qualification-synthetic,g,62001.0,19.92411754211222,0.9372218327650924,000386-0001
scale-000386,qualification-synthetic,g,62002.0,21.10658971310186,1.0543167152815587,000386-0002
scale-000386,qualification-synthetic,g,62003.0,21.817663765883488,1.053159706319292,000386-0003
scale-000386,qualification-synthetic,g,62004.0,17.985071595430878,1.0740426935669152,000386-0004
scale-000386,qualification-synthetic,g,62005.0,19.58918371362849,0.936429347524802,000386-0005
scale-000386,qualification-synthetic,g,62006.0,20.492940137769363,0.9125019666517524,000386-0006
scale-000386,qualification-synthetic,g,62007.0,20.846403889086695,1.1928950769585944,000386-0007
scale-000386,qualification-synthetic,g,62008.0,18.901714135720464,0.8812008809480734,000386-0008
scale-000386,qualification-synthetic,g,62009.0,20.208484654995093,1.0306434823772765,000386-0009
scale-000386,qualification-synthetic,g,62010.0,19.81845192681408,0.9089483173821371,000386-0010
scale-000386,qualification-synthetic,g,62011.0,19.68858880971841,0.98606356441049,000386-0011
scale-000386,qualification-synthetic,g,62012.0,21.440660023494473,0.9180627250404211,000386-0012
scale-000386,qualification-synthetic,g,62013.0,19.34240257786578,0.9036953236365098,000386-0013
scale-000386,qualification-synthetic,g,62014.0,21.679577967118043,1.0000860242955305,000386-0014
scale-000386,qualification-synthetic,g,62015.0,19.014486940204677,1.0532576930790305,000386-0015
scale-000386,qualification-synthetic,g,62016.0,19.204853751472182,1.1999204005867201,000386-0016
scale-000386,qualification-synthetic,g,62017.0,21.785257831742484,1.1123505780305338,000386-0017
scale-000386,qualification-synthetic,g,62018.0,19.687898569385716,1.1101096372035577,000386-0018
scale-000386,qualification-synthetic,g,62019.0,19.44503510679878,1.149473654662199,000386-0019
scale-000386,qualification-synthetic,g,62020.0,19.41452890501244,0.8778702326748807,000386-0020
scale-000386,qualification-synthetic,g,62021.0,17.280642141484776,1.1088103240475913,000386-0021
scale-000386,qualification-synthetic,g,62022.0,19.190397536335006,0.9305832577076752,000386-0022
scale-000386,qualification-synthetic,g,62023.0,20.258748760064773,1.0120965184384483,000386-0023
scale-000386,qualification-synthetic,g,62024.0,19.489381813309432,1.1991637076926298,000386-0024
scale-000386,qualification-synthetic,g,62025.0,20.411500169963933,0.8568892327807007,000386-0025
scale-000386,qualification-synthetic,g,62026.0,19.581863962710592,1.1617724433137016,000386-0026
scale-000386,qualification-synthetic,g,62027.0,20.678713360829757,0.81701596677664,000386-0027
scale-000386,qualification-synthetic,g,62028.0,19.86686047037261,0.9349585744861266,000386-0028
scale-000386,qualification-synthetic,g,62029.0,20.213198961767535,0.9297576954033863,000386-0029
scale-000386,qualification-synthetic,g,62030.0,19.952861032626917,0.900809666357597,000386-0030
scale-000386,qualification-synthetic,g,62031.0,19.842425866257745,0.8313438261376292,000386-0031
scale-000387,qualification-synthetic,g,62000.0,17.005269895290446,1.176155855813117,000387-0000
scale-000387,qualification-synthetic,g,62001.0,18.95168999366908,0.892663004792387,000387-0001
scale-000387,qualification-synthetic,g,62002.0,22.35782430190329,1.0160893004676224,000387-0002
scale-000387,qualification-synthetic,g,62003.0,18.13070457635947,0.8621306303019505,000387-0003
scale-000387,qualification-synthetic,g,62004.0,20.505846609320397,1.021218907443806,000387-0004
scale-000387,qualification-synthetic,g,62005.0,18.733378720759735,1.081443224825424,000387-0005
scale-000387,qualification-synthetic,g,62006.0,22.15545975522365,0.9513686822153661,000387-0006
scale-000387,qualification-synthetic,g,62007.0,22.758683952275533,1.0390093566978573,000387-0007
scale-000387,qualification-synthetic,g,62008.0,20.15195492444654,0.8840676360281711,000387-0008
scale-000387,qualification-synthetic,g,62009.0,19.01412535317401,1.0157891558072851,000387-0009
scale-000387,qualification-synthetic,g,62010.0,20.22854825993354,0.8370502266889608,000387-0010
scale-000387,qualification-synthetic,g,62011.0,20.43068910500159,1.0070189559348077,000387-0011
scale-000387,qualification-synthetic,g,62012.0,19.078525698450104,0.8895739534675869,000387-0012
scale-000387,qualification-synthetic,g,62013.0,19.641472401266768,1.0293971453164896,000387-0013
scale-000387,qualification-synthetic,g,62014.0,19.480966026617825,1.0529213367930403,000387-0014
scale-000387,qualification-synthetic,g,62015.0,20.558155792288012,0.9795114292901101,000387-0015
scale-000387,qualification-synthetic,g,62016.0,19.784300293006304,0.916849004273309,000387-0016
scale-000387,qualification-synthetic,g,62017.0,21.144869465098296,1.1737669725667308,000387-0017
scale-000387,qualification-synthetic,g,62018.0,21.138654909760533,0.834608357002329,000387-0018
scale-000387,qualification-synthetic,g,62019.0,19.28432557469096,1.0766854409345374,000387-0019
scale-000387,qualification-synthetic,g,62020.0,20.670046100031755,1.1244948166239985,000387-0020
scale-000387,qualification-synthetic,g,62021.0,19.922950089777473,1.0239909371607783,000387-0021
scale-000387,qualification-synthetic,g,62022.0,19.14259834387725,1.0742740136863087,000387-0022
scale-000387,qualification-synthetic,g,62023.0,20.745253650160187,1.1372334881849533,000387-0023
scale-000387,qualification-synthetic,g,62024.0,21.27330218106011,1.1579925333854022,000387-0024
scale-000387,qualification-synthetic,g,62025.0,20.482569059398163,0.8957479208434513,000387-0025
scale-000387,qualification-synthetic,g,62026.0,18.965223404167592,0.807292466176389,000387-0026
scale-000387,qualification-synthetic,g,62027.0,17.454937818653576,0.9053161357866248,000387-0027
scale-000387,qualification-synthetic,g,62028.0,19.46801027897295,0.8327984133152387,000387-0028
scale-000387,qualification-synthetic,g,62029.0,20.051258122595172,0.9930810718054324,000387-0029
scale-000387,qualification-synthetic,g,62030.0,20.050020732006796,0.897813996179932,000387-0030
scale-000387,qualification-synthetic,g,62031.0,18.91729305758138,1.0515737797995068,000387-0031
scale-000388,qualification-synthetic,g,62000.0,19.340736585432786,1.1683083978541506,000388-0000
scale-000388,qualification-synthetic,g,62001.0,22.320626799233686,1.1526845296442172,000388-0001
scale-000388,qualification-synthetic,g,62002.0,17.839799445971256,0.8499228340858402,000388-0002
scale-000388,qualification-synthetic,g,62003.0,26.759997061181693,1.1683572236082966,000388-0003
scale-000388,qualification-synthetic,g,62004.0,21.275363902289296,0.8374461085282625,000388-0004
scale-000388,qualification-synthetic,g,62005.0,20.35676868577275,1.0631973368911167,000388-0005
scale-000388,qualification-synthetic,g,62006.0,20.098819520022687,1.1734922983842226,000388-0006
scale-000388,qualification-synthetic,g,62007.0,19.984312883207412,1.1925803503446166,000388-0007
scale-000388,qualification-synthetic,g,62008.0,18.651725876209795,1.1734290058905923,000388-0008
scale-000388,qualification-synthetic,g,62009.0,19.43172139862103,1.0869015797661281,000388-0009
scale-000388,qualification-synthetic,g,62010.0,20.216911820376335,1.1937340907322973,000388-0010
scale-000388,qualification-synthetic,g,62011.0,19.38848003026922,1.1811988781513034,000388-0011
scale-000388,qualification-synthetic,g,62012.0,17.47931658009692,1.015176312122433,000388-0012
scale-000388,qualification-synthetic,g,62013.0,20.304500429578102,0.8357585453014018,000388-0013
scale-000388,qualification-synthetic,g,62014.0,18.858602506588895,1.1092640423306444,000388-0014
scale-000388,qualification-synthetic,g,62015.0,20.512820059456075,1.0952743637961784,000388-0015
scale-000388,qualification-synthetic,g,62016.0,19.43229260982818,1.1101596659322213,000388-0016
scale-000388,qualification-synthetic,g,62017.0,20.17980181418572,0.8625039106181746,000388-0017
scale-000388,qualification-synthetic,g,62018.0,20.605381969791736,1.1233751635843663,000388-0018
scale-000388,qualification-synthetic,g,62019.0,19.803026495048407,0.8526588877462692,000388-0019
scale-000388,qualification-synthetic,g,62020.0,21.851805591772116,0.9374223654257953,000388-0020
scale-000388,qualification-synthetic,g,62021.0,21.293725845035016,0.9888232009901827,000388-0021
scale-000388,qualification-synthetic,g,62022.0,19.897919335052386,1.084512043897922,000388-0022
scale-000388,qualification-synthetic,g,62023.0,18.460160832519975,1.0629787817529674,000388-0023
scale-000388,qualification-synthetic,g,62024.0,16.82740559235462,1.0507578674821199,000388-0024
scale-000388,qualification-synthetic,g,62025.0,19.586133753940004,1.1299832641030407,000388-0025
scale-000388,qualification-synthetic,g,62026.0,18.463024220054947,0.9285006867220339,000388-0026
scale-000388,qualification-synthetic,g,62027.0,18.73790622869993,0.9692825759967231,000388-0027
scale-000388,qualification-synthetic,g,62028.0,19.853650248902728,0.941446374488766,000388-0028
scale-000388,qualification-synthetic,g,62029.0,18.10637450948881,1.1973635108562837,000388-0029
scale-000388,qualification-synthetic,g,62030.0,19.513864485365936,1.1909469756423983,000388-0030
scale-000388,qualification-synthetic,g,62031.0,20.686126487573397,0.9716968141579299,000388-0031
scale-000389,qualification-synthetic,g,62000.0,19.836119826887302,0.8057780006957248,000389-0000
scale-000389,qualification-synthetic,g,62001.0,19.689716869364528,1.1076835405759864,000389-0001
scale-000389,qualification-synthetic,g,62002.0,20.568566572505073,0.8815050985730541,000389-0002
scale-000389,qualification-synthetic,g,62003.0,19.322389027688065,1.060183752934525,000389-0003
scale-000389,qualification-synthetic,g,62004.0,18.027122254881984,0.962190882405083,000389-0004
scale-000389,qualification-synthetic,g,62005.0,20.003162424476788,0.9653650225373848,000389-0005
scale-000389,qualification-synthetic,g,62006.0,18.995282473768565,1.166156391402751,000389-0006
scale-000389,qualification-synthetic,g,62007.0,21.438491362072654,1.1435694522948585,000389-0007
scale-000389,qualification-synthetic,g,62008.0,20.083150029854696,1.0635446245972768,000389-0008
scale-000389,qualification-synthetic,g,62009.0,19.097342977086157,0.8433721664061354,000389-0009
scale-000389,qualification-synthetic,g,62010.0,19.457715940167574,1.0825701808317956,000389-0010
scale-000389,qualification-synthetic,g,62011.0,21.34962342042066,1.1629885329950296,000389-0011
scale-000389,qualification-synthetic,g,62012.0,21.08404514281188,0.9734649600282365,000389-0012
scale-000389,qualification-synthetic,g,62013.0,21.69400979246883,0.8454991191488841,000389-0013
scale-000389,qualification-synthetic,g,62014.0,21.987317456400188,1.171390686064451,000389-0014
scale-000389,qualification-synthetic,g,62015.0,20.445369997888513,0.8982812924275394,000389-0015
scale-000389,qualification-synthetic,g,62016.0,19.898707083250525,1.1714313208782106,000389-0016
scale-000389,qualification-synthetic,g,62017.0,19.043994459903157,0.9141887296970578,000389-0017
scale-000389,qualification-synthetic,g,62018.0,19.924183013253405,1.0583255371878257,000389-0018
scale-000389,qualification-synthetic,g,62019.0,19.720786473635908,1.0641383627273215,000389-0019
scale-000389,qualification-synthetic,g,62020.0,19.589449550225293,1.0156431470683884,000389-0020
scale-000389,qualification-synthetic,g,62021.0,18.595696176237347,0.9765245533572601,000389-0021
scale-000389,qualification-synthetic,g,62022.0,19.672332706842834,1.0720774022567778,000389-0022
scale-000389,qualification-synthetic,g,62023.0,20.828402490935467,1.030879715685192,000389-0023
scale-000389,qualification-synthetic,g,62024.0,20.254470076685465,1.1937778263066068,000389-0024
scale-000389,qualification-synthetic,g,62025.0,22.1859089456576,1.147929685813613,000389-0025
scale-000389,qualification-synthetic,g,62026.0,19.627224442129393,1.0487775836646613,000389-0026
scale-000389,qualification-synthetic,g,62027.0,20.37561618046433,0.8658073143268264,000389-0027
scale-000389,qualification-synthetic,g,62028.0,18.43249029035736,1.1756090102057983,000389-0028
scale-000389,qualification-synthetic,g,62029.0,20.309041927111302,0.8077106812808543,000389-0029
scale-000389,qualification-synthetic,g,62030.0,22.445978381412647,0.9643949255007097,000389-0030
scale-000389,qualification-synthetic,g,62031.0,18.381479610891887,1.0227335975581613,000389-0031
scale-000390,qualification-synthetic,g,62000.0,18.805086257552517,0.8259357193284905,000390-0000
scale-000390,qualification-synthetic,g,62001.0,20.470671056577526,1.0959128542143206,000390-0001
scale-000390,qualification-synthetic,g,62002.0,18.07210482225793,0.9774281563778651,000390-0002
scale-000390,qualification-synthetic,g,62003.0,19.770942598885224,0.9931596507493892,000390-0003
scale-000390,qualification-synthetic,g,62004.0,19.895609402971875,1.0991328593712322,000390-0004
scale-000390,qualification-synthetic,g,62005.0,21.19668953017902,1.1728261059749179,000390-0005
scale-000390,qualification-synthetic,g,62006.0,20.735969301817995,0.9565800239404963,000390-0006
scale-000390,qualification-synthetic,g,62007.0,19.69907428002957,1.1575217244646823,000390-0007
scale-000390,qualification-synthetic,g,62008.0,25.498940233527343,1.0885547786309973,000390-0008
scale-000390,qualification-synthetic,g,62009.0,21.468252124206607,1.0462829028480312,000390-0009
scale-000390,qualification-synthetic,g,62010.0,18.95182600972706,0.8175404728551814,000390-0010
scale-000390,qualification-synthetic,g,62011.0,18.77699972435955,0.9906973563555865,000390-0011
scale-000390,qualification-synthetic,g,62012.0,18.758700671658566,1.1134171385579101,000390-0012
scale-000390,qualification-synthetic,g,62013.0,19.86478808092186,1.0198527921915073,000390-0013
scale-000390,qualification-synthetic,g,62014.0,20.52698068206041,0.9869495928491074,000390-0014
scale-000390,qualification-synthetic,g,62015.0,17.454299368595805,0.9049022065072387,000390-0015
scale-000390,qualification-synthetic,g,62016.0,21.162391689819874,0.8379475529229321,000390-0016
scale-000390,qualification-synthetic,g,62017.0,20.451167808780102,1.1111081399384364,000390-0017
scale-000390,qualification-synthetic,g,62018.0,20.248405043369946,0.9144785023934399,000390-0018
scale-000390,qualification-synthetic,g,62019.0,21.210945563371084,0.9401789024650634,000390-0019
scale-000390,qualification-synthetic,g,62020.0,21.303721444554203,0.8779498835126217,000390-0020
scale-000390,qualification-synthetic,g,62021.0,19.693081061738482,0.9579822324379368,000390-0021
scale-000390,qualification-synthetic,g,62022.0,21.85505628183399,0.9157986453746692,000390-0022
scale-000390,qualification-synthetic,g,62023.0,20.635169522724205,1.1022809033818937,000390-0023
scale-000390,qualification-synthetic,g,62024.0,21.36753224128794,0.8139386394381625,000390-0024
scale-000390,qualification-synthetic,g,62025.0,20.14826520426685,1.190432898648134,000390-0025
scale-000390,qualification-synthetic,g,62026.0,20.325218592034528,1.1991311175387875,000390-0026
scale-000390,qualification-synthetic,g,62027.0,19.331111621249907,0.8991438677012676,000390-0027
scale-000390,qualification-synthetic,g,62028.0,20.645802316086904,0.8428669384264169,000390-0028
scale-000390,qualification-synthetic,g,62029.0,18.512309214154243,0.8525110779085784,000390-0029
scale-000390,qualification-synthetic,g,62030.0,20.92583744983517,0.8474588240089433,000390-0030
scale-000390,qualification-synthetic,g,62031.0,20.25394217444758,1.120288076277484,000390-0031
scale-000391,qualification-synthetic,g,62000.0,19.599620435778153,0.8901790812021768,000391-0000
scale-000391,qualification-synthetic,g,62001.0,19.6504409699978,1.0730177939742198,000391-0001
scale-000391,qualification-synthetic,g,62002.0,20.683824472433077,1.0916307749139726,000391-0002
scale-000391,qualification-synthetic,g,62003.0,20.107098382774517,0.8216577268189003,000391-0003
scale-000391,qualification-synthetic,g,62004.0,18.961123102083615,0.8943451351271627,000391-0004
scale-000391,qualification-synthetic,g,62005.0,20.67729687306461,0.8884233423492557,000391-0005
scale-000391,qualification-synthetic,g,62006.0,19.267895160990403,0.9324655808952417,000391-0006
scale-000391,qualification-synthetic,g,62007.0,19.88085063721433,0.9407774489686015,000391-0007
scale-000391,qualification-synthetic,g,62008.0,21.795761283819544,0.9322700284168036,000391-0008
scale-000391,qualification-synthetic,g,62009.0,20.006207519703967,0.8345086150426546,000391-0009
scale-000391,qualification-synthetic,g,62010.0,19.812737338563153,0.9136278515500851,000391-0010
scale-000391,qualification-synthetic,g,62011.0,21.77314812513779,0.9580296243179269,000391-0011
scale-000391,qualification-synthetic,g,62012.0,19.391165662377276,0.8689415024072745,000391-0012
scale-000391,qualification-synthetic,g,62013.0,22.00173760394973,0.8443031770373153,000391-0013
scale-000391,qualification-synthetic,g,62014.0,19.631342338184524,1.1422818566374997,000391-0014
scale-000391,qualification-synthetic,g,62015.0,21.235796292424,0.9667405330699931,000391-0015
scale-000391,qualification-synthetic,g,62016.0,19.922054090444615,1.099190855339272,000391-0016
scale-000391,qualification-synthetic,g,62017.0,19.056306930079106,0.8470995052850898,000391-0017
scale-000391,qualification-synthetic,g,62018.0,19.649298623145974,0.890522026898169,000391-0018
scale-000391,qualification-synthetic,g,62019.0,21.023324326437404,0.9500673418657543,000391-0019
scale-000391,qualification-synthetic,g,62020.0,19.47574502071389,0.987252070616408,000391-0020
scale-000391,qualification-synthetic,g,62021.0,19.302169248889513,0.8990407996056283,000391-0021
scale-000391,qualification-synthetic,g,62022.0,20.470411583518672,0.9002479154438203,000391-0022
scale-000391,qualification-synthetic,g,62023.0,20.413420950356883,1.0026277873987646,000391-0023
scale-000391,qualification-synthetic,g,62024.0,20.10447389491452,1.1361617227886645,000391-0024
scale-000391,qualification-synthetic,g,62025.0,21.037462313041416,1.171445206915937,000391-0025
scale-000391,qualification-synthetic,g,62026.0,18.78160896059526,0.9572351171788838,000391-0026
scale-000391,qualification-synthetic,g,62027.0,20.24388377762844,0.9230626627366272,000391-0027
scale-000391,qualification-synthetic,g,62028.0,19.736666955968705,0.8653006213087342,000391-0028
scale-000391,qualification-synthetic,g,62029.0,21.960339515038374,1.1900876709590702,000391-0029
scale-000391,qualification-synthetic,g,62030.0,18.217631716070226,0.8800848526694998,000391-0030
scale-000391,qualification-synthetic,g,62031.0,20.7403562992393,0.8708629439335795,000391-0031
scale-000392,qualification-synthetic,g,62000.0,19.1556728370357,0.9987003397745551,000392-0000
scale-000392,qualification-synthetic,g,62001.0,18.578819957913836,0.9093824691675593,000392-0001
scale-000392,qualification-synthetic,g,62002.0,20.589107800943687,0.8911751389117561,000392-0002
scale-000392,qualification-synthetic,g,62003.0,21.995497345359148,0.9886576425280285,000392-0003
scale-000392,qualification-synthetic,g,62004.0,21.345507875870087,1.0254970901977498,000392-0004
scale-000392,qualification-synthetic,g,62005.0,19.612876806773063,0.9537040217434384,000392-0005
scale-000392,qualification-synthetic,g,62006.0,18.198270140615858,1.070538934169784,000392-0006
scale-000392,qualification-synthetic,g,62007.0,19.656451577000272,0.8848718594098524,000392-0007
scale-000392,qualification-synthetic,g,62008.0,17.55137911028666,0.8254160464813102,000392-0008
scale-000392,qualification-synthetic,g,62009.0,21.561798993491657,1.0369924243626167,000392-0009
scale-000392,qualification-synthetic,g,62010.0,20.49343406324161,0.8628826577426885,000392-0010
scale-000392,qualification-synthetic,g,62011.0,20.69155483924713,1.0884695874634638,000392-0011
scale-000392,qualification-synthetic,g,62012.0,20.232497815525406,1.1286800520806544,000392-0012
scale-000392,qualification-synthetic,g,62013.0,20.223296943183435,1.031883012582049,000392-0013
scale-000392,qualification-synthetic,g,62014.0,19.922505396353163,0.9599248180726727,000392-0014
scale-000392,qualification-synthetic,g,62015.0,20.467272539017245,1.042007520500132,000392-0015
scale-000392,qualification-synthetic,g,62016.0,18.69200291446557,1.127157508374567,000392-0016
scale-000392,qualification-synthetic,g,62017.0,19.37298091950771,0.9107676165699667,000392-0017
scale-000392,qualification-synthetic,g,62018.0,19.37014490941575,0.9138600387978839,000392-0018
scale-000392,qualification-synthetic,g,62019.0,20.076386916519553,0.9191716477221282,000392-0019
scale-000392,qualification-synthetic,g,62020.0,19.649388477467273,0.9294502302974443,000392-0020
scale-000392,qualification-synthetic,g,62021.0,19.774750932630198,1.0691129396642696,000392-0021
scale-000392,qualification-synthetic,g,62022.0,19.236543056836688,1.1667582793376183,000392-0022
scale-000392,qualification-synthetic,g,62023.0,19.653841584807648,1.1414963218015621,000392-0023
scale-000392,qualification-synthetic,g,62024.0,19.415679174715805,1.1670418136313623,000392-0024
scale-000392,qualification-synthetic,g,62025.0,20.064380307092005,0.8660901538760901,000392-0025
scale-000392,qualification-synthetic,g,62026.0,18.571175795931104,1.026082738335934,000392-0026
scale-000392,qualification-synthetic,g,62027.0,19.49254505245665,1.022084116298869,000392-0027
scale-000392,qualification-synthetic,g,62028.0,18.96718013306922,1.1165670137598012,000392-0028
scale-000392,qualification-synthetic,g,62029.0,18.669002365685955,0.980418428649144,000392-0029
scale-000392,qualification-synthetic,g,62030.0,19.084429896224744,0.9707938568432067,000392-0030
scale-000392,qualification-synthetic,g,62031.0,18.940217698723377,0.9758392152920838,000392-0031
scale-000393,qualification-synthetic,g,62000.0,19.06584461616444,0.8856007530308373,000393-0000
scale-000393,qualification-synthetic,g,62001.0,24.010476559224138,0.8442664550206385,000393-0001
scale-000393,qualification-synthetic,g,62002.0,22.14062006613653,1.1924530879700954,000393-0002
scale-000393,qualification-synthetic,g,62003.0,20.071634099222642,0.8018620041139681,000393-0003
scale-000393,qualification-synthetic,g,62004.0,19.088365638054867,0.8845848113197817,000393-0004
scale-000393,qualification-synthetic,g,62005.0,19.69408911512611,1.127973898984977,000393-0005
scale-000393,qualification-synthetic,g,62006.0,18.86669208292627,1.0833105642515763,000393-0006
scale-000393,qualification-synthetic,g,62007.0,19.993331558420433,1.1120340267050464,000393-0007
scale-000393,qualification-synthetic,g,62008.0,19.784847691831402,1.0884391421255009,000393-0008
scale-000393,qualification-synthetic,g,62009.0,16.481162615339073,1.1605868432406443,000393-0009
scale-000393,qualification-synthetic,g,62010.0,18.873873843043086,1.170385243928044,000393-0010
scale-000393,qualification-synthetic,g,62011.0,20.269420677771848,0.909322537381283,000393-0011
scale-000393,qualification-synthetic,g,62012.0,20.05875380288129,1.1948546276346097,000393-0012
scale-000393,qualification-synthetic,g,62013.0,20.08664970715522,0.970615955596813,000393-0013
scale-000393,qualification-synthetic,g,62014.0,16.418225676050582,0.890741299220479,000393-0014
scale-000393,qualification-synthetic,g,62015.0,18.2895981949425,1.072749545599686,000393-0015
scale-000393,qualification-synthetic,g,62016.0,20.206879231986473,0.9944417659975052,000393-0016
scale-000393,qualification-synthetic,g,62017.0,19.888655954230472,1.1624086555195807,000393-0017
scale-000393,qualification-synthetic,g,62018.0,19.437278520422613,0.8796130966368289,000393-0018
scale-000393,qualification-synthetic,g,62019.0,19.76601250118183,0.8123320647804513,000393-0019
scale-000393,qualification-synthetic,g,62020.0,20.387135906660863,0.8452964444569881,000393-0020
scale-000393,qualification-synthetic,g,62021.0,21.81214209976445,0.943326666757166,000393-0021
scale-000393,qualification-synthetic,g,62022.0,19.863506248518718,0.8903721528345147,000393-0022
scale-000393,qualification-synthetic,g,62023.0,19.5876359697429,0.9395027837634494,000393-0023
scale-000393,qualification-synthetic,g,62024.0,19.935415083995856,0.8557982649500342,000393-0024
scale-000393,qualification-synthetic,g,62025.0,17.170001734220985,1.1222301815412024,000393-0025
scale-000393,qualification-synthetic,g,62026.0,20.397006922411077,1.1006363930274565,000393-0026
scale-000393,qualification-synthetic,g,62027.0,20.258315452067304,1.0594724220443743,000393-0027
scale-000393,qualification-synthetic,g,62028.0,19.020846461087185,0.8822334464513172,000393-0028
scale-000393,qualification-synthetic,g,62029.0,16.869681288006277,0.8902485404564644,000393-0029
scale-000393,qualification-synthetic,g,62030.0,20.92029519523144,0.9832847150128164,000393-0030
scale-000393,qualification-synthetic,g,62031.0,21.07637291305344,1.1213245542177985,000393-0031
scale-000394,qualification-synthetic,g,62000.0,21.144479196890753,0.9327790342779616,000394-0000
scale-000394,qualification-synthetic,g,62001.0,19.07806110759607,1.1743798600459399,000394-0001
scale-000394,qualification-synthetic,g,62002.0,20.579934286776545,1.1318662773621142,000394-0002
scale-000394,qualification-synthetic,g,62003.0,18.233338884654607,0.9780787830581077,000394-0003
scale-000394,qualification-synthetic,g,62004.0,19.32456349042954,1.1506868983370504,000394-0004
scale-000394,qualification-synthetic,g,62005.0,21.299023177962937,0.8460943198285183,000394-0005
scale-000394,qualification-synthetic,g,62006.0,20.07329819274648,1.157668095481076,000394-0006
scale-000394,qualification-synthetic,g,62007.0,19.986081744244775,0.8156931520685278,000394-0007
scale-000394,qualification-synthetic,g,62008.0,19.861042914357903,1.1772204502437702,000394-0008
scale-000394,qualification-synthetic,g,62009.0,20.400997905229623,0.8121331445157771,000394-0009
scale-000394,qualification-synthetic,g,62010.0,19.966208405227107,1.0847060121984637,000394-0010
scale-000394,qualification-synthetic,g,62011.0,21.17073429056604,1.0581457770429306,000394-0011
scale-000394,qualification-synthetic,g,62012.0,18.767894832647197,0.8507492009187755,000394-0012
scale-000394,qualification-synthetic,g,62013.0,22.944380076083466,1.027719055273268,000394-0013
scale-000394,qualification-synthetic,g,62014.0,19.891804810382784,1.13115533270738,000394-0014
scale-000394,qualification-synthetic,g,62015.0,20.5588132999583,1.1571133771231885,000394-0015
scale-000394,qualification-synthetic,g,62016.0,19.27462764493458,1.0194634030303402,000394-0016
scale-000394,qualification-synthetic,g,62017.0,20.908794177938827,1.0656447340707862,000394-0017
scale-000394,qualification-synthetic,g,62018.0,18.203310869049936,1.1862960904639237,000394-0018
scale-000394,qualification-synthetic,g,62019.0,18.206902712966652,0.9440106909484578,000394-0019
scale-000394,qualification-synthetic,g,62020.0,19.6454376719401,0.9646404890410121,000394-0020
scale-000394,qualification-synthetic,g,62021.0,19.09564895074337,0.9767173768240628,000394-0021
scale-000394,qualification-synthetic,g,62022.0,20.119650090630035,0.8799965909528492,000394-0022
scale-000394,qualification-synthetic,g,62023.0,20.82135737754455,0.9983139623589301,000394-0023
scale-000394,qualification-synthetic,g,62024.0,21.457624389229505,1.1995485765928036,000394-0024
scale-000394,qualification-synthetic,g,62025.0,18.586091232469773,0.8544931650912397,000394-0025
scale-000394,qualification-synthetic,g,62026.0,20.193058427653813,0.9736637480327989,000394-0026
scale-000394,qualification-synthetic,g,62027.0,20.218057072342614,0.8708001617428479,000394-0027
scale-000394,qualification-synthetic,g,62028.0,18.617983808787038,1.115835039179241,000394-0028
scale-000394,qualification-synthetic,g,62029.0,19.846700859319743,0.9816455846007075,000394-0029
scale-000394,qualification-synthetic,g,62030.0,19.78309369565372,0.9016504389764282,000394-0030
scale-000394,qualification-synthetic,g,62031.0,20.1070520985798,1.035436837709745,000394-0031
scale-000395,qualification-synthetic,g,62000.0,19.635843291968335,0.8982276692717829,000395-0000
scale-000395,qualification-synthetic,g,62001.0,21.314937204849905,1.0674201738556541,000395-0001
scale-000395,qualification-synthetic,g,62002.0,20.905568143108372,1.1372934215143502,000395-0002
scale-000395,qualification-synthetic,g,62003.0,19.25632135003731,0.8872697235257992,000395-0003
scale-000395,qualification-synthetic,g,62004.0,19.192363323927324,1.0934051705483179,000395-0004
scale-000395,qualification-synthetic,g,62005.0,20.202824160960525,0.9740630443134515,000395-0005
scale-000395,qualification-synthetic,g,62006.0,20.339386148947188,0.8928182239533488,000395-0006
scale-000395,qualification-synthetic,g,62007.0,19.846710760741257,1.0345934481953523,000395-0007
scale-000395,qualification-synthetic,g,62008.0,19.902314456270982,1.0786167800137862,000395-0008
scale-000395,qualification-synthetic,g,62009.0,18.486273963303205,1.0908688123786863,000395-0009
scale-000395,qualification-synthetic,g,62010.0,18.430384049207763,0.950441485027527,000395-0010
scale-000395,qualification-synthetic,g,62011.0,20.63712371825036,0.8488341219112647,000395-0011
scale-000395,qualification-synthetic,g,62012.0,19.071440880093085,1.0808079438961438,000395-0012
scale-000395,qualification-synthetic,g,62013.0,19.710833016513767,0.9958432306381123,000395-0013
scale-000395,qualification-synthetic,g,62014.0,18.099720827434123,0.9678075195760345,000395-0014
scale-000395,qualification-synthetic,g,62015.0,19.66992616830332,1.1682520475622116,000395-0015
scale-000395,qualification-synthetic,g,62016.0,20.138273726219808,0.8981846005224989,000395-0016
scale-000395,qualification-synthetic,g,62017.0,20.24080281050914,1.0164250597579496,000395-0017
scale-000395,qualification-synthetic,g,62018.0,20.978022039347515,0.8330692419979402,000395-0018
scale-000395,qualification-synthetic,g,62019.0,21.271302041807076,0.9747156126452491,000395-0019
scale-000395,qualification-synthetic,g,62020.0,20.864150964911573,1.1872057036346249,000395-0020
scale-000395,qualification-synthetic,g,62021.0,20.33666211920689,0.80899557634864,000395-0021
scale-000395,qualification-synthetic,g,62022.0,19.34873265333175,0.9661761648906657,000395-0022
scale-000395,qualification-synthetic,g,62023.0,21.738070476679503,1.0715021712217145,000395-0023
scale-000395,qualification-synthetic,g,62024.0,20.06381127745842,1.153984196999536,000395-0024
scale-000395,qualification-synthetic,g,62025.0,21.300742376516027,0.9531910331520428,000395-0025
scale-000395,qualification-synthetic,g,62026.0,20.39145277376122,1.0627759346580161,000395-0026
scale-000395,qualification-synthetic,g,62027.0,19.69814750255176,0.8020883036905067,000395-0027
scale-000395,qualification-synthetic,g,62028.0,19.39810542516504,1.1342300619879935,000395-0028
scale-000395,qualification-synthetic,g,62029.0,21.209233915614114,0.8174672881260934,000395-0029
scale-000395,qualification-synthetic,g,62030.0,20.502372435219595,1.0252628495553617,000395-0030
scale-000395,qualification-synthetic,g,62031.0,18.61661096703586,1.054429932947542,000395-0031
scale-000396,qualification-synthetic,g,62000.0,18.214062138256224,1.0037934069697532,000396-0000
scale-000396,qualification-synthetic,g,62001.0,18.344563926188194,0.961707457479109,000396-0001
scale-000396,qualification-synthetic,g,62002.0,19.09817349716466,1.152425942739111,000396-0002
scale-000396,qualification-synthetic,g,62003.0,19.365852202069934,1.0347153318102005,000396-0003
scale-000396,qualification-synthetic,g,62004.0,18.47241560359097,1.1780766565667435,000396-0004
scale-000396,qualification-synthetic,g,62005.0,20.03172248062274,1.0595769066438931,000396-0005
scale-000396,qualification-synthetic,g,62006.0,17.646628558503398,0.807788435775861,000396-0006
scale-000396,qualification-synthetic,g,62007.0,22.55406155635927,1.0566175289671502,000396-0007
scale-000396,qualification-synthetic,g,62008.0,21.84133131909363,0.8330772931584419,000396-0008
scale-000396,qualification-synthetic,g,62009.0,20.690499029635625,1.1926723074777732,000396-0009
scale-000396,qualification-synthetic,g,62010.0,20.639175318906798,0.9802039554511988,000396-0010
scale-000396,qualification-synthetic,g,62011.0,18.476180549973527,1.0304421849011116,000396-0011
scale-000396,qualification-synthetic,g,62012.0,19.870192288870378,0.843199031396117,000396-0012
scale-000396,qualification-synthetic,g,62013.0,19.66960173521514,0.9627470518933179,000396-0013
scale-000396,qualification-synthetic,g,62014.0,20.38992787870989,0.9407517814993442,000396-0014
scale-000396,qualification-synthetic,g,62015.0,21.176380769743005,0.9697124903985107,000396-0015
scale-000396,qualification-synthetic,g,62016.0,19.573706176362418,1.1987383079541511,000396-0016
scale-000396,qualification-synthetic,g,62017.0,20.380014072045316,1.1452376534019655,000396-0017
scale-000396,qualification-synthetic,g,62018.0,21.10159947610518,1.177408660680831,000396-0018
scale-000396,qualification-synthetic,g,62019.0,20.548860942492237,1.0443152763097248,000396-0019
scale-000396,qualification-synthetic,g,62020.0,19.626683885616156,1.1116924906402244,000396-0020
scale-000396,qualification-synthetic,g,62021.0,20.0508955707266,1.1402667690950468,000396-0021
scale-000396,qualification-synthetic,g,62022.0,20.870251922600744,1.0732962413970288,000396-0022
scale-000396,qualification-synthetic,g,62023.0,17.853285650100787,1.0759540488953283,000396-0023
scale-000396,qualification-synthetic,g,62024.0,20.526400155968755,0.9988531482150182,000396-0024
scale-000396,qualification-synthetic,g,62025.0,20.20557945751687,1.1007441007823522,000396-0025
scale-000396,qualification-synthetic,g,62026.0,19.812729737630722,0.9391019962771382,000396-0026
scale-000396,qualification-synthetic,g,62027.0,18.568693017598413,0.985894201787438,000396-0027
scale-000396,qualification-synthetic,g,62028.0,19.830680696426946,0.8795724095556495,000396-0028
scale-000396,qualification-synthetic,g,62029.0,20.01037747964008,0.9582930868646906,000396-0029
scale-000396,qualification-synthetic,g,62030.0,19.5299450275327,1.0089581297195596,000396-0030
scale-000396,qualification-synthetic,g,62031.0,21.42727426684027,0.9321888922199087,000396-0031
scale-000397,qualification-synthetic,g,62000.0,19.846128037206757,0.8093905533156958,000397-0000
scale-000397,qualification-synthetic,g,62001.0,20.647034310681864,0.9710429229448017,000397-0001
scale-000397,qualification-synthetic,g,62002.0,19.678708324302526,1.0953028567379306,000397-0002
scale-000397,qualification-synthetic,g,62003.0,19.502598626125888,1.084085852028675,000397-0003
scale-000397,qualification-synthetic,g,62004.0,22.080442507526904,1.0063363877664606,000397-0004
scale-000397,qualification-synthetic,g,62005.0,19.00455854132057,1.1289240200264399,000397-0005
scale-000397,qualification-synthetic,g,62006.0,20.707301256316715,0.9234551618044443,000397-0006
scale-000397,qualification-synthetic,g,62007.0,20.222505322256968,0.9238170941092037,000397-0007
scale-000397,qualification-synthetic,g,62008.0,20.534575789654617,1.1927651314972871,000397-0008
scale-000397,qualification-synthetic,g,62009.0,22.3423416890882,1.0465032654472624,000397-0009
scale-000397,qualification-synthetic,g,62010.0,19.55926509234648,0.8484464315389242,000397-0010
scale-000397,qualification-synthetic,g,62011.0,23.402761734753206,1.1602146836307137,000397-0011
scale-000397,qualification-synthetic,g,62012.0,20.022023806530807,1.1467697698634485,000397-0012
scale-000397,qualification-synthetic,g,62013.0,20.236340179830133,0.8155308457609821,000397-0013
scale-000397,qualification-synthetic,g,62014.0,18.49067666135954,1.0939703320855267,000397-0014
scale-000397,qualification-synthetic,g,62015.0,20.38809155667975,1.0076939780164083,000397-0015
scale-000397,qualification-synthetic,g,62016.0,19.951742191032707,1.0301121108320725,000397-0016
scale-000397,qualification-synthetic,g,62017.0,20.11690677183262,1.0575819771819654,000397-0017
scale-000397,qualification-synthetic,g,62018.0,20.77164844736282,0.8742344886619371,000397-0018
scale-000397,qualification-synthetic,g,62019.0,19.656889249670428,1.0452676601805158,000397-0019
scale-000397,qualification-synthetic,g,62020.0,19.83346935698635,1.160201382396614,000397-0020
scale-000397,qualification-synthetic,g,62021.0,18.51566343091822,0.9708961152372287,000397-0021
scale-000397,qualification-synthetic,g,62022.0,20.82773953838107,1.0073821003283867,000397-0022
scale-000397,qualification-synthetic,g,62023.0,18.56106595818465,1.0766541065240285,000397-0023
scale-000397,qualification-synthetic,g,62024.0,20.2842147780729,0.8915264121768304,000397-0024
scale-000397,qualification-synthetic,g,62025.0,19.694977324564203,0.831078693754095,000397-0025
scale-000397,qualification-synthetic,g,62026.0,18.797128469315126,1.0794844035075195,000397-0026
scale-000397,qualification-synthetic,g,62027.0,18.431913929304955,1.0521950683689305,000397-0027
scale-000397,qualification-synthetic,g,62028.0,16.750018749683534,1.1142386829523325,000397-0028
scale-000397,qualification-synthetic,g,62029.0,20.42368562490202,1.0302602929850055,000397-0029
scale-000397,qualification-synthetic,g,62030.0,21.27896864601307,0.8435845263358142,000397-0030
scale-000397,qualification-synthetic,g,62031.0,18.680131369019207,1.1363433710932254,000397-0031
scale-000398,qualification-synthetic,g,62000.0,17.69809431657443,0.9895544954465388,000398-0000
scale-000398,qualification-synthetic,g,62001.0,22.570699509662603,1.0717999007087904,000398-0001
scale-000398,qualification-synthetic,g,62002.0,17.042900245206386,1.1133288200400357,000398-0002
scale-000398,qualification-synthetic,g,62003.0,24.696577953838037,0.8787119579111011,000398-0003
scale-000398,qualification-synthetic,g,62004.0,19.107625104278906,0.8186564561558882,000398-0004
scale-000398,qualification-synthetic,g,62005.0,19.661803978770493,0.8279384838806882,000398-0005
scale-000398,qualification-synthetic,g,62006.0,19.383595024722087,0.891804857177053,000398-0006
scale-000398,qualification-synthetic,g,62007.0,21.401450147520997,0.9450343673823166,000398-0007
scale-000398,qualification-synthetic,g,62008.0,22.40100585371154,1.193222250693022,000398-0008
scale-000398,qualification-synthetic,g,62009.0,19.952749966761683,1.1848983515948162,000398-0009
scale-000398,qualification-synthetic,g,62010.0,19.645541014867423,0.8970076745641614,000398-0010
scale-000398,qualification-synthetic,g,62011.0,19.823689242948735,0.8258772446821191,000398-0011
scale-000398,qualification-synthetic,g,62012.0,20.824261046352074,0.8093312055497446,000398-0012
scale-000398,qualification-synthetic,g,62013.0,20.0381827871778,0.827301241952725,000398-0013
scale-000398,qualification-synthetic,g,62014.0,21.09902812926952,1.0462223233969954,000398-0014
scale-000398,qualification-synthetic,g,62015.0,20.087605179922797,0.8731601762321185,000398-0015
scale-000398,qualification-synthetic,g,62016.0,20.131223355707963,0.8710176590547554,000398-0016
scale-000398,qualification-synthetic,g,62017.0,20.347030743144774,1.0846922784699082,000398-0017
scale-000398,qualification-synthetic,g,62018.0,20.633670667402075,1.060179564243186,000398-0018
scale-000398,qualification-synthetic,g,62019.0,18.280747634440967,0.9138617640025918,000398-0019
scale-000398,qualification-synthetic,g,62020.0,20.320506333863474,0.9266714993643473,000398-0020
scale-000398,qualification-synthetic,g,62021.0,21.745645041541987,0.9455902964799281,000398-0021
scale-000398,qualification-synthetic,g,62022.0,19.995383503936196,1.1360991013525492,000398-0022
scale-000398,qualification-synthetic,g,62023.0,24.02498781845369,1.1818725775328265,000398-0023
scale-000398,qualification-synthetic,g,62024.0,20.829864411014167,1.0633160277926912,000398-0024
scale-000398,qualification-synthetic,g,62025.0,20.360831624460378,1.1231226032427413,000398-0025
scale-000398,qualification-synthetic,g,62026.0,20.140868307370667,0.9893559908542549,000398-0026
scale-000398,qualification-synthetic,g,62027.0,20.68002546000965,0.9263382840233357,000398-0027
scale-000398,qualification-synthetic,g,62028.0,20.2295873319666,0.8662183934848104,000398-0028
scale-000398,qualification-synthetic,g,62029.0,20.095953670531014,0.878988837845072,000398-0029
scale-000398,qualification-synthetic,g,62030.0,21.075483474870744,1.0351110169148707,000398-0030
scale-000398,qualification-synthetic,g,62031.0,20.80487433076232,1.1239197064109177,000398-0031
scale-000399,qualification-synthetic,g,62000.0,18.882783766136356,0.9019056291983168,000399-0000
scale-000399,qualification-synthetic,g,62001.0,21.39243232673885,0.9631697688034349,000399-0001
scale-000399,qualification-synthetic,g,62002.0,27.26947099243705,1.1482344780420624,000399-0002
scale-000399,qualification-synthetic,g,62003.0,19.353277061092502,1.0626413508564818,000399-0003
scale-000399,qualification-synthetic,g,62004.0,18.791956310991722,1.105626950894873,000399-0004
scale-000399,qualification-synthetic,g,62005.0,19.154472187030443,0.9218558535458513,000399-0005
scale-000399,qualification-synthetic,g,62006.0,19.19876213756472,0.8095594818820054,000399-0006
scale-000399,qualification-synthetic,g,62007.0,17.53590305154583,1.1958361463122085,000399-0007
scale-000399,qualification-synthetic,g,62008.0,19.384915612528136,0.9726518024139519,000399-0008
scale-000399,qualification-synthetic,g,62009.0,21.827132503980526,1.0861656495578118,000399-0009
scale-000399,qualification-synthetic,g,62010.0,19.05349368990309,1.144258400991036,000399-0010
scale-000399,qualification-synthetic,g,62011.0,19.516267626143296,0.916751690840437,000399-0011
scale-000399,qualification-synthetic,g,62012.0,18.73935587829639,0.9581878635914991,000399-0012
scale-000399,qualification-synthetic,g,62013.0,19.278428195454804,1.1797366452339595,000399-0013
scale-000399,qualification-synthetic,g,62014.0,20.074196084787772,1.1589695871682448,000399-0014
scale-000399,qualification-synthetic,g,62015.0,19.01323591148131,1.0213560875112435,000399-0015
scale-000399,qualification-synthetic,g,62016.0,19.51297291990609,0.9641731039162136,000399-0016
scale-000399,qualification-synthetic,g,62017.0,20.608909395376315,1.1692342058388865,000399-0017
scale-000399,qualification-synthetic,g,62018.0,19.516616004964508,1.0862193340213828,000399-0018
scale-000399,qualification-synthetic,g,62019.0,21.262421250808938,1.1298594250126996,000399-0019
scale-000399,qualification-synthetic,g,62020.0,19.803203094151222,0.8342850544642186,000399-0020
scale-000399,qualification-synthetic,g,62021.0,18.849182129658267,0.9824695730390209,000399-0021
scale-000399,qualification-synthetic,g,62022.0,20.73506648338396,1.002550154054127,000399-0022
scale-000399,qualification-synthetic,g,62023.0,20.990292759777212,1.0056973902446653,000399-0023
scale-000399,qualification-synthetic,g,62024.0,18.897362957155,0.8579407720773762,000399-0024
scale-000399,qualification-synthetic,g,62025.0,19.430844382439762,1.1262217791905482,000399-0025
scale-000399,qualification-synthetic,g,62026.0,19.583583457298374,0.9878373370609128,000399-0026
scale-000399,qualification-synthetic,g,62027.0,20.360759842341235,1.155458037599919,000399-0027
scale-000399,qualification-synthetic,g,62028.0,17.437379792213342,1.1149306358121778,000399-0028
scale-000399,qualification-synthetic,g,62029.0,20.04351782656293,1.0509059054271486,000399-0029
scale-000399,qualification-synthetic,g,62030.0,19.686953733805083,0.8137789591409155,000399-0030
scale-000399,qualification-synthetic,g,62031.0,19.361959963269857,1.0834809274289032,000399-0031
