source_id,survey,band,mjd,flux,flux_error,observation_id
scale-000400,qualification-synthetic,g,62000.0,20.189998639179656,1.1711175160847394,000400-0000
scale-000400,qualification-synthetic,g,62001.0,14.41618600824706,1.103537011150886,000400-0001
scale-000400,qualification-synthetic,g,62002.0,20.80612399617339,0.8812890996629459,000400-0002
scale-000400,qualification-synthetic,g,62003.0,18.91984395721529,1.179119072326091,000400-0003
scale-000400,qualification-synthetic,g,62004.0,19.16899509694305,0.8875176467005383,000400-0004
scale-000400,qualification-synthetic,g,62005.0,18.66924348558532,1.1096861406016645,000400-0005
scale-000400,qualification-synthetic,g,62006.0,20.420964472538518,0.958171975477651,000400-0006
scale-000400,qualification-synthetic,g,62007.0,18.632847110612676,0.8836604058990238,000400-0007
scale-000400,qualification-synthetic,g,62008.0,20.137046598041426,1.0515121678182882,000400-0008
scale-000400,qualification-synthetic,g,62009.0,21.22537291502317,0.9585683360409075,000400-0009
scale-000400,qualification-synthetic,g,62010.0,19.683153556322335,0.9826465309598521,000400-0010
scale-000400,qualification-synthetic,g,62011.0,20.043466059668063,0.9378268046295043,000400-0011
scale-000400,qualification-synthetic,g,62012.0,20.67044558053259,1.1284962766858442,000400-0012
scale-000400,qualification-synthetic,g,62013.0,18.911446148403435,1.1026438567897656,000400-0013
scale-000400,qualification-synthetic,g,62014.0,21.89334230968785,0.9679343786490882,000400-0014
scale-000400,qualification-synthetic,g,62015.0,24.049899432939437,1.0252383442848112,000400-0015
scale-000400,qualification-synthetic,g,62016.0,28.823165264967823,1.1280725866324206,000400-0016
scale-000400,qualification-synthetic,g,62017.0,24.72497172363884,0.9072684575418534,000400-0017
scale-000400,qualification-synthetic,g,62018.0,25.84594053064967,1.1016221172776925,000400-0018
scale-000400,qualification-synthetic,g,62019.0,25.87325205578619,1.1914136500388508,000400-0019
scale-000400,qualification-synthetic,g,62020.0,24.43781576362491,0.9611118639660696,000400-0020
scale-000400,qualification-synthetic,g,62021.0,20.46839429842541,1.1273162773653878,000400-0021
scale-000400,qualification-synthetic,g,62022.0,19.501824203813033,0.9956664610642163,000400-0022
scale-000400,qualification-synthetic,g,62023.0,20.274715565227396,1.0919123595158997,000400-0023
scale-000400,qualification-synthetic,g,62024.0,18.66386353347609,0.9350637691754274,000400-0024
scale-000400,qualification-synthetic,g,62025.0,19.756495127904863,1.1890576495192164,000400-0025
scale-000400,qualification-synthetic,g,62026.0,21.15734894776014,0.9641171474068307,000400-0026
scale-000400,qualification-synthetic,g,62027.0,18.45295318311593,1.191668712152641,000400-0027
scale-000400,qualification-synthetic,g,62028.0,20.118663034354842,0.9821034704743893,000400-0028
scale-000400,qualification-synthetic,g,62029.0,19.22077628387687,1.0706924540028333,000400-0029
scale-000400,qualification-synthetic,g,62030.0,22.023605869543808,0.9909945776996721,000400-0030
scale-000400,qualification-synthetic,g,62031.0,22.387026545638488,1.1750013966484485,000400-0031
scale-000401,qualification-synthetic,g,62000.0,20.2575531443661,0.8661554639110361,000401-0000
scale-000401,qualification-synthetic,g,62001.0,20.762013987788237,1.125235838544767,000401-0001
scale-000401,qualification-synthetic,g,62002.0,21.395324704316653,1.0166164963083324,000401-0002
scale-000401,qualification-synthetic,g,62003.0,22.36051983277586,1.1235926256980509,000401-0003
scale-000401,qualification-synthetic,g,62004.0,19.345293684983517,1.0085298260791624,000401-0004
scale-000401,qualification-synthetic,g,62005.0,18.81740552700799,1.12374727379763,000401-0005
scale-000401,qualification-synthetic,g,62006.0,19.93243676148416,1.0670943951016265,000401-0006
scale-000401,qualification-synthetic,g,62007.0,20.784713759578587,1.1954061988208002,000401-0007
scale-000401,qualification-synthetic,g,62008.0,21.226327906031855,0.9522840334336014,000401-0008
scale-000401,qualification-synthetic,g,62009.0,21.231253327605337,1.022644330216158,000401-0009
scale-000401,qualification-synthetic,g,62010.0,19.349694587360485,0.9368002339083917,000401-0010
scale-000401,qualification-synthetic,g,62011.0,19.6711383899675,1.1319457024621076,000401-0011
scale-000401,qualification-synthetic,g,62012.0,21.127797501074436,0.8751178936877717,000401-0012
scale-000401,qualification-synthetic,g,62013.0,20.19261976064617,0.8097500474273457,000401-0013
scale-000401,qualification-synthetic,g,62014.0,20.357355284171277,1.111636553543267,000401-0014
scale-000401,qualification-synthetic,g,62015.0,20.232531084282407,0.917624249201583,000401-0015
scale-000401,qualification-synthetic,g,62016.0,19.95265900985911,1.1702844162509964,000401-0016
scale-000401,qualification-synthetic,g,62017.0,19.909371629004344,0.9421743889734561,000401-0017
scale-000401,qualification-synthetic,g,62018.0,19.801577662538133,0.8825617530262527,000401-0018
scale-000401,qualification-synthetic,g,62019.0,18.558646550840447,0.8135551995471803,000401-0019
scale-000401,qualification-synthetic,g,62020.0,20.340247643141904,0.8130491757559106,000401-0020
scale-000401,qualification-synthetic,g,62021.0,18.874149387232894,0.8243249455760269,000401-0021
scale-000401,qualification-synthetic,g,62022.0,20.20235490400042,0.9800184786354678,000401-0022
scale-000401,qualification-synthetic,g,62023.0,19.866218609737647,1.1942262108712034,000401-0023
scale-000401,qualification-synthetic,g,62024.0,19.838874117243286,0.9380253705099423,000401-0024
scale-000401,qualification-synthetic,g,62025.0,19.61204561281915,0.9672428663396425,000401-0025
scale-000401,qualification-synthetic,g,62026.0,19.522099963314183,1.0108135907378317,000401-0026
scale-000401,qualification-synthetic,g,62027.0,20.885643616324764,0.9381615249274755,000401-0027
scale-000401,qualification-synthetic,g,62028.0,22.08366023124823,0.9442095264932144,000401-0028
scale-000401,qualification-synthetic,g,62029.0,19.547100235450433,1.1434764004644438,000401-0029
scale-000401,qualification-synthetic,g,62030.0,17.62837768647302,0.8593134546400042,000401-0030
scale-000401,qualification-synthetic,g,62031.0,21.169567207833172,1.130587207310582,000401-0031
scale-000402,qualification-synthetic,g,62000.0,19.44018752517688,0.9332010247491437,000402-0000
scale-000402,qualification-synthetic,g,62001.0,18.9196796557669,1.0767351511886887,000402-0001
scale-000402,qualification-synthetic,g,62002.0,20.86836177347433,0.9200211434572209,000402-0002
scale-000402,qualification-synthetic,g,62003.0,21.233390711381126,0.984249583200811,000402-0003
scale-000402,qualification-synthetic,g,62004.0,18.78041509602104,1.197020338214694,000402-0004
scale-000402,qualification-synthetic,g,62005.0,19.55704323755704,1.1250006267112784,000402-0005
scale-000402,qualification-synthetic,g,62006.0,22.278491713240065,1.0148232990084547,000402-0006
scale-000402,qualification-synthetic,g,62007.0,23.13651356042951,0.85697450201021,000402-0007
scale-000402,qualification-synthetic,g,62008.0,20.26107337020114,0.9633449816317602,000402-0008
scale-000402,qualification-synthetic,g,62009.0,21.085784637431914,1.1699485745166005,000402-0009
scale-000402,qualification-synthetic,g,62010.0,22.305570375552325,0.8764464446938037,000402-0010
scale-000402,qualification-synthetic,g,62011.0,21.159014409439475,1.1124100401438184,000402-0011
scale-000402,qualification-synthetic,g,62012.0,20.329271017339625,0.800838709712046,000402-0012
scale-000402,qualification-synthetic,g,62013.0,18.43092850487281,0.8126740606846027,000402-0013
scale-000402,qualification-synthetic,g,62014.0,19.932336325347723,0.9991959860247762,000402-0014
scale-000402,qualification-synthetic,g,62015.0,20.855158518590983,1.067534124432938,000402-0015
scale-000402,qualification-synthetic,g,62016.0,19.537490833937998,0.8418291261197537,000402-0016
scale-000402,qualification-synthetic,g,62017.0,19.321824522279943,0.9659340460289618,000402-0017
scale-000402,qualification-synthetic,g,62018.0,19.33421666680961,0.8233958618675239,000402-0018
scale-000402,qualification-synthetic,g,62019.0,19.25889808480374,1.1963860469504366,000402-0019
scale-000402,qualification-synthetic,g,62020.0,18.780893402280178,0.8864392616137565,000402-0020
scale-000402,qualification-synthetic,g,62021.0,20.50635730990964,0.8280708175972382,000402-0021
scale-000402,qualification-synthetic,g,62022.0,19.880044135291048,0.9188426651999576,000402-0022
scale-000402,qualification-synthetic,g,62023.0,20.73156512204596,0.8658730392378938,000402-0023
scale-000402,qualification-synthetic,g,62024.0,18.394086551354377,0.9886893380493371,000402-0024
scale-000402,qualification-synthetic,g,62025.0,19.598325775843076,0.8522894133563945,000402-0025
scale-000402,qualification-synthetic,g,62026.0,22.376391352465873,1.1154449415429262,000402-0026
scale-000402,qualification-synthetic,g,62027.0,20.900747404316085,0.8326456096083367,000402-0027
scale-000402,qualification-synthetic,g,62028.0,19.55015073829829,1.076173779499184,000402-0028
scale-000402,qualification-synthetic,g,62029.0,19.005562250507182,1.0390906064195156,000402-0029
scale-000402,qualification-synthetic,g,62030.0,19.569803025467937,0.9325545197808954,000402-0030
scale-000402,qualification-synthetic,g,62031.0,20.80151381323215,1.0704970346594038,000402-0031
scale-000403,qualification-synthetic,g,62000.0,18.744640021545646,1.0589611456311359,000403-0000
scale-000403,qualification-synthetic,g,62001.0,20.633217168603473,1.0106364096987435,000403-0001
scale-000403,qualification-synthetic,g,62002.0,19.228018186040128,0.8064386729887116,000403-0002
scale-000403,qualification-synthetic,g,62003.0,20.731227088946103,1.107296772410369,000403-0003
scale-000403,qualification-synthetic,g,62004.0,19.272206662789625,1.0517326304828145,000403-0004
scale-000403,qualification-synthetic,g,62005.0,17.937716977905673,1.1304431453714616,000403-0005
scale-000403,qualification-synthetic,g,62006.0,20.035904937421925,0.9347617253748459,000403-0006
scale-000403,qualification-synthetic,g,62007.0,19.495688749201612,0.8687045142877147,000403-0007
scale-000403,qualification-synthetic,g,62008.0,20.38068974520164,1.172528073601293,000403-0008
scale-000403,qualification-synthetic,g,62009.0,20.36064523050028,1.0896587620709326,000403-0009
scale-000403,qualification-synthetic,g,62010.0,19.43763266991179,1.066017745477869,000403-0010
scale-000403,qualification-synthetic,g,62011.0,20.424609685209553,0.889916924295401,000403-0011
scale-000403,qualification-synthetic,g,62012.0,21.166881674105582,0.8527054975694666,000403-0012
scale-000403,qualification-synthetic,g,62013.0,19.71718294441042,1.0244327736118226,000403-0013
scale-000403,qualification-synthetic,g,62014.0,20.123266090039216,0.9982458670244847,000403-0014
scale-000403,qualification-synthetic,g,62015.0,19.786561644724134,0.8408989263401732,000403-0015
scale-000403,qualification-synthetic,g,62016.0,22.395988463721633,1.1457842339176751,000403-0016
scale-000403,qualification-synthetic,g,62017.0,21.298763678964132,0.8806950407499272,000403-0017
scale-000403,qualification-synthetic,g,62018.0,21.125190380392986,0.9314074877513171,000403-0018
scale-000403,qualification-synthetic,g,62019.0,19.897726874412534,1.1654868623443304,000403-0019
scale-000403,qualification-synthetic,g,62020.0,19.79554167077938,1.1050174154766854,000403-0020
scale-000403,qualification-synthetic,g,62021.0,21.933839934852212,1.160793976039405,000403-0021
scale-000403,qualification-synthetic,g,62022.0,20.295204273351654,0.8114701088880697,000403-0022
scale-000403,qualification-synthetic,g,62023.0,20.757658714192743,1.0280121065685872,000403-0023
scale-000403,qualification-synthetic,g,62024.0,19.007939493783237,1.1491934965075215,000403-0024
scale-000403,qualification-synthetic,g,62025.0,20.48402715856265,1.0008564410341805,000403-0025
scale-000403,qualification-synthetic,g,62026.0,21.765655492357098,1.0789113567004018,000403-0026
scale-000403,qualification-synthetic,g,62027.0,20.66869248704176,1.070768513615482,000403-0027
scale-000403,qualification-synthetic,g,62028.0,20.4089321940201,0.8213842781691716,000403-0028
scale-000403,qualification-synthetic,g,62029.0,20.322324563057585,0.8439286565584586,000403-0029
scale-000403,qualification-synthetic,g,62030.0,20.61849696459487,0.970550454390122,000403-0030
scale-000403,qualification-synthetic,g,62031.0,20.397248545332694,1.0379515146861364,000403-0031
scale-000404,qualification-synthetic,g,62000.0,17.438461603181683,1.117303119411533,000404-0000
scale-000404,qualification-synthetic,g,62001.0,19.819646770700366,1.079212963665635,000404-0001
scale-000404,qualification-synthetic,g,62002.0,20.090995386734647,0.9504808574706178,000404-0002
scale-000404,qualification-synthetic,g,62003.0,21.227079983339905,0.8087048466040372,000404-0003
scale-000404,qualification-synthetic,g,62004.0,21.166742185027065,1.18798564276427,000404-0004
scale-000404,qualification-synthetic,g,62005.0,16.650397950497315,1.1533173580693061,000404-0005
scale-000404,qualification-synthetic,g,62006.0,19.968855732082375,0.8000556834885186,000404-0006
scale-000404,qualification-synthetic,g,62007.0,20.452561025162076,1.0968821488961327,000404-0007
scale-000404,qualification-synthetic,g,62008.0,20.942690718417428,0.9685260206616324,000404-0008
scale-000404,qualification-synthetic,g,62009.0,19.733729307287092,1.025472475927449,000404-0009
scale-000404,qualification-synthetic,g,62010.0,21.611657597684054,1.1034159971677213,000404-0010
scale-000404,qualification-synthetic,g,62011.0,20.267406692385993,0.9424960293358059,000404-0011
scale-000404,qualification-synthetic,g,62012.0,20.469037901596252,1.0946551363569155,000404-0012
scale-000404,qualification-synthetic,g,62013.0,19.383747076595423,0.8462381500543344,000404-0013
scale-000404,qualification-synthetic,g,62014.0,19.16140795403712,0.8407451414036462,000404-0014
scale-000404,qualification-synthetic,g,62015.0,19.023166530499772,0.8590456483359471,000404-0015
scale-000404,qualification-synthetic,g,62016.0,20.59078904276296,0.8333662310695047,000404-0016
scale-000404,qualification-synthetic,g,62017.0,19.835977948000302,0.8820265934255669,000404-0017
scale-000404,qualification-synthetic,g,62018.0,20.061091272827234,0.822941755497276,000404-0018
scale-000404,qualification-synthetic,g,62019.0,19.827839347023126,0.9106811704030775,000404-0019
scale-000404,qualification-synthetic,g,62020.0,20.044388328249827,0.8188657299455003,000404-0020
scale-000404,qualification-synthetic,g,62021.0,18.944797437014277,1.0938885086217032,000404-0021
scale-000404,qualification-synthetic,g,62022.0,19.843041172794745,1.0513253463442596,000404-0022
scale-000404,qualification-synthetic,g,62023.0,19.02754584265497,1.0182313907237655,000404-0023
scale-000404,qualification-synthetic,g,62024.0,19.008045802841195,0.9759873277343604,000404-0024
scale-000404,qualification-synthetic,g,62025.0,19.214195436469833,1.0939634661679956,000404-0025
scale-000404,qualification-synthetic,g,62026.0,19.695271461246104,0.9236010781456675,000404-0026
scale-000404,qualification-synthetic,g,62027.0,19.027700326132685,0.8062588273720019,000404-0027
scale-000404,qualification-synthetic,g,62028.0,18.486723107576292,1.0918527316068831,000404-0028
scale-000404,qualification-synthetic,g,62029.0,18.849001146336633,0.817448543922729,000404-0029
scale-000404,qualification-synthetic,g,62030.0,19.802073111552282,0.9633473251880812,000404-0030
scale-000404,qualification-synthetic,g,62031.0,20.285914319034873,1.006269388875904,000404-0031
scale-000405,qualification-synthetic,g,62000.0,20.10119254568398,0.9748241858671289,000405-0000
scale-000405,qualification-synthetic,g,62001.0,18.528976019902156,0.9660006464361701,000405-0001
scale-000405,qualification-synthetic,g,62002.0,19.126401169907428,0.9240561817066718,000405-0002
scale-000405,qualification-synthetic,g,62003.0,20.085593181354326,0.9784303205541991,000405-0003
scale-000405,qualification-synthetic,g,62004.0,19.582074181933756,1.1562836656100313,000405-0004
scale-000405,qualification-synthetic,g,62005.0,20.640666652936062,1.0875452839519255,000405-0005
scale-000405,qualification-synthetic,g,62006.0,20.35426986870624,1.085473342432857,000405-0006
scale-000405,qualification-synthetic,g,62007.0,20.529034972894923,0.970669037925809,000405-0007
scale-000405,qualification-synthetic,g,62008.0,19.840858355898302,0.9112527374520223,000405-0008
scale-000405,qualification-synthetic,g,62009.0,19.876504920963118,1.1248511918051254,000405-0009
scale-000405,qualification-synthetic,g,62010.0,19.037121159620774,0.953097175772822,000405-0010
scale-000405,qualification-synthetic,g,62011.0,20.796231214789895,1.1152040591498655,000405-0011
scale-000405,qualification-synthetic,g,62012.0,20.04350510491658,0.9295396718117283,000405-0012
scale-000405,qualification-synthetic,g,62013.0,20.129134222378127,0.8479025048812373,000405-0013
scale-000405,qualification-synthetic,g,62014.0,19.130403533083104,1.016240328234433,000405-0014
scale-000405,qualification-synthetic,g,62015.0,20.307094000179585,0.8598961894347719,000405-0015
scale-000405,qualification-synthetic,g,62016.0,20.79223823537699,1.1726061925543392,000405-0016
scale-000405,qualification-synthetic,g,62017.0,23.311602003217672,0.8986605708899961,000405-0017
scale-000405,qualification-synthetic,g,62018.0,18.97072787016086,1.1485872503702268,000405-0018
scale-000405,qualification-synthetic,g,62019.0,18.899492698140662,0.9637479041567106,000405-0019
scale-000405,qualification-synthetic,g,62020.0,19.035121211378193,0.8570993175961508,000405-0020
scale-000405,qualification-synthetic,g,62021.0,20.303373891582446,1.0665965204702255,000405-0021
scale-000405,qualification-synthetic,g,62022.0,20.03043253619251,1.0747220602768641,000405-0022
scale-000405,qualification-synthetic,g,62023.0,20.234109760341184,0.9088857297970084,000405-0023
scale-000405,qualification-synthetic,g,62024.0,20.037716142850368,0.8999918008589564,000405-0024
scale-000405,qualification-synthetic,g,62025.0,20.339133932994137,0.9080332784828297,000405-0025
scale-000405,qualification-synthetic,g,62026.0,20.125531020721333,1.0025476093819847,000405-0026
scale-000405,qualification-synthetic,g,62027.0,21.296627977456023,1.0257535451481408,000405-0027
scale-000405,qualification-synthetic,g,62028.0,20.68286251047551,0.8427973707761881,000405-0028
scale-000405,qualification-synthetic,g,62029.0,19.955453057051685,1.1745296446846296,000405-0029
scale-000405,qualification-synthetic,g,62030.0,19.73026077165073,0.9124284139978043,000405-0030
scale-000405,qualification-synthetic,g,62031.0,21.90520203332536,0.8986474782964592,000405-0031
scale-000406,qualification-synthetic,g,62000.0,19.80630472878762,1.0338560586208896,000406-0000
scale-000406,qualification-synthetic,g,62001.0,20.650000564384268,0.9342056293274287,000406-0001
scale-000406,qualification-synthetic,g,62002.0,18.303494159652203,1.182972870609914,000406-0002
scale-000406,qualification-synthetic,g,62003.0,20.39593181248742,0.9004940794934827,000406-0003
scale-000406,qualification-synthetic,g,62004.0,19.099461072981022,0.8148487550504138,000406-0004
scale-000406,qualification-synthetic,g,62005.0,21.049260028910933,0.9980937018052893,000406-0005
scale-000406,qualification-synthetic,g,62006.0,19.13110592350109,0.9548533031866465,000406-0006
scale-000406,qualification-synthetic,g,62007.0,20.97093265284778,1.1074285316791654,000406-0007
scale-000406,qualification-synthetic,g,62008.0,20.501228110065068,1.0032206157737689,000406-0008
scale-000406,qualification-synthetic,g,62009.0,20.392386645288234,0.9206167835529512,000406-0009
scale-000406,qualification-synthetic,g,62010.0,18.96020937253965,1.1336249403522378,000406-0010
scale-000406,qualification-synthetic,g,62011.0,19.460873564757975,0.9215251600973372,000406-0011
scale-000406,qualification-synthetic,g,62012.0,19.769791749212985,0.907917731037393,000406-0012
scale-000406,qualification-synthetic,g,62013.0,19.311281213049114,0.9904633537680623,000406-0013
scale-000406,qualification-synthetic,g,62014.0,18.400700921217474,0.8456388634691518,000406-0014
scale-000406,qualification-synthetic,g,62015.0,20.56279873859626,0.936251020465488,000406-0015
scale-000406,qualification-synthetic,g,62016.0,20.6472028434646,1.180027161863402,000406-0016
scale-000406,qualification-synthetic,g,62017.0,21.75675624335179,1.0635691988828309,000406-0017
scale-000406,qualification-synthetic,g,62018.0,20.692867433509324,1.1302531866773686,000406-0018
scale-000406,qualification-synthetic,g,62019.0,21.24525978122896,1.150513661966343,000406-0019
scale-000406,qualification-synthetic,g,62020.0,19.811128317573772,0.8696744213721347,000406-0020
scale-000406,qualification-synthetic,g,62021.0,19.358093125578552,1.0618684643158913,000406-0021
scale-000406,qualification-synthetic,g,62022.0,19.544554244728495,1.0652240455720903,000406-0022
scale-000406,qualification-synthetic,g,62023.0,18.20002295099205,1.138322893987203,000406-0023
scale-000406,qualification-synthetic,g,62024.0,19.563439639543052,1.0588644273242676,000406-0024
scale-000406,qualification-synthetic,g,62025.0,19.856561502741762,0.9732691319825453,000406-0025
scale-000406,qualification-synthetic,g,62026.0,20.692440409502325,0.8089191631252429,000406-0026
scale-000406,qualification-synthetic,g,62027.0,19.707923892840235,0.8699308246230046,000406-0027
scale-000406,qualification-synthetic,g,62028.0,19.44267268338556,0.9843145948381847,000406-0028
scale-000406,qualification-synthetic,g,62029.0,21.084359826762157,1.178114932814637,000406-0029
scale-000406,qualification-synthetic,g,62030.0,20.57774895758638,1.149516665630289,000406-0030
scale-000406,qualification-synthetic,g,62031.0,19.454770917309595,1.154415806327615,000406-0031
scale-000407,qualification-synthetic,g,62000.0,13.554141853260525,0.9279130434948709,000407-0000
scale-000407,qualification-synthetic,g,62001.0,19.875997889363884,0.9016882674230652,000407-0001
scale-000407,qualification-synthetic,g,62002.0,20.54330848599097,1.1293780872020416,000407-0002
scale-000407,qualification-synthetic,g,62003.0,20.334292658405044,1.0966728190563821,000407-0003
scale-000407,qualification-synthetic,g,62004.0,19.21967790933133,0.9038650424869299,000407-0004
scale-000407,qualification-synthetic,g,62005.0,20.033065398988377,1.065124680826168,000407-0005
scale-000407,qualification-synthetic,g,62006.0,19.085284300852603,1.0054909491749826,000407-0006
scale-000407,qualification-synthetic,g,62007.0,22.040568814911957,0.959534576529467,000407-0007
scale-000407,qualification-synthetic,g,62008.0,19.81866203690344,0.8028411923161101,000407-0008
scale-000407,qualification-synthetic,g,62009.0,21.47265571829896,1.047425122376441,000407-0009
scale-000407,qualification-synthetic,g,62010.0,26.024725195737947,1.1692587808754338,000407-0010
scale-000407,qualification-synthetic,g,62011.0,20.332518358973754,0.9370856290614026,000407-0011
scale-000407,qualification-synthetic,g,62012.0,19.123271728454903,1.1807106950501847,000407-0012
scale-000407,qualification-synthetic,g,62013.0,20.15759397241016,1.1700625139338774,000407-0013
scale-000407,qualification-synthetic,g,62014.0,20.380198094780745,1.1092753836148257,000407-0014
scale-000407,qualification-synthetic,g,62015.0,21.048663313507582,0.949266781101623,000407-0015
scale-000407,qualification-synthetic,g,62016.0,18.88385341728601,0.8518927958899268,000407-0016
scale-000407,qualification-synthetic,g,62017.0,19.150465985952795,1.1372713314546463,000407-0017
scale-000407,qualification-synthetic,g,62018.0,20.534727544662566,0.9988916682137662,000407-0018
scale-000407,qualification-synthetic,g,62019.0,18.484956444047086,0.8109043003208658,000407-0019
scale-000407,qualification-synthetic,g,62020.0,21.595269337949276,0.9204126870740434,000407-0020
scale-000407,qualification-synthetic,g,62021.0,20.569096981686013,1.0330210154379664,000407-0021
scale-000407,qualification-synthetic,g,62022.0,19.440484051760965,1.165553438090541,000407-0022
scale-000407,qualification-synthetic,g,62023.0,18.311755870968817,1.0785229579768203,000407-0023
scale-000407,qualification-synthetic,g,62024.0,22.009540704100107,0.8152617299263837,000407-0024
scale-000407,qualification-synthetic,g,62025.0,19.893162083868713,0.9491296763495345,000407-0025
scale-000407,qualification-synthetic,g,62026.0,19.156532416429087,1.0632570891103374,000407-0026
scale-000407,qualification-synthetic,g,62027.0,19.30636356715229,1.1081425761247743,000407-0027
scale-000407,qualification-synthetic,g,62028.0,20.47257598994672,0.9798431752077832,000407-0028
scale-000407,qualification-synthetic,g,62029.0,17.16387742966861,1.123039729205156,000407-0029
scale-000407,qualification-synthetic,g,62030.0,21.37993904985839,1.0638564236093633,000407-0030
scale-000407,qualification-synthetic,g,62031.0,20.140149893701583,0.8989401430431746,000407-0031
scale-000408,qualification-synthetic,g,62000.0,21.754823258129715,1.124696483889119,000408-0000
scale-000408,qualification-synthetic,g,62001.0,19.963590761089147,0.8600402806261251,000408-0001
scale-000408,qualification-synthetic,g,62002.0,21.91368513280567,0.9663454351446781,000408-0002
scale-000408,qualification-synthetic,g,62003.0,20.987806635075298,1.0095171057593215,000408-0003
scale-000408,qualification-synthetic,g,62004.0,20.084275187497784,1.1044061087539223,000408-0004
scale-000408,qualification-synthetic,g,62005.0,21.0195691087619,1.0988832540256588,000408-0005
scale-000408,qualification-synthetic,g,62006.0,19.865561931255154,0.9982745434599987,000408-0006
scale-000408,qualification-synthetic,g,62007.0,19.000750112601974,0.8916178095007633,000408-0007
scale-000408,qualification-synthetic,g,62008.0,20.81057840404275,1.0460257637316452,000408-0008
scale-000408,qualification-synthetic,g,62009.0,23.015092660895217,1.1683248855756851,000408-0009
scale-000408,qualification-synthetic,g,62010.0,20.24060750526432,0.9969534483242996,000408-0010
scale-000408,qualification-synthetic,g,62011.0,19.62537116668231,1.1681093512427883,000408-0011
scale-000408,qualification-synthetic,g,62012.0,21.93686766020975,1.0913658106767314,000408-0012
scale-000408,qualification-synthetic,g,62013.0,19.64911175830895,0.9190469046110196,000408-0013
scale-000408,qualification-synthetic,g,62014.0,21.151379148544013,0.9540594133572997,000408-0014
scale-000408,qualification-synthetic,g,62015.0,20.83663210239345,1.107684268618426,000408-0015
scale-000408,qualification-synthetic,g,62016.0,20.120513249074232,1.1372513941702842,000408-0016
scale-000408,qualification-synthetic,g,62017.0,20.07191010392578,1.0111473303415717,000408-0017
scale-000408,qualification-synthetic,g,62018.0,19.023870453152025,0.8189655321064517,000408-0018
scale-000408,qualification-synthetic,g,62019.0,18.454478954790297,0.9296936009051819,000408-0019
scale-000408,qualification-synthetic,g,62020.0,20.354116871173286,1.0966269284360868,000408-0020
scale-000408,qualification-synthetic,g,62021.0,23.44650725627876,0.8224915172436923,000408-0021
scale-000408,qualification-synthetic,g,62022.0,20.033174445441684,0.9224443316982452,000408-0022
scale-000408,qualification-synthetic,g,62023.0,20.358720910212586,1.0539097190942885,000408-0023
scale-000408,qualification-synthetic,g,62024.0,19.754677938219206,1.1251214401180447,000408-0024
scale-000408,qualification-synthetic,g,62025.0,19.77369497809506,1.1734160237995135,000408-0025
scale-000408,qualification-synthetic,g,62026.0,19.715093414754325,0.9663259157271059,000408-0026
scale-000408,qualification-synthetic,g,62027.0,20.32466926021788,1.1039429991699,000408-0027
scale-000408,qualification-synthetic,g,62028.0,20.25792809986617,0.8578023818099871,000408-0028
scale-000408,qualification-synthetic,g,62029.0,19.826517918800185,1.085289911714224,000408-0029
scale-000408,qualification-synthetic,g,62030.0,19.45229505284511,1.0657730907492773,000408-0030
scale-000408,qualification-synthetic,g,62031.0,19.89704858521371,0.9311123531822775,000408-0031
scale-000409,qualification-synthetic,g,62000.0,17.86317979749856,0.903368781675755,000409-0000
scale-000409,qualification-synthetic,g,62001.0,17.677736757620654,0.8767841529938565,000409-0001
scale-000409,qualification-synthetic,g,62002.0,20.15551865621012,0.9092182250126177,000409-0002
scale-000409,qualification-synthetic,g,62003.0,20.16161132542931,1.1284451798458064,000409-0003
scale-000409,qualification-synthetic,g,62004.0,20.327056375490695,1.156997886202758,000409-0004
scale-000409,qualification-synthetic,g,62005.0,19.983170942420443,0.9121288498171257,000409-0005
scale-000409,qualification-synthetic,g,62006.0,19.441674871623686,0.8236435741943025,000409-0006
scale-000409,qualification-synthetic,g,62007.0,17.610794627194498,1.020556325657772,000409-0007
scale-000409,qualification-synthetic,g,62008.0,21.913213338548406,1.176295018772498,000409-0008
scale-000409,qualification-synthetic,g,62009.0,20.216289985948393,0.8483079357579936,000409-0009
scale-000409,qualification-synthetic,g,62010.0,20.338066850803028,1.0173035523046612,000409-0010
scale-000409,qualification-synthetic,g,62011.0,19.343831681762172,1.1102752228447,000409-0011
scale-000409,qualification-synthetic,g,62012.0,20.080619403014587,1.0122285358470924,000409-0012
scale-000409,qualification-synthetic,g,62013.0,19.06869304058089,0.9977849785420736,000409-0013
scale-000409,qualification-synthetic,g,62014.0,20.368510230689612,1.038371527166934,000409-0014
scale-000409,qualification-synthetic,g,62015.0,22.31387458850883,1.1122941738167527,000409-0015
scale-000409,qualification-synthetic,g,62016.0,19.058243634741004,0.9116931782969633,000409-0016
scale-000409,qualification-synthetic,g,62017.0,19.36764755669835,0.853049563010502,000409-0017
scale-000409,qualification-synthetic,g,62018.0,19.055402408062633,1.1057968447483573,000409-0018
scale-000409,qualification-synthetic,g,62019.0,20.781704754891837,1.0133008806871366,000409-0019
scale-000409,qualification-synthetic,g,62020.0,21.211885876629474,0.8860794534415951,000409-0020
scale-000409,qualification-synthetic,g,62021.0,21.155478613993587,1.0732052403048713,000409-0021
scale-000409,qualification-synthetic,g,62022.0,20.732634322514475,0.9019727801069809,000409-0022
scale-000409,qualification-synthetic,g,62023.0,18.95873101083508,0.843932585805542,000409-0023
scale-000409,qualification-synthetic,g,62024.0,20.93424235329292,0.8832855228389418,000409-0024
scale-000409,qualification-synthetic,g,62025.0,21.095058265513114,1.1700261007522301,000409-0025
scale-000409,qualification-synthetic,g,62026.0,21.095059238217715,1.1142476448573047,000409-0026
scale-000409,qualification-synthetic,g,62027.0,19.73288984788031,0.9626372238707788,000409-0027
scale-000409,qualification-synthetic,g,62028.0,20.03190307306419,1.017028138494573,000409-0028
scale-000409,qualification-synthetic,g,62029.0,20.12276341878369,1.0778931902199755,000409-0029
scale-000409,qualification-synthetic,g,62030.0,20.88488478573269,0.9195094590535587,000409-0030
scale-000409,qualification-synthetic,g,62031.0,19.050438593948034,1.1609687136401818,000409-0031
scale-000410,qualification-synthetic,g,62000.0,18.398959851907026,0.9699087860231692,000410-0000
scale-000410,qualification-synthetic,g,62001.0,19.871374125928824,1.1571447329956743,000410-0001
scale-000410,qualification-synthetic,g,62002.0,17.453286622707914,1.1114411589631228,000410-0002
scale-000410,qualification-synthetic,g,62003.0,20.44488591141183,1.0608986208015314,000410-0003
scale-000410,qualification-synthetic,g,62004.0,18.600587697768344,1.167800327920426,000410-0004
scale-000410,qualification-synthetic,g,62005.0,19.97498900475663,1.0089415740088379,000410-0005
scale-000410,qualification-synthetic,g,62006.0,18.343291729621026,1.0690699360316323,000410-0006
scale-000410,qualification-synthetic,g,62007.0,19.357003746956675,0.8617230098767458,000410-0007
scale-000410,qualification-synthetic,g,62008.0,20.126778718098567,1.0160542779086317,000410-0008
scale-000410,qualification-synthetic,g,62009.0,19.748016902042107,1.1074809331931401,000410-0009
scale-000410,qualification-synthetic,g,62010.0,20.26052351725177,1.0034941023158048,000410-0010
scale-000410,qualification-synthetic,g,62011.0,19.156817385580954,0.9538248897156166,000410-0011
scale-000410,qualification-synthetic,g,62012.0,16.758644316547365,0.9943206155862725,000410-0012
scale-000410,qualification-synthetic,g,62013.0,22.672452734218503,1.0249667830311497,000410-0013
scale-000410,qualification-synthetic,g,62014.0,19.83640099141505,1.1944224253180642,000410-0014
scale-000410,qualification-synthetic,g,62015.0,19.80166588740475,1.0284339080655374,000410-0015
scale-000410,qualification-synthetic,g,62016.0,18.99359151467104,0.945104669993634,000410-0016
scale-000410,qualification-synthetic,g,62017.0,19.579893833971827,1.0579172901086211,000410-0017
scale-000410,qualification-synthetic,g,62018.0,20.98942125481242,1.0748629276747241,000410-0018
scale-000410,qualification-synthetic,g,62019.0,19.78190114324724,1.106893574651819,000410-0019
scale-000410,qualification-synthetic,g,62020.0,22.720276252602197,0.8318741506514811,000410-0020
scale-000410,qualification-synthetic,g,62021.0,18.35232181993168,0.9015574380853061,000410-0021
scale-000410,qualification-synthetic,g,62022.0,18.809087745082422,1.0725582453942455,000410-0022
scale-000410,qualification-synthetic,g,62023.0,19.42088236164871,0.9769333178451343,000410-0023
scale-000410,qualification-synthetic,g,62024.0,19.933534308468875,1.0997539004633163,000410-0024
scale-000410,qualification-synthetic,g,62025.0,19.501341673755018,1.163064978118612,000410-0025
scale-000410,qualification-synthetic,g,62026.0,17.87939757813895,0.9885387359056083,000410-0026
scale-000410,qualification-synthetic,g,62027.0,18.261529734802092,1.1626357494734567,000410-0027
scale-000410,qualification-synthetic,g,62028.0,18.383506387063722,0.9543494306813485,000410-0028
scale-000410,qualification-synthetic,g,62029.0,19.685205688583853,1.0315267470130305,000410-0029
scale-000410,qualification-synthetic,g,62030.0,19.513283762440864,1.013294307696396,000410-0030
scale-000410,qualification-synthetic,g,62031.0,20.523012809834093,0.8932454157379836,000410-0031
scale-000411,qualification-synthetic,g,62000.0,20.243944663326413,1.1663885703778658,000411-0000
scale-000411,qualification-synthetic,g,62001.0,17.955279561809526,0.9587477348367708,000411-0001
scale-000411,qualification-synthetic,g,62002.0,21.828426466602288,1.0802821045077398,000411-0002
scale-000411,qualification-synthetic,g,62003.0,18.819180859248597,1.1338880168664707,000411-0003
scale-000411,qualification-synthetic,g,62004.0,19.032245127872645,1.133475830688129,000411-0004
scale-000411,qualification-synthetic,g,62005.0,19.908095174898836,1.1829548206256004,000411-0005
scale-000411,qualification-synthetic,g,62006.0,18.751813684986214,0.9505823826259214,000411-0006
scale-000411,qualification-synthetic,g,62007.0,21.636735152135735,1.0089396405339688,000411-0007
scale-000411,qualification-synthetic,g,62008.0,20.17102020854907,0.8857692289022809,000411-0008
scale-000411,qualification-synthetic,g,62009.0,21.75916313668798,0.9129085755616725,000411-0009
scale-000411,qualification-synthetic,g,62010.0,18.287448503952604,1.0170023309407121,000411-0010
scale-000411,qualification-synthetic,g,62011.0,21.87314181967484,1.1819090194156636,000411-0011
scale-000411,qualification-synthetic,g,62012.0,20.65315667020177,1.0355597688941953,000411-0012
scale-000411,qualification-synthetic,g,62013.0,19.451775332254392,0.9072039163571907,000411-0013
scale-000411,qualification-synthetic,g,62014.0,19.643124509641986,0.8949853925126187,000411-0014
scale-000411,qualification-synthetic,g,62015.0,18.955132754637912,1.0415351580391945,000411-0015
scale-000411,qualification-synthetic,g,62016.0,20.112929216013853,1.052701384988735,000411-0016
scale-000411,qualification-synthetic,g,62017.0,19.856457815663717,0.8866003507139701,000411-0017
scale-000411,qualification-synthetic,g,62018.0,17.435575540142995,0.9628019969171459,000411-0018
scale-000411,qualification-synthetic,g,62019.0,18.936847422517186,0.8345474821889238,000411-0019
scale-000411,qualification-synthetic,g,62020.0,21.69825379637324,0.9917187912766163,000411-0020
scale-000411,qualification-synthetic,g,62021.0,18.87469791488559,1.1348241217542259,000411-0021
scale-000411,qualification-synthetic,g,62022.0,20.041043168218565,0.8961547835337496,000411-0022
scale-000411,qualification-synthetic,g,62023.0,19.81038922698359,1.0657046295965686,000411-0023
scale-000411,qualification-synthetic,g,62024.0,20.444451178939456,0.9879858044926163,000411-0024
scale-000411,qualification-synthetic,g,62025.0,19.45020162675228,1.1115588397311211,000411-0025
scale-000411,qualification-synthetic,g,62026.0,20.349068426639494,1.0024055479390848,000411-0026
scale-000411,qualification-synthetic,g,62027.0,21.212053986188433,1.041819556170645,000411-0027
scale-000411,qualification-synthetic,g,62028.0,20.002311535920065,0.9060884634440995,000411-0028
scale-000411,qualification-synthetic,g,62029.0,21.938342927263573,1.118158306905288,000411-0029
scale-000411,qualification-synthetic,g,62030.0,20.759767333695457,1.0454388810103226,000411-0030
scale-000411,qualification-synthetic,g,62031.0,17.493717863029133,0.8567367360459567,000411-0031
scale-000412,qualification-synthetic,g,62000.0,19.634018392891765,1.0031359548631935,000412-0000
scale-000412,qualification-synthetic,g,62001.0,20.745767325837914,1.1179201825802985,000412-0001
scale-000412,qualification-synthetic,g,62002.0,19.84114102054584,0.876253808725674,000412-0002
scale-000412,qualification-synthetic,g,62003.0,19.83641550740414,0.9776796233107461,000412-0003
scale-000412,qualification-synthetic,g,62004.0,20.670540235185566,0.889748069494566,000412-0004
scale-000412,qualification-synthetic,g,62005.0,17.91972514592413,0.9520134002332418,000412-0005
scale-000412,qualification-synthetic,g,62006.0,19.956842646284635,1.1099089994534,000412-0006
scale-000412,qualification-synthetic,g,62007.0,22.056683322520712,0.9362444071015178,000412-0007
scale-000412,qualification-synthetic,g,62008.0,19.35134084911429,0.9837650485051925,000412-0008
scale-000412,qualification-synthetic,g,62009.0,20.952970653313635,1.0607891212454363,000412-0009
scale-000412,qualification-synthetic,g,62010.0,22.21000732301636,1.1995534467822455,000412-0010
scale-000412,qualification-synthetic,g,62011.0,20.12941937547787,1.0911419542779814,000412-0011
scale-000412,qualification-synthetic,g,62012.0,19.323589425872058,1.039749190207167,000412-0012
scale-000412,qualification-synthetic,g,62013.0,21.813584053668276,1.0599668503708872,000412-0013
scale-000412,qualification-synthetic,g,62014.0,19.41326698552098,0.9261822900008299,000412-0014
scale-000412,qualification-synthetic,g,62015.0,19.27986108202202,1.1411805196931462,000412-0015
scale-000412,qualification-synthetic,g,62016.0,16.761209741787944,1.1505214363140885,000412-0016
scale-000412,qualification-synthetic,g,62017.0,15.847749573272713,1.0917241670935716,000412-0017
scale-000412,qualification-synthetic,g,62018.0,20.3518230586459,1.1971121502884712,000412-0018
scale-000412,qualification-synthetic,g,62019.0,18.01800057802532,1.1012009699081622,000412-0019
scale-000412,qualification-synthetic,g,62020.0,19.70975011842491,0.9658275886234784,000412-0020
scale-000412,qualification-synthetic,g,62021.0,19.933194710229344,0.8794061344151555,000412-0021
scale-000412,qualification-synthetic,g,62022.0,19.714676988565657,0.989518668539231,000412-0022
scale-000412,qualification-synthetic,g,62023.0,20.981822736549326,0.8755969826795258,000412-0023
scale-000412,qualification-synthetic,g,62024.0,19.971164676736358,0.851832938972489,000412-0024
scale-000412,qualification-synthetic,g,62025.0,20.472871437721537,0.8651063288204006,000412-0025
scale-000412,qualification-synthetic,g,62026.0,17.3580169870949,1.1914120939548207,000412-0026
scale-000412,qualification-synthetic,g,62027.0,20.000850511989068,1.0977006994538037,000412-0027
scale-000412,qualification-synthetic,g,62028.0,19.29517285935106,1.0190135747920344,000412-0028
scale-000412,qualification-synthetic,g,62029.0,21.063930139490342,1.1347987275059304,000412-0029
scale-000412,qualification-synthetic,g,62030.0,19.640719647067854,1.1878195264368052,000412-0030
scale-000412,qualification-synthetic,g,62031.0,17.324669258372573,0.9185812417607587,000412-0031
scale-000413,qualification-synthetic,g,62000.0,21.883475345884246,1.079148060533015,000413-0000
scale-000413,qualification-synthetic,g,62001.0,19.6900974577475,0.8931115281418097,000413-0001
scale-000413,qualification-synthetic,g,62002.0,22.164675524795776,1.111481237388432,000413-0002
scale-000413,qualification-synthetic,g,62003.0,21.497190847783013,1.13175697462365,000413-0003
scale-000413,qualification-synthetic,g,62004.0,20.633434976526235,1.1419870896052728,000413-0004
scale-000413,qualification-synthetic,g,62005.0,18.82047710256944,1.058532734329387,000413-0005
scale-000413,qualification-synthetic,g,62006.0,19.785849745704247,1.1860341793345164,000413-0006
scale-000413,qualification-synthetic,g,62007.0,20.434389003496257,0.803966401186404,000413-0007
scale-000413,qualification-synthetic,g,62008.0,19.782568999790936,1.1503481234661443,000413-0008
scale-000413,qualification-synthetic,g,62009.0,21.635287190238465,0.9743394639850114,000413-0009
scale-000413,qualification-synthetic,g,62010.0,19.739699211010233,1.0212162052516631,000413-0010
scale-000413,qualification-synthetic,g,62011.0,20.79082227428178,0.9465120595342046,000413-0011
scale-000413,qualification-synthetic,g,62012.0,19.653139192995646,0.8833362494612552,000413-0012
scale-000413,qualification-synthetic,g,62013.0,20.151884302611865,1.1669761641977383,000413-0013
scale-000413,qualification-synthetic,g,62014.0,21.218462565187746,1.002118655849441,000413-0014
scale-000413,qualification-synthetic,g,62015.0,19.05233563414489,1.1342635343631962,000413-0015
scale-000413,qualification-synthetic,g,62016.0,22.37695480212951,0.9785788549464585,000413-0016
scale-000413,qualification-synthetic,g,62017.0,21.67329915381546,0.8315380110486449,000413-0017
scale-000413,qualification-synthetic,g,62018.0,20.809328135188515,0.8703890130198532,000413-0018
scale-000413,qualification-synthetic,g,62019.0,18.006067805661317,1.1665915885527436,000413-0019
scale-000413,qualification-synthetic,g,62020.0,21.48181031333025,1.0440727717066052,000413-0020
scale-000413,qualification-synthetic,g,62021.0,20.20259139021869,0.8405715025677141,000413-0021
scale-000413,qualification-synthetic,g,62022.0,20.02488087173295,0.8522084588237249,000413-0022
scale-000413,qualification-synthetic,g,62023.0,18.98068978488218,0.8049158643700911,000413-0023
scale-000413,qualification-synthetic,g,62024.0,19.391372919026743,1.1637405990478966,000413-0024
scale-000413,qualification-synthetic,g,62025.0,25.96696828646398,0.9177151266881372,000413-0025
scale-000413,qualification-synthetic,g,62026.0,19.459241165666636,0.8888937390332681,000413-0026
scale-000413,qualification-synthetic,g,62027.0,18.651182009073,1.086967194601401,000413-0027
scale-000413,qualification-synthetic,g,62028.0,21.799434923200117,1.0353610752690239,000413-0028
scale-000413,qualification-synthetic,g,62029.0,21.80989064619619,1.0599049053207361,000413-0029
scale-000413,qualification-synthetic,g,62030.0,18.906435849835685,0.9647762514546803,000413-0030
scale-000413,qualification-synthetic,g,62031.0,21.190807242260842,1.0606381866311945,000413-0031
scale-000414,qualification-synthetic,g,62000.0,20.473459221466317,1.1323291808589728,000414-0000
scale-000414,qualification-synthetic,g,62001.0,22.243694894200033,1.0193093685685464,000414-0001
scale-000414,qualification-synthetic,g,62002.0,20.54846961198797,1.1114986235628956,000414-0002
scale-000414,qualification-synthetic,g,62003.0,20.026288158712365,1.19707210690382,000414-0003
scale-000414,qualification-synthetic,g,62004.0,20.08542714325717,1.1191215439657645,000414-0004
scale-000414,qualification-synthetic,g,62005.0,19.640321396743236,0.8735990827357588,000414-0005
scale-000414,qualification-synthetic,g,62006.0,21.25500513775864,0.9028058013934329,000414-0006
scale-000414,qualification-synthetic,g,62007.0,19.874767924857636,1.1351437223637033,000414-0007
scale-000414,qualification-synthetic,g,62008.0,19.872484457891623,0.8267749138774672,000414-0008
scale-000414,qualification-synthetic,g,62009.0,19.42113618667667,0.8195429318714744,000414-0009
scale-000414,qualification-synthetic,g,62010.0,20.62734461879865,0.9215179579946492,000414-0010
scale-000414,qualification-synthetic,g,62011.0,19.232709249699784,1.0328928536164022,000414-0011
scale-000414,qualification-synthetic,g,62012.0,19.6574609874429,0.8707279519915317,000414-0012
scale-000414,qualification-synthetic,g,62013.0,19.403587417975363,0.8155249147696323,000414-0013
scale-000414,qualification-synthetic,g,62014.0,19.897384176214516,0.9976959491934188,000414-0014
scale-000414,qualification-synthetic,g,62015.0,18.137184074233293,0.9329531566288557,000414-0015
scale-000414,qualification-synthetic,g,62016.0,20.00514042144578,1.199565308421694,000414-0016
scale-000414,qualification-synthetic,g,62017.0,20.591237687317864,0.9676535438107927,000414-0017
scale-000414,qualification-synthetic,g,62018.0,20.937751441144346,1.1194125911311208,000414-0018
scale-000414,qualification-synthetic,g,62019.0,19.678173346999216,1.1031259151769264,000414-0019
scale-000414,qualification-synthetic,g,62020.0,21.478889586965714,1.0548236807120495,000414-0020
scale-000414,qualification-synthetic,g,62021.0,19.452796988143948,1.1065658694317286,000414-0021
scale-000414,qualification-synthetic,g,62022.0,18.89719330009346,0.9795647169528028,000414-0022
scale-000414,qualification-synthetic,g,62023.0,20.32428130631974,0.9468244174519533,000414-0023
scale-000414,qualification-synthetic,g,62024.0,21.50095872631088,1.0241286349242333,000414-0024
scale-000414,qualification-synthetic,g,62025.0,19.751111586743296,0.94159249596362,000414-0025
scale-000414,qualification-synthetic,g,62026.0,20.23795355192814,1.1317281114406466,000414-0026
scale-000414,qualification-synthetic,g,62027.0,21.040796838079817,0.9581478292174427,000414-0027
scale-000414,qualification-synthetic,g,62028.0,19.574862366054926,0.8847576676446429,000414-0028
scale-000414,qualification-synthetic,g,62029.0,18.69932596516972,0.8148985302850095,000414-0029
scale-000414,qualification-synthetic,g,62030.0,19.95169682180963,1.0305664961833705,000414-0030
scale-000414,qualification-synthetic,g,62031.0,21.130550220761293,0.8618757784214437,000414-0031
scale-000415,qualification-synthetic,g,62000.0,20.680558370168065,0.9218185273085151,000415-0000
scale-000415,qualification-synthetic,g,62001.0,18.950091542534995,0.8583338833766285,000415-0001
scale-000415,qualification-synthetic,g,62002.0,19.06016467845324,1.1827394696214864,000415-0002
scale-000415,qualification-synthetic,g,62003.0,21.211516121011293,1.0754591100408195,000415-0003
scale-000415,qualification-synthetic,g,62004.0,21.13479941383852,0.9534590104290713,000415-0004
scale-000415,qualification-synthetic,g,62005.0,19.307511871505564,1.0350865995280625,000415-0005
scale-000415,qualification-synthetic,g,62006.0,20.54253455715298,1.1102715581530076,000415-0006
scale-000415,qualification-synthetic,g,62007.0,19.252884218568813,0.8669288222489536,000415-0007
scale-000415,qualification-synthetic,g,62008.0,20.341699152300677,1.142265868842082,000415-0008
scale-000415,qualification-synthetic,g,62009.0,17.865966889246813,1.1177432887352983,000415-0009
scale-000415,qualification-synthetic,g,62010.0,18.388100216158826,1.016124135739384,000415-0010
scale-000415,qualification-synthetic,g,62011.0,20.9583789423416,1.0299378758840805,000415-0011
scale-000415,qualification-synthetic,g,62012.0,20.75199705437966,0.8660872901769556,000415-0012
scale-000415,qualification-synthetic,g,62013.0,19.45231342540001,0.8543665420246315,000415-0013
scale-000415,qualification-synthetic,g,62014.0,20.087622387460264,0.814380278059036,000415-0014
scale-000415,qualification-synthetic,g,62015.0,17.98224199623401,1.003061542600797,000415-0015
scale-000415,qualification-synthetic,g,62016.0,20.842300077230107,0.9356060616412082,000415-0016
scale-000415,qualification-synthetic,g,62017.0,24.052460545060427,0.9874065782007828,000415-0017
scale-000415,qualification-synthetic,g,62018.0,19.722229115889974,1.0414542174343189,000415-0018
scale-000415,qualification-synthetic,g,62019.0,19.96358997248656,0.9548695878396164,000415-0019
scale-000415,qualification-synthetic,g,62020.0,19.83977339565112,0.9859320296481422,000415-0020
scale-000415,qualification-synthetic,g,62021.0,20.4797462964257,1.0098367411403117,000415-0021
scale-000415,qualification-synthetic,g,62022.0,18.376645556428002,1.0040360883847443,000415-0022
scale-000415,qualification-synthetic,g,62023.0,19.33925064456795,0.915372567161597,000415-0023
scale-000415,qualification-synthetic,g,62024.0,21.469108760980163,0.9544291858021133,000415-0024
scale-000415,qualification-synthetic,g,62025.0,19.43860244763716,1.0465411968433982,000415-0025
scale-000415,qualification-synthetic,g,62026.0,19.791267972660705,0.8372972232981798,000415-0026
scale-000415,qualification-synthetic,g,62027.0,20.193641517017472,1.1771723629404114,000415-0027
scale-000415,qualification-synthetic,g,62028.0,18.673910504193067,1.1364174937971083,000415-0028
scale-000415,qualification-synthetic,g,62029.0,22.1655585924852,0.8354747771379378,000415-0029
scale-000415,qualification-synthetic,g,62030.0,19.04953130644304,0.873113277314323,000415-0030
scale-000415,qualification-synthetic,g,62031.0,19.902603951322618,0.9115982677345318,000415-0031
scale-000416,qualification-synthetic,g,62000.0,20.23759097045313,0.907863484121875,000416-0000
scale-000416,qualification-synthetic,g,62001.0,19.50950812051273,1.0593469443118535,000416-0001
scale-000416,qualification-synthetic,g,62002.0,19.17942449511192,1.0474747151983739,000416-0002
scale-000416,qualification-synthetic,g,62003.0,20.356337032174153,0.8553855540014353,000416-0003
scale-000416,qualification-synthetic,g,62004.0,19.655679703558036,0.8480487060551072,000416-0004
scale-000416,qualification-synthetic,g,62005.0,19.95587228137169,0.9474454501243471,000416-0005
scale-000416,qualification-synthetic,g,62006.0,19.222364609963336,0.8316640756771785,000416-0006
scale-000416,qualification-synthetic,g,62007.0,18.45459877868409,1.1342368895502983,000416-0007
scale-000416,qualification-synthetic,g,62008.0,26.735644600870575,1.0573633491140781,000416-0008
scale-000416,qualification-synthetic,g,62009.0,20.457113843452124,1.1868605889720198,000416-0009
scale-000416,qualification-synthetic,g,62010.0,20.807819612102662,1.0748551225992207,000416-0010
scale-000416,qualification-synthetic,g,62011.0,19.921571344785598,0.9938367434110089,000416-0011
scale-000416,qualification-synthetic,g,62012.0,20.69273345982398,0.9812983538957153,000416-0012
scale-000416,qualification-synthetic,g,62013.0,20.40244849627957,0.9289024877652697,000416-0013
scale-000416,qualification-synthetic,g,62014.0,21.8098216092765,1.1889306445674064,000416-0014
scale-000416,qualification-synthetic,g,62015.0,19.233850691563077,1.1389012428649896,000416-0015
scale-000416,qualification-synthetic,g,62016.0,21.738885570878754,1.1907082758718468,000416-0016
scale-000416,qualification-synthetic,g,62017.0,20.309461200943122,1.0395907162786417,000416-0017
scale-000416,qualification-synthetic,g,62018.0,20.592028952512162,0.846125596103773,000416-0018
scale-000416,qualification-synthetic,g,62019.0,20.223612865651077,0.9247302305296375,000416-0019
scale-000416,qualification-synthetic,g,62020.0,20.195158942034382,1.0946133463125811,000416-0020
scale-000416,qualification-synthetic,g,62021.0,17.16641838146085,1.017416477967258,000416-0021
scale-000416,qualification-synthetic,g,62022.0,20.283674158537902,0.8304207241333161,000416-0022
scale-000416,qualification-synthetic,g,62023.0,25.28025284782594,1.1639773743588953,000416-0023
scale-000416,qualification-synthetic,g,62024.0,20.356188019689004,0.9262580999423197,000416-0024
scale-000416,qualification-synthetic,g,62025.0,19.635256246329355,0.8120888129035309,000416-0025
scale-000416,qualification-synthetic,g,62026.0,20.773003994288523,0.9310962433087383,000416-0026
scale-000416,qualification-synthetic,g,62027.0,20.474957472254765,0.8909337859668104,000416-0027
scale-000416,qualification-synthetic,g,62028.0,19.30570003639565,0.8196849714373816,000416-0028
scale-000416,qualification-synthetic,g,62029.0,19.566280839329938,0.8196944698991226,000416-0029
scale-000416,qualification-synthetic,g,62030.0,18.168563827475477,0.9279669454813639,000416-0030
scale-000416,qualification-synthetic,g,62031.0,20.79072386527311,1.1064284999637477,000416-0031
scale-000417,qualification-synthetic,g,62000.0,18.08337704997665,1.1269758062338893,000417-0000
scale-000417,qualification-synthetic,g,62001.0,19.864340201207167,0.8313136955605968,000417-0001
scale-000417,qualification-synthetic,g,62002.0,20.362649168790842,0.9157868510671664,000417-0002
scale-000417,qualification-synthetic,g,62003.0,19.05980301857132,0.8209311300764351,000417-0003
scale-000417,qualification-synthetic,g,62004.0,20.48653107690549,1.1536174886000643,000417-0004
scale-000417,qualification-synthetic,g,62005.0,18.712075053515985,1.1894130583910718,000417-0005
scale-000417,qualification-synthetic,g,62006.0,21.54507753874333,1.1099075530167077,000417-0006
scale-000417,qualification-synthetic,g,62007.0,18.963446892473147,1.1048320032498695,000417-0007
scale-000417,qualification-synthetic,g,62008.0,18.599343585371262,0.9690857181290493,000417-0008
scale-000417,qualification-synthetic,g,62009.0,20.518817328479113,0.9226928557769468,000417-0009
scale-000417,qualification-synthetic,g,62010.0,20.623989176020906,1.1663877733103492,000417-0010
scale-000417,qualification-synthetic,g,62011.0,20.495875410851227,1.1891125132330342,000417-0011
scale-000417,qualification-synthetic,g,62012.0,18.762036988246944,1.0373050647157334,000417-0012
scale-000417,qualification-synthetic,g,62013.0,20.229073011999258,0.8436035791619658,000417-0013
scale-000417,qualification-synthetic,g,62014.0,21.20533615031006,1.1693943042863808,000417-0014
scale-000417,qualification-synthetic,g,62015.0,19.654303439450473,1.07923716804974,000417-0015
scale-000417,qualification-synthetic,g,62016.0,17.492130033073174,1.014286094030091,000417-0016
scale-000417,qualification-synthetic,g,62017.0,19.85413722434763,1.0408221286844408,000417-0017
scale-000417,qualification-synthetic,g,62018.0,20.50026794449997,0.8829415855228605,000417-0018
scale-000417,qualification-synthetic,g,62019.0,20.169815643606533,0.9366338361391294,000417-0019
scale-000417,qualification-synthetic,g,62020.0,22.596954115948595,0.8883761186610727,000417-0020
scale-000417,qualification-synthetic,g,62021.0,20.77233887299979,0.9700684003837917,000417-0021
scale-000417,qualification-synthetic,g,62022.0,19.50302396471859,1.1697899844588133,000417-0022
scale-000417,qualification-synthetic,g,62023.0,20.268789488481378,0.8537798779928099,000417-0023
scale-000417,qualification-synthetic,g,62024.0,19.802035398204065,0.9202553561863354,000417-0024
scale-000417,qualification-synthetic,g,62025.0,21.235276908004302,0.9276262233833383,000417-0025
scale-000417,qualification-synthetic,g,62026.0,19.348205636137653,0.9422459394873239,000417-0026
scale-000417,qualification-synthetic,g,62027.0,20.172486623030505,1.0823796135808699,000417-0027
scale-000417,qualification-synthetic,g,62028.0,18.316565158453304,1.178027635607916,000417-0028
scale-000417,qualification-synthetic,g,62029.0,20.07403382378778,0.8328065917021283,000417-0029
scale-000417,qualification-synthetic,g,62030.0,16.428221066630382,1.1812603535355393,000417-0030
scale-000417,qualification-synthetic,g,62031.0,20.87978060360024,0.9487111052960099,000417-0031
scale-000418,qualification-synthetic,g,62000.0,19.766709934298,1.0841085818421912,000418-0000
scale-000418,qualification-synthetic,g,62001.0,21.93592473636234,1.1895494307988927,000418-0001
scale-000418,qualification-synthetic,g,62002.0,21.808127774350215,1.0404347540048728,000418-0002
scale-000418,qualification-synthetic,g,62003.0,22.175345331337986,0.9869633307959275,000418-0003
scale-000418,qualification-synthetic,g,62004.0,19.510792322295686,0.9634351472071494,000418-0004
scale-000418,qualification-synthetic,g,62005.0,19.618146465639573,1.0419796983698184,000418-0005
scale-000418,qualification-synthetic,g,62006.0,17.97858421931456,1.0338721391890717,000418-0006
scale-000418,qualification-synthetic,g,62007.0,19.671532732834102,1.103240123960507,000418-0007
scale-000418,qualification-synthetic,g,62008.0,20.04544758078492,0.8019108204209558,000418-0008
scale-000418,qualification-synthetic,g,62009.0,20.676642235841303,0.8401160605336114,000418-0009
scale-000418,qualification-synthetic,g,62010.0,20.069495924070342,1.1264225081368542,000418-0010
scale-000418,qualification-synthetic,g,62011.0,19.622047748442334,0.8956403903132422,000418-0011
scale-000418,qualification-synthetic,g,62012.0,19.690659234445963,1.1433909193123846,000418-0012
scale-000418,qualification-synthetic,g,62013.0,20.72051310790968,0.8223437147121317,000418-0013
scale-000418,qualification-synthetic,g,62014.0,20.233943426944013,1.015723884689825,000418-0014
scale-000418,qualification-synthetic,g,62015.0,18.22897697830546,1.143834750475917,000418-0015
scale-000418,qualification-synthetic,g,62016.0,21.27278814142518,0.9426859656860658,000418-0016
scale-000418,qualification-synthetic,g,62017.0,20.554488339613666,1.098552832340069,000418-0017
scale-000418,qualification-synthetic,g,62018.0,21.007292593714432,0.9638204837845477,000418-0018
scale-000418,qualification-synthetic,g,62019.0,20.604974821890178,1.1474350821729145,000418-0019
scale-000418,qualification-synthetic,g,62020.0,21.280962081237135,0.8311311415978286,000418-0020
scale-000418,qualification-synthetic,g,62021.0,17.668214578499832,0.9561631456856252,000418-0021
scale-000418,qualification-synthetic,g,62022.0,16.48023441047998,1.1615800016449138,000418-0022
scale-000418,qualification-synthetic,g,62023.0,20.947982013333153,0.903435744928438,000418-0023
scale-000418,qualification-synthetic,g,62024.0,20.49203432750613,0.8319509451486948,000418-0024
scale-000418,qualification-synthetic,g,62025.0,21.024761639212855,1.1374853648103949,000418-0025
scale-000418,qualification-synthetic,g,62026.0,18.467569841694118,0.9274162004179691,000418-0026
scale-000418,qualification-synthetic,g,62027.0,19.808603804501683,0.8108684344554931,000418-0027
scale-000418,qualification-synthetic,g,62028.0,21.007787684346773,1.049845346535664,000418-0028
scale-000418,qualification-synthetic,g,62029.0,20.65256790893468,1.0582763518997622,000418-0029
scale-000418,qualification-synthetic,g,62030.0,18.56302033220538,1.1546129327220267,000418-0030
scale-000418,qualification-synthetic,g,62031.0,21.825759837222773,0.9104936431601602,000418-0031
scale-000419,qualification-synthetic,g,62000.0,19.166121187834285,1.171764642822219,000419-0000
scale-000419,qualification-synthetic,g,62001.0,19.859112922944803,0.9832432920149758,000419-0001
scale-000419,qualification-synthetic,g,62002.0,21.071735972695997,1.1596127265557956,000419-0002
scale-000419,qualification-synthetic,g,62003.0,20.065256011621603,1.0633764665334886,000419-0003
scale-000419,qualification-synthetic,g,62004.0,18.227170913332195,0.8691499870065363,000419-0004
scale-000419,qualification-synthetic,g,62005.0,21.533380157583416,0.9231457695747932,000419-0005
scale-000419,qualification-synthetic,g,62006.0,20.755707637726914,0.9655500979008882,000419-0006
scale-000419,qualification-synthetic,g,62007.0,21.132771700753352,0.9910785713601931,000419-0007
scale-000419,qualification-synthetic,g,62008.0,20.54694233304857,1.075460719229842,000419-0008
scale-000419,qualification-synthetic,g,62009.0,18.302172585947595,1.0082038628676424,000419-0009
scale-000419,qualification-synthetic,g,62010.0,20.598952466313868,1.1486290549013094,000419-0010
scale-000419,qualification-synthetic,g,62011.0,20.226150717312933,0.9546766835111181,000419-0011
scale-000419,qualification-synthetic,g,62012.0,21.106663242655145,1.1846136542078902,000419-0012
scale-000419,qualification-synthetic,g,62013.0,19.135891570870797,1.1955807296654062,000419-0013
scale-000419,qualification-synthetic,g,62014.0,20.02896984233887,1.1060033696282623,000419-0014
scale-000419,qualification-synthetic,g,62015.0,20.385576266124026,0.803894137162208,000419-0015
scale-000419,qualification-synthetic,g,62016.0,20.397030648973292,1.098567776175475,000419-0016
scale-000419,qualification-synthetic,g,62017.0,20.655078774242288,0.8744197540132896,000419-0017
scale-000419,qualification-synthetic,g,62018.0,21.640038584471363,1.054250114823608,000419-0018
scale-000419,qualification-synthetic,g,62019.0,21.11417928575096,0.8293070470993572,000419-0019
scale-000419,qualification-synthetic,g,62020.0,18.75348806679879,1.0464220758344591,000419-0020
scale-000419,qualification-synthetic,g,62021.0,19.83808744670027,1.1385064174218686,000419-0021
scale-000419,qualification-synthetic,g,62022.0,19.842184022475013,1.1904552461478155,000419-0022
scale-000419,qualification-synthetic,g,62023.0,19.62274698376744,1.0160398668992887,000419-0023
scale-000419,qualification-synthetic,g,62024.0,19.814807445582126,1.181926894652667,000419-0024
scale-000419,qualification-synthetic,g,62025.0,19.101101605948713,1.0203370400022376,000419-0025
scale-000419,qualification-synthetic,g,62026.0,18.86495690816424,1.0257128081422404,000419-0026
scale-000419,qualification-synthetic,g,62027.0,18.83139627942977,1.1327120654295035,000419-0027
scale-000419,qualification-synthetic,g,62028.0,20.030986020990564,1.0865620588825446,000419-0028
scale-000419,qualification-synthetic,g,62029.0,22.341444708612876,1.1559471867588915,000419-0029
scale-000419,qualification-synthetic,g,62030.0,14.404250490451641,0.9799467036027358,000419-0030
scale-000419,qualification-synthetic,g,62031.0,20.41943828272228,1.0250675050859241,000419-0031
scale-000420,qualification-synthetic,g,62000.0,19.871616666967554,1.0076457355358677,000420-0000
scale-000420,qualification-synthetic,g,62001.0,18.076169072464623,0.9381150590860616,000420-0001
scale-000420,qualification-synthetic,g,62002.0,19.89007297808104,1.0466478590004504,000420-0002
scale-000420,qualification-synthetic,g,62003.0,16.978062396003416,0.9154901195790813,000420-0003
scale-000420,qualification-synthetic,g,62004.0,20.255135787214968,0.9720882546797609,000420-0004
scale-000420,qualification-synthetic,g,62005.0,19.82558069890645,0.8247170632723123,000420-0005
scale-000420,qualification-synthetic,g,62006.0,20.38825557510919,1.0330638012481423,000420-0006
scale-000420,qualification-synthetic,g,62007.0,20.322351954974742,0.9921881246781827,000420-0007
scale-000420,qualification-synthetic,g,62008.0,19.99791649598273,0.8188910927434631,000420-0008
scale-000420,qualification-synthetic,g,62009.0,20.298615808227865,1.1959896212725396,000420-0009
scale-000420,qualification-synthetic,g,62010.0,20.010671804128055,1.0299136574578873,000420-0010
scale-000420,qualification-synthetic,g,62011.0,20.405241768918394,0.8568421634568691,000420-0011
scale-000420,qualification-synthetic,g,62012.0,20.279337170258305,0.8486790040711696,000420-0012
scale-000420,qualification-synthetic,g,62013.0,17.752689294264517,0.9722402913693443,000420-0013
scale-000420,qualification-synthetic,g,62014.0,23.519183591187563,1.1684943493908733,000420-0014
scale-000420,qualification-synthetic,g,62015.0,17.01341949276784,1.1048971647261663,000420-0015
scale-000420,qualification-synthetic,g,62016.0,19.968932568763645,0.8485486571963325,000420-0016
scale-000420,qualification-synthetic,g,62017.0,17.929780354462885,1.1451627971657172,000420-0017
scale-000420,qualification-synthetic,g,62018.0,20.75951117723337,1.1983210184243234,000420-0018
scale-000420,qualification-synthetic,g,62019.0,21.059828213678895,1.1759459650675337,000420-0019
scale-000420,qualification-synthetic,g,62020.0,19.802735216885118,1.1471501862474893,000420-0020
scale-000420,qualification-synthetic,g,62021.0,21.28484270839903,1.1040124699858247,000420-0021
scale-000420,qualification-synthetic,g,62022.0,19.565903144161275,0.9475543930349483,000420-0022
scale-000420,qualification-synthetic,g,62023.0,21.992379781111225,1.0287438522103205,000420-0023
scale-000420,qualification-synthetic,g,62024.0,20.391895253618163,0.8908360764451297,000420-0024
scale-000420,qualification-synthetic,g,62025.0,19.719437604488174,0.8471182687320324,000420-0025
scale-000420,qualification-synthetic,g,62026.0,21.612215923131828,0.8394157013271698,000420-0026
scale-000420,qualification-synthetic,g,62027.0,20.676671819916034,1.0452407611443926,000420-0027
scale-000420,qualification-synthetic,g,62028.0,20.446571850969608,1.1304343010045936,000420-0028
scale-000420,qualification-synthetic,g,62029.0,21.64268027121847,1.0056205757058836,000420-0029
scale-000420,qualification-synthetic,g,62030.0,20.20240047729803,1.1189598041650237,000420-0030
scale-000420,qualification-synthetic,g,62031.0,19.69058579857253,0.9097743888943954,000420-0031
scale-000421,qualification-synthetic,g,62000.0,20.01992052236515,1.1980886851341568,000421-0000
scale-000421,qualification-synthetic,g,62001.0,22.152505147130654,1.1161820011519628,000421-0001
scale-000421,qualification-synthetic,g,62002.0,19.85277147067329,1.1368639162798335,000421-0002
scale-000421,qualification-synthetic,g,62003.0,20.663285886240768,1.1800920847928795,000421-0003
scale-000421,qualification-synthetic,g,62004.0,20.609937022444,0.9503652708220567,000421-0004
scale-000421,qualification-synthetic,g,62005.0,20.90809901926629,1.1098803742830237,000421-0005
scale-000421,qualification-synthetic,g,62006.0,19.97581643925184,0.8812500953050888,000421-0006
scale-000421,qualification-synthetic,g,62007.0,20.955792210071504,0.8404707726637843,000421-0007
scale-000421,qualification-synthetic,g,62008.0,18.826951932307942,1.143392006788236,000421-0008
scale-000421,qualification-synthetic,g,62009.0,19.94464879501371,0.9923225995162104,000421-0009
scale-000421,qualification-synthetic,g,62010.0,19.073750568236473,0.8543397584712683,000421-0010
scale-000421,qualification-synthetic,g,62011.0,20.752410311301432,1.0706725592157051,000421-0011
scale-000421,qualification-synthetic,g,62012.0,21.178457540306223,1.187069305594824,000421-0012
scale-000421,qualification-synthetic,g,62013.0,18.050144874369483,0.9856898886818845,000421-0013
scale-000421,qualification-synthetic,g,62014.0,19.918050331665032,0.9658602527430752,000421-0014
scale-000421,qualification-synthetic,g,62015.0,21.255186576949704,0.8383539764537437,000421-0015
scale-000421,qualification-synthetic,g,62016.0,19.890207358279273,1.1090419996877696,000421-0016
scale-000421,qualification-synthetic,g,62017.0,19.97800223065067,0.9871356515821996,000421-0017
scale-000421,qualification-synthetic,g,62018.0,19.6341014634139,1.0878873104357594,000421-0018
scale-000421,qualification-synthetic,g,62019.0,19.18657283715085,1.1070403831694573,000421-0019
scale-000421,qualification-synthetic,g,62020.0,20.525147042100592,0.8717216126181556,000421-0020
scale-000421,qualification-synthetic,g,62021.0,20.237624803578658,0.8260350875513292,000421-0021
scale-000421,qualification-synthetic,g,62022.0,22.09766374430948,1.1689467062727041,000421-0022
scale-000421,qualification-synthetic,g,62023.0,29.882296283114737,1.1736685264842184,000421-0023
scale-000421,qualification-synthetic,g,62024.0,20.425910659116724,1.018184750308608,000421-0024
scale-000421,qualification-synthetic,g,62025.0,21.283026587479103,0.8042147458740863,000421-0025
scale-000421,qualification-synthetic,g,62026.0,20.54186964644924,1.1846790706112016,000421-0026
scale-000421,qualification-synthetic,g,62027.0,22.0060905064482,0.9177015518740822,000421-0027
scale-000421,qualification-synthetic,g,62028.0,23.4604512787175,1.100884097942493,000421-0028
scale-000421,qualification-synthetic,g,62029.0,19.402298723508657,0.8080017887234623,000421-0029
scale-000421,qualification-synthetic,g,62030.0,21.025473522231007,0.9854062276262048,000421-0030
scale-000421,qualification-synthetic,g,62031.0,18.68008425764873,1.0236265415138663,000421-0031
scale-000422,qualification-synthetic,g,62000.0,19.845124233566285,1.0751659585751687,000422-0000
scale-000422,qualification-synthetic,g,62001.0,18.87336245138753,0.8167423514596746,000422-0001
scale-000422,qualification-synthetic,g,62002.0,20.66114240550189,0.9918011014913038,000422-0002
scale-000422,qualification-synthetic,g,62003.0,20.52022421916202,1.0457465230056255,000422-0003
scale-000422,qualification-synthetic,g,62004.0,19.879548490700575,0.8952017510142926,000422-0004
scale-000422,qualification-synthetic,g,62005.0,19.012587755622313,1.0949581610635468,000422-0005
scale-000422,qualification-synthetic,g,62006.0,20.380485838428832,0.9289011579372443,000422-0006
scale-000422,qualification-synthetic,g,62007.0,19.353860246750987,1.1813107231261832,000422-0007
scale-000422,qualification-synthetic,g,62008.0,18.795891040028515,0.9813719752407668,000422-0008
scale-000422,qualification-synthetic,g,62009.0,18.775828534554478,1.0002038548360521,000422-0009
scale-000422,qualification-synthetic,g,62010.0,19.930567437601116,1.12925730954427,000422-0010
scale-000422,qualification-synthetic,g,62011.0,17.928604333021323,1.030473955890731,000422-0011
scale-000422,qualification-synthetic,g,62012.0,21.534223954648255,0.8686067779413083,000422-0012
scale-000422,qualification-synthetic,g,62013.0,21.116002065141746,0.8090007394892104,000422-0013
scale-000422,qualification-synthetic,g,62014.0,21.56584443187584,1.0721818128274094,000422-0014
scale-000422,qualification-synthetic,g,62015.0,17.653817534717007,1.0218797717339527,000422-0015
scale-000422,qualification-synthetic,g,62016.0,20.10644909566393,0.9947039747389977,000422-0016
scale-000422,qualification-synthetic,g,62017.0,19.67778961124319,0.9961171913759894,000422-0017
scale-000422,qualification-synthetic,g,62018.0,18.640144680883175,1.119971920435538,000422-0018
scale-000422,qualification-synthetic,g,62019.0,20.089972555962536,0.8210840038513993,000422-0019
scale-000422,qualification-synthetic,g,62020.0,19.6102040239346,1.1631121136132938,000422-0020
scale-000422,qualification-synthetic,g,62021.0,19.108201045583048,0.9331571357063596,000422-0021
scale-000422,qualification-synthetic,g,62022.0,18.67737533190322,0.8389842183645037,000422-0022
scale-000422,qualification-synthetic,g,62023.0,20.819231485702517,0.8574784444133314,000422-0023
scale-000422,qualification-synthetic,g,62024.0,18.20620408723607,1.108968111202769,000422-0024
scale-000422,qualification-synthetic,g,62025.0,19.878911024914803,0.9021325052870711,000422-0025
scale-000422,qualification-synthetic,g,62026.0,20.81154702654631,0.9487946436616748,000422-0026
scale-000422,qualification-synthetic,g,62027.0,23.022435243291806,1.0773776692267472,000422-0027
scale-000422,qualification-synthetic,g,62028.0,19.40813376046311,0.9965860131074153,000422-0028
scale-000422,qualification-synthetic,g,62029.0,19.181385622041493,1.0617591739500754,000422-0029
scale-000422,qualification-synthetic,g,62030.0,18.238988521280465,1.160909920187836,000422-0030
scale-000422,qualification-synthetic,g,62031.0,19.28467897952712,0.8116956543279394,000422-0031
scale-000423,qualification-synthetic,g,62000.0,20.826597777699956,1.053947683004408,000423-0000
scale-000423,qualification-synthetic,g,62001.0,20.28538552239777,0.9203085089732846,000423-0001
scale-000423,qualification-synthetic,g,62002.0,19.899961465418514,1.0408272502278673,000423-0002
scale-000423,qualification-synthetic,g,62003.0,19.6463813316428,0.9508543797516337,000423-0003
scale-000423,qualification-synthetic,g,62004.0,19.86806645588278,0.822445830661953,000423-0004
scale-000423,qualification-synthetic,g,62005.0,19.782016973506018,1.094985003405664,000423-0005
scale-000423,qualification-synthetic,g,62006.0,19.131540781788726,0.9398045240656129,000423-0006
scale-000423,qualification-synthetic,g,62007.0,18.604801722160254,1.196934008024361,000423-0007
scale-000423,qualification-synthetic,g,62008.0,21.032905001940886,1.0246556454653888,000423-0008
scale-000423,qualification-synthetic,g,62009.0,21.243889002737678,0.8225899535789589,000423-0009
scale-000423,qualification-synthetic,g,62010.0,21.5147861210411,0.877616989923586,000423-0010
scale-000423,qualification-synthetic,g,62011.0,21.913886077330684,1.1826037393760165,000423-0011
scale-000423,qualification-synthetic,g,62012.0,19.728996532145782,1.0182383255417815,000423-0012
scale-000423,qualification-synthetic,g,62013.0,19.553250176195547,0.9086289785004479,000423-0013
scale-000423,qualification-synthetic,g,62014.0,20.228641042956323,0.8335560877221799,000423-0014
scale-000423,qualification-synthetic,g,62015.0,18.85479484720795,1.1664617791297496,000423-0015
scale-000423,qualification-synthetic,g,62016.0,19.39377461887906,0.9162519031404643,000423-0016
scale-000423,qualification-synthetic,g,62017.0,21.330217418695476,1.0419718150316128,000423-0017
scale-000423,qualification-synthetic,g,62018.0,18.84697487553599,1.1721817018628438,000423-0018
scale-000423,qualification-synthetic,g,62019.0,18.16703237468208,0.9730080474142091,000423-0019
scale-000423,qualification-synthetic,g,62020.0,20.03521497658823,0.8718557739547447,000423-0020
scale-000423,qualification-synthetic,g,62021.0,18.88106962411377,0.9808714707503852,000423-0021
scale-000423,qualification-synthetic,g,62022.0,20.604352613593207,0.8333012580894238,000423-0022
scale-000423,qualification-synthetic,g,62023.0,19.67937573119002,1.1310627623993648,000423-0023
scale-000423,qualification-synthetic,g,62024.0,21.650930611792063,1.1213866820355853,000423-0024
scale-000423,qualification-synthetic,g,62025.0,18.951268926030934,0.9851932687465774,000423-0025
scale-000423,qualification-synthetic,g,62026.0,20.751092714106047,0.8054255407214774,000423-0026
scale-000423,qualification-synthetic,g,62027.0,19.268773185431908,0.9064106159592408,000423-0027
scale-000423,qualification-synthetic,g,62028.0,21.8757296526277,1.0604915787964053,000423-0028
scale-000423,qualification-synthetic,g,62029.0,19.262866067410144,1.0924661552169568,000423-0029
scale-000423,qualification-synthetic,g,62030.0,20.620970448161536,0.8037171278411521,000423-0030
scale-000423,qualification-synthetic,g,62031.0,22.333732823149305,1.1350227987364545,000423-0031
scale-000424,qualification-synthetic,g,62000.0,20.201797666696017,0.8427635058566157,000424-0000
scale-000424,qualification-synthetic,g,62001.0,19.477313009457248,1.0517231679659118,000424-0001
scale-000424,qualification-synthetic,g,62002.0,20.395321789386564,0.8208757975507389,000424-0002
scale-000424,qualification-synthetic,g,62003.0,19.502898031585026,0.8231975692785842,000424-0003
scale-000424,qualification-synthetic,g,62004.0,20.180983178204784,0.9762112189990402,000424-0004
scale-000424,qualification-synthetic,g,62005.0,20.362741681863344,1.105760037117885,000424-0005
scale-000424,qualification-synthetic,g,62006.0,23.041942272928004,1.0497950125814068,000424-0006
scale-000424,qualification-synthetic,g,62007.0,20.530233305082,0.9233950840333043,000424-0007
scale-000424,qualification-synthetic,g,62008.0,16.76335515143973,0.8246112915414098,000424-0008
scale-000424,qualification-synthetic,g,62009.0,21.897070167724227,0.8294798717636649,000424-0009
scale-000424,qualification-synthetic,g,62010.0,19.04624557215617,1.1850557493637046,000424-0010
scale-000424,qualification-synthetic,g,62011.0,19.482982961152874,1.128096392225552,000424-0011
scale-000424,qualification-synthetic,g,62012.0,19.34703851408655,1.06952099185676,000424-0012
scale-000424,qualification-synthetic,g,62013.0,20.715064575616775,1.1613129329613763,000424-0013
scale-000424,qualification-synthetic,g,62014.0,21.536424249015198,0.947139737891238,000424-0014
scale-000424,qualification-synthetic,g,62015.0,19.32235696140839,0.810844216469569,000424-0015
scale-000424,qualification-synthetic,g,62016.0,14.020886240269974,0.8684830092039189,000424-0016
scale-000424,qualification-synthetic,g,62017.0,19.42851821611727,0.8787211479730662,000424-0017
scale-000424,qualification-synthetic,g,62018.0,20.011750937132863,0.8905083980401144,000424-0018
scale-000424,qualification-synthetic,g,62019.0,19.612784478732312,1.0363612695123585,000424-0019
scale-000424,qualification-synthetic,g,62020.0,18.820166306360424,1.0451641846683202,000424-0020
scale-000424,qualification-synthetic,g,62021.0,19.015750040878242,1.0913731005372473,000424-0021
scale-000424,qualification-synthetic,g,62022.0,18.563670478171076,1.0406228802864945,000424-0022
scale-000424,qualification-synthetic,g,62023.0,18.613060934469715,1.0745726436153404,000424-0023
scale-000424,qualification-synthetic,g,62024.0,20.582602169156598,1.1732869606499114,000424-0024
scale-000424,qualification-synthetic,g,62025.0,18.91204149030271,0.8801638492163334,000424-0025
scale-000424,qualification-synthetic,g,62026.0,20.729537516379526,0.8793097612226544,000424-0026
scale-000424,qualification-synthetic,g,62027.0,22.866882955501953,1.0196987979819074,000424-0027
scale-000424,qualification-synthetic,g,62028.0,20.342194537576027,0.8471902782153512,000424-0028
scale-000424,qualification-synthetic,g,62029.0,20.566135406211345,1.127326243935578,000424-0029
scale-000424,qualification-synthetic,g,62030.0,20.908678315244174,1.0960243711140556,000424-0030
scale-000424,qualification-synthetic,g,62031.0,20.68393457572227,0.806621220850349,000424-0031
scale-000425,qualification-synthetic,g,62000.0,20.128485560623755,1.04751368809495,000425-0000
scale-000425,qualification-synthetic,g,62001.0,20.78697018957442,1.097715142887829,000425-0001
scale-000425,qualification-synthetic,g,62002.0,20.00084109151039,0.830193063585859,000425-0002
scale-000425,qualification-synthetic,g,62003.0,20.795247364119266,0.8948864159099802,000425-0003
scale-000425,qualification-synthetic,g,62004.0,20.982848437579666,1.0198059444583645,000425-0004
scale-000425,qualification-synthetic,g,62005.0,19.55597221629886,0.9133394619925319,000425-0005
scale-000425,qualification-synthetic,g,62006.0,20.48396989826726,1.1088414418821433,000425-0006
scale-000425,qualification-synthetic,g,62007.0,18.883477742287624,0.8539262424327819,000425-0007
scale-000425,qualification-synthetic,g,62008.0,19.416866958178602,0.8442260482126169,000425-0008
scale-000425,qualification-synthetic,g,62009.0,20.175490722137422,1.1649854549226872,000425-0009
scale-000425,qualification-synthetic,g,62010.0,20.78737261339183,1.0175326460785397,000425-0010
scale-000425,qualification-synthetic,g,62011.0,19.967618266509977,0.8449148485824122,000425-0011
scale-000425,qualification-synthetic,g,62012.0,17.42381192380821,1.1919086883493542,000425-0012
scale-000425,qualification-synthetic,g,62013.0,21.523732203133182,1.0828394677326045,000425-0013
scale-000425,qualification-synthetic,g,62014.0,17.920785710000573,1.102045965381841,000425-0014
scale-000425,qualification-synthetic,g,62015.0,19.636466565271125,0.8415412553188232,000425-0015
scale-000425,qualification-synthetic,g,62016.0,20.158696809942384,1.1483896494829948,000425-0016
scale-000425,qualification-synthetic,g,62017.0,19.727851333379967,1.1208480844818918,000425-0017
scale-000425,qualification-synthetic,g,62018.0,20.549323976873957,0.9246860295557221,000425-0018
scale-000425,qualification-synthetic,g,62019.0,19.14195336262099,1.132451307948661,000425-0019
scale-000425,qualification-synthetic,g,62020.0,20.429500779939843,0.8104569535663382,000425-0020
scale-000425,qualification-synthetic,g,62021.0,17.822682062248145,1.0890707960641601,000425-0021
scale-000425,qualification-synthetic,g,62022.0,20.123303519536584,0.810078275516126,000425-0022
scale-000425,qualification-synthetic,g,62023.0,20.603555447477525,1.0937543085144947,000425-0023
scale-000425,qualification-synthetic,g,62024.0,19.95467820886313,1.069700163077775,000425-0024
scale-000425,qualification-synthetic,g,62025.0,20.475640246010244,0.9938069349070653,000425-0025
scale-000425,qualification-synthetic,g,62026.0,20.50237000630423,0.9586683305013947,000425-0026
scale-000425,qualification-synthetic,g,62027.0,21.154892775092677,1.0156955098995157,000425-0027
scale-000425,qualification-synthetic,g,62028.0,20.6801341267298,1.0362271377538192,000425-0028
scale-000425,qualification-synthetic,g,62029.0,20.232165513837433,0.8433788330086192,000425-0029
scale-000425,qualification-synthetic,g,62030.0,21.64630733528325,1.0310681308289649,000425-0030
scale-000425,qualification-synthetic,g,62031.0,19.677068135574306,1.1131581803373023,000425-0031
scale-000426,qualification-synthetic,g,62000.0,25.248560130501428,1.0460316077196243,000426-0000
scale-000426,qualification-synthetic,g,62001.0,18.008015921400172,1.0399866330265635,000426-0001
scale-000426,qualification-synthetic,g,62002.0,18.258643876370225,0.8999738447931227,000426-0002
scale-000426,qualification-synthetic,g,62003.0,20.63032910461382,0.8104706772252245,000426-0003
scale-000426,qualification-synthetic,g,62004.0,17.8712070842484,0.8140237021731278,000426-0004
scale-000426,qualification-synthetic,g,62005.0,20.999478763138097,0.9184524090216901,000426-0005
scale-000426,qualification-synthetic,g,62006.0,19.039007804467424,1.0944947193385495,000426-0006
scale-000426,qualification-synthetic,g,62007.0,20.488471038329177,0.8145685055155223,000426-0007
scale-000426,qualification-synthetic,g,62008.0,19.45192483981591,0.9623271826918245,000426-0008
scale-000426,qualification-synthetic,g,62009.0,19.291076053306032,0.9879828796100231,000426-0009
scale-000426,qualification-synthetic,g,62010.0,19.507263340120744,0.8063727411086224,000426-0010
scale-000426,qualification-synthetic,g,62011.0,18.987186753887354,0.8918546232309951,000426-0011
scale-000426,qualification-synthetic,g,62012.0,19.845001322558407,0.8267637847135137,000426-0012
scale-000426,qualification-synthetic,g,62013.0,20.049378883026268,1.083405986789888,000426-0013
scale-000426,qualification-synthetic,g,62014.0,19.97515598345526,0.9565766702564779,000426-0014
scale-000426,qualification-synthetic,g,62015.0,19.976163950359783,0.8567678840026648,000426-0015
scale-000426,qualification-synthetic,g,62016.0,21.80007180344314,0.8361242305923052,000426-0016
scale-000426,qualification-synthetic,g,62017.0,20.329526837384872,0.9349566920300909,000426-0017
scale-000426,qualification-synthetic,g,62018.0,19.681613064525227,0.8132379121550963,000426-0018
scale-000426,qualification-synthetic,g,62019.0,19.09167986762988,0.9234047330773411,000426-0019
scale-000426,qualification-synthetic,g,62020.0,20.335453520204354,0.8717189204283212,000426-0020
scale-000426,qualification-synthetic,g,62021.0,19.206038237851807,0.8511408048002785,000426-0021
scale-000426,qualification-synthetic,g,62022.0,22.180494121430446,1.1410513055860043,000426-0022
scale-000426,qualification-synthetic,g,62023.0,21.131816682269754,1.0065321696799758,000426-0023
scale-000426,qualification-synthetic,g,62024.0,19.816993740380585,0.9996640736055349,000426-0024
scale-000426,qualification-synthetic,g,62025.0,21.683132758625185,0.8330462722869194,000426-0025
scale-000426,qualification-synthetic,g,62026.0,23.33626995116547,0.8102711520231146,000426-0026
scale-000426,qualification-synthetic,g,62027.0,19.96694151625624,0.9167554803949262,000426-0027
scale-000426,qualification-synthetic,g,62028.0,19.852366248414707,0.9800163712092872,000426-0028
scale-000426,qualification-synthetic,g,62029.0,20.162953593189993,1.0211213870677256,000426-0029
scale-000426,qualification-synthetic,g,62030.0,20.666239581992016,1.0006884226035067,000426-0030
scale-000426,qualification-synthetic,g,62031.0,20.305877178283797,0.9313876616372975,000426-0031
scale-000427,qualification-synthetic,g,62000.0,18.3013245133664,1.1747592464646375,000427-0000
scale-000427,qualification-synthetic,g,62001.0,19.735882204523598,1.0886963349631182,000427-0001
scale-000427,qualification-synthetic,g,62002.0,19.8992180220893,0.9991864921847745,000427-0002
scale-000427,qualification-synthetic,g,62003.0,19.229552404935472,1.174630355198342,000427-0003
scale-000427,qualification-synthetic,g,62004.0,21.6640607288321,1.0904461136339996,000427-0004
scale-000427,qualification-synthetic,g,62005.0,20.168175845307395,1.0465414983285093,000427-0005
scale-000427,qualification-synthetic,g,62006.0,21.683545712727756,1.0789659886009695,000427-0006
scale-000427,qualification-synthetic,g,62007.0,20.058584161481843,1.1414855544636509,000427-0007
scale-000427,qualification-synthetic,g,62008.0,19.177888099647674,0.9617081372003652,000427-0008
scale-000427,qualification-synthetic,g,62009.0,19.757358091341917,1.1850367832553341,000427-0009
scale-000427,qualification-synthetic,g,62010.0,19.14864586669648,1.1986986255956535,000427-0010
scale-000427,qualification-synthetic,g,62011.0,15.716086586463803,0.925581054172703,000427-0011
scale-000427,qualification-synthetic,g,62012.0,19.76200791738107,1.0216385367276521,000427-0012
scale-000427,qualification-synthetic,g,62013.0,19.998941084590946,1.0339876650636013,000427-0013
scale-000427,qualification-synthetic,g,62014.0,19.261781979780153,0.9641024625247497,000427-0014
scale-000427,qualification-synthetic,g,62015.0,23.01352853307681,1.1564200766187902,000427-0015
scale-000427,qualification-synthetic,g,62016.0,19.84078633950965,1.0933057974717593,000427-0016
scale-000427,qualification-synthetic,g,62017.0,20.20582275070972,0.9299193490904158,000427-0017
scale-000427,qualification-synthetic,g,62018.0,19.960779398081336,0.9541989815406713,000427-0018
scale-000427,qualification-synthetic,g,62019.0,20.59107710121332,1.1609825749808709,000427-0019
scale-000427,qualification-synthetic,g,62020.0,19.513360437890903,0.8458576433288169,000427-0020
scale-000427,qualification-synthetic,g,62021.0,19.132725757271132,1.1318294490235086,000427-0021
scale-000427,qualification-synthetic,g,62022.0,18.991840431085272,1.137365871807705,000427-0022
scale-000427,qualification-synthetic,g,62023.0,19.01038699769156,1.1931924946318098,000427-0023
scale-000427,qualification-synthetic,g,62024.0,20.527195330988324,1.107212902277288,000427-0024
scale-000427,qualification-synthetic,g,62025.0,20.57462345435709,1.044332415073629,000427-0025
scale-000427,qualification-synthetic,g,62026.0,18.61221936115848,1.1441456530681404,000427-0026
scale-000427,qualification-synthetic,g,62027.0,20.07775327730961,0.9846782492676055,000427-0027
scale-000427,qualification-synthetic,g,62028.0,20.507623506119998,1.1662622300885934,000427-0028
scale-000427,qualification-synthetic,g,62029.0,20.432468323597423,1.0590110132463704,000427-0029
scale-000427,qualification-synthetic,g,62030.0,20.991905668511755,0.9589150500636153,000427-0030
scale-000427,qualification-synthetic,g,62031.0,18.772850171317817,1.0975490551991802,000427-0031
scale-000428,qualification-synthetic,g,62000.0,18.630026311371875,0.8868978809274671,000428-0000
scale-000428,qualification-synthetic,g,62001.0,18.02125654802864,1.0424085080962977,000428-0001
scale-000428,qualification-synthetic,g,62002.0,21.71635016560968,1.0113421868817176,000428-0002
scale-000428,qualification-synthetic,g,62003.0,18.076789685400826,1.1050852981868515,000428-0003
scale-000428,qualification-synthetic,g,62004.0,21.21080419085942,1.0816838490756715,000428-0004
scale-000428,qualification-synthetic,g,62005.0,19.71430050723311,1.1270940867713328,000428-0005
scale-000428,qualification-synthetic,g,62006.0,19.476152948854295,0.9675942300505944,000428-0006
scale-000428,qualification-synthetic,g,62007.0,20.08175790924157,0.9537315796218235,000428-0007
scale-000428,qualification-synthetic,g,62008.0,20.635398959849006,1.1825722692556224,000428-0008
scale-000428,qualification-synthetic,g,62009.0,20.84398415230497,0.958149368455479,000428-0009
scale-000428,qualification-synthetic,g,62010.0,20.830069099157456,1.1071991176165663,000428-0010
scale-000428,qualification-synthetic,g,62011.0,21.566019473110675,0.8051414631906354,000428-0011
scale-000428,qualification-synthetic,g,62012.0,22.44062857497197,1.051987760428536,000428-0012
scale-000428,qualification-synthetic,g,62013.0,19.54026024867025,0.8660518995917508,000428-0013
scale-000428,qualification-synthetic,g,62014.0,17.05617860411212,1.0105180866363714,000428-0014
scale-000428,qualification-synthetic,g,62015.0,19.7106706588679,0.8989201571565597,000428-0015
scale-000428,qualification-synthetic,g,62016.0,19.42010041234383,0.8010587355713831,000428-0016
scale-000428,qualification-synthetic,g,62017.0,19.640962351821635,0.9243748204170212,000428-0017
scale-000428,qualification-synthetic,g,62018.0,18.746943523170074,0.85614547458743,000428-0018
scale-000428,qualification-synthetic,g,62019.0,21.75320229626612,1.0225434051959361,000428-0019
scale-000428,qualification-synthetic,g,62020.0,18.462507378235912,0.8059062808991398,000428-0020
scale-000428,qualification-synthetic,g,62021.0,21.43709708635014,0.9170184590479562,000428-0021
scale-000428,qualification-synthetic,g,62022.0,19.37900488341985,1.1712373529583002,000428-0022
scale-000428,qualification-synthetic,g,62023.0,18.145900152313796,1.0032313462753613,000428-0023
scale-000428,qualification-synthetic,g,62024.0,20.88380476561582,0.9526144901462461,000428-0024
scale-000428,qualification-synthetic,g,62025.0,23.31789644190619,1.0677185078673928,000428-0025
scale-000428,qualification-synthetic,g,62026.0,20.288592936329643,0.9076022210402164,000428-0026
scale-000428,qualification-synthetic,g,62027.0,19.257132473598315,0.8379563872427338,000428-0027
scale-000428,qualification-synthetic,g,62028.0,20.83761405656134,0.8060082475128423,000428-0028
scale-000428,qualification-synthetic,g,62029.0,19.3273996504031,1.0260199437744182,000428-0029
scale-000428,qualification-synthetic,g,62030.0,19.59716794504632,0.9690004242582744,000428-0030
scale-000428,qualification-synthetic,g,62031.0,18.836329066928332,1.0674231948327941,000428-0031
scale-000429,qualification-synthetic,g,62000.0,21.071360744076525,1.0693865755535026,000429-0000
scale-000429,qualification-synthetic,g,62001.0,18.107963011136874,0.9568648088009359,000429-0001
scale-000429,qualification-synthetic,g,62002.0,19.76272292675298,1.1897712563022,000429-0002
scale-000429,qualification-synthetic,g,62003.0,18.850599676060675,0.9490844500951182,000429-0003
scale-000429,qualification-synthetic,g,62004.0,23.582607785965475,1.0841271964419728,000429-0004
scale-000429,qualification-synthetic,g,62005.0,22.117706895437003,0.9532018109503929,000429-0005
scale-000429,qualification-synthetic,g,62006.0,20.389020608655333,0.8547245367858035,000429-0006
scale-000429,qualification-synthetic,g,62007.0,20.019252048221823,1.1045725915868543,000429-0007
scale-000429,qualification-synthetic,g,62008.0,20.593969527514517,0.8640017779799428,000429-0008
scale-000429,qualification-synthetic,g,62009.0,19.78705092200137,0.8535580152800959,000429-0009
scale-000429,qualification-synthetic,g,62010.0,19.741687592542064,1.1144335804006138,000429-0010
scale-000429,qualification-synthetic,g,62011.0,19.581349286478645,1.142788002914712,000429-0011
scale-000429,qualification-synthetic,g,62012.0,19.086172109623426,1.017902659901048,000429-0012
scale-000429,qualification-synthetic,g,62013.0,18.9923679530095,1.1199629344936146,000429-0013
scale-000429,qualification-synthetic,g,62014.0,20.16288834001551,0.8456860829764636,000429-0014
scale-000429,qualification-synthetic,g,62015.0,17.80535407367382,1.0902311369674638,000429-0015
scale-000429,qualification-synthetic,g,62016.0,20.18718038286116,0.9607902612383529,000429-0016
scale-000429,qualification-synthetic,g,62017.0,19.08784660808571,0.9656214205011009,000429-0017
scale-000429,qualification-synthetic,g,62018.0,19.474791638851954,0.9175890474540239,000429-0018
scale-000429,qualification-synthetic,g,62019.0,21.489653177111197,1.1663489971610006,000429-0019
scale-000429,qualification-synthetic,g,62020.0,21.611888767265913,1.1462553290987492,000429-0020
scale-000429,qualification-synthetic,g,62021.0,17.13903100841582,1.159941716487452,000429-0021
scale-000429,qualification-synthetic,g,62022.0,22.377227410999936,1.1643714492019561,000429-0022
scale-000429,qualification-synthetic,g,62023.0,20.024000737447164,0.9263808548692526,000429-0023
scale-000429,qualification-synthetic,g,62024.0,19.644787061695748,1.17777455158638,000429-0024
scale-000429,qualification-synthetic,g,62025.0,19.727424711321046,1.014015929872399,000429-0025
scale-000429,qualification-synthetic,g,62026.0,26.135702184946833,1.143776431256609,000429-0026
scale-000429,qualification-synthetic,g,62027.0,21.74972866142962,0.9599279361251032,000429-0027
scale-000429,qualification-synthetic,g,62028.0,19.36877131603956,0.893682473511562,000429-0028
scale-000429,qualification-synthetic,g,62029.0,19.878777233641248,0.8343956092253791,000429-0029
scale-000429,qualification-synthetic,g,62030.0,21.301651200083555,1.056771318940286,000429-0030
scale-000429,qualification-synthetic,g,62031.0,21.522408989920756,1.024042401494307,000429-0031
scale-000430,qualification-synthetic,g,62000.0,20.347235865529303,1.1717636485410479,000430-0000
scale-000430,qualification-synthetic,g,62001.0,20.566019059665948,0.9834833991557476,000430-0001
scale-000430,qualification-synthetic,g,62002.0,19.732327537705274,0.8729997193545346,000430-0002
scale-000430,qualification-synthetic,g,62003.0,19.100649059062732,0.928098692273309,000430-0003
scale-000430,qualification-synthetic,g,62004.0,21.04965527799123,1.056406458926653,000430-0004
scale-000430,qualification-synthetic,g,62005.0,18.51069399524836,1.1838623776931476,000430-0005
scale-000430,qualification-synthetic,g,62006.0,19.37797065960271,1.0031620160339099,000430-0006
scale-000430,qualification-synthetic,g,62007.0,18.825155841323934,1.0692950450001617,000430-0007
scale-000430,qualification-synthetic,g,62008.0,22.860586073647156,0.8866498468871933,000430-0008
scale-000430,qualification-synthetic,g,62009.0,19.273422068009815,0.898103162230097,000430-0009
scale-000430,qualification-synthetic,g,62010.0,20.72394298066812,1.1048119078714875,000430-0010
scale-000430,qualification-synthetic,g,62011.0,18.575883518556182,1.1114711411079963,000430-0011
scale-000430,qualification-synthetic,g,62012.0,19.976187911321908,0.8607686323509146,000430-0012
scale-000430,qualification-synthetic,g,62013.0,21.820171028367138,1.1334440315763805,000430-0013
scale-000430,qualification-synthetic,g,62014.0,19.665844195734653,0.8914481713154446,000430-0014
scale-000430,qualification-synthetic,g,62015.0,20.72585399835867,0.9833376105987693,000430-0015
scale-000430,qualification-synthetic,g,62016.0,20.430258849622174,1.0475353016464821,000430-0016
scale-000430,qualification-synthetic,g,62017.0,19.88017977149376,0.971940153367725,000430-0017
scale-000430,qualification-synthetic,g,62018.0,18.560614638806506,0.9755757014873405,000430-0018
scale-000430,qualification-synthetic,g,62019.0,22.046976180305585,1.0933825222567288,000430-0019
scale-000430,qualification-synthetic,g,62020.0,19.02300006034989,1.0672585993249653,000430-0020
scale-000430,qualification-synthetic,g,62021.0,19.77748514877954,0.909273497166139,000430-0021
scale-000430,qualification-synthetic,g,62022.0,18.362888965642092,0.8194601474140315,000430-0022
scale-000430,qualification-synthetic,g,62023.0,20.23268117041326,0.8515886695030641,000430-0023
scale-000430,qualification-synthetic,g,62024.0,19.705523387066236,1.1298748636798426,000430-0024
scale-000430,qualification-synthetic,g,62025.0,21.074476646126787,0.9113476622871519,000430-0025
scale-000430,qualification-synthetic,g,62026.0,21.17934154140996,0.9809957276731045,000430-0026
scale-000430,qualification-synthetic,g,62027.0,20.73207708667208,1.0449397038384982,000430-0027
scale-000430,qualification-synthetic,g,62028.0,20.10211179211084,0.8257352317059689,000430-0028
scale-000430,qualification-synthetic,g,62029.0,19.274483528895228,0.8687439468030057,000430-0029
scale-000430,qualification-synthetic,g,62030.0,20.065632672801456,1.0199691397825787,000430-0030
scale-000430,qualification-synthetic,g,62031.0,20.361178204318954,1.0513112527845705,000430-0031
scale-000431,qualification-synthetic,g,62000.0,19.817948461745647,1.0115420398875667,000431-0000
scale-000431,qualification-synthetic,g,62001.0,20.943454267902677,0.8264885187269957,000431-0001
scale-000431,qualification-synthetic,g,62002.0,20.767704024780844,0.8243912945896221,000431-0002
scale-000431,qualification-synthetic,g,62003.0,15.56410938485377,1.137482765034087,000431-0003
scale-000431,qualification-synthetic,g,62004.0,18.53460487767018,0.9359150417742546,000431-0004
scale-000431,qualification-synthetic,g,62005.0,19.213408818434292,1.166587594262875,000431-0005
scale-000431,qualification-synthetic,g,62006.0,20.974881204987522,0.8968194645175044,000431-0006
scale-000431,qualification-synthetic,g,62007.0,17.98613103381323,1.1859132827910186,000431-0007
scale-000431,qualification-synthetic,g,62008.0,21.034558021464697,1.0429916925367853,000431-0008
scale-000431,qualification-synthetic,g,62009.0,19.906352515463226,0.8382315461316696,000431-0009
scale-000431,qualification-synthetic,g,62010.0,20.797632750601426,1.1569383275976086,000431-0010
scale-000431,qualification-synthetic,g,62011.0,20.68185172433207,1.1463414288458236,000431-0011
scale-000431,qualification-synthetic,g,62012.0,18.589975815780377,1.1344078087830745,000431-0012
scale-000431,qualification-synthetic,g,62013.0,20.218686674828074,1.1422667436816207,000431-0013
scale-000431,qualification-synthetic,g,62014.0,27.713093837796215,1.1641268314750144,000431-0014
scale-000431,qualification-synthetic,g,62015.0,21.62987796043901,1.042162034235379,000431-0015
scale-000431,qualification-synthetic,g,62016.0,20.76381055423044,0.9065894703231452,000431-0016
scale-000431,qualification-synthetic,g,62017.0,21.398346525119464,1.1280626232654214,000431-0017
scale-000431,qualification-synthetic,g,62018.0,19.46777368915991,1.0429185021612857,000431-0018
scale-000431,qualification-synthetic,g,62019.0,20.408029965711386,1.0539010406480351,000431-0019
scale-000431,qualification-synthetic,g,62020.0,20.941234774393347,0.940604643530174,000431-0020
scale-000431,qualification-synthetic,g,62021.0,19.83422242874673,0.80467467816895,000431-0021
scale-000431,qualification-synthetic,g,62022.0,20.644027146973862,0.9095423755615801,000431-0022
scale-000431,qualification-synthetic,g,62023.0,19.08358477944029,0.9436176064105685,000431-0023
scale-000431,qualification-synthetic,g,62024.0,19.629285451772777,1.180152559636078,000431-0024
scale-000431,qualification-synthetic,g,62025.0,16.561486949516738,1.036781448765834,000431-0025
scale-000431,qualification-synthetic,g,62026.0,19.542520314801024,0.9652210851438539,000431-0026
scale-000431,qualification-synthetic,g,62027.0,21.262684028956944,0.920828514214448,000431-0027
scale-000431,qualification-synthetic,g,62028.0,19.674923516885396,0.8076903567204856,000431-0028
scale-000431,qualification-synthetic,g,62029.0,21.380042551671515,1.1909132122132395,000431-0029
scale-000431,qualification-synthetic,g,62030.0,19.93584845335898,1.115278917391497,000431-0030
scale-000431,qualification-synthetic,g,62031.0,19.079062708849754,0.9562841618445509,000431-0031
scale-000432,qualification-synthetic,g,62000.0,19.361943459878404,1.186802774628524,000432-0000
scale-000432,qualification-synthetic,g,62001.0,18.662977958034194,1.0443458563901578,000432-0001
scale-000432,qualification-synthetic,g,62002.0,19.547619385169952,0.9853178654041392,000432-0002
scale-000432,qualification-synthetic,g,62003.0,19.708617921952015,1.1643208390764026,000432-0003
scale-000432,qualification-synthetic,g,62004.0,19.313926408002555,0.9479334333505192,000432-0004
scale-000432,qualification-synthetic,g,62005.0,20.853023562959482,1.131240704854116,000432-0005
scale-000432,qualification-synthetic,g,62006.0,21.32071729687093,1.1054823037214003,000432-0006
scale-000432,qualification-synthetic,g,62007.0,16.53219489190391,1.1023054623414947,000432-0007
scale-000432,qualification-synthetic,g,62008.0,18.83303994830162,1.1873849773533738,000432-0008
scale-000432,qualification-synthetic,g,62009.0,20.03130010692926,1.0664878648149305,000432-0009
scale-000432,qualification-synthetic,g,62010.0,18.13126203223559,1.155783766454712,000432-0010
scale-000432,qualification-synthetic,g,62011.0,21.7758112379186,0.9515485257763803,000432-0011
scale-000432,qualification-synthetic,g,62012.0,19.680339726078326,0.8205911691303933,000432-0012
scale-000432,qualification-synthetic,g,62013.0,20.630599962368446,0.9070380168388058,000432-0013
scale-000432,qualification-synthetic,g,62014.0,22.893792817465776,0.9253137200253855,000432-0014
scale-000432,qualification-synthetic,g,62015.0,18.997110579270675,1.125043812874824,000432-0015
scale-000432,qualification-synthetic,g,62016.0,20.120188013042675,0.8659734078677466,000432-0016
scale-000432,qualification-synthetic,g,62017.0,21.028331516057598,0.8107053191877613,000432-0017
scale-000432,qualification-synthetic,g,62018.0,19.579789984131338,0.8298222144979921,000432-0018
scale-000432,qualification-synthetic,g,62019.0,19.38287964577411,0.9262205154124329,000432-0019
scale-000432,qualification-synthetic,g,62020.0,20.90228337722397,1.0864112074662788,000432-0020
scale-000432,qualification-synthetic,g,62021.0,21.254840167586792,0.9401078501577796,000432-0021
scale-000432,qualification-synthetic,g,62022.0,18.67097677245696,0.8731934755175487,000432-0022
scale-000432,qualification-synthetic,g,62023.0,19.754631236891388,1.005146546299585,000432-0023
scale-000432,qualification-synthetic,g,62024.0,20.35291768890432,1.126385179360783,000432-0024
scale-000432,qualification-synthetic,g,62025.0,19.03914116730356,0.8897124752843132,000432-0025
scale-000432,qualification-synthetic,g,62026.0,17.36253869242922,1.048551174723819,000432-0026
scale-000432,qualification-synthetic,g,62027.0,20.323569231145818,1.001376668118452,000432-0027
scale-000432,qualification-synthetic,g,62028.0,19.984962885788914,1.0170172828247013,000432-0028
scale-000432,qualification-synthetic,g,62029.0,18.972272337832404,0.9241228326952196,000432-0029
scale-000432,qualification-synthetic,g,62030.0,19.361638141930257,1.0239488009321012,000432-0030
scale-000432,qualification-synthetic,g,62031.0,18.78021674774462,0.9319798642293268,000432-0031
scale-000433,qualification-synthetic,g,62000.0,20.01117067535541,0.9917493522734897,000433-0000
scale-000433,qualification-synthetic,g,62001.0,19.522589934440703,0.9042977298546745,000433-0001
scale-000433,qualification-synthetic,g,62002.0,19.885955097809745,0.8463918493733951,000433-0002
scale-000433,qualification-synthetic,g,62003.0,19.285516911262594,0.924528999393989,000433-0003
scale-000433,qualification-synthetic,g,62004.0,19.725449140778277,0.8218152716651855,000433-0004
scale-000433,qualification-synthetic,g,62005.0,20.032347909140217,1.1714650532619795,000433-0005
scale-000433,qualification-synthetic,g,62006.0,20.01169865983073,0.8221336556417678,000433-0006
scale-000433,qualification-synthetic,g,62007.0,20.54256119876051,1.103443132899037,000433-0007
scale-000433,qualification-synthetic,g,62008.0,20.29679516800647,0.8231790066960936,000433-0008
scale-000433,qualification-synthetic,g,62009.0,22.250024461735165,1.029011851353129,000433-0009
scale-000433,qualification-synthetic,g,62010.0,20.274418848767052,0.9833560806747977,000433-0010
scale-000433,qualification-synthetic,g,62011.0,18.838991087059245,1.00602817336559,000433-0011
scale-000433,qualification-synthetic,g,62012.0,19.21264051818734,1.186311410946241,000433-0012
scale-000433,qualification-synthetic,g,62013.0,21.067045406871912,0.9153467845709697,000433-0013
scale-000433,qualification-synthetic,g,62014.0,21.543159788230362,1.1770556840504098,000433-0014
scale-000433,qualification-synthetic,g,62015.0,19.22470494976487,1.0632419703146245,000433-0015
scale-000433,qualification-synthetic,g,62016.0,19.46907691956753,1.1671264399716077,000433-0016
scale-000433,qualification-synthetic,g,62017.0,18.60574795715134,1.193593425910371,000433-0017
scale-000433,qualification-synthetic,g,62018.0,20.104088329286927,0.8217747662828214,000433-0018
scale-000433,qualification-synthetic,g,62019.0,20.948995556751708,0.8080066485485028,000433-0019
scale-000433,qualification-synthetic,g,62020.0,20.5240832006446,1.0873273262794814,000433-0020
scale-000433,qualification-synthetic,g,62021.0,18.669524171208913,1.0590813014068834,000433-0021
scale-000433,qualification-synthetic,g,62022.0,18.992247442730825,1.0743801466228924,000433-0022
scale-000433,qualification-synthetic,g,62023.0,20.68632555976685,0.8861362866596826,000433-0023
scale-000433,qualification-synthetic,g,62024.0,20.356027232470467,0.947359358537859,000433-0024
scale-000433,qualification-synthetic,g,62025.0,20.42387165157155,0.882474653822682,000433-0025
scale-000433,qualification-synthetic,g,62026.0,20.729591379020274,0.9038036289188588,000433-0026
scale-000433,qualification-synthetic,g,62027.0,19.28249287678967,0.8738747334579431,000433-0027
scale-000433,qualification-synthetic,g,62028.0,20.408112517427107,0.8225512624028527,000433-0028
scale-000433,qualification-synthetic,g,62029.0,18.913581465878714,0.9729547156805005,000433-0029
scale-000433,qualification-synthetic,g,62030.0,18.03866280488414,0.923833202977204,000433-0030
scale-000433,qualification-synthetic,g,62031.0,19.412492597532406,0.8184634098626187,000433-0031
scale-000434,qualification-synthetic,g,62000.0,18.950668762922312,1.1348411340619275,000434-0000
scale-000434,qualification-synthetic,g,62001.0,19.057641313036758,0.8075834081605154,000434-0001
scale-000434,qualification-synthetic,g,62002.0,17.76501181651246,0.8128056630392592,000434-0002
scale-000434,qualification-synthetic,g,62003.0,21.137643134586543,0.8415963317025794,000434-0003
scale-000434,qualification-synthetic,g,62004.0,19.412591390502623,0.837880183024628,000434-0004
scale-000434,qualification-synthetic,g,62005.0,18.671629863791864,1.0695693380296967,000434-0005
scale-000434,qualification-synthetic,g,62006.0,20.777723424717298,0.8008585835012088,000434-0006
scale-000434,qualification-synthetic,g,62007.0,20.427128505827433,1.1375284527440777,000434-0007
scale-000434,qualification-synthetic,g,62008.0,17.892943769423507,0.8913186444858695,000434-0008
scale-000434,qualification-synthetic,g,62009.0,19.203205972149586,0.8102927469313814,000434-0009
scale-000434,qualification-synthetic,g,62010.0,19.833773674617756,0.9884438430751503,000434-0010
scale-000434,qualification-synthetic,g,62011.0,19.754841641130106,0.9889913670556314,000434-0011
scale-000434,qualification-synthetic,g,62012.0,21.374561785626558,1.0947821577551557,000434-0012
scale-000434,qualification-synthetic,g,62013.0,18.530365065707887,1.1915069778829932,000434-0013
scale-000434,qualification-synthetic,g,62014.0,20.707312714943026,1.0976361278257851,000434-0014
scale-000434,qualification-synthetic,g,62015.0,20.140536336682306,0.9416771287393784,000434-0015
scale-000434,qualification-synthetic,g,62016.0,21.070882269201142,0.9233284838282736,000434-0016
scale-000434,qualification-synthetic,g,62017.0,19.555360207738772,0.9888980377453541,000434-0017
scale-000434,qualification-synthetic,g,62018.0,21.23341813856123,1.0986794817604937,000434-0018
scale-000434,qualification-synthetic,g,62019.0,22.220242867192677,1.0148211005113987,000434-0019
scale-000434,qualification-synthetic,g,62020.0,21.44084873298343,1.1297366136589797,000434-0020
scale-000434,qualification-synthetic,g,62021.0,19.968883747377667,1.1564409585616229,000434-0021
scale-000434,qualification-synthetic,g,62022.0,19.802270872016916,0.8481781720463759,000434-0022
scale-000434,qualification-synthetic,g,62023.0,20.56780792279801,1.126791914776933,000434-0023
scale-000434,qualification-synthetic,g,62024.0,20.954071565427896,1.098823341069258,000434-0024
scale-000434,qualification-synthetic,g,62025.0,20.416174778857044,0.9800538254118568,000434-0025
scale-000434,qualification-synthetic,g,62026.0,19.09408515388879,0.9185236501713286,000434-0026
scale-000434,qualification-synthetic,g,62027.0,19.392955739923902,0.9769739597522111,000434-0027
scale-000434,qualification-synthetic,g,62028.0,22.338831099981718,1.046199871407507,000434-0028
scale-000434,qualification-synthetic,g,62029.0,19.105170951136323,0.9128866407126385,000434-0029
scale-000434,qualification-synthetic,g,62030.0,19.175280689811075,0.8256152136057214,000434-0030
scale-000434,qualification-synthetic,g,62031.0,20.309731317620734,1.0058275250790343,000434-0031
scale-000435,qualification-synthetic,g,62000.0,20.91027032158859,0.9234680857575871,000435-0000
scale-000435,qualification-synthetic,g,62001.0,20.06984288070331,0.9178221451759947,000435-0001
scale-000435,qualification-synthetic,g,62002.0,21.44262551094957,0.8080744724362801,000435-0002
scale-000435,qualification-synthetic,g,62003.0,18.4389112857473,1.117013751200708,000435-0003
scale-000435,qualification-synthetic,g,62004.0,20.925096630041175,0.8799583722173215,000435-0004
scale-000435,qualification-synthetic,g,62005.0,19.550908566880466,0.8097694999776863,000435-0005
scale-000435,qualification-synthetic,g,62006.0,21.435997920454895,1.0654125211948933,000435-0006
scale-000435,qualification-synthetic,g,62007.0,20.64334031976313,0.8857310009885634,000435-0007
scale-000435,qualification-synthetic,g,62008.0,18.619659950700587,1.109111431265269,000435-0008
scale-000435,qualification-synthetic,g,62009.0,19.770877956608533,0.8795997182239892,000435-0009
scale-000435,qualification-synthetic,g,62010.0,20.682283246509684,1.0343852829317763,000435-0010
scale-000435,qualification-synthetic,g,62011.0,17.569847099700382,1.0331729371984093,000435-0011
scale-000435,qualification-synthetic,g,62012.0,19.753657591363293,0.9929318947536147,000435-0012
scale-000435,qualification-synthetic,g,62013.0,20.911585841365486,0.8253634490878489,000435-0013
scale-000435,qualification-synthetic,g,62014.0,19.382931690567585,1.1139735574659444,000435-0014
scale-000435,qualification-synthetic,g,62015.0,19.27934843361112,1.0071711422180027,000435-0015
scale-000435,qualification-synthetic,g,62016.0,20.321426515779745,1.1613784641030445,000435-0016
scale-000435,qualification-synthetic,g,62017.0,18.71314394401518,0.9624003455958582,000435-0017
scale-000435,qualification-synthetic,g,62018.0,20.651759833779693,0.844925895066792,000435-0018
scale-000435,qualification-synthetic,g,62019.0,18.9183684700762,0.8395171926143784,000435-0019
scale-000435,qualification-synthetic,g,62020.0,20.47399521716096,0.8400096300445519,000435-0020
scale-000435,qualification-synthetic,g,62021.0,18.73849595031552,0.8575361688370807,000435-0021
scale-000435,qualification-synthetic,g,62022.0,20.159683979885365,1.1198915975277182,000435-0022
scale-000435,qualification-synthetic,g,62023.0,19.764009047622395,0.8708830422054462,000435-0023
scale-000435,qualification-synthetic,g,62024.0,19.35241846181847,1.086643451275163,000435-0024
scale-000435,qualification-synthetic,g,62025.0,21.21003535512401,0.9096698755430384,000435-0025
scale-000435,qualification-synthetic,g,62026.0,19.281281349933998,0.8257731229907311,000435-0026
scale-000435,qualification-synthetic,g,62027.0,21.291952565384133,0.862830336058766,000435-0027
scale-000435,qualification-synthetic,g,62028.0,18.978430118046006,0.9808888723449687,000435-0028
scale-000435,qualification-synthetic,g,62029.0,20.76861106886103,0.9997524676621227,000435-0029
scale-000435,qualification-synthetic,g,62030.0,19.933777828522203,0.8477987974175676,000435-0030
scale-000435,qualification-synthetic,g,62031.0,14.491850797330418,1.1732893983990937,000435-0031
scale-000436,qualification-synthetic,g,62000.0,21.784292365156308,1.0588906350690004,000436-0000
scale-000436,qualification-synthetic,g,62001.0,20.60240552817526,1.056015838985268,000436-0001
scale-000436,qualification-synthetic,g,62002.0,21.137111428072153,1.0982127974089833,000436-0002
scale-000436,qualification-synthetic,g,62003.0,19.889395220596686,0.9635812641064998,000436-0003
scale-000436,qualification-synthetic,g,62004.0,20.82732442092381,1.0397079005470633,000436-0004
scale-000436,qualification-synthetic,g,62005.0,22.15838189793758,1.1133189981149418,000436-0005
scale-000436,qualification-synthetic,g,62006.0,21.064210827632813,0.888740582218909,000436-0006
scale-000436,qualification-synthetic,g,62007.0,21.326490959629748,1.0014364416528054,000436-0007
scale-000436,qualification-synthetic,g,62008.0,20.193714457186694,0.9869401146331809,000436-0008
scale-000436,qualification-synthetic,g,62009.0,19.99444097829937,1.1204024061481874,000436-0009
scale-000436,qualification-synthetic,g,62010.0,22.097882587588195,0.9566299375802686,000436-0010
scale-000436,qualification-synthetic,g,62011.0,18.29852993405297,0.8333950512779722,000436-0011
scale-000436,qualification-synthetic,g,62012.0,21.70620360154894,0.9665489034326407,000436-0012
scale-000436,qualification-synthetic,g,62013.0,21.15170671676408,1.162986634249492,000436-0013
scale-000436,qualification-synthetic,g,62014.0,18.926497317780324,1.1692607751887008,000436-0014
scale-000436,qualification-synthetic,g,62015.0,18.912177643547423,1.161261675314379,000436-0015
scale-000436,qualification-synthetic,g,62016.0,18.83122807604381,0.9510051658512811,000436-0016
scale-000436,qualification-synthetic,g,62017.0,17.226657240007537,0.923805032860685,000436-0017
scale-000436,qualification-synthetic,g,62018.0,18.849721691881197,0.8875883771928404,000436-0018
scale-000436,qualification-synthetic,g,62019.0,20.36862012495018,1.143513318360673,000436-0019
scale-000436,qualification-synthetic,g,62020.0,18.294993540422503,1.0554612972575101,000436-0020
scale-000436,qualification-synthetic,g,62021.0,19.872409717966768,1.154208679275623,000436-0021
scale-000436,qualification-synthetic,g,62022.0,20.44444796632884,1.0622188112570545,000436-0022
scale-000436,qualification-synthetic,g,62023.0,20.2304059087035,1.0961175771928127,000436-0023
scale-000436,qualification-synthetic,g,62024.0,20.667221663399758,0.8428704174814442,000436-0024
scale-000436,qualification-synthetic,g,62025.0,20.824487717273374,1.1290828678025997,000436-0025
scale-000436,qualification-synthetic,g,62026.0,21.102115013490085,1.1230205843700567,000436-0026
scale-000436,qualification-synthetic,g,62027.0,19.29898086247,1.098255265472457,000436-0027
scale-000436,qualification-synthetic,g,62028.0,18.787461318887946,0.8686322989286498,000436-0028
scale-000436,qualification-synthetic,g,62029.0,19.675534060367344,0.8402024608294643,000436-0029
scale-000436,qualification-synthetic,g,62030.0,20.36029576430142,1.1454777122678568,000436-0030
scale-000436,qualification-synthetic,g,62031.0,20.415455604698188,0.9940838102424601,000436-0031
scale-000437,qualification-synthetic,g,62000.0,19.621838280028747,0.9604662423655992,000437-0000
scale-000437,qualification-synthetic,g,62001.0,20.7884385215869,1.0290006631092907,000437-0001
scale-000437,qualification-synthetic,g,62002.0,19.740827519857092,0.8443981710826847,000437-0002
scale-000437,qualification-synthetic,g,62003.0,18.138092174474565,1.1099973803677454,000437-0003
scale-000437,qualification-synthetic,g,62004.0,19.360774840884492,0.8880711714281836,000437-0004
scale-000437,qualification-synthetic,g,62005.0,22.338210956817193,1.0463605349040717,000437-0005
scale-000437,qualification-synthetic,g,62006.0,20.398719975795427,0.8727904488246827,000437-0006
scale-000437,qualification-synthetic,g,62007.0,19.392833640260108,0.9918867257223759,000437-0007
scale-000437,qualification-synthetic,g,62008.0,19.867332865619897,1.117187053928349,000437-0008
scale-000437,qualification-synthetic,g,62009.0,20.6876238797343,0.9032414602319657,000437-0009
scale-000437,qualification-synthetic,g,62010.0,20.59523368567985,0.973822623231947,000437-0010
scale-000437,qualification-synthetic,g,62011.0,21.936093422456434,1.0932578893351579,000437-0011
scale-000437,qualification-synthetic,g,62012.0,17.917340785853256,0.9925514170925978,000437-0012
scale-000437,qualification-synthetic,g,62013.0,20.138966925408262,1.0687206404114564,000437-0013
scale-000437,qualification-synthetic,g,62014.0,21.79832620708222,0.821161580529358,000437-0014
scale-000437,qualification-synthetic,g,62015.0,17.726657192642683,1.1507175761087411,000437-0015
scale-000437,qualification-synthetic,g,62016.0,21.87893856465002,0.9412716453598581,000437-0016
scale-000437,qualification-synthetic,g,62017.0,21.00755434030717,0.9909748818124814,000437-0017
scale-000437,qualification-synthetic,g,62018.0,19.82080164984657,1.0401232743132443,000437-0018
scale-000437,qualification-synthetic,g,62019.0,19.537114844134567,0.9106664857059845,000437-0019
scale-000437,qualification-synthetic,g,62020.0,21.201286958794824,0.8079527039770298,000437-0020
scale-000437,qualification-synthetic,g,62021.0,18.38402465938257,0.9663392720871578,000437-0021
scale-000437,qualification-synthetic,g,62022.0,21.63537302255267,0.8310880382994137,000437-0022
scale-000437,qualification-synthetic,g,62023.0,19.440808336767997,0.9943007176190323,000437-0023
scale-000437,qualification-synthetic,g,62024.0,19.165840895791614,1.1927568766715329,000437-0024
scale-000437,qualification-synthetic,g,62025.0,20.529988649589228,1.0490317568544048,000437-0025
scale-000437,qualification-synthetic,g,62026.0,20.386272176157128,0.8705138919020466,000437-0026
scale-000437,qualification-synthetic,g,62027.0,20.984484486426737,1.1716468751254487,000437-0027
scale-000437,qualification-synthetic,g,62028.0,19.05879518969677,1.059985423018103,000437-0028
scale-000437,qualification-synthetic,g,62029.0,20.343770703532897,0.8914353099631802,000437-0029
scale-000437,qualification-synthetic,g,62030.0,23.409285317177247,0.804794931373554,000437-0030
scale-000437,qualification-synthetic,g,62031.0,22.270716393037098,1.102922816475163,000437-0031
scale-000438,qualification-synthetic,g,62000.0,19.891409639684717,0.9733305054555818,000438-0000
scale-000438,qualification-synthetic,g,62001.0,22.4974962373175,0.9585813647718083,000438-0001
scale-000438,qualification-synthetic,g,62002.0,18.791258867505128,1.0749729146827813,000438-0002
scale-000438,qualification-synthetic,g,62003.0,19.674972240423884,0.8186346140766758,000438-0003
scale-000438,qualification-synthetic,g,62004.0,18.2133970814107,1.0636458360720955,000438-0004
scale-000438,qualification-synthetic,g,62005.0,20.646213973268093,0.8812221467554283,000438-0005
scale-000438,qualification-synthetic,g,62006.0,22.21681900312626,0.8407911151648948,000438-0006
scale-000438,qualification-synthetic,g,62007.0,20.481452091888645,0.9576417367899781,000438-0007
scale-000438,qualification-synthetic,g,62008.0,20.11720155683994,1.0669787960425403,000438-0008
scale-000438,qualification-synthetic,g,62009.0,17.930955586699785,0.9646683962833547,000438-0009
scale-000438,qualification-synthetic,g,62010.0,18.810912191213458,0.9197013115145016,000438-0010
scale-000438,qualification-synthetic,g,62011.0,20.505200367010477,0.9700522954807618,000438-0011
scale-000438,qualification-synthetic,g,62012.0,19.785501846647588,0.830458429847598,000438-0012
scale-000438,qualification-synthetic,g,62013.0,14.468561651324038,1.1481566976871356,000438-0013
scale-000438,qualification-synthetic,g,62014.0,17.679888505521586,1.032914473636596,000438-0014
scale-000438,qualification-synthetic,g,62015.0,19.849986055821986,1.0994459220781374,000438-0015
scale-000438,qualification-synthetic,g,62016.0,21.581211273547634,1.0680757144367663,000438-0016
scale-000438,qualification-synthetic,g,62017.0,20.68382161974937,1.0196784433276056,000438-0017
scale-000438,qualification-synthetic,g,62018.0,19.309205866424684,1.1791550653050322,000438-0018
scale-000438,qualification-synthetic,g,62019.0,19.592668122462385,1.1168867429970972,000438-0019
scale-000438,qualification-synthetic,g,62020.0,19.82986674099762,1.106298031246834,000438-0020
scale-000438,qualification-synthetic,g,62021.0,21.103949880585965,1.1201859576404607,000438-0021
scale-000438,qualification-synthetic,g,62022.0,18.588290929699017,0.9376505969310295,000438-0022
scale-000438,qualification-synthetic,g,62023.0,19.14990688460046,1.0669557409189738,000438-0023
scale-000438,qualification-synthetic,g,62024.0,20.59514813434953,1.1938226666773883,000438-0024
scale-000438,qualification-synthetic,g,62025.0,19.653602057281123,1.004709155120142,000438-0025
scale-000438,qualification-synthetic,g,62026.0,20.264597033618497,1.0906870891767888,000438-0026
scale-000438,qualification-synthetic,g,62027.0,20.11144292270466,0.8923721833653998,000438-0027
scale-000438,qualification-synthetic,g,62028.0,20.796653003727517,0.8015229921882615,000438-0028
scale-000438,qualification-synthetic,g,62029.0,19.905536621101398,1.152587467158098,000438-0029
scale-000438,qualification-synthetic,g,62030.0,19.799340418965635,0.8265041808215146,000438-0030
scale-000438,qualification-synthetic,g,62031.0,21.79578747105572,1.0643262924494965,000438-0031
scale-000439,qualification-synthetic,g,62000.0,20.722780792844333,1.0879450319822968,000439-0000
scale-000439,qualification-synthetic,g,62001.0,20.369476600534483,1.1250069461967356,000439-0001
scale-000439,qualification-synthetic,g,62002.0,22.35047149530298,1.1917121510639828,000439-0002
scale-000439,qualification-synthetic,g,62003.0,18.401014618879422,1.035149569726054,000439-0003
scale-000439,qualification-synthetic,g,62004.0,18.47004928294605,1.1351143001218114,000439-0004
scale-000439,qualification-synthetic,g,62005.0,20.491702896158273,0.8949192477485762,000439-0005
scale-000439,qualification-synthetic,g,62006.0,18.22263803032529,1.085618283789151,000439-0006
scale-000439,qualification-synthetic,g,62007.0,19.55164274395942,0.8044811936406087,000439-0007
scale-000439,qualification-synthetic,g,62008.0,20.01739449590172,1.1755770355481112,000439-0008
scale-000439,qualification-synthetic,g,62009.0,19.450766383945147,1.0195147579401438,000439-0009
scale-000439,qualification-synthetic,g,62010.0,19.638942502135375,0.9275647855297728,000439-0010
scale-000439,qualification-synthetic,g,62011.0,20.719798016414405,0.9425736187095154,000439-0011
scale-000439,qualification-synthetic,g,62012.0,21.129567357702037,0.9734738082709957,000439-0012
scale-000439,qualification-synthetic,g,62013.0,20.205058819326197,1.1130205213536235,000439-0013
scale-000439,qualification-synthetic,g,62014.0,21.29973497030684,0.8833379418000239,000439-0014
scale-000439,qualification-synthetic,g,62015.0,21.463386086729486,1.1685902299309676,000439-0015
scale-000439,qualification-synthetic,g,62016.0,18.535919557461085,1.0309451144685617,000439-0016
scale-000439,qualification-synthetic,g,62017.0,19.84596594023154,0.8128717673948616,000439-0017
scale-000439,qualification-synthetic,g,62018.0,20.256001495031224,1.1133065400050586,000439-0018
scale-000439,qualification-synthetic,g,62019.0,21.773328273242967,1.0608974641361273,000439-0019
scale-000439,qualification-synthetic,g,62020.0,19.288559803306335,1.0490735023393392,000439-0020
scale-000439,qualification-synthetic,g,62021.0,16.6054556822145,1.167867204043152,000439-0021
scale-000439,qualification-synthetic,g,62022.0,20.895261602286684,0.838258748861396,000439-0022
scale-000439,qualification-synthetic,g,62023.0,18.789495948583706,1.1160832130509042,000439-0023
scale-000439,qualification-synthetic,g,62024.0,19.89463732406146,0.8742074785471327,000439-0024
scale-000439,qualification-synthetic,g,62025.0,20.609576245914035,1.1246363811814217,000439-0025
scale-000439,qualification-synthetic,g,62026.0,18.720736367235446,1.1011794854572157,000439-0026
scale-000439,qualification-synthetic,g,62027.0,18.657986303552292,1.0128416847311472,000439-0027
scale-000439,qualification-synthetic,g,62028.0,20.24516701378602,1.111240286229273,000439-0028
scale-000439,qualification-synthetic,g,62029.0,20.18088839002879,0.9688369094009488,000439-0029
scale-000439,qualification-synthetic,g,62030.0,22.161711932506922,0.9297819784429585,000439-0030
scale-000439,qualification-synthetic,g,62031.0,22.75991357742438,1.029002150393595,000439-0031
scale-000440,qualification-synthetic,g,62000.0,20.168174944675847,0.800715874929269,000440-0000
scale-000440,qualification-synthetic,g,62001.0,23.54530516721357,1.1750621533958263,000440-0001
scale-000440,qualification-synthetic,g,62002.0,19.08937148657305,0.9590446301137668,000440-0002
scale-000440,qualification-synthetic,g,62003.0,20.403600683079155,0.8178991304251619,000440-0003
scale-000440,qualification-synthetic,g,62004.0,21.46177062181912,1.103782789351644,000440-0004
scale-000440,qualification-synthetic,g,62005.0,21.052995301005964,1.0315748170208479,000440-0005
scale-000440,qualification-synthetic,g,62006.0,18.669956899152012,1.1905228350758776,000440-0006
scale-000440,qualification-synthetic,g,62007.0,19.698092796464216,0.8565088735012389,000440-0007
scale-000440,qualification-synthetic,g,62008.0,17.33161074927237,0.9085342368537066,000440-0008
scale-000440,qualification-synthetic,g,62009.0,22.67516051358851,0.9195174819662281,000440-0009
scale-000440,qualification-synthetic,g,62010.0,19.528715844330392,0.8052516169633762,000440-0010
scale-000440,qualification-synthetic,g,62011.0,20.861874879436154,0.8889206394029256,000440-0011
scale-000440,qualification-synthetic,g,62012.0,20.05529923059143,0.8960740831891395,000440-0012
scale-000440,qualification-synthetic,g,62013.0,17.863462779426676,1.1720709675560332,000440-0013
scale-000440,qualification-synthetic,g,62014.0,19.095717658259442,1.0832953167307018,000440-0014
scale-000440,qualification-synthetic,g,62015.0,19.503485812803515,0.9335741196382819,000440-0015
scale-000440,qualification-synthetic,g,62016.0,20.17518939320883,1.0602135522353575,000440-0016
scale-000440,qualification-synthetic,g,62017.0,18.83884268216559,0.9237819443251287,000440-0017
scale-000440,qualification-synthetic,g,62018.0,19.972103775941736,0.9594253754102025,000440-0018
scale-000440,qualification-synthetic,g,62019.0,22.193171787362896,1.1264547144704502,000440-0019
scale-000440,qualification-synthetic,g,62020.0,20.67633510851734,0.8273388748715595,000440-0020
scale-000440,qualification-synthetic,g,62021.0,22.250181500905324,0.9874670828506473,000440-0021
scale-000440,qualification-synthetic,g,62022.0,20.34116313600467,1.0785361363985,000440-0022
scale-000440,qualification-synthetic,g,62023.0,19.394271989082938,0.8333900967395681,000440-0023
scale-000440,qualification-synthetic,g,62024.0,20.499152596947386,0.8767179671510011,000440-0024
scale-000440,qualification-synthetic,g,62025.0,19.979600648361835,1.1201330709794763,000440-0025
scale-000440,qualification-synthetic,g,62026.0,19.997245651038927,0.9605484292353054,000440-0026
scale-000440,qualification-synthetic,g,62027.0,18.324159037925753,1.0676223468120913,000440-0027
scale-000440,qualification-synthetic,g,62028.0,18.91746004996423,1.0195769736486187,000440-0028
scale-000440,qualification-synthetic,g,62029.0,21.100050721491133,0.9740234039544268,000440-0029
scale-000440,qualification-synthetic,g,62030.0,19.063923573301828,0.8463771793403259,000440-0030
scale-000440,qualification-synthetic,g,62031.0,20.693972812464498,0.8698980172961499,000440-0031
scale-000441,qualification-synthetic,g,62000.0,20.540022040191346,1.1112717055790002,000441-0000
scale-000441,qualification-synthetic,g,62001.0,19.776580059547776,1.1479870714522693,000441-0001
scale-000441,qualification-synthetic,g,62002.0,20.056594174571547,0.8552640653090611,000441-0002
scale-000441,qualification-synthetic,g,62003.0,19.943483508291745,1.1017699951579056,000441-0003
scale-000441,qualification-synthetic,g,62004.0,21.256712696834505,1.1558615564666443,000441-0004
scale-000441,qualification-synthetic,g,62005.0,22.525613076633352,1.147612208508798,000441-0005
scale-000441,qualification-synthetic,g,62006.0,20.25399594694098,0.9726796109303741,000441-0006
scale-000441,qualification-synthetic,g,62007.0,19.57860050212239,1.0115808563121331,000441-0007
scale-000441,qualification-synthetic,g,62008.0,18.707629690652904,1.0714184577509969,000441-0008
scale-000441,qualification-synthetic,g,62009.0,18.316893041806875,0.9169538598684691,000441-0009
scale-000441,qualification-synthetic,g,62010.0,19.488626402316186,1.0856345901459201,000441-0010
scale-000441,qualification-synthetic,g,62011.0,20.74544751851576,1.096879030791446,000441-0011
scale-000441,qualification-synthetic,g,62012.0,19.523394014245394,1.0648445575651424,000441-0012
scale-000441,qualification-synthetic,g,62013.0,19.23581240876567,1.0275596704429253,000441-0013
scale-000441,qualification-synthetic,g,62014.0,19.04332041185061,1.0158550394301935,000441-0014
scale-000441,qualification-synthetic,g,62015.0,17.62033009514022,0.9807724113191199,000441-0015
scale-000441,qualification-synthetic,g,62016.0,20.630758720906513,1.1047216939737747,000441-0016
scale-000441,qualification-synthetic,g,62017.0,17.226183278834597,0.8203770733755376,000441-0017
scale-000441,qualification-synthetic,g,62018.0,20.984061291792077,1.0309475978036455,000441-0018
scale-000441,qualification-synthetic,g,62019.0,22.16841199096002,1.0258746620685475,000441-0019
scale-000441,qualification-synthetic,g,62020.0,21.903362752308706,1.008563385018891,000441-0020
scale-000441,qualification-synthetic,g,62021.0,19.109497750245936,1.1157140857230554,000441-0021
scale-000441,qualification-synthetic,g,62022.0,19.186597847980774,1.1043109198371812,000441-0022
scale-000441,qualification-synthetic,g,62023.0,20.30421724554939,0.8545137517815101,000441-0023
scale-000441,qualification-synthetic,g,62024.0,21.249905052814384,1.0869123914340504,000441-0024
scale-000441,qualification-synthetic,g,62025.0,20.476420203705686,1.0557130268296753,000441-0025
scale-000441,qualification-synthetic,g,62026.0,21.023664525950718,0.8519216924019403,000441-0026
scale-000441,qualification-synthetic,g,62027.0,21.808834796596987,0.8093914707125105,000441-0027
scale-000441,qualification-synthetic,g,62028.0,20.39438887349698,1.1198550940118892,000441-0028
scale-000441,qualification-synthetic,g,62029.0,22.0892265738522,1.1846599548490744,000441-0029
scale-000441,qualification-synthetic,g,62030.0,17.373868075309076,1.1965356456836138,000441-0030
scale-000441,qualification-synthetic,g,62031.0,20.648012095768603,0.9947567231821145,000441-0031
scale-000442,qualification-synthetic,g,62000.0,18.86610830612264,0.9224845991161285,000442-0000
scale-000442,qualification-synthetic,g,62001.0,21.84333939432398,1.0108768967439863,000442-0001
scale-000442,qualification-synthetic,g,62002.0,18.473147494546538,0.8551728031132384,000442-0002
scale-000442,qualification-synthetic,g,62003.0,20.36604659669857,0.8727856458387931,000442-0003
scale-000442,qualification-synthetic,g,62004.0,20.032790239734197,0.9988980975653814,000442-0004
scale-000442,qualification-synthetic,g,62005.0,22.27230697126636,1.0161869970679416,000442-0005
scale-000442,qualification-synthetic,g,62006.0,20.21522862954435,0.9087217191372549,000442-0006
scale-000442,qualification-synthetic,g,62007.0,19.397114554759575,0.9678942500502328,000442-0007
scale-000442,qualification-synthetic,g,62008.0,20.392535837114153,0.8155044792175643,000442-0008
scale-000442,qualification-synthetic,g,62009.0,20.738336752457556,1.1774300624592802,000442-0009
scale-000442,qualification-synthetic,g,62010.0,20.284163965631038,0.8540301981657608,000442-0010
scale-000442,qualification-synthetic,g,62011.0,15.348003722527,0.9168570084839255,000442-0011
scale-000442,qualification-synthetic,g,62012.0,20.919101014269206,0.9488292989818786,000442-0012
scale-000442,qualification-synthetic,g,62013.0,21.90296640451681,1.1719495133099018,000442-0013
scale-000442,qualification-synthetic,g,62014.0,18.261188102991994,1.07964626993578,000442-0014
scale-000442,qualification-synthetic,g,62015.0,20.415764919568403,0.9326493542369603,000442-0015
scale-000442,qualification-synthetic,g,62016.0,21.577191827559158,0.8902682129280646,000442-0016
scale-000442,qualification-synthetic,g,62017.0,22.282854305796175,0.9631560841916864,000442-0017
scale-000442,qualification-synthetic,g,62018.0,19.09994074210013,0.9224372129376919,000442-0018
scale-000442,qualification-synthetic,g,62019.0,18.17364736932566,0.9564372224652085,000442-0019
scale-000442,qualification-synthetic,g,62020.0,20.31069795041992,0.9721245452820353,000442-0020
scale-000442,qualification-synthetic,g,62021.0,19.922952977437017,1.1204179029827366,000442-0021
scale-000442,qualification-synthetic,g,62022.0,19.53909273832046,0.9799147462954418,000442-0022
scale-000442,qualification-synthetic,g,62023.0,20.288502254919415,0.873787996297952,000442-0023
scale-000442,qualification-synthetic,g,62024.0,19.253093867334012,0.8177146375313149,000442-0024
scale-000442,qualification-synthetic,g,62025.0,20.374283937550175,0.9696292629208526,000442-0025
scale-000442,qualification-synthetic,g,62026.0,19.032107105883174,1.0090088653594143,000442-0026
scale-000442,qualification-synthetic,g,62027.0,21.268621802069983,0.9670879031024706,000442-0027
scale-000442,qualification-synthetic,g,62028.0,19.198914782901877,0.9449360427253114,000442-0028
scale-000442,qualification-synthetic,g,62029.0,20.277599634217147,1.1584530142734482,000442-0029
scale-000442,qualification-synthetic,g,62030.0,20.862270432575453,1.0471263943500437,000442-0030
scale-000442,qualification-synthetic,g,62031.0,19.807291623057054,0.9827469003288972,000442-0031
scale-000443,qualification-synthetic,g,62000.0,20.14501859715707,0.8114668622280787,000443-0000
scale-000443,qualification-synthetic,g,62001.0,20.115930765464668,0.8473308074767721,000443-0001
scale-000443,qualification-synthetic,g,62002.0,17.727536969359257,1.0411627116253819,000443-0002
scale-000443,qualification-synthetic,g,62003.0,20.525477653116432,1.1301213310204192,000443-0003
scale-000443,qualification-synthetic,g,62004.0,19.283252567307763,1.1168182258570682,000443-0004
scale-000443,qualification-synthetic,g,62005.0,19.930484865513346,1.1605598625367708,000443-0005
scale-000443,qualification-synthetic,g,62006.0,19.50245846646476,1.1291047316010887,000443-0006
scale-000443,qualification-synthetic,g,62007.0,20.689976638408442,0.8108912720146071,000443-0007
scale-000443,qualification-synthetic,g,62008.0,18.917878027783697,1.1756893271798161,000443-0008
scale-000443,qualification-synthetic,g,62009.0,18.057773833159317,1.0891866539947503,000443-0009
scale-000443,qualification-synthetic,g,62010.0,19.044927597763454,1.1333090270197654,000443-0010
scale-000443,qualification-synthetic,g,62011.0,18.653825882979092,1.0778999357785815,000443-0011
scale-000443,qualification-synthetic,g,62012.0,22.69645726581392,0.9444646932779678,000443-0012
scale-000443,qualification-synthetic,g,62013.0,19.80237393593569,0.8846313678368655,000443-0013
scale-000443,qualification-synthetic,g,62014.0,19.45310333628771,0.9460431901275782,000443-0014
scale-000443,qualification-synthetic,g,62015.0,19.982353141644243,0.942108788944846,000443-0015
scale-000443,qualification-synthetic,g,62016.0,21.432830960103345,0.8317805046867808,000443-0016
scale-000443,qualification-synthetic,g,62017.0,19.164362549233125,1.1374157294655929,000443-0017
scale-000443,qualification-synthetic,g,62018.0,20.347091829956057,0.9782494136545373,000443-0018
scale-000443,qualification-synthetic,g,62019.0,19.74705380354013,1.0402650645367173,000443-0019
scale-000443,qualification-synthetic,g,62020.0,20.2722488296977,0.9204219089471621,000443-0020
scale-000443,qualification-synthetic,g,62021.0,20.276541732608585,0.8008285284178862,000443-0021
scale-000443,qualification-synthetic,g,62022.0,23.2340059405644,1.0083286588953835,000443-0022
scale-000443,qualification-synthetic,g,62023.0,21.47699452207505,0.9320017629525555,000443-0023
scale-000443,qualification-synthetic,g,62024.0,19.7405271969165,1.031464983824242,000443-0024
scale-000443,qualification-synthetic,g,62025.0,21.063212463776093,1.102640600924039,000443-0025
scale-000443,qualification-synthetic,g,62026.0,21.80971604652409,1.1791606100038852,000443-0026
scale-000443,qualification-synthetic,g,62027.0,19.358198963510418,1.1240123242201314,000443-0027
scale-000443,qualification-synthetic,g,62028.0,23.51390951460331,0.8315428627463859,000443-0028
scale-000443,qualification-synthetic,g,62029.0,22.558269113033397,1.1867818870987932,000443-0029
scale-000443,qualification-synthetic,g,62030.0,18.351517591904162,1.137024756654382,000443-0030
scale-000443,qualification-synthetic,g,62031.0,20.992075223647824,0.9782999875180202,000443-0031
scale-000444,qualification-synthetic,g,62000.0,18.885689383319068,1.0120771743458683,000444-0000
scale-000444,qualification-synthetic,g,62001.0,20.66696235204736,0.8062238231104378,000444-0001
scale-000444,qualification-synthetic,g,62002.0,17.850947175938778,0.9885968323175995,000444-0002
scale-000444,qualification-synthetic,g,62003.0,20.369870684216455,1.0294972758518126,000444-0003
scale-000444,qualification-synthetic,g,62004.0,19.393235252561208,1.1324330606953679,000444-0004
scale-000444,qualification-synthetic,g,62005.0,19.492295017791214,0.8790698382879771,000444-0005
scale-000444,qualification-synthetic,g,62006.0,19.865540218423487,0.9573383400638877,000444-0006
scale-000444,qualification-synthetic,g,62007.0,19.15795331421189,0.9306183969694699,000444-0007
scale-000444,qualification-synthetic,g,62008.0,14.250212285835053,1.113043486202509,000444-0008
scale-000444,qualification-synthetic,g,62009.0,21.346381633430767,1.1177042379262492,000444-0009
scale-000444,qualification-synthetic,g,62010.0,20.2283557050081,1.0149781501844917,000444-0010
scale-000444,qualification-synthetic,g,62011.0,19.514895033179656,1.0071310435486174,000444-0011
scale-000444,qualification-synthetic,g,62012.0,22.899867845930814,1.016158750604213,000444-0012
scale-000444,qualification-synthetic,g,62013.0,21.210666387021714,0.8540461684600296,000444-0013
scale-000444,qualification-synthetic,g,62014.0,19.6655340946279,1.0982074190364084,000444-0014
scale-000444,qualification-synthetic,g,62015.0,19.095272438905504,0.868294494244445,000444-0015
scale-000444,qualification-synthetic,g,62016.0,20.658712667185043,0.8006373164068181,000444-0016
scale-000444,qualification-synthetic,g,62017.0,17.05799968850421,1.1643070698938642,000444-0017
scale-000444,qualification-synthetic,g,62018.0,15.894237639855167,1.0794807803266235,000444-0018
scale-000444,qualification-synthetic,g,62019.0,19.11637804207172,1.1984734782814128,000444-0019
scale-000444,qualification-synthetic,g,62020.0,20.969370069174104,1.0958050129503707,000444-0020
scale-000444,qualification-synthetic,g,62021.0,18.957058120929325,1.1673772774001963,000444-0021
scale-000444,qualification-synthetic,g,62022.0,19.25995328171194,1.0217193696202211,000444-0022
scale-000444,qualification-synthetic,g,62023.0,20.05187495145059,1.166449955419743,000444-0023
scale-000444,qualification-synthetic,g,62024.0,18.793760031187638,1.074641034147468,000444-0024
scale-000444,qualification-synthetic,g,62025.0,19.68609511456456,0.9664224087933049,000444-0025
scale-000444,qualification-synthetic,g,62026.0,19.40983432994157,1.0675413407148964,000444-0026
scale-000444,qualification-synthetic,g,62027.0,19.922752935508726,0.9539093471686848,000444-0027
scale-000444,qualification-synthetic,g,62028.0,20.37572977632467,0.9377752937320174,000444-0028
scale-000444,qualification-synthetic,g,62029.0,19.55164565682581,0.9073132926866624,000444-0029
scale-000444,qualification-synthetic,g,62030.0,21.379627165482233,1.0338757678294699,000444-0030
scale-000444,qualification-synthetic,g,62031.0,19.921366691059173,0.8906564347298884,000444-0031
scale-000445,qualification-synthetic,g,62000.0,20.058245534232412,0.8615265286100507,000445-0000
scale-000445,qualification-synthetic,g,62001.0,19.03548204125372,1.0532724166997918,000445-0001
scale-000445,qualification-synthetic,g,62002.0,18.72974629109505,1.125320695224125,000445-0002
scale-000445,qualification-synthetic,g,62003.0,20.247769821110072,0.8393070111276678,000445-0003
scale-000445,qualification-synthetic,g,62004.0,17.24008488364239,1.1948997659584408,000445-0004
scale-000445,qualification-synthetic,g,62005.0,20.721205203394554,1.127889675702322,000445-0005
scale-000445,qualification-synthetic,g,62006.0,19.421518072719362,0.8423635493289581,000445-0006
scale-000445,qualification-synthetic,g,62007.0,19.19421190200656,0.9102401579679068,000445-0007
scale-000445,qualification-synthetic,g,62008.0,17.01278191501175,0.9701647238055604,000445-0008
scale-000445,qualification-synthetic,g,62009.0,20.257678318701636,1.0063625980675355,000445-0009
scale-000445,qualification-synthetic,g,62010.0,19.78783950400286,1.1960555269598658,000445-0010
scale-000445,qualification-synthetic,g,62011.0,20.12239679036108,1.1610834778844452,000445-0011
scale-000445,qualification-synthetic,g,62012.0,19.954944768729476,0.9439891454283111,000445-0012
scale-000445,qualification-synthetic,g,62013.0,19.783194730850624,1.1012755773031189,000445-0013
scale-000445,qualification-synthetic,g,62014.0,21.610277347664336,1.003766070723582,000445-0014
scale-000445,qualification-synthetic,g,62015.0,19.735575973374306,0.9882290828399227,000445-0015
scale-000445,qualification-synthetic,g,62016.0,19.315424520469456,1.1623938649345908,000445-0016
scale-000445,qualification-synthetic,g,62017.0,21.158593559807528,1.0913570673114064,000445-0017
scale-000445,qualification-synthetic,g,62018.0,17.31475002839871,0.8035641302427623,000445-0018
scale-000445,qualification-synthetic,g,62019.0,20.646179625492803,1.1472864947526549,000445-0019
scale-000445,qualification-synthetic,g,62020.0,20.12574158654583,0.8035779586173684,000445-0020
scale-000445,qualification-synthetic,g,62021.0,20.1472568586488,1.0804877082575925,000445-0021
scale-000445,qualification-synthetic,g,62022.0,19.798527147466654,0.9109850846379272,000445-0022
scale-000445,qualification-synthetic,g,62023.0,20.771390031127964,1.1782566122165818,000445-0023
scale-000445,qualification-synthetic,g,62024.0,21.072182565560787,0.8038670460788807,000445-0024
scale-000445,qualification-synthetic,g,62025.0,19.62560174893839,0.8334783440421554,000445-0025
scale-000445,qualification-synthetic,g,62026.0,18.973348652495005,0.9261941916134574,000445-0026
scale-000445,qualification-synthetic,g,62027.0,19.788028207132022,1.064153096753702,000445-0027
scale-000445,qualification-synthetic,g,62028.0,19.980795065583276,1.167526319828619,000445-0028
scale-000445,qualification-synthetic,g,62029.0,21.683067097638133,1.1456898129661566,000445-0029
scale-000445,qualification-synthetic,g,62030.0,20.817081168338603,1.0945347095937246,000445-0030
scale-000445,qualification-synthetic,g,62031.0,16.11746550702628,1.1512624545388048,000445-0031
scale-000446,qualification-synthetic,g,62000.0,19.424313272982932,1.1632395561372704,000446-0000
scale-000446,qualification-synthetic,g,62001.0,21.63530865472165,1.0073498755877657,000446-0001
scale-000446,qualification-synthetic,g,62002.0,19.303773983483854,0.9618534843193428,000446-0002
scale-000446,qualification-synthetic,g,62003.0,20.31145213033572,0.9068326463447233,000446-0003
scale-000446,qualification-synthetic,g,62004.0,21.043934782562975,1.1021696750904,000446-0004
scale-000446,qualification-synthetic,g,62005.0,20.1555057405513,0.9808518793371919,000446-0005
scale-000446,qualification-synthetic,g,62006.0,23.078974311911217,1.1965413212158893,000446-0006
scale-000446,qualification-synthetic,g,62007.0,18.38302470711875,0.8324425996275753,000446-0007
scale-000446,qualification-synthetic,g,62008.0,19.383445785679633,0.8479217054145239,000446-0008
scale-000446,qualification-synthetic,g,62009.0,18.56400309824121,1.0176602400730803,000446-0009
scale-000446,qualification-synthetic,g,62010.0,19.91557046705553,0.9358363761241266,000446-0010
scale-000446,qualification-synthetic,g,62011.0,21.042237778360654,0.9448805159902111,000446-0011
scale-000446,qualification-synthetic,g,62012.0,19.195264283270852,1.108138662739099,000446-0012
scale-000446,qualification-synthetic,g,62013.0,21.973069019748404,0.9943677408326949,000446-0013
scale-000446,qualification-synthetic,g,62014.0,18.275514247644683,1.0439775225575985,000446-0014
scale-000446,qualification-synthetic,g,62015.0,15.98377497830823,0.8304185373550061,000446-0015
scale-000446,qualification-synthetic,g,62016.0,21.156927463723108,1.074847505550759,000446-0016
scale-000446,qualification-synthetic,g,62017.0,19.074486549341973,1.1257173787364532,000446-0017
scale-000446,qualification-synthetic,g,62018.0,20.67524090708885,0.9744631329922542,000446-0018
scale-000446,qualification-synthetic,g,62019.0,20.087901001161274,0.8479873002936986,000446-0019
scale-000446,qualification-synthetic,g,62020.0,21.478064982959065,1.0111270812253665,000446-0020
scale-000446,qualification-synthetic,g,62021.0,21.0974287848719,0.8221859788293253,000446-0021
scale-000446,qualification-synthetic,g,62022.0,20.734515091619574,1.1164327966751015,000446-0022
scale-000446,qualification-synthetic,g,62023.0,16.68114813914791,1.0234512118283527,000446-0023
scale-000446,qualification-synthetic,g,62024.0,18.515284955749642,1.1351260678038189,000446-0024
scale-000446,qualification-synthetic,g,62025.0,19.947440250675278,0.8419449254637691,000446-0025
scale-000446,qualification-synthetic,g,62026.0,20.946794780819104,0.9840472654500446,000446-0026
scale-000446,qualification-synthetic,g,62027.0,19.326666607474966,1.0026015486442612,000446-0027
scale-000446,qualification-synthetic,g,62028.0,17.531366314754205,0.8663155498152365,000446-0028
scale-000446,qualification-synthetic,g,62029.0,20.171155940203807,0.9228883656620468,000446-0029
scale-000446,qualification-synthetic,g,62030.0,19.862668016416414,0.8064746039207196,000446-0030
scale-000446,qualification-synthetic,g,62031.0,21.1463306190372,1.1423385740878018,000446-0031
scale-000447,qualification-synthetic,g,62000.0,15.44860953939158,1.0648471252006417,000447-0000
scale-000447,qualification-synthetic,g,62001.0,21.67254728977288,0.8941372244375386,000447-0001
scale-000447,qualification-synthetic,g,62002.0,20.43243708695363,0.9424296238576426,000447-0002
scale-000447,qualification-synthetic,g,62003.0,20.468243081854503,1.0866285157949216,000447-0003
scale-000447,qualification-synthetic,g,62004.0,20.44875400071582,1.0456914622803777,000447-0004
scale-000447,qualification-synthetic,g,62005.0,20.280813117275898,0.9398579426553064,000447-0005
scale-000447,qualification-synthetic,g,62006.0,19.57051314382809,0.8501317448070211,000447-0006
scale-000447,qualification-synthetic,g,62007.0,17.782964845110353,0.9147437223591254,000447-0007
scale-000447,qualification-synthetic,g,62008.0,19.557157724358827,0.9265098560324322,000447-0008
scale-000447,qualification-synthetic,g,62009.0,19.9428864406571,0.8282776312886205,000447-0009
scale-000447,qualification-synthetic,g,62010.0,20.07197412282338,0.8953911239151352,000447-0010
scale-000447,qualification-synthetic,g,62011.0,20.99829028524384,1.0547136337730487,000447-0011
scale-000447,qualification-synthetic,g,62012.0,19.904555558100906,0.9511157138961355,000447-0012
scale-000447,qualification-synthetic,g,62013.0,20.095385356764425,1.0879076617143058,000447-0013
scale-000447,qualification-synthetic,g,62014.0,20.588499692163275,0.9467527063830152,000447-0014
scale-000447,qualification-synthetic,g,62015.0,20.54471287306692,1.1848721713570434,000447-0015
scale-000447,qualification-synthetic,g,62016.0,19.012693484393306,0.8636786804781654,000447-0016
scale-000447,qualification-synthetic,g,62017.0,18.971852618224087,1.0345968700469415,000447-0017
scale-000447,qualification-synthetic,g,62018.0,19.571178125156155,0.9980881141568905,000447-0018
scale-000447,qualification-synthetic,g,62019.0,20.494856102299885,0.8237908303082743,000447-0019
scale-000447,qualification-synthetic,g,62020.0,19.10166246170576,0.9280041903113454,000447-0020
scale-000447,qualification-synthetic,g,62021.0,20.19030953382876,1.126182502822472,000447-0021
scale-000447,qualification-synthetic,g,62022.0,19.19341345584313,1.1178132192202028,000447-0022
scale-000447,qualification-synthetic,g,62023.0,22.29663680680611,1.1791059189597195,000447-0023
scale-000447,qualification-synthetic,g,62024.0,21.932690759385018,1.039011038717835,000447-0024
scale-000447,qualification-synthetic,g,62025.0,20.71158467413077,1.1039318745117699,000447-0025
scale-000447,qualification-synthetic,g,62026.0,19.97924005099087,0.987973121860318,000447-0026
scale-000447,qualification-synthetic,g,62027.0,21.62411018118229,1.009805677144989,000447-0027
scale-000447,qualification-synthetic,g,62028.0,19.726170445571494,1.1453596282480019,000447-0028
scale-000447,qualification-synthetic,g,62029.0,20.644344509924835,1.0728759786870024,000447-0029
scale-000447,qualification-synthetic,g,62030.0,19.821466900436608,1.1734570045116144,000447-0030
scale-000447,qualification-synthetic,g,62031.0,20.255468341590156,0.9662716092173393,000447-0031
scale-000448,qualification-synthetic,g,62000.0,19.9336351120363,1.0014028134145176,000448-0000
scale-000448,qualification-synthetic,g,62001.0,19.898243542236763,1.1971229296141415,000448-0001
scale-000448,qualification-synthetic,g,62002.0,20.59273664782499,0.8483537714690247,000448-0002
scale-000448,qualification-synthetic,g,62003.0,20.527185057899505,1.015146176982096,000448-0003
scale-000448,qualification-synthetic,g,62004.0,19.884861552926395,0.8106988392470954,000448-0004
scale-000448,qualification-synthetic,g,62005.0,20.89395674167813,1.0599414925836435,000448-0005
scale-000448,qualification-synthetic,g,62006.0,20.15458049932403,0.8850624848388874,000448-0006
scale-000448,qualification-synthetic,g,62007.0,20.218147605270524,0.8557686209195169,000448-0007
scale-000448,qualification-synthetic,g,62008.0,20.19348628632858,1.0582363092727936,000448-0008
scale-000448,qualification-synthetic,g,62009.0,18.6099066896251,0.9423275919219082,000448-0009
scale-000448,qualification-synthetic,g,62010.0,19.555600428421226,0.8314968588734559,000448-0010
scale-000448,qualification-synthetic,g,62011.0,21.851097379680045,0.8779133317230468,000448-0011
scale-000448,qualification-synthetic,g,62012.0,18.659412499840553,0.9652498497199751,000448-0012
scale-000448,qualification-synthetic,g,62013.0,18.20081258083718,1.144962465871972,000448-0013
scale-000448,qualification-synthetic,g,62014.0,21.885273936454563,1.14478124567781,000448-0014
scale-000448,qualification-synthetic,g,62015.0,18.43615874632636,1.0997711298775337,000448-0015
scale-000448,qualification-synthetic,g,62016.0,21.357750162726965,1.1518752568633048,000448-0016
scale-000448,qualification-synthetic,g,62017.0,20.363223111647834,1.0725710792352476,000448-0017
scale-000448,qualification-synthetic,g,62018.0,20.863379823264104,1.1939114872425214,000448-0018
scale-000448,qualification-synthetic,g,62019.0,19.38426470138693,0.8861155390471729,000448-0019
scale-000448,qualification-synthetic,g,62020.0,21.00041746857412,1.1931705680599325,000448-0020
scale-000448,qualification-synthetic,g,62021.0,19.71976852839363,0.892684862965494,000448-0021
scale-000448,qualification-synthetic,g,62022.0,20.32525827439703,0.8267890758014345,000448-0022
scale-000448,qualification-synthetic,g,62023.0,18.875620608162553,0.9417866592531473,000448-0023
scale-000448,qualification-synthetic,g,62024.0,21.03175975332623,1.0604723168036738,000448-0024
scale-000448,qualification-synthetic,g,62025.0,19.521602403886224,1.0590107893439706,000448-0025
scale-000448,qualification-synthetic,g,62026.0,18.75927623038754,1.092139652220018,000448-0026
scale-000448,qualification-synthetic,g,62027.0,17.54507662661573,1.0766518002531165,000448-0027
scale-000448,qualification-synthetic,g,62028.0,20.06884661898475,0.8036743456524,000448-0028
scale-000448,qualification-synthetic,g,62029.0,18.827908622602674,0.8630322474675299,000448-0029
scale-000448,qualification-synthetic,g,62030.0,19.995002690198017,0.838837503930303,000448-0030
scale-000448,qualification-synthetic,g,62031.0,18.08032527341186,1.1861447276581538,000448-0031
scale-000449,qualification-synthetic,g,62000.0,16.555158582013128,1.0019367165771569,000449-0000
scale-000449,qualification-synthetic,g,62001.0,17.301182261525707,0.8092324221068271,000449-0001
scale-000449,qualification-synthetic,g,62002.0,20.155542297838664,0.9665188985805625,000449-0002
scale-000449,qualification-synthetic,g,62003.0,18.90659494570509,1.1017238466677979,000449-0003
scale-000449,qualification-synthetic,g,62004.0,20.187800054037407,0.9424947653269433,000449-0004
scale-000449,qualification-synthetic,g,62005.0,19.42766307516823,0.9132292628929759,000449-0005
scale-000449,qualification-synthetic,g,62006.0,20.584129998614035,0.8283908373415843,000449-0006
scale-000449,qualification-synthetic,g,62007.0,21.03080328650037,0.9019304368132751,000449-0007
scale-000449,qualification-synthetic,g,62008.0,20.056503478284224,1.1332598865925478,000449-0008
scale-000449,qualification-synthetic,g,62009.0,21.664783708274705,1.1828808055859132,000449-0009
scale-000449,qualification-synthetic,g,62010.0,20.23333975036743,1.1448431110324324,000449-0010
scale-000449,qualification-synthetic,g,62011.0,19.7505725180717,1.0171864836883489,000449-0011
scale-000449,qualification-synthetic,g,62012.0,18.792305141376396,1.1476886929158956,000449-0012
scale-000449,qualification-synthetic,g,62013.0,20.894579080188237,0.8944242792893259,000449-0013
scale-000449,qualification-synthetic,g,62014.0,19.75676193014745,1.1529085726780803,000449-0014
scale-000449,qualification-synthetic,g,62015.0,18.146777780954647,0.9577575585975816,000449-0015
scale-000449,qualification-synthetic,g,62016.0,20.098098457028396,0.8120367465090252,000449-0016
scale-000449,qualification-synthetic,g,62017.0,21.326120554418022,1.1659534973604742,000449-0017
scale-000449,qualification-synthetic,g,62018.0,17.998975349198634,0.8754589299708294,000449-0018
scale-000449,qualification-synthetic,g,62019.0,20.59201074720072,1.114931375743074,000449-0019
scale-000449,qualification-synthetic,g,62020.0,20.122802796527694,0.9365811080959506,000449-0020
scale-000449,qualification-synthetic,g,62021.0,20.435099941284324,0.9145185619860343,000449-0021
scale-000449,qualification-synthetic,g,62022.0,15.389969546460705,1.09676834022029,000449-0022
scale-000449,qualification-synthetic,g,62023.0,18.742343386177893,1.186048661983777,000449-0023
scale-000449,qualification-synthetic,g,62024.0,20.38289882277897,0.804626175828958,000449-0024
scale-000449,qualification-synthetic,g,62025.0,18.108953739039855,0.9433067316700331,000449-0025
scale-000449,qualification-synthetic,g,62026.0,22.05793154315776,0.8500249985087908,000449-0026
scale-000449,qualification-synthetic,g,62027.0,19.742467898084527,1.191010732570069,000449-0027
scale-000449,qualification-synthetic,g,62028.0,18.23990752707491,0.8606460076712015,000449-0028
scale-000449,qualification-synthetic,g,62029.0,20.231462190399935,1.0123532521071033,000449-0029
scale-000449,qualification-synthetic,g,62030.0,19.722967642599528,0.9217425764359743,000449-0030
scale-000449,qualification-synthetic,g,62031.0,19.254335968529336,1.1924158252590955,000449-0031
scale-000450,qualification-synthetic,g,62000.0,18.608393947914372,1.1228053827967013,000450-0000
scale-000450,qualification-synthetic,g,62001.0,19.23714403132659,0.8535629401691124,000450-0001
scale-000450,qualification-synthetic,g,62002.0,19.7159809135636,0.8023724294733672,000450-0002
scale-000450,qualification-synthetic,g,62003.0,20.01154552036636,0.8799832126339419,000450-0003
scale-000450,qualification-synthetic,g,62004.0,19.831449113582693,0.8459084823529823,000450-0004
scale-000450,qualification-synthetic,g,62005.0,19.325172247926076,0.8313908308526532,000450-0005
scale-000450,qualification-synthetic,g,62006.0,20.568774267928667,1.1154425976280264,000450-0006
scale-000450,qualification-synthetic,g,62007.0,18.586521713052115,1.035397701514046,000450-0007
scale-000450,qualification-synthetic,g,62008.0,20.071733513780476,1.1961757338728602,000450-0008
scale-000450,qualification-synthetic,g,62009.0,21.62886633141473,1.1268437382104628,000450-0009
scale-000450,qualification-synthetic,g,62010.0,21.120947973797474,1.001425909815967,000450-0010
scale-000450,qualification-synthetic,g,62011.0,20.618971063181643,0.8913006993957124,000450-0011
scale-000450,qualification-synthetic,g,62012.0,20.208192222874327,0.8133833786013834,000450-0012
scale-000450,qualification-synthetic,g,62013.0,22.27871888118795,1.1933498656674604,000450-0013
scale-000450,qualification-synthetic,g,62014.0,22.262048602470244,0.8917738208911449,000450-0014
scale-000450,qualification-synthetic,g,62015.0,23.123148065820022,1.1557178105420973,000450-0015
scale-000450,qualification-synthetic,g,62016.0,23.99460649640369,1.014053289176365,000450-0016
scale-000450,qualification-synthetic,g,62017.0,26.49367467544254,1.1560070687707047,000450-0017
scale-000450,qualification-synthetic,g,62018.0,27.354093549651914,0.8916995042061245,000450-0018
scale-000450,qualification-synthetic,g,62019.0,25.46576386322372,1.021790604009533,000450-0019
scale-000450,qualification-synthetic,g,62020.0,26.302116944314523,0.933612749462755,000450-0020
scale-000450,qualification-synthetic,g,62021.0,21.311210325987087,1.1880486500236938,000450-0021
scale-000450,qualification-synthetic,g,62022.0,18.700598868690495,0.8886196856006041,000450-0022
scale-000450,qualification-synthetic,g,62023.0,18.50717969359726,1.1991101372348374,000450-0023
scale-000450,qualification-synthetic,g,62024.0,19.74669065068445,1.157876332756034,000450-0024
scale-000450,qualification-synthetic,g,62025.0,23.310922586701704,1.0000010327065294,000450-0025
scale-000450,qualification-synthetic,g,62026.0,20.644624374613425,0.9793436898731117,000450-0026
scale-000450,qualification-synthetic,g,62027.0,20.02897162113249,0.8295230122163803,000450-0027
scale-000450,qualification-synthetic,g,62028.0,18.804919446168263,1.013697002021618,000450-0028
scale-000450,qualification-synthetic,g,62029.0,20.738949019552834,0.9815826939382267,000450-0029
scale-000450,qualification-synthetic,g,62030.0,21.20844942738428,1.0633899958278243,000450-0030
scale-000450,qualification-synthetic,g,62031.0,19.827013412498864,0.8916636413429276,000450-0031
scale-000451,qualification-synthetic,g,62000.0,21.358880299544424,0.9978187484330421,000451-0000
scale-000451,qualification-synthetic,g,62001.0,20.356711720152404,0.9983566173714085,000451-0001
scale-000451,qualification-synthetic,g,62002.0,18.318111464346103,1.1128874308501073,000451-0002
scale-000451,qualification-synthetic,g,62003.0,19.06429258896823,1.1390606973627793,000451-0003
scale-000451,qualification-synthetic,g,62004.0,20.002476644009498,1.1466062646277069,000451-0004
scale-000451,qualification-synthetic,g,62005.0,21.396660543541778,0.8287727539699766,000451-0005
scale-000451,qualification-synthetic,g,62006.0,20.014603591361478,0.9647324901349933,000451-0006
scale-000451,qualification-synthetic,g,62007.0,20.911681925626393,1.1628967833606825,000451-0007
scale-000451,qualification-synthetic,g,62008.0,19.900577588243287,0.9807583755954411,000451-0008
scale-000451,qualification-synthetic,g,62009.0,20.311460188002776,1.0789675881982015,000451-0009
scale-000451,qualification-synthetic,g,62010.0,20.524642377430226,1.146314731759108,000451-0010
scale-000451,qualification-synthetic,g,62011.0,20.252498537044833,0.8402430712320804,000451-0011
scale-000451,qualification-synthetic,g,62012.0,20.380196415288026,1.0054339693242456,000451-0012
scale-000451,qualification-synthetic,g,62013.0,20.387699574040276,1.1999829052999114,000451-0013
scale-000451,qualification-synthetic,g,62014.0,21.722782255146967,0.8995793888779372,000451-0014
scale-000451,qualification-synthetic,g,62015.0,20.53128814322147,1.1450021034365838,000451-0015
scale-000451,qualification-synthetic,g,62016.0,18.993981443300136,1.0417051983317296,000451-0016
scale-000451,qualification-synthetic,g,62017.0,16.144904524013057,0.8702223951463778,000451-0017
scale-000451,qualification-synthetic,g,62018.0,21.05424193988391,0.9043246145508328,000451-0018
scale-000451,qualification-synthetic,g,62019.0,21.065633537969877,1.0142343801951101,000451-0019
scale-000451,qualification-synthetic,g,62020.0,21.146257423168585,0.8867078561117532,000451-0020
scale-000451,qualification-synthetic,g,62021.0,20.731302349687663,0.9282193540528656,000451-0021
scale-000451,qualification-synthetic,g,62022.0,21.12590544128848,0.8293670410517712,000451-0022
scale-000451,qualification-synthetic,g,62023.0,21.17700173870751,1.1166696204808981,000451-0023
scale-000451,qualification-synthetic,g,62024.0,21.50642638878899,0.9388842160979988,000451-0024
scale-000451,qualification-synthetic,g,62025.0,18.504959217284842,0.9024674956221072,000451-0025
scale-000451,qualification-synthetic,g,62026.0,19.02724072643126,1.054113043716033,000451-0026
scale-000451,qualification-synthetic,g,62027.0,20.218924660043964,0.9976340057444484,000451-0027
scale-000451,qualification-synthetic,g,62028.0,21.466311724961006,0.8724146065762741,000451-0028
scale-000451,qualification-synthetic,g,62029.0,20.05884403542501,0.8519628053893658,000451-0029
scale-000451,qualification-synthetic,g,62030.0,18.303923007669344,0.9727417479304253,000451-0030
scale-000451,qualification-synthetic,g,62031.0,20.629001658370452,0.9867168179834399,000451-0031
scale-000452,qualification-synthetic,g,62000.0,22.5714099695686,1.091016400063407,000452-0000
scale-000452,qualification-synthetic,g,62001.0,20.041544875199104,1.0262112071104523,000452-0001
scale-000452,qualification-synthetic,g,62002.0,24.726642691244766,1.1926477236719994,000452-0002
scale-000452,qualification-synthetic,g,62003.0,19.94994160686391,1.1268353649655045,000452-0003
scale-000452,qualification-synthetic,g,62004.0,19.980608292050405,0.8168236840283787,000452-0004
scale-000452,qualification-synthetic,g,62005.0,17.901632499755564,1.1932235710486219,000452-0005
scale-000452,qualification-synthetic,g,62006.0,20.28305847221995,1.0961461370842709,000452-0006
scale-000452,qualification-synthetic,g,62007.0,21.327686408896533,1.1186129188174212,000452-0007
scale-000452,qualification-synthetic,g,62008.0,20.97235258962878,0.8106743780648857,000452-0008
scale-000452,qualification-synthetic,g,62009.0,20.319244083608975,1.0956126906668977,000452-0009
scale-000452,qualification-synthetic,g,62010.0,21.691102616087264,1.1916350505407407,000452-0010
scale-000452,qualification-synthetic,g,62011.0,22.58245445455869,0.979414735118883,000452-0011
scale-000452,qualification-synthetic,g,62012.0,21.035269579557777,1.0450099509451851,000452-0012
scale-000452,qualification-synthetic,g,62013.0,21.244328104890776,1.177432809659579,000452-0013
scale-000452,qualification-synthetic,g,62014.0,21.1543327481372,0.8510811450701221,000452-0014
scale-000452,qualification-synthetic,g,62015.0,22.24344390852087,1.096891281343475,000452-0015
scale-000452,qualification-synthetic,g,62016.0,19.99696001623571,1.0023500420448177,000452-0016
scale-000452,qualification-synthetic,g,62017.0,19.598407606710687,1.153073371894261,000452-0017
scale-000452,qualification-synthetic,g,62018.0,20.16831243375042,0.8618225082348253,000452-0018
scale-000452,qualification-synthetic,g,62019.0,20.365072198917265,1.1816506876084567,000452-0019
scale-000452,qualification-synthetic,g,62020.0,20.208924001281783,1.1962839747989402,000452-0020
scale-000452,qualification-synthetic,g,62021.0,18.05698256427896,0.832270084417067,000452-0021
scale-000452,qualification-synthetic,g,62022.0,20.078352114924176,1.01230751020154,000452-0022
scale-000452,qualification-synthetic,g,62023.0,21.455465220525518,1.1896894256264336,000452-0023
scale-000452,qualification-synthetic,g,62024.0,18.408762000540488,1.1888114851932068,000452-0024
scale-000452,qualification-synthetic,g,62025.0,20.13296534998069,0.8278140555496627,000452-0025
scale-000452,qualification-synthetic,g,62026.0,19.24605925283232,1.0671710982630107,000452-0026
scale-000452,qualification-synthetic,g,62027.0,20.52946615721014,0.9542150187678173,000452-0027
scale-000452,qualification-synthetic,g,62028.0,20.420161317251104,1.1016148566794912,000452-0028
scale-000452,qualification-synthetic,g,62029.0,19.567219232425142,0.8376966682994426,000452-0029
scale-000452,qualification-synthetic,g,62030.0,21.311290793016873,0.9729218201115055,000452-0030
scale-000452,qualification-synthetic,g,62031.0,20.393427634219652,0.8361480055057267,000452-0031
scale-000453,qualification-synthetic,g,62000.0,17.973054545564647,0.9368589060316254,000453-0000
scale-000453,qualification-synthetic,g,62001.0,20.001390938071903,0.8547495766244495,000453-0001
scale-000453,qualification-synthetic,g,62002.0,21.125364299774034,0.8826867142924522,000453-0002
scale-000453,qualification-synthetic,g,62003.0,18.818089825471354,0.8661590361597931,000453-0003
scale-000453,qualification-synthetic,g,62004.0,20.336527544150172,0.958337442767494,000453-0004
scale-000453,qualification-synthetic,g,62005.0,20.115743097188044,0.8415318037157506,000453-0005
scale-000453,qualification-synthetic,g,62006.0,21.633586586474106,1.0379897762762553,000453-0006
scale-000453,qualification-synthetic,g,62007.0,20.90167498190779,1.1662566246347426,000453-0007
scale-000453,qualification-synthetic,g,62008.0,19.905122882318295,1.1655371895346864,000453-0008
scale-000453,qualification-synthetic,g,62009.0,21.180803769572908,1.076205493228645,000453-0009
scale-000453,qualification-synthetic,g,62010.0,22.151594995879336,1.1252756147210927,000453-0010
scale-000453,qualification-synthetic,g,62011.0,18.992373718812182,0.8931352916531178,000453-0011
scale-000453,qualification-synthetic,g,62012.0,26.466990442030237,1.0375575147447118,000453-0012
scale-000453,qualification-synthetic,g,62013.0,20.092777307483004,0.8609028688739734,000453-0013
scale-000453,qualification-synthetic,g,62014.0,19.467650948057923,0.9515474091828796,000453-0014
scale-000453,qualification-synthetic,g,62015.0,16.477769168980853,1.0523232505650553,000453-0015
scale-000453,qualification-synthetic,g,62016.0,19.57324486133414,1.1346885997037062,000453-0016
scale-000453,qualification-synthetic,g,62017.0,18.28951137992318,0.862423222493258,000453-0017
scale-000453,qualification-synthetic,g,62018.0,21.706846883034324,0.8144032738055414,000453-0018
scale-000453,qualification-synthetic,g,62019.0,18.804686012181186,1.1490909396663729,000453-0019
scale-000453,qualification-synthetic,g,62020.0,20.323603147100428,1.0826574185318216,000453-0020
scale-000453,qualification-synthetic,g,62021.0,21.338691566299623,1.1951171466037702,000453-0021
scale-000453,qualification-synthetic,g,62022.0,20.21177289820629,1.0847783222058962,000453-0022
scale-000453,qualification-synthetic,g,62023.0,19.17838728932524,0.9649045570215643,000453-0023
scale-000453,qualification-synthetic,g,62024.0,20.27404114459567,1.1154568381583692,000453-0024
scale-000453,qualification-synthetic,g,62025.0,19.31827877443908,1.1665182760340298,000453-0025
scale-000453,qualification-synthetic,g,62026.0,19.579367076426347,0.9404985350875995,000453-0026
scale-000453,qualification-synthetic,g,62027.0,19.84245724961793,0.8428092206590743,000453-0027
scale-000453,qualification-synthetic,g,62028.0,19.87722817461236,1.1003292368540152,000453-0028
scale-000453,qualification-synthetic,g,62029.0,20.231726185503593,1.0935387800047736,000453-0029
scale-000453,qualification-synthetic,g,62030.0,19.73775572779245,0.8581572058810079,000453-0030
scale-000453,qualification-synthetic,g,62031.0,18.673636752379267,1.1132826407656309,000453-0031
scale-000454,qualification-synthetic,g,62000.0,18.590854762124454,1.0309363883149498,000454-0000
scale-000454,qualification-synthetic,g,62001.0,20.680790508369732,0.8887596234153646,000454-0001
scale-000454,qualification-synthetic,g,62002.0,19.665725307585856,0.9962655629651106,000454-0002
scale-000454,qualification-synthetic,g,62003.0,20.627497257494213,0.9699301075434413,000454-0003
scale-000454,qualification-synthetic,g,62004.0,20.501260586697118,0.9018215405881687,000454-0004
scale-000454,qualification-synthetic,g,62005.0,18.14334340654863,1.00007640031753,000454-0005
scale-000454,qualification-synthetic,g,62006.0,19.631628945556287,0.9715700379774369,000454-0006
scale-000454,qualification-synthetic,g,62007.0,19.915313156954554,0.8269479358979182,000454-0007
scale-000454,qualification-synthetic,g,62008.0,20.874268346385293,0.8039470794807724,000454-0008
scale-000454,qualification-synthetic,g,62009.0,19.814372600830893,0.9762476159737219,000454-0009
scale-000454,qualification-synthetic,g,62010.0,20.782189212510353,1.1833600281413004,000454-0010
scale-000454,qualification-synthetic,g,62011.0,20.21860679474952,0.9001207518740072,000454-0011
scale-000454,qualification-synthetic,g,62012.0,19.73919149721781,1.014899308662703,000454-0012
scale-000454,qualification-synthetic,g,62013.0,20.590533646838907,0.9792129898276651,000454-0013
scale-000454,qualification-synthetic,g,62014.0,20.761806225569792,1.050646506558407,000454-0014
scale-000454,qualification-synthetic,g,62015.0,20.986522878563804,0.8577564922770767,000454-0015
scale-000454,qualification-synthetic,g,62016.0,19.91435569099752,1.0448354135584976,000454-0016
scale-000454,qualification-synthetic,g,62017.0,20.231395282592004,1.103024776752724,000454-0017
scale-000454,qualification-synthetic,g,62018.0,20.723630718977198,1.1642678233541637,000454-0018
scale-000454,qualification-synthetic,g,62019.0,20.30185416398019,1.1362793999141132,000454-0019
scale-000454,qualification-synthetic,g,62020.0,19.60246090178001,0.9342236513677201,000454-0020
scale-000454,qualification-synthetic,g,62021.0,20.01957284112413,1.0439213012497561,000454-0021
scale-000454,qualification-synthetic,g,62022.0,20.032002723258845,1.0530064680872409,000454-0022
scale-000454,qualification-synthetic,g,62023.0,21.21715448196649,1.1392454109202381,000454-0023
scale-000454,qualification-synthetic,g,62024.0,18.605604085209396,0.9443320883868533,000454-0024
scale-000454,qualification-synthetic,g,62025.0,22.390545271052726,1.1483590905831826,000454-0025
scale-000454,qualification-synthetic,g,62026.0,20.33670254217065,1.0655634425426639,000454-0026
scale-000454,qualification-synthetic,g,62027.0,19.719576799382242,0.8806076239233233,000454-0027
scale-000454,qualification-synthetic,g,62028.0,21.294923950315262,1.113141237055591,000454-0028
scale-000454,qualification-synthetic,g,62029.0,20.490807434615615,1.1891847386166652,000454-0029
scale-000454,qualification-synthetic,g,62030.0,18.84999236478429,0.955799529215303,000454-0030
scale-000454,qualification-synthetic,g,62031.0,20.17504373980719,1.0115201237788778,000454-0031
scale-000455,qualification-synthetic,g,62000.0,20.267236343228088,0.922987443940008,000455-0000
scale-000455,qualification-synthetic,g,62001.0,20.457245515320537,1.1273679875191573,000455-0001
scale-000455,qualification-synthetic,g,62002.0,20.03572880955197,0.9520692951354954,000455-0002
scale-000455,qualification-synthetic,g,62003.0,17.629422340123018,0.8544844478252082,000455-0003
scale-000455,qualification-synthetic,g,62004.0,17.807908821601398,1.0829927516690256,000455-0004
scale-000455,qualification-synthetic,g,62005.0,18.857288004767124,0.906278559033766,000455-0005
scale-000455,qualification-synthetic,g,62006.0,20.401815385117757,0.9922033296130888,000455-0006
scale-000455,qualification-synthetic,g,62007.0,18.131845830116177,0.9503872093439661,000455-0007
scale-000455,qualification-synthetic,g,62008.0,21.393239921273874,1.1710813930773234,000455-0008
scale-000455,qualification-synthetic,g,62009.0,19.934422840343814,0.9554250190476458,000455-0009
scale-000455,qualification-synthetic,g,62010.0,19.272252263599245,1.1173959646173244,000455-0010
scale-000455,qualification-synthetic,g,62011.0,18.252683492079303,0.8057728803812557,000455-0011
scale-000455,qualification-synthetic,g,62012.0,19.64130325087681,1.1779843788801267,000455-0012
scale-000455,qualification-synthetic,g,62013.0,19.37617676145234,1.0280372913086564,000455-0013
scale-000455,qualification-synthetic,g,62014.0,19.985316526813826,1.0110986083414746,000455-0014
scale-000455,qualification-synthetic,g,62015.0,22.19237701372634,0.8780734816089539,000455-0015
scale-000455,qualification-synthetic,g,62016.0,19.281897626931407,0.9791544792756428,000455-0016
scale-000455,qualification-synthetic,g,62017.0,19.77211823172143,0.9646475135332858,000455-0017
scale-000455,qualification-synthetic,g,62018.0,20.289878344019282,0.903794488699191,000455-0018
scale-000455,qualification-synthetic,g,62019.0,19.853792068043635,1.0341974890050314,000455-0019
scale-000455,qualification-synthetic,g,62020.0,18.513223898381245,0.9868919265768874,000455-0020
scale-000455,qualification-synthetic,g,62021.0,20.435349163297808,1.1622026573053288,000455-0021
scale-000455,qualification-synthetic,g,62022.0,18.22105184199087,0.8345214102611666,000455-0022
scale-000455,qualification-synthetic,g,62023.0,19.687071850416732,0.9262602241922103,000455-0023
scale-000455,qualification-synthetic,g,62024.0,20.081242040925787,0.8511444084606423,000455-0024
scale-000455,qualification-synthetic,g,62025.0,22.16504939676131,1.1377882053801347,000455-0025
scale-000455,qualification-synthetic,g,62026.0,19.4025465575972,1.0295205925066848,000455-0026
scale-000455,qualification-synthetic,g,62027.0,20.341152029128004,0.8838057979942998,000455-0027
scale-000455,qualification-synthetic,g,62028.0,20.571615541389928,0.9177050779298133,000455-0028
scale-000455,qualification-synthetic,g,62029.0,18.633299472006556,0.8618323730363117,000455-0029
scale-000455,qualification-synthetic,g,62030.0,20.13252968233581,1.1924708150914711,000455-0030
scale-000455,qualification-synthetic,g,62031.0,20.349958378370765,1.1540203129775806,000455-0031
scale-000456,qualification-synthetic,g,62000.0,19.84419986739826,1.1139428562808618,000456-0000
scale-000456,qualification-synthetic,g,62001.0,19.976711131952662,1.0615658409567157,000456-0001
scale-000456,qualification-synthetic,g,62002.0,19.391501463967984,1.105406994531895,000456-0002
scale-000456,qualification-synthetic,g,62003.0,19.115995985540767,0.9860357495094616,000456-0003
scale-000456,qualification-synthetic,g,62004.0,20.329262716426403,1.0348622642582477,000456-0004
scale-000456,qualification-synthetic,g,62005.0,20.997199054610164,1.0649048123462903,000456-0005
scale-000456,qualification-synthetic,g,62006.0,21.574083371267246,1.0396728975943332,000456-0006
scale-000456,qualification-synthetic,g,62007.0,21.7002075413871,1.0111977692196759,000456-0007
scale-000456,qualification-synthetic,g,62008.0,18.62424376421025,0.8712329506124913,000456-0008
scale-000456,qualification-synthetic,g,62009.0,19.57768376668189,0.8223424824167103,000456-0009
scale-000456,qualification-synthetic,g,62010.0,29.236434586877994,1.0283782377398132,000456-0010
scale-000456,qualification-synthetic,g,62011.0,20.247945395139073,1.1535479111215996,000456-0011
scale-000456,qualification-synthetic,g,62012.0,19.623539096491584,0.9155705494984936,000456-0012
scale-000456,qualification-synthetic,g,62013.0,22.26202503737993,1.1522175668647563,000456-0013
scale-000456,qualification-synthetic,g,62014.0,18.65307476804481,0.9597692626416788,000456-0014
scale-000456,qualification-synthetic,g,62015.0,20.16782611938816,1.1615999904891559,000456-0015
scale-000456,qualification-synthetic,g,62016.0,20.396988014483988,0.9788026960312675,000456-0016
scale-000456,qualification-synthetic,g,62017.0,20.68036198494525,1.0146904729984618,000456-0017
scale-000456,qualification-synthetic,g,62018.0,20.526252880583332,0.8671665268902315,000456-0018
scale-000456,qualification-synthetic,g,62019.0,22.54647047838114,1.0627661091445917,000456-0019
scale-000456,qualification-synthetic,g,62020.0,19.91935961076218,1.1541073044112617,000456-0020
scale-000456,qualification-synthetic,g,62021.0,20.483017159525115,1.1321880252068617,000456-0021
scale-000456,qualification-synthetic,g,62022.0,19.891985136874187,0.8004674295636556,000456-0022
scale-000456,qualification-synthetic,g,62023.0,19.122147164572144,0.8141107845148359,000456-0023
scale-000456,qualification-synthetic,g,62024.0,19.38416371368132,0.9085722161490039,000456-0024
scale-000456,qualification-synthetic,g,62025.0,21.450002085716267,0.9595577250094875,000456-0025
scale-000456,qualification-synthetic,g,62026.0,21.678327681718535,0.8523678843698074,000456-0026
scale-000456,qualification-synthetic,g,62027.0,21.685509994409717,1.0622744322087858,000456-0027
scale-000456,qualification-synthetic,g,62028.0,19.900137877482514,0.9125556031334131,000456-0028
scale-000456,qualification-synthetic,g,62029.0,20.39921078233166,0.8857651167113727,000456-0029
scale-000456,qualification-synthetic,g,62030.0,18.950552975360168,1.1022610302089555,000456-0030
scale-000456,qualification-synthetic,g,62031.0,21.712492107415233,1.0909839477383823,000456-0031
scale-000457,qualification-synthetic,g,62000.0,18.636243213394298,0.8778979340077157,000457-0000
scale-000457,qualification-synthetic,g,62001.0,19.50479151545154,0.8061249545230801,000457-0001
scale-000457,qualification-synthetic,g,62002.0,19.706069667199465,0.9807184935987568,000457-0002
scale-000457,qualification-synthetic,g,62003.0,19.770767996760974,0.9241743656016824,000457-0003
scale-000457,qualification-synthetic,g,62004.0,20.841300576618384,0.9329992185067161,000457-0004
scale-000457,qualification-synthetic,g,62005.0,19.420387489432542,1.0429361976699856,000457-0005
scale-000457,qualification-synthetic,g,62006.0,18.11730889647533,0.8901907178820301,000457-0006
scale-000457,qualification-synthetic,g,62007.0,19.641766475279763,0.8139227793038926,000457-0007
scale-000457,qualification-synthetic,g,62008.0,19.11748439988919,0.8042030858655265,000457-0008
scale-000457,qualification-synthetic,g,62009.0,20.28110541589535,0.848501985598198,000457-0009
scale-000457,qualification-synthetic,g,62010.0,18.19889268949305,1.099967392394086,000457-0010
scale-000457,qualification-synthetic,g,62011.0,21.303019480424794,1.1929391485651937,000457-0011
scale-000457,qualification-synthetic,g,62012.0,20.18288963909738,0.8308750456712022,000457-0012
scale-000457,qualification-synthetic,g,62013.0,19.604390323189524,0.8944002194155835,000457-0013
scale-000457,qualification-synthetic,g,62014.0,19.33099948307374,1.0788786636307244,000457-0014
scale-000457,qualification-synthetic,g,62015.0,21.414064878895157,1.1013960533664995,000457-0015
scale-000457,qualification-synthetic,g,62016.0,21.293996597726498,0.9799849362010453,000457-0016
scale-000457,qualification-synthetic,g,62017.0,18.22017733639359,1.034213970935211,000457-0017
scale-000457,qualification-synthetic,g,62018.0,19.93546598214443,0.8219806231950781,000457-0018
scale-000457,qualification-synthetic,g,62019.0,19.825117672711812,1.0187718038682037,000457-0019
scale-000457,qualification-synthetic,g,62020.0,20.956540273477838,1.1315707627452287,000457-0020
scale-000457,qualification-synthetic,g,62021.0,21.501042552191436,1.1482914602626337,000457-0021
scale-000457,qualification-synthetic,g,62022.0,19.024385932573644,0.9569991764311113,000457-0022
scale-000457,qualification-synthetic,g,62023.0,20.64989355528985,0.9558406262727333,000457-0023
scale-000457,qualification-synthetic,g,62024.0,20.43428703295175,0.9894119943869026,000457-0024
scale-000457,qualification-synthetic,g,62025.0,20.623133241778223,0.9626670296577873,000457-0025
scale-000457,qualification-synthetic,g,62026.0,20.275829623435342,0.826417030057096,000457-0026
scale-000457,qualification-synthetic,g,62027.0,19.969194354686184,0.9162469959806705,000457-0027
scale-000457,qualification-synthetic,g,62028.0,17.925815488912196,0.8279056416875723,000457-0028
scale-000457,qualification-synthetic,g,62029.0,17.049269378226647,0.8933818728364454,000457-0029
scale-000457,qualification-synthetic,g,62030.0,19.855737239509715,0.8452547502748579,000457-0030
scale-000457,qualification-synthetic,g,62031.0,19.661879233875048,0.9614899548333213,000457-0031
scale-000458,qualification-synthetic,g,62000.0,19.886032548842767,0.9427080017261332,000458-0000
scale-000458,qualification-synthetic,g,62001.0,19.625071511678698,0.9490492176408939,000458-0001
scale-000458,qualification-synthetic,g,62002.0,18.998920857928944,0.946334605469864,000458-0002
scale-000458,qualification-synthetic,g,62003.0,19.132247447718896,0.8260741605723034,000458-0003
scale-000458,qualification-synthetic,g,62004.0,19.746823979596673,0.8547406652322094,000458-0004
scale-000458,qualification-synthetic,g,62005.0,18.912034911424282,0.9503238156970808,000458-0005
scale-000458,qualification-synthetic,g,62006.0,19.93676241397696,1.1457800636278475,000458-0006
scale-000458,qualification-synthetic,g,62007.0,19.64263343038487,1.007337948570318,000458-0007
scale-000458,qualification-synthetic,g,62008.0,20.494018543165392,0.8032772792119521,000458-0008
scale-000458,qualification-synthetic,g,62009.0,18.949661691717157,0.9581208423860104,000458-0009
scale-000458,qualification-synthetic,g,62010.0,20.543062591372852,1.1659451430996435,000458-0010
scale-000458,qualification-synthetic,g,62011.0,17.206000826540972,1.1843298868132979,000458-0011
scale-000458,qualification-synthetic,g,62012.0,18.743871147906365,1.126691529888824,000458-0012
scale-000458,qualification-synthetic,g,62013.0,19.666336354779304,1.1507626865098382,000458-0013
scale-000458,qualification-synthetic,g,62014.0,19.999234425011835,1.082210130777804,000458-0014
scale-000458,qualification-synthetic,g,62015.0,20.592334053917444,0.8926166308055582,000458-0015
scale-000458,qualification-synthetic,g,62016.0,19.9391273356542,1.0464085483985157,000458-0016
scale-000458,qualification-synthetic,g,62017.0,17.70908794203095,1.1899159045241168,000458-0017
scale-000458,qualification-synthetic,g,62018.0,20.35894661931264,1.1865460497593945,000458-0018
scale-000458,qualification-synthetic,g,62019.0,21.32273196604957,1.017142048849211,000458-0019
scale-000458,qualification-synthetic,g,62020.0,19.057490890816812,0.8385569041261445,000458-0020
scale-000458,qualification-synthetic,g,62021.0,18.98544443464239,1.1584582200354596,000458-0021
scale-000458,qualification-synthetic,g,62022.0,21.06434780986042,1.1216498320637653,000458-0022
scale-000458,qualification-synthetic,g,62023.0,20.1869605997561,1.0675533603317497,000458-0023
scale-000458,qualification-synthetic,g,62024.0,19.972749337810768,0.9446344028545791,000458-0024
scale-000458,qualification-synthetic,g,62025.0,19.86459746422165,1.1818839900696827,000458-0025
scale-000458,qualification-synthetic,g,62026.0,19.64443456773608,0.8250272542509307,000458-0026
scale-000458,qualification-synthetic,g,62027.0,18.28913466397822,0.8929643602720979,000458-0027
scale-000458,qualification-synthetic,g,62028.0,18.831947449259886,1.043651419972215,000458-0028
scale-000458,qualification-synthetic,g,62029.0,19.727914852660046,0.9314256090064498,000458-0029
scale-000458,qualification-synthetic,g,62030.0,20.299810458156113,0.9593263445682201,000458-0030
scale-000458,qualification-synthetic,g,62031.0,20.820742331916946,1.0635092029950188,000458-0031
scale-000459,qualification-synthetic,g,62000.0,20.150647856125442,1.015498890710084,000459-0000
scale-000459,qualification-synthetic,g,62001.0,21.711359285333604,0.9736963126788418,000459-0001
scale-000459,qualification-synthetic,g,62002.0,20.20077647463345,1.0558953303142538,000459-0002
scale-000459,qualification-synthetic,g,62003.0,17.71322561312492,0.8666026267476755,000459-0003
scale-000459,qualification-synthetic,g,62004.0,16.96945985248803,1.1313468420449884,000459-0004
scale-000459,qualification-synthetic,g,62005.0,20.219231234888493,0.9104890814237094,000459-0005
scale-000459,qualification-synthetic,g,62006.0,19.9856010507667,1.061965143980373,000459-0006
scale-000459,qualification-synthetic,g,62007.0,20.29865443610188,1.1205270444517879,000459-0007
scale-000459,qualification-synthetic,g,62008.0,18.55267125285161,1.1329236319180218,000459-0008
scale-000459,qualification-synthetic,g,62009.0,21.327286806364995,1.1028804620105814,000459-0009
scale-000459,qualification-synthetic,g,62010.0,20.28267201564676,0.9913078196027384,000459-0010
scale-000459,qualification-synthetic,g,62011.0,19.684493968005622,1.0232391480932386,000459-0011
scale-000459,qualification-synthetic,g,62012.0,18.983516797993996,0.8448200929527591,000459-0012
scale-000459,qualification-synthetic,g,62013.0,18.474426840614974,0.9900909421632965,000459-0013
scale-000459,qualification-synthetic,g,62014.0,22.070174987988906,0.9771826347973634,000459-0014
scale-000459,qualification-synthetic,g,62015.0,19.515143057598276,1.0941170845918828,000459-0015
scale-000459,qualification-synthetic,g,62016.0,20.57377718801667,0.9537571529588429,000459-0016
scale-000459,qualification-synthetic,g,62017.0,17.7263588344964,1.0305657590326203,000459-0017
scale-000459,qualification-synthetic,g,62018.0,19.131524930797234,1.1327805104659152,000459-0018
scale-000459,qualification-synthetic,g,62019.0,21.94041921142507,0.8119931725813823,000459-0019
scale-000459,qualification-synthetic,g,62020.0,18.575852871066434,1.094801849323308,000459-0020
scale-000459,qualification-synthetic,g,62021.0,21.153063601977543,0.9808201027109018,000459-0021
scale-000459,qualification-synthetic,g,62022.0,21.108526540106684,1.18297644118208,000459-0022
scale-000459,qualification-synthetic,g,62023.0,20.103223917536617,1.0229554494451736,000459-0023
scale-000459,qualification-synthetic,g,62024.0,18.746477875086775,0.9611438601972427,000459-0024
scale-000459,qualification-synthetic,g,62025.0,21.273959535025977,0.938226321277193,000459-0025
scale-000459,qualification-synthetic,g,62026.0,19.91099214023869,0.9618671300729407,000459-0026
scale-000459,qualification-synthetic,g,62027.0,20.57665434043652,1.1561487740618488,000459-0027
scale-000459,qualification-synthetic,g,62028.0,19.60865984543392,1.076167657251233,000459-0028
scale-000459,qualification-synthetic,g,62029.0,21.331840845208095,1.1269217793155073,000459-0029
scale-000459,qualification-synthetic,g,62030.0,20.37225426649355,0.8156237758639667,000459-0030
scale-000459,qualification-synthetic,g,62031.0,19.743593196768053,0.831085779603008,000459-0031
scale-000460,qualification-synthetic,g,62000.0,18.785611871012073,1.0459014747108522,000460-0000
scale-000460,qualification-synthetic,g,62001.0,23.247483901521708,0.8634351379809122,000460-0001
scale-000460,qualification-synthetic,g,62002.0,19.16141415455732,0.9138959581189374,000460-0002
scale-000460,qualification-synthetic,g,62003.0,20.521886008603982,0.8242696002604668,000460-0003
scale-000460,qualification-synthetic,g,62004.0,20.084779582218097,1.1562385432476217,000460-0004
scale-000460,qualification-synthetic,g,62005.0,20.61648762501938,0.8302211123353949,000460-0005
scale-000460,qualification-synthetic,g,62006.0,19.909024390199253,0.8457022825142159,000460-0006
scale-000460,qualification-synthetic,g,62007.0,16.686624790433683,0.8078857877493743,000460-0007
scale-000460,qualification-synthetic,g,62008.0,20.91301624214249,0.8472383336738156,000460-0008
scale-000460,qualification-synthetic,g,62009.0,22.308337541861178,1.0165040811111257,000460-0009
scale-000460,qualification-synthetic,g,62010.0,19.14747276995257,0.926728522852642,000460-0010
scale-000460,qualification-synthetic,g,62011.0,20.555036778720424,0.9883107816316603,000460-0011
scale-000460,qualification-synthetic,g,62012.0,22.059943914902888,1.0908976016019032,000460-0012
scale-000460,qualification-synthetic,g,62013.0,21.7199640970936,0.9930995039691577,000460-0013
scale-000460,qualification-synthetic,g,62014.0,20.889445010805083,1.1885343792067955,000460-0014
scale-000460,qualification-synthetic,g,62015.0,19.788272409318967,1.0131379324909704,000460-0015
scale-000460,qualification-synthetic,g,62016.0,20.450070220689696,0.8109534384551438,000460-0016
scale-000460,qualification-synthetic,g,62017.0,21.742926080658037,1.197849838898047,000460-0017
scale-000460,qualification-synthetic,g,62018.0,20.009775146387106,1.027082471965208,000460-0018
scale-000460,qualification-synthetic,g,62019.0,19.468742232559137,0.8562988553682024,000460-0019
scale-000460,qualification-synthetic,g,62020.0,20.68854321683359,0.8402697420782619,000460-0020
scale-000460,qualification-synthetic,g,62021.0,18.590088210983254,1.0407052650855224,000460-0021
scale-000460,qualification-synthetic,g,62022.0,19.085486592170216,1.0579248025946086,000460-0022
scale-000460,qualification-synthetic,g,62023.0,21.506411972879075,1.0546210879929185,000460-0023
scale-000460,qualification-synthetic,g,62024.0,20.025694025833225,0.8807097600759314,000460-0024
scale-000460,qualification-synthetic,g,62025.0,20.49964056303114,1.033780722248368,000460-0025
scale-000460,qualification-synthetic,g,62026.0,20.424797277800046,1.0132876243127622,000460-0026
scale-000460,qualification-synthetic,g,62027.0,19.173580266188775,1.0901850935879651,000460-0027
scale-000460,qualification-synthetic,g,62028.0,20.045585147417572,0.8990678019464067,000460-0028
scale-000460,qualification-synthetic,g,62029.0,21.422053536972395,0.8605100935189088,000460-0029
scale-000460,qualification-synthetic,g,62030.0,19.548099350069418,1.18734036792074,000460-0030
scale-000460,qualification-synthetic,g,62031.0,20.554057989113353,0.8338752546515138,000460-0031
scale-000461,qualification-synthetic,g,62000.0,19.520104942218858,0.8202811375533178,000461-0000
scale-000461,qualification-synthetic,g,62001.0,20.175678926854513,0.9026013010221278,000461-0001
scale-000461,qualification-synthetic,g,62002.0,19.651739123309987,1.0594654936425236,000461-0002
scale-000461,qualification-synthetic,g,62003.0,22.00473442841874,0.8951880022933199,000461-0003
scale-000461,qualification-synthetic,g,62004.0,20.385284382169463,1.0056641361735832,000461-0004
scale-000461,qualification-synthetic,g,62005.0,21.146388305711273,0.8556857436470721,000461-0005
scale-000461,qualification-synthetic,g,62006.0,18.5794114656368,1.0940266028751164,000461-0006
scale-000461,qualification-synthetic,g,62007.0,19.153103771216475,1.104286068046004,000461-0007
scale-000461,qualification-synthetic,g,62008.0,20.766401607399928,0.8482183925637257,000461-0008
scale-000461,qualification-synthetic,g,62009.0,22.135174860371148,1.093863076851797,000461-0009
scale-000461,qualification-synthetic,g,62010.0,19.619160912322133,0.9456616211488793,000461-0010
scale-000461,qualification-synthetic,g,62011.0,18.51156907122491,1.0286310257174003,000461-0011
scale-000461,qualification-synthetic,g,62012.0,19.585712689687657,0.925922993663213,000461-0012
scale-000461,qualification-synthetic,g,62013.0,21.12453471895992,0.9350825196065482,000461-0013
scale-000461,qualification-synthetic,g,62014.0,20.46966273052579,1.1920782149881302,000461-0014
scale-000461,qualification-synthetic,g,62015.0,19.92861154243338,1.148109933623931,000461-0015
scale-000461,qualification-synthetic,g,62016.0,17.398759258487324,1.1391856525849968,000461-0016
scale-000461,qualification-synthetic,g,62017.0,20.54965954372404,0.9381424780432773,000461-0017
scale-000461,qualification-synthetic,g,62018.0,21.625403771301688,1.1449037554895831,000461-0018
scale-000461,qualification-synthetic,g,62019.0,19.754429312651464,0.9983189805597077,000461-0019
scale-000461,qualification-synthetic,g,62020.0,17.478977015639515,1.1815053690768282,000461-0020
scale-000461,qualification-synthetic,g,62021.0,17.881629312089377,0.9114936680379675,000461-0021
scale-000461,qualification-synthetic,g,62022.0,17.912201017691253,1.0562538641857273,000461-0022
scale-000461,qualification-synthetic,g,62023.0,21.29168552318429,1.0414262312993394,000461-0023
scale-000461,qualification-synthetic,g,62024.0,19.126314323426453,0.9393335996968631,000461-0024
scale-000461,qualification-synthetic,g,62025.0,18.07964335614891,0.81739201651294,000461-0025
scale-000461,qualification-synthetic,g,62026.0,18.694834319546487,0.8933675595258322,000461-0026
scale-000461,qualification-synthetic,g,62027.0,19.536995536393178,1.1809560858085237,000461-0027
scale-000461,qualification-synthetic,g,62028.0,19.66388968544022,0.9193612792308123,000461-0028
scale-000461,qualification-synthetic,g,62029.0,18.857960268020676,0.8117051548783213,000461-0029
scale-000461,qualification-synthetic,g,62030.0,21.60972144966677,0.8603849772504328,000461-0030
scale-000461,qualification-synthetic,g,62031.0,22.157460892301835,1.1294008217768854,000461-0031
scale-000462,qualification-synthetic,g,62000.0,18.39299598535032,0.8584795187485373,000462-0000
scale-000462,qualification-synthetic,g,62001.0,22.11531406828367,0.9253687826490888,000462-0001
scale-000462,qualification-synthetic,g,62002.0,18.5925613819014,1.1240145401897172,000462-0002
scale-000462,qualification-synthetic,g,62003.0,17.544232525211427,1.0026987679313475,000462-0003
scale-000462,qualification-synthetic,g,62004.0,20.47609741778502,0.9030846915875148,000462-0004
scale-000462,qualification-synthetic,g,62005.0,22.173097269706144,1.1631737557011301,000462-0005
scale-000462,qualification-synthetic,g,62006.0,17.646387597438423,1.1486284693726119,000462-0006
scale-000462,qualification-synthetic,g,62007.0,18.976074727860045,1.0689066517935026,000462-0007
scale-000462,qualification-synthetic,g,62008.0,20.108759596610717,0.8640583899798158,000462-0008
scale-000462,qualification-synthetic,g,62009.0,20.171353737775025,1.0151136169310164,000462-0009
scale-000462,qualification-synthetic,g,62010.0,20.542813027981726,0.8210477692875214,000462-0010
scale-000462,qualification-synthetic,g,62011.0,19.996503107361487,1.037856961828102,000462-0011
scale-000462,qualification-synthetic,g,62012.0,18.772421719592764,1.187952438787733,000462-0012
scale-000462,qualification-synthetic,g,62013.0,19.08316567657052,1.1157792093398198,000462-0013
scale-000462,qualification-synthetic,g,62014.0,20.520298008390846,1.0695237746304356,000462-0014
scale-000462,qualification-synthetic,g,62015.0,18.525490272315263,1.0253723936527694,000462-0015
scale-000462,qualification-synthetic,g,62016.0,21.12342309454465,1.0137822655232633,000462-0016
scale-000462,qualification-synthetic,g,62017.0,20.041292307212938,0.8715105333756172,000462-0017
scale-000462,qualification-synthetic,g,62018.0,17.145272893117713,0.8904047785193194,000462-0018
scale-000462,qualification-synthetic,g,62019.0,19.75019741034469,1.182047696891691,000462-0019
scale-000462,qualification-synthetic,g,62020.0,20.190670695841828,0.9374360307739884,000462-0020
scale-000462,qualification-synthetic,g,62021.0,18.456303468831987,1.1509485944673608,000462-0021
scale-000462,qualification-synthetic,g,62022.0,20.297485816776355,1.1509070500378147,000462-0022
scale-000462,qualification-synthetic,g,62023.0,18.67773905780141,1.1942960930888082,000462-0023
scale-000462,qualification-synthetic,g,62024.0,21.013944570775372,0.8378064478978047,000462-0024
scale-000462,qualification-synthetic,g,62025.0,18.98031952770048,1.0494657171212447,000462-0025
scale-000462,qualification-synthetic,g,62026.0,20.262319821260366,1.0474786976420638,000462-0026
scale-000462,qualification-synthetic,g,62027.0,21.224481948389908,0.955434253526436,000462-0027
scale-000462,qualification-synthetic,g,62028.0,20.645197058324527,0.8200912526829094,000462-0028
scale-000462,qualification-synthetic,g,62029.0,19.700416753555984,1.0901752997919034,000462-0029
scale-000462,qualification-synthetic,g,62030.0,19.948364609969033,0.9224944283922243,000462-0030
scale-000462,qualification-synthetic,g,62031.0,21.09601249822284,0.9526914687127637,000462-0031
scale-000463,qualification-synthetic,g,62000.0,20.585113837874506,1.037029986143525,000463-0000
scale-000463,qualification-synthetic,g,62001.0,20.17047645051675,0.807380248878734,000463-0001
scale-000463,qualification-synthetic,g,62002.0,19.453284838961167,0.9937499106322402,000463-0002
scale-000463,qualification-synthetic,g,62003.0,20.905754126117973,1.1129002131363182,000463-0003
scale-000463,qualification-synthetic,g,62004.0,18.905186400530617,0.8228254843887886,000463-0004
scale-000463,qualification-synthetic,g,62005.0,15.51128572831249,0.9875326379747248,000463-0005
scale-000463,qualification-synthetic,g,62006.0,18.515788156962294,1.1647854420759407,000463-0006
scale-000463,qualification-synthetic,g,62007.0,18.03510553270878,1.0158582158469212,000463-0007
scale-000463,qualification-synthetic,g,62008.0,18.373271399698538,0.9249803671405417,000463-0008
scale-000463,qualification-synthetic,g,62009.0,20.113410122993955,0.8918940678127343,000463-0009
scale-000463,qualification-synthetic,g,62010.0,20.18061722554477,0.8204801099632553,000463-0010
scale-000463,qualification-synthetic,g,62011.0,20.352947382672227,1.0187433696264558,000463-0011
scale-000463,qualification-synthetic,g,62012.0,20.765241626946768,0.8338942411709062,000463-0012
scale-000463,qualification-synthetic,g,62013.0,19.02478477022316,1.1769238704906249,000463-0013
scale-000463,qualification-synthetic,g,62014.0,21.546771764512755,1.1455902634811086,000463-0014
scale-000463,qualification-synthetic,g,62015.0,19.797507281581613,1.1758948713786757,000463-0015
scale-000463,qualification-synthetic,g,62016.0,20.24526460501236,1.1500936960688102,000463-0016
scale-000463,qualification-synthetic,g,62017.0,19.224819019041025,0.9496819405186986,000463-0017
scale-000463,qualification-synthetic,g,62018.0,19.58605570911252,0.9984356776198283,000463-0018
scale-000463,qualification-synthetic,g,62019.0,20.174921164548042,1.0823237485660875,000463-0019
scale-000463,qualification-synthetic,g,62020.0,21.998015558439178,1.1241653312087843,000463-0020
scale-000463,qualification-synthetic,g,62021.0,20.455468249956095,0.8894527236946965,000463-0021
scale-000463,qualification-synthetic,g,62022.0,19.07846161555883,0.8542004850991894,000463-0022
scale-000463,qualification-synthetic,g,62023.0,19.551235618010463,1.16224765810273,000463-0023
scale-000463,qualification-synthetic,g,62024.0,21.320602645627226,0.9843936077981608,000463-0024
scale-000463,qualification-synthetic,g,62025.0,20.819523109342278,0.8253947077985861,000463-0025
scale-000463,qualification-synthetic,g,62026.0,20.593506784134373,0.9717197232797842,000463-0026
scale-000463,qualification-synthetic,g,62027.0,20.16583209255834,0.8181967507113119,000463-0027
scale-000463,qualification-synthetic,g,62028.0,19.63585697658304,1.1357872661471924,000463-0028
scale-000463,qualification-synthetic,g,62029.0,21.557511926223214,0.957822162665809,000463-0029
scale-000463,qualification-synthetic,g,62030.0,20.481502687532277,0.8036896495860992,000463-0030
scale-000463,qualification-synthetic,g,62031.0,18.463396812830588,0.992335412432214,000463-0031
scale-000464,qualification-synthetic,g,62000.0,19.47957078722191,0.8310014671535089,000464-0000
scale-000464,qualification-synthetic,g,62001.0,20.4738080537622,1.1131554793166571,000464-0001
scale-000464,qualification-synthetic,g,62002.0,17.67975236581188,1.0701325057414741,000464-0002
scale-000464,qualification-synthetic,g,62003.0,20.168246636264673,0.9537284556947824,000464-0003
scale-000464,qualification-synthetic,g,62004.0,19.818122747173508,0.8804638516503568,000464-0004
scale-000464,qualification-synthetic,g,62005.0,19.317695691641287,1.0979058796669283,000464-0005
scale-000464,qualification-synthetic,g,62006.0,18.4652596143221,0.8242840891912545,000464-0006
scale-000464,qualification-synthetic,g,62007.0,21.677897343739325,0.995848386732854,000464-0007
scale-000464,qualification-synthetic,g,62008.0,18.674080555939266,0.9624259032640895,000464-0008
scale-000464,qualification-synthetic,g,62009.0,19.360712821618517,0.9225838244913033,000464-0009
scale-000464,qualification-synthetic,g,62010.0,19.96023518648326,0.8987707342672823,000464-0010
scale-000464,qualification-synthetic,g,62011.0,20.465303777585248,1.0412118287951662,000464-0011
scale-000464,qualification-synthetic,g,62012.0,16.993641292298697,0.8819565079648524,000464-0012
scale-000464,qualification-synthetic,g,62013.0,19.42175145580738,0.9246046024462208,000464-0013
scale-000464,qualification-synthetic,g,62014.0,18.424865087074316,1.0737027500713667,000464-0014
scale-000464,qualification-synthetic,g,62015.0,20.118230121378915,0.9017665295212888,000464-0015
scale-000464,qualification-synthetic,g,62016.0,19.290582276399658,0.8759631261544064,000464-0016
scale-000464,qualification-synthetic,g,62017.0,18.290089642631372,1.0132107083722308,000464-0017
scale-000464,qualification-synthetic,g,62018.0,18.19790046106341,1.1730962909672422,000464-0018
scale-000464,qualification-synthetic,g,62019.0,20.413369316403262,1.1790585354173102,000464-0019
scale-000464,qualification-synthetic,g,62020.0,19.938547611432476,1.1404415043277398,000464-0020
scale-000464,qualification-synthetic,g,62021.0,20.22173740261219,0.8914873382148679,000464-0021
scale-000464,qualification-synthetic,g,62022.0,21.477426948229002,0.9449420128435625,000464-0022
scale-000464,qualification-synthetic,g,62023.0,19.60078260470084,1.0824708761409723,000464-0023
scale-000464,qualification-synthetic,g,62024.0,21.072196100164636,1.1105707044976023,000464-0024
scale-000464,qualification-synthetic,g,62025.0,19.17570551118244,0.9012840185961921,000464-0025
scale-000464,qualification-synthetic,g,62026.0,19.75145378111411,0.8228140497753277,000464-0026
scale-000464,qualification-synthetic,g,62027.0,20.17241826528841,0.9969269992076525,000464-0027
scale-000464,qualification-synthetic,g,62028.0,18.70898465942563,0.8105671647713315,000464-0028
scale-000464,qualification-synthetic,g,62029.0,19.387329263916076,0.9642972942747079,000464-0029
scale-000464,qualification-synthetic,g,62030.0,20.816536512266357,0.841910333261964,000464-0030
scale-000464,qualification-synthetic,g,62031.0,17.11425660769516,0.8817285623201264,000464-0031
scale-000465,qualification-synthetic,g,62000.0,17.619024071913095,1.1353357274615203,000465-0000
scale-000465,qualification-synthetic,g,62001.0,19.368080945541816,0.8159077973220603,000465-0001
scale-000465,qualification-synthetic,g,62002.0,20.965767446015917,1.0095461443597273,000465-0002
scale-000465,qualification-synthetic,g,62003.0,20.110094708921462,0.9257669683807723,000465-0003
scale-000465,qualification-synthetic,g,62004.0,20.812083983471425,0.9050077680174576,000465-0004
scale-000465,qualification-synthetic,g,62005.0,20.487330901104258,1.1056630345600524,000465-0005
scale-000465,qualification-synthetic,g,62006.0,19.346093518580858,1.1446195800609258,000465-0006
scale-000465,qualification-synthetic,g,62007.0,19.60714202266487,0.9884700365112231,000465-0007
scale-000465,qualification-synthetic,g,62008.0,19.231538689842044,0.8045876847885968,000465-0008
scale-000465,qualification-synthetic,g,62009.0,18.289219736005833,1.1413574913932807,000465-0009
scale-000465,qualification-synthetic,g,62010.0,19.69690143891598,0.8249733088590616,000465-0010
scale-000465,qualification-synthetic,g,62011.0,20.319988451796764,0.8749329191296317,000465-0011
scale-000465,qualification-synthetic,g,62012.0,19.593531471903198,1.126308058733263,000465-0012
scale-000465,qualification-synthetic,g,62013.0,21.339887784187336,0.9680398519648075,000465-0013
scale-000465,qualification-synthetic,g,62014.0,19.894909857445533,0.84600702477078,000465-0014
scale-000465,qualification-synthetic,g,62015.0,21.514506050848517,0.9036051379915587,000465-0015
scale-000465,qualification-synthetic,g,62016.0,18.141244513025658,0.9881359191980323,000465-0016
scale-000465,qualification-synthetic,g,62017.0,22.884503751892353,1.098921633111069,000465-0017
scale-000465,qualification-synthetic,g,62018.0,19.381845250398563,0.9453070458332573,000465-0018
scale-000465,qualification-synthetic,g,62019.0,18.581611584414993,1.0805229231345257,000465-0019
scale-000465,qualification-synthetic,g,62020.0,19.68223991998795,0.9360483326134442,000465-0020
scale-000465,qualification-synthetic,g,62021.0,20.763113434697402,1.1341039431825528,000465-0021
scale-000465,qualification-synthetic,g,62022.0,19.374009689778255,0.8344760881054226,000465-0022
scale-000465,qualification-synthetic,g,62023.0,19.292155916478325,0.9853174360838038,000465-0023
scale-000465,qualification-synthetic,g,62024.0,18.58582083214133,0.8446239503660798,000465-0024
scale-000465,qualification-synthetic,g,62025.0,22.0008516869466,1.0345155935536836,000465-0025
scale-000465,qualification-synthetic,g,62026.0,20.43414474716436,1.07797205003346,000465-0026
scale-000465,qualification-synthetic,g,62027.0,18.094041767208832,1.1254157217513714,000465-0027
scale-000465,qualification-synthetic,g,62028.0,20.064131775466112,1.1617687103803058,000465-0028
scale-000465,qualification-synthetic,g,62029.0,23.13384120571215,1.1244361197974078,000465-0029
scale-000465,qualification-synthetic,g,62030.0,23.368816183774722,0.9053126606904013,000465-0030
scale-000465,qualification-synthetic,g,62031.0,20.37902654077767,0.8576634703007879,000465-0031
scale-000466,qualification-synthetic,g,62000.0,20.456588168560817,1.0882612434791072,000466-0000
scale-000466,qualification-synthetic,g,62001.0,17.25398118352987,1.1037211525767219,000466-0001
scale-000466,qualification-synthetic,g,62002.0,20.54017963259879,1.130614530502437,000466-0002
scale-000466,qualification-synthetic,g,62003.0,19.62468040764527,1.000984933172182,000466-0003
scale-000466,qualification-synthetic,g,62004.0,19.369780059596096,0.8769707370509416,000466-0004
scale-000466,qualification-synthetic,g,62005.0,19.345367523905264,0.9673803879117442,000466-0005
scale-000466,qualification-synthetic,g,62006.0,22.463901053262614,0.9282076051446994,000466-0006
scale-000466,qualification-synthetic,g,62007.0,18.977759194232263,1.1667742417842262,000466-0007
scale-000466,qualification-synthetic,g,62008.0,18.62089923845628,1.0693966876569097,000466-0008
scale-000466,qualification-synthetic,g,62009.0,18.37992309899068,1.0424048869119311,000466-0009
scale-000466,qualification-synthetic,g,62010.0,19.579435154083562,1.05751769437966,000466-0010
scale-000466,qualification-synthetic,g,62011.0,20.103848246384477,1.055767478165977,000466-0011
scale-000466,qualification-synthetic,g,62012.0,19.527181234042253,0.9308653086389312,000466-0012
scale-000466,qualification-synthetic,g,62013.0,20.85064193652875,1.1887518698006174,000466-0013
scale-000466,qualification-synthetic,g,62014.0,19.254037607612645,0.8194115475115936,000466-0014
scale-000466,qualification-synthetic,g,62015.0,18.828870926815167,0.8150697733691653,000466-0015
scale-000466,qualification-synthetic,g,62016.0,20.49672232891422,0.8037203989853523,000466-0016
scale-000466,qualification-synthetic,g,62017.0,19.95242870550465,0.9244537651436963,000466-0017
scale-000466,qualification-synthetic,g,62018.0,20.069844163640074,1.1456616092459166,000466-0018
scale-000466,qualification-synthetic,g,62019.0,19.138861781325883,0.9081249506835379,000466-0019
scale-000466,qualification-synthetic,g,62020.0,17.174828763712696,1.0706280097534244,000466-0020
scale-000466,qualification-synthetic,g,62021.0,19.23088087239301,1.128347887332139,000466-0021
scale-000466,qualification-synthetic,g,62022.0,20.019252526690494,0.8675029159964636,000466-0022
scale-000466,qualification-synthetic,g,62023.0,19.199827281495672,0.8805193240938168,000466-0023
scale-000466,qualification-synthetic,g,62024.0,21.803316788633,1.1626842994668707,000466-0024
scale-000466,qualification-synthetic,g,62025.0,19.848716578008936,1.071051342298708,000466-0025
scale-000466,qualification-synthetic,g,62026.0,20.052585435769636,0.9075057629747144,000466-0026
scale-000466,qualification-synthetic,g,62027.0,18.153298102990696,1.1036781984441553,000466-0027
scale-000466,qualification-synthetic,g,62028.0,18.26826243749086,1.1012921626386925,000466-0028
scale-000466,qualification-synthetic,g,62029.0,20.754864876454597,0.9968690329560022,000466-0029
scale-000466,qualification-synthetic,g,62030.0,19.730218632456793,0.8422969380585011,000466-0030
scale-000466,qualification-synthetic,g,62031.0,21.11243535969874,0.9204115247425048,000466-0031
scale-000467,qualification-synthetic,g,62000.0,21.610495623089317,1.1714941774324839,000467-0000
scale-000467,qualification-synthetic,g,62001.0,20.398871694374712,0.9022732030107319,000467-0001
scale-000467,qualification-synthetic,g,62002.0,20.821510215000092,1.1174959447535908,000467-0002
scale-000467,qualification-synthetic,g,62003.0,18.973285777257704,0.9294385359963941,000467-0003
scale-000467,qualification-synthetic,g,62004.0,20.40118400571557,1.0211611258467077,000467-0004
scale-000467,qualification-synthetic,g,62005.0,21.25685712262341,1.037437169596972,000467-0005
scale-000467,qualification-synthetic,g,62006.0,19.770467009016173,0.9382504955843968,000467-0006
scale-000467,qualification-synthetic,g,62007.0,19.763729734517817,1.0777004164898336,000467-0007
scale-000467,qualification-synthetic,g,62008.0,19.617226616072216,0.8969766267367764,000467-0008
scale-000467,qualification-synthetic,g,62009.0,19.18577459128631,0.8716421451207927,000467-0009
scale-000467,qualification-synthetic,g,62010.0,19.63749719919147,1.1276809893521895,000467-0010
scale-000467,qualification-synthetic,g,62011.0,20.191095580811787,1.105662808309407,000467-0011
scale-000467,qualification-synthetic,g,62012.0,19.190055134868434,0.8712273142610273,000467-0012
scale-000467,qualification-synthetic,g,62013.0,18.654886092912722,1.1564695808993013,000467-0013
scale-000467,qualification-synthetic,g,62014.0,21.319689718982964,1.152826848260536,000467-0014
scale-000467,qualification-synthetic,g,62015.0,19.21144271546031,0.8194180120454045,000467-0015
scale-000467,qualification-synthetic,g,62016.0,19.096384423657366,1.004348608246142,000467-0016
scale-000467,qualification-synthetic,g,62017.0,20.5001652130858,0.8893179079668043,000467-0017
scale-000467,qualification-synthetic,g,62018.0,21.48877351137607,0.8480077704968826,000467-0018
scale-000467,qualification-synthetic,g,62019.0,19.30788843600879,0.8665029887672865,000467-0019
scale-000467,qualification-synthetic,g,62020.0,20.809244937382818,1.0368112207195024,000467-0020
scale-000467,qualification-synthetic,g,62021.0,20.057076272610722,0.8516400120679447,000467-0021
scale-000467,qualification-synthetic,g,62022.0,19.148376992184698,0.9311996428360316,000467-0022
scale-000467,qualification-synthetic,g,62023.0,17.809969150076824,0.9888658679683964,000467-0023
scale-000467,qualification-synthetic,g,62024.0,19.380198378634244,0.8914536303840205,000467-0024
scale-000467,qualification-synthetic,g,62025.0,18.86143005180948,0.9355630023703837,000467-0025
scale-000467,qualification-synthetic,g,62026.0,17.96764290531399,0.9024370927997103,000467-0026
scale-000467,qualification-synthetic,g,62027.0,18.710197989174336,1.005611771061321,000467-0027
scale-000467,qualification-synthetic,g,62028.0,20.90850769472768,1.131821038302241,000467-0028
scale-000467,qualification-synthetic,g,62029.0,18.755687880648885,0.9617649494110131,000467-0029
scale-000467,qualification-synthetic,g,62030.0,20.21666635913558,1.028041288710047,000467-0030
scale-000467,qualification-synthetic,g,62031.0,18.908536237941725,0.9619411219238104,000467-0031
scale-000468,qualification-synthetic,g,62000.0,19.285988830241152,1.168570475160969,000468-0000
scale-000468,qualification-synthetic,g,62001.0,20.70504045561228,1.0211544777912636,000468-0001
scale-000468,qualification-synthetic,g,62002.0,19.240616521198227,0.8314424801711804,000468-0002
scale-000468,qualification-synthetic,g,62003.0,19.28080599526624,1.0246236154510717,000468-0003
scale-000468,qualification-synthetic,g,62004.0,21.552432043025153,1.0570342651516573,000468-0004
scale-000468,qualification-synthetic,g,62005.0,19.91090032005262,0.9918717696329429,000468-0005
scale-000468,qualification-synthetic,g,62006.0,19.200636013515766,1.1189346317769964,000468-0006
scale-000468,qualification-synthetic,g,62007.0,19.04689577483287,0.8596645003549872,000468-0007
scale-000468,qualification-synthetic,g,62008.0,19.976727474727774,0.858245268411894,000468-0008
scale-000468,qualification-synthetic,g,62009.0,21.948021366782044,0.8741221319750105,000468-0009
scale-000468,qualification-synthetic,g,62010.0,21.590778969384733,1.1279271711209062,000468-0010
scale-000468,qualification-synthetic,g,62011.0,19.39462024307994,1.0890415557618394,000468-0011
scale-000468,qualification-synthetic,g,62012.0,20.16334944302701,0.8871849642160222,000468-0012
scale-000468,qualification-synthetic,g,62013.0,20.237434534674378,0.8298524545015544,000468-0013
scale-000468,qualification-synthetic,g,62014.0,18.69131869225501,0.9851910443134295,000468-0014
scale-000468,qualification-synthetic,g,62015.0,20.21741502277885,1.0361528721826792,000468-0015
scale-000468,qualification-synthetic,g,62016.0,20.214533023119802,0.9698429816215854,000468-0016
scale-000468,qualification-synthetic,g,62017.0,19.9424204015696,1.0546688686124657,000468-0017
scale-000468,qualification-synthetic,g,62018.0,19.504058761055706,0.9963144914420046,000468-0018
scale-000468,qualification-synthetic,g,62019.0,17.99666425183552,1.118637227904255,000468-0019
scale-000468,qualification-synthetic,g,62020.0,19.57360802652147,0.8850579360781784,000468-0020
scale-000468,qualification-synthetic,g,62021.0,20.114122038517177,0.8894548271790045,000468-0021
scale-000468,qualification-synthetic,g,62022.0,21.63773268147663,0.9314211539551741,000468-0022
scale-000468,qualification-synthetic,g,62023.0,20.674297924814283,0.8276988354937054,000468-0023
scale-000468,qualification-synthetic,g,62024.0,20.721713516991777,1.1653856881023956,000468-0024
scale-000468,qualification-synthetic,g,62025.0,20.85141536050467,1.1818712020390199,000468-0025
scale-000468,qualification-synthetic,g,62026.0,19.458284746984305,0.8034076203241988,000468-0026
scale-000468,qualification-synthetic,g,62027.0,20.21977632879967,0.9065094856185747,000468-0027
scale-000468,qualification-synthetic,g,62028.0,18.740314739887825,0.8958338185622428,000468-0028
scale-000468,qualification-synthetic,g,62029.0,19.938308485437048,1.0893253902017632,000468-0029
scale-000468,qualification-synthetic,g,62030.0,20.330333568770474,0.809917740862018,000468-0030
scale-000468,qualification-synthetic,g,62031.0,21.821675218269863,0.8602229770276133,000468-0031
scale-000469,qualification-synthetic,g,62000.0,17.466965293828974,1.199682412148277,000469-0000
scale-000469,qualification-synthetic,g,62001.0,19.28046663668923,1.1429484860997774,000469-0001
scale-000469,qualification-synthetic,g,62002.0,19.355113454637095,1.1811911588874218,000469-0002
scale-000469,qualification-synthetic,g,62003.0,18.149462345222346,0.9715533300139615,000469-0003
scale-000469,qualification-synthetic,g,62004.0,17.26126625803108,1.1668959490336823,000469-0004
scale-000469,qualification-synthetic,g,62005.0,21.56109799464524,1.0810067076921934,000469-0005
scale-000469,qualification-synthetic,g,62006.0,17.323837861018717,1.1123641738528631,000469-0006
scale-000469,qualification-synthetic,g,62007.0,18.78523289567241,0.9035695573554667,000469-0007
scale-000469,qualification-synthetic,g,62008.0,17.004807363124748,0.9105120927516187,000469-0008
scale-000469,qualification-synthetic,g,62009.0,19.330155341459413,0.9192614926978885,000469-0009
scale-000469,qualification-synthetic,g,62010.0,17.878716517918775,0.9236735281908417,000469-0010
scale-000469,qualification-synthetic,g,62011.0,20.044983142973592,1.0767884403567072,000469-0011
scale-000469,qualification-synthetic,g,62012.0,18.97417668149508,1.1915171758680225,000469-0012
scale-000469,qualification-synthetic,g,62013.0,20.664936428153013,0.8092828307245842,000469-0013
scale-000469,qualification-synthetic,g,62014.0,22.568053717044474,1.0717527950311558,000469-0014
scale-000469,qualification-synthetic,g,62015.0,19.979313219909027,1.0037207897703644,000469-0015
scale-000469,qualification-synthetic,g,62016.0,20.152269739322005,1.1286353130985927,000469-0016
scale-000469,qualification-synthetic,g,62017.0,21.25247626379217,1.1956300161908044,000469-0017
scale-000469,qualification-synthetic,g,62018.0,19.9091339281845,1.0391229287670243,000469-0018
scale-000469,qualification-synthetic,g,62019.0,20.776608978184957,1.1222743440782292,000469-0019
scale-000469,qualification-synthetic,g,62020.0,19.361174405481215,0.8539621967285248,000469-0020
scale-000469,qualification-synthetic,g,62021.0,18.98934593621814,0.826555949673337,000469-0021
scale-000469,qualification-synthetic,g,62022.0,20.168135223514113,1.039088562958558,000469-0022
scale-000469,qualification-synthetic,g,62023.0,20.76306958926268,1.1800661859064923,000469-0023
scale-000469,qualification-synthetic,g,62024.0,19.323258071067016,1.1653590873857247,000469-0024
scale-000469,qualification-synthetic,g,62025.0,19.81455180597106,1.0557963316269279,000469-0025
scale-000469,qualification-synthetic,g,62026.0,17.88672259431958,1.1665261443035102,000469-0026
scale-000469,qualification-synthetic,g,62027.0,22.496925126274686,1.1611793074565484,000469-0027
scale-000469,qualification-synthetic,g,62028.0,22.01442985198741,0.9256310534282327,000469-0028
scale-000469,qualification-synthetic,g,62029.0,20.782390625470683,1.0023849468009467,000469-0029
scale-000469,qualification-synthetic,g,62030.0,20.786576742843327,1.007095897241405,000469-0030
scale-000469,qualification-synthetic,g,62031.0,20.597572473743337,1.1302635365635145,000469-0031
scale-000470,qualification-synthetic,g,62000.0,19.329019840836924,0.8012066394432188,000470-0000
scale-000470,qualification-synthetic,g,62001.0,19.834111657689157,1.0490307755176451,000470-0001
scale-000470,qualification-synthetic,g,62002.0,18.560739455566758,0.9839225470592959,000470-0002
scale-000470,qualification-synthetic,g,62003.0,18.558353348502845,1.1086382495195688,000470-0003
scale-000470,qualification-synthetic,g,62004.0,18.184833616306875,1.1899583500398074,000470-0004
scale-000470,qualification-synthetic,g,62005.0,18.9143628310431,0.8842198506367869,000470-0005
scale-000470,qualification-synthetic,g,62006.0,20.526219079153602,1.1630763404797677,000470-0006
scale-000470,qualification-synthetic,g,62007.0,19.0634178057968,1.0781189003546443,000470-0007
scale-000470,qualification-synthetic,g,62008.0,18.17350523944204,1.1872138841888773,000470-0008
scale-000470,qualification-synthetic,g,62009.0,19.467241717375668,1.1584130637256609,000470-0009
scale-000470,qualification-synthetic,g,62010.0,20.17212031716283,0.9256592851751378,000470-0010
scale-000470,qualification-synthetic,g,62011.0,20.093013074184565,1.034795612193863,000470-0011
scale-000470,qualification-synthetic,g,62012.0,20.26420673534105,0.9577972918541383,000470-0012
scale-000470,qualification-synthetic,g,62013.0,21.32100630645731,0.9552032900604946,000470-0013
scale-000470,qualification-synthetic,g,62014.0,21.74573845747395,0.9319196459377611,000470-0014
scale-000470,qualification-synthetic,g,62015.0,18.68133634927632,0.9257855381057668,000470-0015
scale-000470,qualification-synthetic,g,62016.0,21.396158828838235,1.0530543250380788,000470-0016
scale-000470,qualification-synthetic,g,62017.0,21.27530007015177,0.8419031902547681,000470-0017
scale-000470,qualification-synthetic,g,62018.0,17.990774209588263,0.8452190180908197,000470-0018
scale-000470,qualification-synthetic,g,62019.0,21.029823581121285,1.1606890774411058,000470-0019
scale-000470,qualification-synthetic,g,62020.0,20.20929009029499,1.062701342717219,000470-0020
scale-000470,qualification-synthetic,g,62021.0,19.73558886324987,0.9683589481748771,000470-0021
scale-000470,qualification-synthetic,g,62022.0,20.362670060195114,1.0674541600131537,000470-0022
scale-000470,qualification-synthetic,g,62023.0,20.099236973464674,0.8331108280411381,000470-0023
scale-000470,qualification-synthetic,g,62024.0,19.937119265468315,1.1173980641933856,000470-0024
scale-000470,qualification-synthetic,g,62025.0,19.07482242232291,0.9001312028626907,000470-0025
scale-000470,qualification-synthetic,g,62026.0,19.77379089143091,0.8226635342149304,000470-0026
scale-000470,qualification-synthetic,g,62027.0,20.357740502390815,0.8779509548330716,000470-0027
scale-000470,qualification-synthetic,g,62028.0,21.109943521679575,0.967364438324963,000470-0028
scale-000470,qualification-synthetic,g,62029.0,19.70304514830152,1.1989131911157345,000470-0029
scale-000470,qualification-synthetic,g,62030.0,20.401548453787118,1.0734085927379007,000470-0030
scale-000470,qualification-synthetic,g,62031.0,21.932039490170336,1.1801920954403287,000470-0031
scale-000471,qualification-synthetic,g,62000.0,20.866079281705495,1.1018698204092585,000471-0000
scale-000471,qualification-synthetic,g,62001.0,19.229451856661598,1.1235178153126328,000471-0001
scale-000471,qualification-synthetic,g,62002.0,19.49623486050727,1.0911800008268107,000471-0002
scale-000471,qualification-synthetic,g,62003.0,18.45322177042292,1.052181337642569,000471-0003
scale-000471,qualification-synthetic,g,62004.0,19.46308201505922,0.9156371787010295,000471-0004
scale-000471,qualification-synthetic,g,62005.0,18.215439436198164,1.1009087311439163,000471-0005
scale-000471,qualification-synthetic,g,62006.0,19.945533316131698,1.0199454707198377,000471-0006
scale-000471,qualification-synthetic,g,62007.0,21.73347375844562,0.8775393104176197,000471-0007
scale-000471,qualification-synthetic,g,62008.0,17.66916228343847,0.9604424364158981,000471-0008
scale-000471,qualification-synthetic,g,62009.0,20.289876177054108,1.0800153115050597,000471-0009
scale-000471,qualification-synthetic,g,62010.0,18.741362405902564,0.9297480098447127,000471-0010
scale-000471,qualification-synthetic,g,62011.0,20.624933945760272,0.9368223240878251,000471-0011
scale-000471,qualification-synthetic,g,62012.0,19.646525581676606,1.19556752129811,000471-0012
scale-000471,qualification-synthetic,g,62013.0,18.381549918069627,1.0619085049779617,000471-0013
scale-000471,qualification-synthetic,g,62014.0,20.594848783805126,0.9692523820003048,000471-0014
scale-000471,qualification-synthetic,g,62015.0,17.418998802399248,1.133949369608349,000471-0015
scale-000471,qualification-synthetic,g,62016.0,19.072053231466125,0.8137592794786269,000471-0016
scale-000471,qualification-synthetic,g,62017.0,20.27657237549073,0.8642970137256376,000471-0017
scale-000471,qualification-synthetic,g,62018.0,20.905276339577483,1.1343784205290273,000471-0018
scale-000471,qualification-synthetic,g,62019.0,19.329880923630846,0.9520243580388339,000471-0019
scale-000471,qualification-synthetic,g,62020.0,19.889486471568034,1.0444169542371315,000471-0020
scale-000471,qualification-synthetic,g,62021.0,19.26411865195493,1.0510116219386532,000471-0021
scale-000471,qualification-synthetic,g,62022.0,20.38376802319935,1.1447691340434851,000471-0022
scale-000471,qualification-synthetic,g,62023.0,19.59328385581349,1.1079847260364342,000471-0023
scale-000471,qualification-synthetic,g,62024.0,19.9727305722122,1.1056066260209882,000471-0024
scale-000471,qualification-synthetic,g,62025.0,20.09735496455527,1.0275956790214074,000471-0025
scale-000471,qualification-synthetic,g,62026.0,19.07326885280473,1.0007827071447293,000471-0026
scale-000471,qualification-synthetic,g,62027.0,21.944619312247493,1.1265742227185065,000471-0027
scale-000471,qualification-synthetic,g,62028.0,19.26534937519728,0.8686952381628933,000471-0028
scale-000471,qualification-synthetic,g,62029.0,19.73600228909419,0.8839554255192782,000471-0029
scale-000471,qualification-synthetic,g,62030.0,20.037603440252852,0.9153117008174879,000471-0030
scale-000471,qualification-synthetic,g,62031.0,19.351810058463716,0.8792803806917416,000471-0031
scale-000472,qualification-synthetic,g,62000.0,19.379962559729947,0.9600334562998192,000472-0000
scale-000472,qualification-synthetic,g,62001.0,21.648955180633592,0.9460444264409434,000472-0001
scale-000472,qualification-synthetic,g,62002.0,19.998407257047468,0.908553846109217,000472-0002
scale-000472,qualification-synthetic,g,62003.0,17.583208375620114,1.1491937145085818,000472-0003
scale-000472,qualification-synthetic,g,62004.0,23.593581039098154,0.9181115416272873,000472-0004
scale-000472,qualification-synthetic,g,62005.0,20.81037204321221,0.8642573574285317,000472-0005
scale-000472,qualification-synthetic,g,62006.0,20.381933896644345,1.01213661183691,000472-0006
scale-000472,qualification-synthetic,g,62007.0,20.259867117732927,0.8734534905031881,000472-0007
scale-000472,qualification-synthetic,g,62008.0,17.201397681115136,0.927705397075034,000472-0008
scale-000472,qualification-synthetic,g,62009.0,19.295510658703307,0.9096185907578982,000472-0009
scale-000472,qualification-synthetic,g,62010.0,19.119973708795847,0.8891344406978409,000472-0010
scale-000472,qualification-synthetic,g,62011.0,19.398639308463217,1.0835521666139862,000472-0011
scale-000472,qualification-synthetic,g,62012.0,16.647667332140003,1.1190360856563337,000472-0012
scale-000472,qualification-synthetic,g,62013.0,19.23899117409023,0.8368627171192586,000472-0013
scale-000472,qualification-synthetic,g,62014.0,21.387278783554653,0.9328449855918882,000472-0014
scale-000472,qualification-synthetic,g,62015.0,19.698450929401208,1.1101635186220866,000472-0015
scale-000472,qualification-synthetic,g,62016.0,19.583859504730487,0.8852744565013405,000472-0016
scale-000472,qualification-synthetic,g,62017.0,18.189744497051564,1.1438943449553611,000472-0017
scale-000472,qualification-synthetic,g,62018.0,20.271102139632475,1.1551481173957867,000472-0018
scale-000472,qualification-synthetic,g,62019.0,23.075124218910183,1.1529254814426169,000472-0019
scale-000472,qualification-synthetic,g,62020.0,21.041765159380912,0.9352020902711112,000472-0020
scale-000472,qualification-synthetic,g,62021.0,20.057919799687774,0.8433520122889802,000472-0021
scale-000472,qualification-synthetic,g,62022.0,19.810141412289557,1.0537207590563529,000472-0022
scale-000472,qualification-synthetic,g,62023.0,22.061885323843846,1.0240909289160043,000472-0023
scale-000472,qualification-synthetic,g,62024.0,19.042774664304172,0.852518245648878,000472-0024
scale-000472,qualification-synthetic,g,62025.0,19.558834880982303,1.019316066596012,000472-0025
scale-000472,qualification-synthetic,g,62026.0,17.81170413793606,0.8223206185576095,000472-0026
scale-000472,qualification-synthetic,g,62027.0,20.68193182669732,0.9391286132578133,000472-0027
scale-000472,qualification-synthetic,g,62028.0,18.741213104577824,0.9025201315804763,000472-0028
scale-000472,qualification-synthetic,g,62029.0,21.2236037610778,0.9741598415894351,000472-0029
scale-000472,qualification-synthetic,g,62030.0,18.126992755860137,1.032670433798416,000472-0030
scale-000472,qualification-synthetic,g,62031.0,19.749632478825163,1.0105797930063163,000472-0031
scale-000473,qualification-synthetic,g,62000.0,21.52225877472223,0.8507869244488409,000473-0000
scale-000473,qualification-synthetic,g,62001.0,20.5228564611115,1.0260845944744248,000473-0001
scale-000473,qualification-synthetic,g,62002.0,20.166261184488555,1.118364640988141,000473-0002
scale-000473,qualification-synthetic,g,62003.0,19.89435934392215,0.8700088008613391,000473-0003
scale-000473,qualification-synthetic,g,62004.0,22.019901378948454,1.0919238183549544,000473-0004
scale-000473,qualification-synthetic,g,62005.0,21.451116922945555,1.1382014510511966,000473-0005
scale-000473,qualification-synthetic,g,62006.0,20.010038800144173,0.9903328769816117,000473-0006
scale-000473,qualification-synthetic,g,62007.0,19.232338793396618,1.0356433639437101,000473-0007
scale-000473,qualification-synthetic,g,62008.0,19.820729034042788,0.8327350230789606,000473-0008
scale-000473,qualification-synthetic,g,62009.0,21.202537066647032,0.9553563317974674,000473-0009
scale-000473,qualification-synthetic,g,62010.0,20.083453520901113,1.115697445778225,000473-0010
scale-000473,qualification-synthetic,g,62011.0,19.91445129806512,1.1312639571602148,000473-0011
scale-000473,qualification-synthetic,g,62012.0,20.091776127746094,0.979317654693369,000473-0012
scale-000473,qualification-synthetic,g,62013.0,21.105031107371282,0.9998116330785332,000473-0013
scale-000473,qualification-synthetic,g,62014.0,22.48237958746092,0.9854945770640424,000473-0014
scale-000473,qualification-synthetic,g,62015.0,20.304203898852123,1.1301664519400423,000473-0015
scale-000473,qualification-synthetic,g,62016.0,21.291221383918217,1.1527680955176056,000473-0016
scale-000473,qualification-synthetic,g,62017.0,20.205460885033673,0.8595996709575057,000473-0017
scale-000473,qualification-synthetic,g,62018.0,21.035151292621876,0.8084673620163343,000473-0018
scale-000473,qualification-synthetic,g,62019.0,19.785357952088617,0.9212539687558549,000473-0019
scale-000473,qualification-synthetic,g,62020.0,20.035039934822233,0.914334575376605,000473-0020
scale-000473,qualification-synthetic,g,62021.0,21.114275927094848,0.8615350562655569,000473-0021
scale-000473,qualification-synthetic,g,62022.0,18.71215006026841,0.9027147258507376,000473-0022
scale-000473,qualification-synthetic,g,62023.0,19.757130445430395,0.8027282440515775,000473-0023
scale-000473,qualification-synthetic,g,62024.0,19.8889371401876,1.1888078700509241,000473-0024
scale-000473,qualification-synthetic,g,62025.0,17.943618915274932,1.1701552023035535,000473-0025
scale-000473,qualification-synthetic,g,62026.0,20.49745471037243,1.0882665867975085,000473-0026
scale-000473,qualification-synthetic,g,62027.0,20.27472430241092,1.049619070444847,000473-0027
scale-000473,qualification-synthetic,g,62028.0,22.156937082632254,0.8189105473683042,000473-0028
scale-000473,qualification-synthetic,g,62029.0,19.054751540726485,0.875160076284936,000473-0029
scale-000473,qualification-synthetic,g,62030.0,20.530629633985363,1.1718986213944271,000473-0030
scale-000473,qualification-synthetic,g,62031.0,19.310392226237017,0.9288479038033104,000473-0031
scale-000474,qualification-synthetic,g,62000.0,19.887346479828157,1.0037006352684874,000474-0000
scale-000474,qualification-synthetic,g,62001.0,17.858278095985913,1.128900459412212,000474-0001
scale-000474,qualification-synthetic,g,62002.0,20.030233952404977,0.9217792080281452,000474-0002
scale-000474,qualification-synthetic,g,62003.0,20.63212566928694,0.8600398078165397,000474-0003
scale-000474,qualification-synthetic,g,62004.0,20.921330622473985,0.856877599619472,000474-0004
scale-000474,qualification-synthetic,g,62005.0,18.960369882132493,1.091754822778607,000474-0005
scale-000474,qualification-synthetic,g,62006.0,18.900963654904412,0.9767452001837489,000474-0006
scale-000474,qualification-synthetic,g,62007.0,18.1878103298551,1.0984737228300971,000474-0007
scale-000474,qualification-synthetic,g,62008.0,17.384329167959358,0.8874712636610083,000474-0008
scale-000474,qualification-synthetic,g,62009.0,21.166492917986197,0.9349744346464385,000474-0009
scale-000474,qualification-synthetic,g,62010.0,20.565469662248887,0.8430367365459527,000474-0010
scale-000474,qualification-synthetic,g,62011.0,21.641390046725103,1.0684544511673255,000474-0011
scale-000474,qualification-synthetic,g,62012.0,18.8693872147945,1.193413053924542,000474-0012
scale-000474,qualification-synthetic,g,62013.0,19.651467245160056,1.1106163122229706,000474-0013
scale-000474,qualification-synthetic,g,62014.0,19.58396542387679,0.8141334876497945,000474-0014
scale-000474,qualification-synthetic,g,62015.0,21.767455603586573,0.9211713178023754,000474-0015
scale-000474,qualification-synthetic,g,62016.0,24.591018556972337,1.1947841558495966,000474-0016
scale-000474,qualification-synthetic,g,62017.0,16.1810540017745,1.07620341700667,000474-0017
scale-000474,qualification-synthetic,g,62018.0,20.26580103440838,1.1297845423849302,000474-0018
scale-000474,qualification-synthetic,g,62019.0,18.638494309754083,0.8916334023641068,000474-0019
scale-000474,qualification-synthetic,g,62020.0,20.46273827593849,1.018651439814111,000474-0020
scale-000474,qualification-synthetic,g,62021.0,16.922417651749488,1.19206537888502,000474-0021
scale-000474,qualification-synthetic,g,62022.0,21.46859438228895,0.93719237464981,000474-0022
scale-000474,qualification-synthetic,g,62023.0,18.42764037775885,1.115925643534497,000474-0023
scale-000474,qualification-synthetic,g,62024.0,20.445287753320372,1.0063980657246765,000474-0024
scale-000474,qualification-synthetic,g,62025.0,19.29326470975092,0.8210537821584298,000474-0025
scale-000474,qualification-synthetic,g,62026.0,19.991008917334597,0.8161594141881594,000474-0026
scale-000474,qualification-synthetic,g,62027.0,21.335405066123023,0.8123364980794205,000474-0027
scale-000474,qualification-synthetic,g,62028.0,29.34722030690317,1.0080879759775103,000474-0028
scale-000474,qualification-synthetic,g,62029.0,20.723060922488827,0.9732644143751522,000474-0029
scale-000474,qualification-synthetic,g,62030.0,20.32766620699679,0.9411970822579566,000474-0030
scale-000474,qualification-synthetic,g,62031.0,22.269160036751387,1.141306028830639,000474-0031
scale-000475,qualification-synthetic,g,62000.0,21.23474568789444,1.013747199197717,000475-0000
scale-000475,qualification-synthetic,g,62001.0,21.82258519649507,0.8310742121189841,000475-0001
scale-000475,qualification-synthetic,g,62002.0,19.804414899903648,1.1507306841714406,000475-0002
scale-000475,qualification-synthetic,g,62003.0,20.321256286391776,1.148170917093214,000475-0003
scale-000475,qualification-synthetic,g,62004.0,19.580601932265893,1.061165612149625,000475-0004
scale-000475,qualification-synthetic,g,62005.0,19.402207249092704,1.0812737236687229,000475-0005
scale-000475,qualification-synthetic,g,62006.0,18.1782777893105,1.091498730443648,000475-0006
scale-000475,qualification-synthetic,g,62007.0,20.614327754959668,1.155334913410389,000475-0007
scale-000475,qualification-synthetic,g,62008.0,19.85668803358923,1.072475438172898,000475-0008
scale-000475,qualification-synthetic,g,62009.0,23.066589650616525,0.9243036303576236,000475-0009
scale-000475,qualification-synthetic,g,62010.0,20.088536471059246,0.9588922503730373,000475-0010
scale-000475,qualification-synthetic,g,62011.0,21.004160346202028,0.9979010116112724,000475-0011
scale-000475,qualification-synthetic,g,62012.0,19.83090271308841,1.1358740133357967,000475-0012
scale-000475,qualification-synthetic,g,62013.0,20.497970028226337,0.9725185099595155,000475-0013
scale-000475,qualification-synthetic,g,62014.0,18.132080015389214,0.9636155322749288,000475-0014
scale-000475,qualification-synthetic,g,62015.0,19.78200330742377,1.1357391815169529,000475-0015
scale-000475,qualification-synthetic,g,62016.0,22.143186257869875,0.9244197269052625,000475-0016
scale-000475,qualification-synthetic,g,62017.0,20.064734052048408,1.118680866745368,000475-0017
scale-000475,qualification-synthetic,g,62018.0,21.452493168339743,1.1753006761472993,000475-0018
scale-000475,qualification-synthetic,g,62019.0,20.70318367922861,1.026409363171925,000475-0019
scale-000475,qualification-synthetic,g,62020.0,22.361934290524758,0.8692699350978274,000475-0020
scale-000475,qualification-synthetic,g,62021.0,22.11001813644735,0.8370185891163013,000475-0021
scale-000475,qualification-synthetic,g,62022.0,19.87521795218796,0.8492042698506106,000475-0022
scale-000475,qualification-synthetic,g,62023.0,20.103641707373747,1.0332710352718373,000475-0023
scale-000475,qualification-synthetic,g,62024.0,19.54990583775598,1.1597364960488905,000475-0024
scale-000475,qualification-synthetic,g,62025.0,21.249952049207906,0.976408847582946,000475-0025
scale-000475,qualification-synthetic,g,62026.0,19.745465779073385,1.1624163003705743,000475-0026
scale-000475,qualification-synthetic,g,62027.0,18.749738637191083,0.9778341582483713,000475-0027
scale-000475,qualification-synthetic,g,62028.0,21.459846818835913,0.9984749547387409,000475-0028
scale-000475,qualification-synthetic,g,62029.0,20.321744198536848,0.8285853743803404,000475-0029
scale-000475,qualification-synthetic,g,62030.0,20.052126374190312,0.943234872376876,000475-0030
scale-000475,qualification-synthetic,g,62031.0,20.71204655374,1.108533638289803,000475-0031
scale-000476,qualification-synthetic,g,62000.0,19.973579641439184,1.08968738101649,000476-0000
scale-000476,qualification-synthetic,g,62001.0,19.38984843253277,1.1984358866688007,000476-0001
scale-000476,qualification-synthetic,g,62002.0,17.652481809188277,0.8584482104518564,000476-0002
scale-000476,qualification-synthetic,g,62003.0,18.901824726824053,1.0067357294330896,000476-0003
scale-000476,qualification-synthetic,g,62004.0,19.851097538278335,0.8743339846397794,000476-0004
scale-000476,qualification-synthetic,g,62005.0,20.664434805835878,1.1699273751478303,000476-0005
scale-000476,qualification-synthetic,g,62006.0,19.479721217350303,1.1591427892220234,000476-0006
scale-000476,qualification-synthetic,g,62007.0,19.31986934076906,0.9290732010518348,000476-0007
scale-000476,qualification-synthetic,g,62008.0,19.843531517828474,1.0927530115350033,000476-0008
scale-000476,qualification-synthetic,g,62009.0,19.822758889453144,1.1430729211336828,000476-0009
scale-000476,qualification-synthetic,g,62010.0,19.71153193014512,1.0505388037445822,000476-0010
scale-000476,qualification-synthetic,g,62011.0,20.854493369638767,0.8692226044242337,000476-0011
scale-000476,qualification-synthetic,g,62012.0,20.700892252293084,1.0109660137242085,000476-0012
scale-000476,qualification-synthetic,g,62013.0,20.29319101026889,0.9909143377235743,000476-0013
scale-000476,qualification-synthetic,g,62014.0,20.614820078141275,1.1619403433654643,000476-0014
scale-000476,qualification-synthetic,g,62015.0,20.149517245752012,0.9308254166212624,000476-0015
scale-000476,qualification-synthetic,g,62016.0,19.575198478966783,0.8714270102773362,000476-0016
scale-000476,qualification-synthetic,g,62017.0,19.03365772667165,0.9833741867115251,000476-0017
scale-000476,qualification-synthetic,g,62018.0,22.139237292772336,0.8282950708804109,000476-0018
scale-000476,qualification-synthetic,g,62019.0,19.592716893889254,1.0043791758260985,000476-0019
scale-000476,qualification-synthetic,g,62020.0,13.14045555954969,1.091217809762983,000476-0020
scale-000476,qualification-synthetic,g,62021.0,17.587521532149438,1.1080029648930947,000476-0021
scale-000476,qualification-synthetic,g,62022.0,19.416708864907182,1.1245012420069864,000476-0022
scale-000476,qualification-synthetic,g,62023.0,18.477130817901152,1.0276613020384415,000476-0023
scale-000476,qualification-synthetic,g,62024.0,19.791578921903778,0.9201511426431659,000476-0024
scale-000476,qualification-synthetic,g,62025.0,19.412157031227828,0.9815659593456076,000476-0025
scale-000476,qualification-synthetic,g,62026.0,19.459406757399012,0.8348526993834098,000476-0026
scale-000476,qualification-synthetic,g,62027.0,21.115344036176744,1.0578610179843786,000476-0027
scale-000476,qualification-synthetic,g,62028.0,20.129705474413207,1.0337375005362128,000476-0028
scale-000476,qualification-synthetic,g,62029.0,19.81830599065468,0.8751529775559601,000476-0029
scale-000476,qualification-synthetic,g,62030.0,19.92405209167348,0.823049106545413,000476-0030
scale-000476,qualification-synthetic,g,62031.0,17.808937686005162,1.1611860811172945,000476-0031
scale-000477,qualification-synthetic,g,62000.0,20.39632774636646,1.0181751645219212,000477-0000
scale-000477,qualification-synthetic,g,62001.0,20.156455609627585,1.056414746570848,000477-0001
scale-000477,qualification-synthetic,g,62002.0,20.057317100321736,0.8267525068908093,000477-0002
scale-000477,qualification-synthetic,g,62003.0,18.26900528808925,1.1993323697181475,000477-0003
scale-000477,qualification-synthetic,g,62004.0,18.53987785794471,0.8369793247683596,000477-0004
scale-000477,qualification-synthetic,g,62005.0,17.324346338633703,1.1773095035883674,000477-0005
scale-000477,qualification-synthetic,g,62006.0,22.297141159963534,1.0990343488151832,000477-0006
scale-000477,qualification-synthetic,g,62007.0,19.85624813847547,1.0334925848204461,000477-0007
scale-000477,qualification-synthetic,g,62008.0,20.301175003722847,1.1292368837325206,000477-0008
scale-000477,qualification-synthetic,g,62009.0,21.08278219793465,1.0873690070219966,000477-0009
scale-000477,qualification-synthetic,g,62010.0,20.197137531800728,1.0603303811073217,000477-0010
scale-000477,qualification-synthetic,g,62011.0,19.35048821978285,1.0538749207945095,000477-0011
scale-000477,qualification-synthetic,g,62012.0,20.3815811346391,0.9181163478966573,000477-0012
scale-000477,qualification-synthetic,g,62013.0,22.68174970857579,1.1641441750633557,000477-0013
scale-000477,qualification-synthetic,g,62014.0,20.272562709411705,1.1145240619119352,000477-0014
scale-000477,qualification-synthetic,g,62015.0,20.073340330283536,0.9265177496410197,000477-0015
scale-000477,qualification-synthetic,g,62016.0,19.021700323460905,1.1122916921097665,000477-0016
scale-000477,qualification-synthetic,g,62017.0,19.469528450712264,1.1869959526246796,000477-0017
scale-000477,qualification-synthetic,g,62018.0,16.738245770552844,1.1985367230409538,000477-0018
scale-000477,qualification-synthetic,g,62019.0,19.03064433271253,1.1855865785158444,000477-0019
scale-000477,qualification-synthetic,g,62020.0,19.206308644820126,1.101601191143664,000477-0020
scale-000477,qualification-synthetic,g,62021.0,18.92824749892777,0.9692268513519953,000477-0021
scale-000477,qualification-synthetic,g,62022.0,20.45619491504778,1.185764170928804,000477-0022
scale-000477,qualification-synthetic,g,62023.0,20.407901197256617,0.923089786230683,000477-0023
scale-000477,qualification-synthetic,g,62024.0,20.201515163540552,1.1172470826107714,000477-0024
scale-000477,qualification-synthetic,g,62025.0,20.872823624761995,0.9758046673837812,000477-0025
scale-000477,qualification-synthetic,g,62026.0,20.824489348921702,0.9572950466700916,000477-0026
scale-000477,qualification-synthetic,g,62027.0,18.734664633391727,0.930848935632471,000477-0027
scale-000477,qualification-synthetic,g,62028.0,19.145110518076905,1.0867490976346998,000477-0028
scale-000477,qualification-synthetic,g,62029.0,20.436832300357526,1.0966220582882948,000477-0029
scale-000477,qualification-synthetic,g,62030.0,19.586209658931875,1.03539081511118,000477-0030
scale-000477,qualification-synthetic,g,62031.0,20.44349691809664,0.9000562821975149,000477-0031
scale-000478,qualification-synthetic,g,62000.0,19.82445756951582,1.1351581008439926,000478-0000
scale-000478,qualification-synthetic,g,62001.0,20.911269383214876,1.0587707599351892,000478-0001
scale-000478,qualification-synthetic,g,62002.0,19.009031991181278,1.13365690354393,000478-0002
scale-000478,qualification-synthetic,g,62003.0,19.63467936923369,1.00408898382574,000478-0003
scale-000478,qualification-synthetic,g,62004.0,20.613307241189307,0.9420018923346556,000478-0004
scale-000478,qualification-synthetic,g,62005.0,19.23838545208161,0.9005805323906958,000478-0005
scale-000478,qualification-synthetic,g,62006.0,19.146940328539497,1.1005648657214724,000478-0006
scale-000478,qualification-synthetic,g,62007.0,20.523022070930462,0.8007532255959195,000478-0007
scale-000478,qualification-synthetic,g,62008.0,20.400384986484067,0.8989300924462617,000478-0008
scale-000478,qualification-synthetic,g,62009.0,19.489829821815988,0.903538906158352,000478-0009
scale-000478,qualification-synthetic,g,62010.0,19.710292800504725,1.1882939412083713,000478-0010
scale-000478,qualification-synthetic,g,62011.0,19.833649772966183,0.9541413095714164,000478-0011
scale-000478,qualification-synthetic,g,62012.0,20.316608640074154,1.0294486110584895,000478-0012
scale-000478,qualification-synthetic,g,62013.0,18.730044468420406,0.9715719459928226,000478-0013
scale-000478,qualification-synthetic,g,62014.0,19.162202177930283,0.9690565941298441,000478-0014
scale-000478,qualification-synthetic,g,62015.0,19.504861813474196,1.0568247418723729,000478-0015
scale-000478,qualification-synthetic,g,62016.0,20.08454187646648,0.9397222851804401,000478-0016
scale-000478,qualification-synthetic,g,62017.0,22.423435963395164,1.0313106216720827,000478-0017
scale-000478,qualification-synthetic,g,62018.0,17.72616455111592,0.969073877294401,000478-0018
scale-000478,qualification-synthetic,g,62019.0,19.302151589190913,1.0978063789064825,000478-0019
scale-000478,qualification-synthetic,g,62020.0,20.50599456897177,1.030185747450161,000478-0020
scale-000478,qualification-synthetic,g,62021.0,19.658005688064762,1.0086038916273683,000478-0021
scale-000478,qualification-synthetic,g,62022.0,18.824168947479553,0.9086118531224051,000478-0022
scale-000478,qualification-synthetic,g,62023.0,20.61608701043694,0.8797674759041195,000478-0023
scale-000478,qualification-synthetic,g,62024.0,19.706888278738212,1.1837196911100156,000478-0024
scale-000478,qualification-synthetic,g,62025.0,20.364035686080822,1.1231149991497598,000478-0025
scale-000478,qualification-synthetic,g,62026.0,21.13482647100707,1.0732637922783155,000478-0026
scale-000478,qualification-synthetic,g,62027.0,20.299689301114082,0.9768007615199106,000478-0027
scale-000478,qualification-synthetic,g,62028.0,18.756859444663725,1.1212280398062306,000478-0028
scale-000478,qualification-synthetic,g,62029.0,19.930122875973822,0.9485985197460307,000478-0029
scale-000478,qualification-synthetic,g,62030.0,20.547389326479287,0.8310225607792188,000478-0030
scale-000478,qualification-synthetic,g,62031.0,20.04284010074714,1.1793762256680451,000478-0031
scale-000479,qualification-synthetic,g,62000.0,21.03667412727571,0.87908870701135,000479-0000
scale-000479,qualification-synthetic,g,62001.0,21.21255099859829,0.9010111286854853,000479-0001
scale-000479,qualification-synthetic,g,62002.0,19.868914228071123,0.8739322546342055,000479-0002
scale-000479,qualification-synthetic,g,62003.0,19.451798087859896,1.0204973246490845,000479-0003
scale-000479,qualification-synthetic,g,62004.0,18.41813000274476,1.1763869961291589,000479-0004
scale-000479,qualification-synthetic,g,62005.0,20.35144822823048,1.1561918521462549,000479-0005
scale-000479,qualification-synthetic,g,62006.0,18.849907696758926,1.0959473564214186,000479-0006
scale-000479,qualification-synthetic,g,62007.0,20.506279376957178,1.147038007595191,000479-0007
scale-000479,qualification-synthetic,g,62008.0,17.654230572662563,1.1633182071138557,000479-0008
scale-000479,qualification-synthetic,g,62009.0,17.540898833709274,0.8327965834579439,000479-0009
scale-000479,qualification-synthetic,g,62010.0,20.086848710560005,1.07596164898627,000479-0010
scale-000479,qualification-synthetic,g,62011.0,22.460959746764978,1.100620107277375,000479-0011
scale-000479,qualification-synthetic,g,62012.0,18.04147233768977,1.1574816765040286,000479-0012
scale-000479,qualification-synthetic,g,62013.0,20.44697575629244,1.1505383113689505,000479-0013
scale-000479,qualification-synthetic,g,62014.0,21.500892524937413,0.9341650303106112,000479-0014
scale-000479,qualification-synthetic,g,62015.0,20.55194138841912,1.0008366638124837,000479-0015
scale-000479,qualification-synthetic,g,62016.0,20.333461452614273,0.9690042223869706,000479-0016
scale-000479,qualification-synthetic,g,62017.0,17.05714498801174,1.0458047865856688,000479-0017
scale-000479,qualification-synthetic,g,62018.0,22.053185037526173,1.0124029063731879,000479-0018
scale-000479,qualification-synthetic,g,62019.0,19.710947700378064,1.186608993920983,000479-0019
scale-000479,qualification-synthetic,g,62020.0,19.608787888574653,1.070013714573774,000479-0020
scale-000479,qualification-synthetic,g,62021.0,20.349054807739837,0.8451776021359605,000479-0021
scale-000479,qualification-synthetic,g,62022.0,20.04634837153236,1.0448887863753649,000479-0022
scale-000479,qualification-synthetic,g,62023.0,18.05848412199807,1.013913725684099,000479-0023
scale-000479,qualification-synthetic,g,62024.0,21.312207616691353,0.8724428322384916,000479-0024
scale-000479,qualification-synthetic,g,62025.0,21.628986297817605,1.0118638630457373,000479-0025
scale-000479,qualification-synthetic,g,62026.0,22.08356284978433,0.9916570501245298,000479-0026
scale-000479,qualification-synthetic,g,62027.0,18.881773033042013,0.9266583442738054,000479-0027
scale-000479,qualification-synthetic,g,62028.0,21.028391668998324,0.9672093769099934,000479-0028
scale-000479,qualification-synthetic,g,62029.0,21.117222550956896,1.0998875739349045,000479-0029
scale-000479,qualification-synthetic,g,62030.0,19.95987075838032,0.9871750622773711,000479-0030
scale-000479,qualification-synthetic,g,62031.0,20.293228657941036,0.8675449054093795,000479-0031
scale-000480,qualification-synthetic,g,62000.0,19.855621162704487,1.08209957679068,000480-0000
scale-000480,qualification-synthetic,g,62001.0,17.643683267630376,1.0955960373141151,000480-0001
scale-000480,qualification-synthetic,g,62002.0,19.53143628934089,0.8725709449002297,000480-0002
scale-000480,qualification-synthetic,g,62003.0,20.584455396740506,1.1780388219208648,000480-0003
scale-000480,qualification-synthetic,g,62004.0,21.0746303785254,1.1657207017076425,000480-0004
scale-000480,qualification-synthetic,g,62005.0,20.60579833791404,1.0185026890307733,000480-0005
scale-000480,qualification-synthetic,g,62006.0,19.546595875111297,1.018653045254417,000480-0006
scale-000480,qualification-synthetic,g,62007.0,22.380659632990863,0.9340051829836282,000480-0007
scale-000480,qualification-synthetic,g,62008.0,19.8683301438836,1.0544758430744607,000480-0008
scale-000480,qualification-synthetic,g,62009.0,20.978803444601972,1.001808104409472,000480-0009
scale-000480,qualification-synthetic,g,62010.0,20.288566031371367,1.1507660565287825,000480-0010
scale-000480,qualification-synthetic,g,62011.0,23.673135826149966,0.8303634394911543,000480-0011
scale-000480,qualification-synthetic,g,62012.0,20.285774764173574,1.1589488415571139,000480-0012
scale-000480,qualification-synthetic,g,62013.0,17.883417140232954,0.9700340642417269,000480-0013
scale-000480,qualification-synthetic,g,62014.0,20.841115683586267,0.9205752127702344,000480-0014
scale-000480,qualification-synthetic,g,62015.0,19.952019431762878,1.1596311300262274,000480-0015
scale-000480,qualification-synthetic,g,62016.0,21.48755273923938,1.120848707164212,000480-0016
scale-000480,qualification-synthetic,g,62017.0,22.078111309438835,1.0347437311707253,000480-0017
scale-000480,qualification-synthetic,g,62018.0,20.243240133478718,0.9034942029827673,000480-0018
scale-000480,qualification-synthetic,g,62019.0,18.295896216757605,0.9585115631604957,000480-0019
scale-000480,qualification-synthetic,g,62020.0,18.92987076713413,0.9733076814026884,000480-0020
scale-000480,qualification-synthetic,g,62021.0,18.5887173457935,0.8889334068106248,000480-0021
scale-000480,qualification-synthetic,g,62022.0,19.277882051745884,1.1887155860322955,000480-0022
scale-000480,qualification-synthetic,g,62023.0,20.8673150985407,0.8623933127659711,000480-0023
scale-000480,qualification-synthetic,g,62024.0,21.890961198344897,1.1339433897368696,000480-0024
scale-000480,qualification-synthetic,g,62025.0,19.140563049449778,0.8340228152215486,000480-0025
scale-000480,qualification-synthetic,g,62026.0,20.2731085592282,0.9947698184134519,000480-0026
scale-000480,qualification-synthetic,g,62027.0,20.150856961263784,1.100282135344321,000480-0027
scale-000480,qualification-synthetic,g,62028.0,21.172479613280395,0.9551325030179585,000480-0028
scale-000480,qualification-synthetic,g,62029.0,17.90496116664769,1.0583540429906555,000480-0029
scale-000480,qualification-synthetic,g,62030.0,20.703096142406206,0.8655931943307972,000480-0030
scale-000480,qualification-synthetic,g,62031.0,20.200304467578984,0.8218457161070944,000480-0031
scale-000481,qualification-synthetic,g,62000.0,19.353230265894933,0.8509004081960018,000481-0000
scale-000481,qualification-synthetic,g,62001.0,19.492065626196318,1.1928234688717345,000481-0001
scale-000481,qualification-synthetic,g,62002.0,18.78542197885941,1.1935693192122747,000481-0002
scale-000481,qualification-synthetic,g,62003.0,17.71052074083451,1.1626103452473573,000481-0003
scale-000481,qualification-synthetic,g,62004.0,18.832465512034062,0.8623499578134995,000481-0004
scale-000481,qualification-synthetic,g,62005.0,18.05618571873465,1.112252242074048,000481-0005
scale-000481,qualification-synthetic,g,62006.0,20.867940631622336,0.8969757219126194,000481-0006
scale-000481,qualification-synthetic,g,62007.0,21.401053946515873,0.9767551006205442,000481-0007
scale-000481,qualification-synthetic,g,62008.0,20.09326384538352,0.9299165905100185,000481-0008
scale-000481,qualification-synthetic,g,62009.0,24.033761408413433,1.09556481168047,000481-0009
scale-000481,qualification-synthetic,g,62010.0,20.561943725540054,1.1803820171052686,000481-0010
scale-000481,qualification-synthetic,g,62011.0,19.24256257252239,1.0639868275975546,000481-0011
scale-000481,qualification-synthetic,g,62012.0,19.17171453253619,1.0998540413244713,000481-0012
scale-000481,qualification-synthetic,g,62013.0,19.833511069638643,0.9567857634946854,000481-0013
scale-000481,qualification-synthetic,g,62014.0,19.394605176806863,0.9157238350631359,000481-0014
scale-000481,qualification-synthetic,g,62015.0,20.0676445801298,1.1717557315738563,000481-0015
scale-000481,qualification-synthetic,g,62016.0,18.86538870434718,0.9401110588347696,000481-0016
scale-000481,qualification-synthetic,g,62017.0,20.23381543421317,0.9650408768881111,000481-0017
scale-000481,qualification-synthetic,g,62018.0,23.73543004014511,1.0164782601397258,000481-0018
scale-000481,qualification-synthetic,g,62019.0,20.982871193726158,0.8875063748911948,000481-0019
scale-000481,qualification-synthetic,g,62020.0,18.2838439416343,0.8715733734222827,000481-0020
scale-000481,qualification-synthetic,g,62021.0,20.017603426689178,0.8176162614465118,000481-0021
scale-000481,qualification-synthetic,g,62022.0,18.494940818570377,1.1740317552166202,000481-0022
scale-000481,qualification-synthetic,g,62023.0,19.701217517904006,0.8161710255319992,000481-0023
scale-000481,qualification-synthetic,g,62024.0,18.677696223900885,0.8107508690816393,000481-0024
scale-000481,qualification-synthetic,g,62025.0,18.54016026456594,0.8391225412242295,000481-0025
scale-000481,qualification-synthetic,g,62026.0,18.876641938377603,0.8040567224490736,000481-0026
scale-000481,qualification-synthetic,g,62027.0,19.575566160865083,0.9662910339620306,000481-0027
scale-000481,qualification-synthetic,g,62028.0,20.746005060594783,0.9689618329741237,000481-0028
scale-000481,qualification-synthetic,g,62029.0,20.19120187807647,0.8941952241029608,000481-0029
scale-000481,qualification-synthetic,g,62030.0,19.833983560432642,0.8684818918466677,000481-0030
scale-000481,qualification-synthetic,g,62031.0,21.358718862644288,1.181892384519392,000481-0031
scale-000482,qualification-synthetic,g,62000.0,21.222574190777543,0.9708794064946105,000482-0000
scale-000482,qualification-synthetic,g,62001.0,20.72041261079888,1.0786840929904755,000482-0001
scale-000482,qualification-synthetic,g,62002.0,25.03018605076569,1.0053919948963048,000482-0002
scale-000482,qualification-synthetic,g,62003.0,21.15610109509787,1.0159021220760873,000482-0003
scale-000482,qualification-synthetic,g,62004.0,20.3790988913166,1.0504737472449606,000482-0004
scale-000482,qualification-synthetic,g,62005.0,22.25045886999607,1.146174029315241,000482-0005
scale-000482,qualification-synthetic,g,62006.0,20.77064521964659,0.9979441430012623,000482-0006
scale-000482,qualification-synthetic,g,62007.0,21.098758508256534,1.018018265723459,000482-0007
scale-000482,qualification-synthetic,g,62008.0,20.002360688012477,1.0339807952834905,000482-0008
scale-000482,qualification-synthetic,g,62009.0,20.464353643082493,1.1483676952195934,000482-0009
scale-000482,qualification-synthetic,g,62010.0,19.659293912445502,1.1596814338312103,000482-0010
scale-000482,qualification-synthetic,g,62011.0,20.02569377574615,0.9735949682720384,000482-0011
scale-000482,qualification-synthetic,g,62012.0,19.282378864202855,1.0131299352577148,000482-0012
scale-000482,qualification-synthetic,g,62013.0,20.614047256694107,1.197441571025503,000482-0013
scale-000482,qualification-synthetic,g,62014.0,19.47531643534435,1.1548518749299976,000482-0014
scale-000482,qualification-synthetic,g,62015.0,19.740683171525376,0.8058587396610983,000482-0015
scale-000482,qualification-synthetic,g,62016.0,21.891071025308698,0.9144643106195237,000482-0016
scale-000482,qualification-synthetic,g,62017.0,20.80612610520337,0.9665812607421753,000482-0017
scale-000482,qualification-synthetic,g,62018.0,20.27917532491,0.9874622200663614,000482-0018
scale-000482,qualification-synthetic,g,62019.0,20.441747013056414,0.8531565287084557,000482-0019
scale-000482,qualification-synthetic,g,62020.0,19.251893131773326,1.0804042460675105,000482-0020
scale-000482,qualification-synthetic,g,62021.0,19.375132593231108,0.8868062472199655,000482-0021
scale-000482,qualification-synthetic,g,62022.0,21.163316297898675,0.8439713362642403,000482-0022
scale-000482,qualification-synthetic,g,62023.0,20.59951676015516,1.010042065176871,000482-0023
scale-000482,qualification-synthetic,g,62024.0,19.823500691768658,0.9105079045846797,000482-0024
scale-000482,qualification-synthetic,g,62025.0,20.97148728507121,1.1933311321027775,000482-0025
scale-000482,qualification-synthetic,g,62026.0,20.61671352255344,1.0224013121298359,000482-0026
scale-000482,qualification-synthetic,g,62027.0,19.045059024818244,0.9640656017899883,000482-0027
scale-000482,qualification-synthetic,g,62028.0,21.337379213944303,1.1819721512105719,000482-0028
scale-000482,qualification-synthetic,g,62029.0,22.12699252022355,1.1032614858098757,000482-0029
scale-000482,qualification-synthetic,g,62030.0,19.904574197473902,0.9211277925322382,000482-0030
scale-000482,qualification-synthetic,g,62031.0,20.470854111365032,1.1424429720938098,000482-0031
scale-000483,qualification-synthetic,g,62000.0,20.640088939519536,0.914962901742465,000483-0000
scale-000483,qualification-synthetic,g,62001.0,20.258297985532685,0.8741819510589877,000483-0001
scale-000483,qualification-synthetic,g,62002.0,16.154454989090702,1.1886256042618049,000483-0002
scale-000483,qualification-synthetic,g,62003.0,18.383082558833028,1.1211563892369556,000483-0003
scale-000483,qualification-synthetic,g,62004.0,21.792700992340336,0.9852015272279839,000483-0004
scale-000483,qualification-synthetic,g,62005.0,7.51234859871291,0.8282158061992069,000483-0005
scale-000483,qualification-synthetic,g,62006.0,20.512010729899124,0.8289898130557374,000483-0006
scale-000483,qualification-synthetic,g,62007.0,21.128031477681517,1.1727060089302568,000483-0007
scale-000483,qualification-synthetic,g,62008.0,20.828124494465914,0.9244432482134022,000483-0008
scale-000483,qualification-synthetic,g,62009.0,19.973701098474443,1.1898578597934788,000483-0009
scale-000483,qualification-synthetic,g,62010.0,19.925830729895257,0.8238767090494632,000483-0010
scale-000483,qualification-synthetic,g,62011.0,19.20389386798479,0.9691986887122894,000483-0011
scale-000483,qualification-synthetic,g,62012.0,19.524669310905757,0.9007629500436086,000483-0012
scale-000483,qualification-synthetic,g,62013.0,20.869923517560938,1.1049777877814269,000483-0013
scale-000483,qualification-synthetic,g,62014.0,19.30302354033657,0.9319359625793155,000483-0014
scale-000483,qualification-synthetic,g,62015.0,19.056475875017025,0.9766013998409742,000483-0015
scale-000483,qualification-synthetic,g,62016.0,19.01111261997371,0.9200307612639748,000483-0016
scale-000483,qualification-synthetic,g,62017.0,19.901555530403638,0.8405044980742852,000483-0017
scale-000483,qualification-synthetic,g,62018.0,19.427441167479042,0.8068617875069088,000483-0018
scale-000483,qualification-synthetic,g,62019.0,17.61647218320301,1.1856794765300227,000483-0019
scale-000483,qualification-synthetic,g,62020.0,19.94184283391198,0.9568821571099583,000483-0020
scale-000483,qualification-synthetic,g,62021.0,20.752737693592376,1.02174628380289,000483-0021
scale-000483,qualification-synthetic,g,62022.0,20.233850860390003,0.9749094828463861,000483-0022
scale-000483,qualification-synthetic,g,62023.0,20.262862720659044,0.9133868556096539,000483-0023
scale-000483,qualification-synthetic,g,62024.0,20.13219597632196,1.0577940534614403,000483-0024
scale-000483,qualification-synthetic,g,62025.0,19.16588169472717,1.0953079815712987,000483-0025
scale-000483,qualification-synthetic,g,62026.0,18.695227716805768,0.9977455419407264,000483-0026
scale-000483,qualification-synthetic,g,62027.0,20.13176302248242,0.8255170902496569,000483-0027
scale-000483,qualification-synthetic,g,62028.0,22.60422549642638,1.142227491655053,000483-0028
scale-000483,qualification-synthetic,g,62029.0,20.690494615402812,0.8595835026468984,000483-0029
scale-000483,qualification-synthetic,g,62030.0,19.66345311816924,1.0718612354216257,000483-0030
scale-000483,qualification-synthetic,g,62031.0,20.44893408053239,0.9387514878647463,000483-0031
scale-000484,qualification-synthetic,g,62000.0,20.455373389723025,1.1523053753925045,000484-0000
scale-000484,qualification-synthetic,g,62001.0,20.575884072965618,0.9483543791946822,000484-0001
scale-000484,qualification-synthetic,g,62002.0,20.00023049273527,0.8897016754503082,000484-0002
scale-000484,qualification-synthetic,g,62003.0,20.018075171699174,1.0724764496531476,000484-0003
scale-000484,qualification-synthetic,g,62004.0,20.693165665500956,0.9039912745196794,000484-0004
scale-000484,qualification-synthetic,g,62005.0,21.79318894093484,1.0575068861307988,000484-0005
scale-000484,qualification-synthetic,g,62006.0,19.776387446766925,1.142494593667592,000484-0006
scale-000484,qualification-synthetic,g,62007.0,21.350167368228846,1.0016490706197425,000484-0007
scale-000484,qualification-synthetic,g,62008.0,19.991290646057607,0.9066489269271248,000484-0008
scale-000484,qualification-synthetic,g,62009.0,19.08354738441171,0.9900320803954692,000484-0009
scale-000484,qualification-synthetic,g,62010.0,21.326098789768864,1.1275571760461507,000484-0010
scale-000484,qualification-synthetic,g,62011.0,19.07220131156794,0.9409354959586754,000484-0011
scale-000484,qualification-synthetic,g,62012.0,19.186358366909825,0.9325650737922782,000484-0012
scale-000484,qualification-synthetic,g,62013.0,20.293668114810067,0.9967807111907421,000484-0013
scale-000484,qualification-synthetic,g,62014.0,18.786766888932043,0.8896117697178773,000484-0014
scale-000484,qualification-synthetic,g,62015.0,20.627899119511763,0.8171166204706859,000484-0015
scale-000484,qualification-synthetic,g,62016.0,20.05343009930092,1.1811285932142648,000484-0016
scale-000484,qualification-synthetic,g,62017.0,21.17115376805888,1.0344133989854034,000484-0017
scale-000484,qualification-synthetic,g,62018.0,21.75639003153975,1.0791489864412411,000484-0018
scale-000484,qualification-synthetic,g,62019.0,18.612221594012585,1.1508776350041403,000484-0019
scale-000484,qualification-synthetic,g,62020.0,18.712997015186424,1.196215627689254,000484-0020
scale-000484,qualification-synthetic,g,62021.0,19.58196914054572,1.0718664964250386,000484-0021
scale-000484,qualification-synthetic,g,62022.0,19.963192294074233,0.9673693087627928,000484-0022
scale-000484,qualification-synthetic,g,62023.0,20.12598409743285,1.1435141379769076,000484-0023
scale-000484,qualification-synthetic,g,62024.0,19.57532454786508,0.9526449415870656,000484-0024
scale-000484,qualification-synthetic,g,62025.0,20.3236196852596,0.8953965150745434,000484-0025
scale-000484,qualification-synthetic,g,62026.0,19.885230363571917,1.0222788217371752,000484-0026
scale-000484,qualification-synthetic,g,62027.0,20.35669110391402,1.1840106996318496,000484-0027
scale-000484,qualification-synthetic,g,62028.0,20.473836588164872,0.8826945328714578,000484-0028
scale-000484,qualification-synthetic,g,62029.0,21.06339375427887,1.0999366490611042,000484-0029
scale-000484,qualification-synthetic,g,62030.0,22.097601723376048,1.0597637565794302,000484-0030
scale-000484,qualification-synthetic,g,62031.0,19.447803335462698,1.130218139052231,000484-0031
scale-000485,qualification-synthetic,g,62000.0,20.21241651376944,0.8013723051132357,000485-0000
scale-000485,qualification-synthetic,g,62001.0,18.89251728399326,1.1567419052182089,000485-0001
scale-000485,qualification-synthetic,g,62002.0,19.240712455734077,0.8443492311193488,000485-0002
scale-000485,qualification-synthetic,g,62003.0,20.348876462868883,1.1155306552227118,000485-0003
scale-000485,qualification-synthetic,g,62004.0,21.830370766330514,0.8595726864414955,000485-0004
scale-000485,qualification-synthetic,g,62005.0,19.730404837043814,0.8056343656053482,000485-0005
scale-000485,qualification-synthetic,g,62006.0,19.852428263819057,0.9582390873797988,000485-0006
scale-000485,qualification-synthetic,g,62007.0,20.05623747939564,1.077315097340278,000485-0007
scale-000485,qualification-synthetic,g,62008.0,19.97263890612691,1.0726441721605875,000485-0008
scale-000485,qualification-synthetic,g,62009.0,19.043788375294767,0.9111838552074091,000485-0009
scale-000485,qualification-synthetic,g,62010.0,21.35312534096202,1.0013508175736319,000485-0010
scale-000485,qualification-synthetic,g,62011.0,21.631184698029394,1.1965735827086266,000485-0011
scale-000485,qualification-synthetic,g,62012.0,20.382716012617337,0.9713979810777794,000485-0012
scale-000485,qualification-synthetic,g,62013.0,20.62347609258266,1.0074259602585727,000485-0013
scale-000485,qualification-synthetic,g,62014.0,21.660450160463185,0.88907688735051,000485-0014
scale-000485,qualification-synthetic,g,62015.0,19.992995065680706,0.808487070395621,000485-0015
scale-000485,qualification-synthetic,g,62016.0,18.701894126931705,1.1257955883679038,000485-0016
scale-000485,qualification-synthetic,g,62017.0,21.114992899399496,1.0043188664912985,000485-0017
scale-000485,qualification-synthetic,g,62018.0,20.704240145361904,1.0589707993768274,000485-0018
scale-000485,qualification-synthetic,g,62019.0,19.140481850355734,1.108859089669872,000485-0019
scale-000485,qualification-synthetic,g,62020.0,20.385517248922906,0.8616470416169197,000485-0020
scale-000485,qualification-synthetic,g,62021.0,17.902352645759777,1.1361177992150329,000485-0021
scale-000485,qualification-synthetic,g,62022.0,19.290612312108884,0.8323173812514724,000485-0022
scale-000485,qualification-synthetic,g,62023.0,22.077899703497756,1.1181441193408583,000485-0023
scale-000485,qualification-synthetic,g,62024.0,21.64858775400873,0.8437168058166782,000485-0024
scale-000485,qualification-synthetic,g,62025.0,19.470056273675805,0.894966617305491,000485-0025
scale-000485,qualification-synthetic,g,62026.0,20.46935566177327,1.0776664358669046,000485-0026
scale-000485,qualification-synthetic,g,62027.0,20.34669147257473,1.1821208682751276,000485-0027
scale-000485,qualification-synthetic,g,62028.0,19.30850238625976,1.1410200398448629,000485-0028
scale-000485,qualification-synthetic,g,62029.0,19.07127988259492,1.0617748702563494,000485-0029
scale-000485,qualification-synthetic,g,62030.0,20.357901317489517,0.8762042966111551,000485-0030
scale-000485,qualification-synthetic,g,62031.0,19.60572657653986,1.010752306865635,000485-0031
scale-000486,qualification-synthetic,g,62000.0,19.423356101958667,0.867565902419646,000486-0000
scale-000486,qualification-synthetic,g,62001.0,18.81955838442891,1.1925133219081645,000486-0001
scale-000486,qualification-synthetic,g,62002.0,19.923099243708872,1.0631314128738254,000486-0002
scale-000486,qualification-synthetic,g,62003.0,19.1574951679268,1.1145791424562466,000486-0003
scale-000486,qualification-synthetic,g,62004.0,18.764781033941887,1.0844900389399637,000486-0004
scale-000486,qualification-synthetic,g,62005.0,19.379745768656637,1.1202745594650223,000486-0005
scale-000486,qualification-synthetic,g,62006.0,20.007461583613704,1.1411872591795336,000486-0006
scale-000486,qualification-synthetic,g,62007.0,18.688276051275636,1.1238456845517444,000486-0007
scale-000486,qualification-synthetic,g,62008.0,18.487900404694766,1.1988970169442328,000486-0008
scale-000486,qualification-synthetic,g,62009.0,20.779441221293457,1.0237389594073767,000486-0009
scale-000486,qualification-synthetic,g,62010.0,20.390719105103436,0.9100475372202038,000486-0010
scale-000486,qualification-synthetic,g,62011.0,19.989885093658057,0.8185518669606966,000486-0011
scale-000486,qualification-synthetic,g,62012.0,19.231647308107142,1.0911624854732007,000486-0012
scale-000486,qualification-synthetic,g,62013.0,20.39130617463913,1.1804768892880593,000486-0013
scale-000486,qualification-synthetic,g,62014.0,20.418406668868723,1.0987108586519903,000486-0014
scale-000486,qualification-synthetic,g,62015.0,19.796647832988235,1.0308105449204241,000486-0015
scale-000486,qualification-synthetic,g,62016.0,20.17008057095408,0.9109183519546631,000486-0016
scale-000486,qualification-synthetic,g,62017.0,18.03652324834407,1.181334278611109,000486-0017
scale-000486,qualification-synthetic,g,62018.0,19.25341070067252,0.9769778250380999,000486-0018
scale-000486,qualification-synthetic,g,62019.0,19.425466896778847,0.9239698688521071,000486-0019
scale-000486,qualification-synthetic,g,62020.0,19.556374596687586,1.0272763434564662,000486-0020
scale-000486,qualification-synthetic,g,62021.0,18.41690348427276,0.8754097349960767,000486-0021
scale-000486,qualification-synthetic,g,62022.0,17.685260695197158,0.9600900593757784,000486-0022
scale-000486,qualification-synthetic,g,62023.0,19.130130514301666,0.9135860121512988,000486-0023
scale-000486,qualification-synthetic,g,62024.0,19.91384239292664,0.9518851900118914,000486-0024
scale-000486,qualification-synthetic,g,62025.0,20.223049969904533,1.0738097432896012,000486-0025
scale-000486,qualification-synthetic,g,62026.0,20.985110707283994,0.8612184788428097,000486-0026
scale-000486,qualification-synthetic,g,62027.0,19.99578512936719,0.8040124199208866,000486-0027
scale-000486,qualification-synthetic,g,62028.0,22.234180837191246,0.8408886340726361,000486-0028
scale-000486,qualification-synthetic,g,62029.0,18.447255481587018,1.1536002754892134,000486-0029
scale-000486,qualification-synthetic,g,62030.0,20.12182054602619,0.8023963427581444,000486-0030
scale-000486,qualification-synthetic,g,62031.0,19.569104671387795,0.951002422147088,000486-0031
scale-000487,qualification-synthetic,g,62000.0,20.845195601137487,1.087414597885404,000487-0000
scale-000487,qualification-synthetic,g,62001.0,18.733283805756763,1.0611564761729877,000487-0001
scale-000487,qualification-synthetic,g,62002.0,19.683147624044175,1.0928743265878833,000487-0002
scale-000487,qualification-synthetic,g,62003.0,16.761619792134397,1.0543696595579166,000487-0003
scale-000487,qualification-synthetic,g,62004.0,19.045269707750606,0.8197940270369724,000487-0004
scale-000487,qualification-synthetic,g,62005.0,20.262570453890618,0.9798099378140551,000487-0005
scale-000487,qualification-synthetic,g,62006.0,20.37500375937057,0.9786638220608073,000487-0006
scale-000487,qualification-synthetic,g,62007.0,19.537916015929465,0.9864826969571626,000487-0007
scale-000487,qualification-synthetic,g,62008.0,18.186414051758454,0.8857631022616252,000487-0008
scale-000487,qualification-synthetic,g,62009.0,20.434483931290686,0.8506191416414226,000487-0009
scale-000487,qualification-synthetic,g,62010.0,20.60021833826426,0.8747794690219037,000487-0010
scale-000487,qualification-synthetic,g,62011.0,20.12984029104346,0.9367130460111903,000487-0011
scale-000487,qualification-synthetic,g,62012.0,19.508164665709256,0.9884477384266017,000487-0012
scale-000487,qualification-synthetic,g,62013.0,18.54133361388607,0.885012711752042,000487-0013
scale-000487,qualification-synthetic,g,62014.0,20.156106349758563,0.9061971366864261,000487-0014
scale-000487,qualification-synthetic,g,62015.0,20.495598030384528,1.056131891164574,000487-0015
scale-000487,qualification-synthetic,g,62016.0,20.659703391222468,1.0207904935791414,000487-0016
scale-000487,qualification-synthetic,g,62017.0,20.181711505390567,1.1588507358512083,000487-0017
scale-000487,qualification-synthetic,g,62018.0,19.77340947261093,1.049179863265907,000487-0018
scale-000487,qualification-synthetic,g,62019.0,21.310609760828548,1.1849767974478735,000487-0019
scale-000487,qualification-synthetic,g,62020.0,18.33575503146361,1.1379085405746776,000487-0020
scale-000487,qualification-synthetic,g,62021.0,20.912915850656876,0.8270052317678805,000487-0021
scale-000487,qualification-synthetic,g,62022.0,20.02928852147917,0.9586472939523137,000487-0022
scale-000487,qualification-synthetic,g,62023.0,18.994148634801476,0.9293339380343095,000487-0023
scale-000487,qualification-synthetic,g,62024.0,19.206012175031436,1.1247234595020694,000487-0024
scale-000487,qualification-synthetic,g,62025.0,20.054746163318697,0.9752132521279375,000487-0025
scale-000487,qualification-synthetic,g,62026.0,20.33929376574282,0.8475528053517699,000487-0026
scale-000487,qualification-synthetic,g,62027.0,21.11566424847092,0.954972683024091,000487-0027
scale-000487,qualification-synthetic,g,62028.0,17.176554627512946,0.9346631370369707,000487-0028
scale-000487,qualification-synthetic,g,62029.0,19.787780398599352,1.1438580046184539,000487-0029
scale-000487,qualification-synthetic,g,62030.0,19.134862785558497,0.8888010378314509,000487-0030
scale-000487,qualification-synthetic,g,62031.0,20.388654249138188,1.0149661531542948,000487-0031
scale-000488,qualification-synthetic,g,62000.0,22.200528095691617,1.1249191595317622,000488-0000
scale-000488,qualification-synthetic,g,62001.0,22.19020498852109,1.0816786126229663,000488-0001
scale-000488,qualification-synthetic,g,62002.0,21.051434914670526,0.8708258967027162,000488-0002
scale-000488,qualification-synthetic,g,62003.0,22.62178339129811,0.9425396558411737,000488-0003
scale-000488,qualification-synthetic,g,62004.0,19.34779821584404,1.183055999222646,000488-0004
scale-000488,qualification-synthetic,g,62005.0,18.447499261046616,0.9183340016953898,000488-0005
scale-000488,qualification-synthetic,g,62006.0,20.099536783396704,1.1308977739922692,000488-0006
scale-000488,qualification-synthetic,g,62007.0,18.323520024505378,1.0239620133692093,000488-0007
scale-000488,qualification-synthetic,g,62008.0,19.767463807686426,0.830422642308452,000488-0008
scale-000488,qualification-synthetic,g,62009.0,20.335129249741808,1.1653231440481657,000488-0009
scale-000488,qualification-synthetic,g,62010.0,19.926149676050294,0.9448896834466248,000488-0010
scale-000488,qualification-synthetic,g,62011.0,20.278346533584948,0.9752139626518294,000488-0011
scale-000488,qualification-synthetic,g,62012.0,19.323169405716886,0.8314214135269526,000488-0012
scale-000488,qualification-synthetic,g,62013.0,20.438228083418547,0.8493078959523229,000488-0013
scale-000488,qualification-synthetic,g,62014.0,19.66552974414023,0.9474131349627765,000488-0014
scale-000488,qualification-synthetic,g,62015.0,18.116869573648163,0.8059670551174841,000488-0015
scale-000488,qualification-synthetic,g,62016.0,21.17718868405904,0.9231309135483073,000488-0016
scale-000488,qualification-synthetic,g,62017.0,20.77145735564543,0.8903621150303217,000488-0017
scale-000488,qualification-synthetic,g,62018.0,20.837841906604776,0.9462092272086259,000488-0018
scale-000488,qualification-synthetic,g,62019.0,20.227457300364765,1.08870293321515,000488-0019
scale-000488,qualification-synthetic,g,62020.0,20.187123106749496,1.1635371684492744,000488-0020
scale-000488,qualification-synthetic,g,62021.0,19.857162291219012,1.0333455523206498,000488-0021
scale-000488,qualification-synthetic,g,62022.0,19.531616578379253,1.0861197784912446,000488-0022
scale-000488,qualification-synthetic,g,62023.0,20.433678769341807,1.1844333236712403,000488-0023
scale-000488,qualification-synthetic,g,62024.0,16.540865268035684,1.1908221406787032,000488-0024
scale-000488,qualification-synthetic,g,62025.0,20.35448151101733,0.9252883130601032,000488-0025
scale-000488,qualification-synthetic,g,62026.0,20.222889534587743,0.9836521519657745,000488-0026
scale-000488,qualification-synthetic,g,62027.0,19.399527617179583,1.182220466726804,000488-0027
scale-000488,qualification-synthetic,g,62028.0,20.63575878894117,1.0269112598327905,000488-0028
scale-000488,qualification-synthetic,g,62029.0,20.855841696639143,0.8685210530947204,000488-0029
scale-000488,qualification-synthetic,g,62030.0,22.27578685509191,1.0001716083438166,000488-0030
scale-000488,qualification-synthetic,g,62031.0,22.339828010456756,0.9007362597053606,000488-0031
scale-000489,qualification-synthetic,g,62000.0,20.264758757363676,0.8760973894435887,000489-0000
scale-000489,qualification-synthetic,g,62001.0,20.391871189195456,1.0588159231584455,000489-0001
scale-000489,qualification-synthetic,g,62002.0,20.39828872643922,0.8819038588874261,000489-0002
scale-000489,qualification-synthetic,g,62003.0,16.456144118633897,0.9612497319513147,000489-0003
scale-000489,qualification-synthetic,g,62004.0,21.355048833469095,1.101453733385976,000489-0004
scale-000489,qualification-synthetic,g,62005.0,19.037291795461872,0.9648515595526226,000489-0005
scale-000489,qualification-synthetic,g,62006.0,21.86334031975662,0.8927100781883935,000489-0006
scale-000489,qualification-synthetic,g,62007.0,19.44371201343572,0.8297251122867808,000489-0007
scale-000489,qualification-synthetic,g,62008.0,20.020083398723308,0.8906281825191952,000489-0008
scale-000489,qualification-synthetic,g,62009.0,17.438409766683208,1.0663436398268034,000489-0009
scale-000489,qualification-synthetic,g,62010.0,20.047641057733035,0.8967549622240972,000489-0010
scale-000489,qualification-synthetic,g,62011.0,19.948444342856998,0.8144076614969337,000489-0011
scale-000489,qualification-synthetic,g,62012.0,20.782418958755134,1.115907768100103,000489-0012
scale-000489,qualification-synthetic,g,62013.0,18.47584673954958,1.0118252607019125,000489-0013
scale-000489,qualification-synthetic,g,62014.0,19.22400366615348,1.1571975542912893,000489-0014
scale-000489,qualification-synthetic,g,62015.0,22.356324988508817,1.043913754297034,000489-0015
scale-000489,qualification-synthetic,g,62016.0,19.22613136191738,1.0500541155061616,000489-0016
scale-000489,qualification-synthetic,g,62017.0,20.092886826716548,1.0037304259684219,000489-0017
scale-000489,qualification-synthetic,g,62018.0,19.04039442381259,0.9343068907463555,000489-0018
scale-000489,qualification-synthetic,g,62019.0,19.69235957770739,1.0018060664211428,000489-0019
scale-000489,qualification-synthetic,g,62020.0,19.883157307722627,0.8539849376729702,000489-0020
scale-000489,qualification-synthetic,g,62021.0,19.041910553349293,0.9097919324705692,000489-0021
scale-000489,qualification-synthetic,g,62022.0,23.276018874328045,0.9609426607778253,000489-0022
scale-000489,qualification-synthetic,g,62023.0,19.968752155274647,0.915319344016832,000489-0023
scale-000489,qualification-synthetic,g,62024.0,19.56710128907668,0.9966069372071696,000489-0024
scale-000489,qualification-synthetic,g,62025.0,20.28349850013918,0.9437507519630084,000489-0025
scale-000489,qualification-synthetic,g,62026.0,19.241956040605086,1.136932276381838,000489-0026
scale-000489,qualification-synthetic,g,62027.0,20.893424627196826,1.1492130155528864,000489-0027
scale-000489,qualification-synthetic,g,62028.0,20.60286681707804,0.971368821819086,000489-0028
scale-000489,qualification-synthetic,g,62029.0,19.035745651842035,1.0650166745383003,000489-0029
scale-000489,qualification-synthetic,g,62030.0,19.680079006271637,1.1879959204101835,000489-0030
scale-000489,qualification-synthetic,g,62031.0,19.669640159851337,0.8737754206267005,000489-0031
scale-000490,qualification-synthetic,g,62000.0,21.196283573952435,0.8787369817343765,000490-0000
scale-000490,qualification-synthetic,g,62001.0,21.078721178727402,0.8085985717201499,000490-0001
scale-000490,qualification-synthetic,g,62002.0,19.583935033935802,0.9235210132620565,000490-0002
scale-000490,qualification-synthetic,g,62003.0,19.245441052941104,0.9865401512803322,000490-0003
scale-000490,qualification-synthetic,g,62004.0,21.38824166942853,1.0032464563651824,000490-0004
scale-000490,qualification-synthetic,g,62005.0,19.134361056215027,0.8187438234024877,000490-0005
scale-000490,qualification-synthetic,g,62006.0,19.63577096514122,1.0617051939694682,000490-0006
scale-000490,qualification-synthetic,g,62007.0,20.84121090438428,1.0916051811130656,000490-0007
scale-000490,qualification-synthetic,g,62008.0,19.530622704439594,0.8526857594494862,000490-0008
scale-000490,qualification-synthetic,g,62009.0,19.92335975496203,0.8651820343351014,000490-0009
scale-000490,qualification-synthetic,g,62010.0,19.474001376531657,0.8761402551609643,000490-0010
scale-000490,qualification-synthetic,g,62011.0,20.47238921958564,0.9983505722903268,000490-0011
scale-000490,qualification-synthetic,g,62012.0,20.441994173410542,0.8466601214056015,000490-0012
scale-000490,qualification-synthetic,g,62013.0,20.38481554905281,0.8345004218165291,000490-0013
scale-000490,qualification-synthetic,g,62014.0,19.507022952522387,0.8969379908848004,000490-0014
scale-000490,qualification-synthetic,g,62015.0,20.702897513261604,0.8706066970133499,000490-0015
scale-000490,qualification-synthetic,g,62016.0,21.101802531080356,0.9207000258649266,000490-0016
scale-000490,qualification-synthetic,g,62017.0,19.13072963003745,0.9946603246283611,000490-0017
scale-000490,qualification-synthetic,g,62018.0,19.908753363147866,0.9768748378019984,000490-0018
scale-000490,qualification-synthetic,g,62019.0,21.342414413308745,0.9564062909220263,000490-0019
scale-000490,qualification-synthetic,g,62020.0,18.791773596582033,0.9877336782291146,000490-0020
scale-000490,qualification-synthetic,g,62021.0,20.628191689701186,0.9857346021795158,000490-0021
scale-000490,qualification-synthetic,g,62022.0,20.514256648053106,1.196841947809417,000490-0022
scale-000490,qualification-synthetic,g,62023.0,19.044503059992184,1.0283454712995115,000490-0023
scale-000490,qualification-synthetic,g,62024.0,19.236113550069554,1.0562766133649613,000490-0024
scale-000490,qualification-synthetic,g,62025.0,19.09285346219814,0.8827685688800607,000490-0025
scale-000490,qualification-synthetic,g,62026.0,19.18149293565234,0.9308713118659458,000490-0026
scale-000490,qualification-synthetic,g,62027.0,19.035547918437125,1.073607039512017,000490-0027
scale-000490,qualification-synthetic,g,62028.0,19.588618853109526,1.1196787325687232,000490-0028
scale-000490,qualification-synthetic,g,62029.0,20.689499686675294,1.1684407478704393,000490-0029
scale-000490,qualification-synthetic,g,62030.0,23.631713115674096,1.1773130921976254,000490-0030
scale-000490,qualification-synthetic,g,62031.0,21.356167664135246,0.9735419087077682,000490-0031
scale-000491,qualification-synthetic,g,62000.0,19.801818397248105,1.018819422312216,000491-0000
scale-000491,qualification-synthetic,g,62001.0,19.98160173445292,0.8990761813778171,000491-0001
scale-000491,qualification-synthetic,g,62002.0,20.590095133558687,1.0893715840995297,000491-0002
scale-000491,qualification-synthetic,g,62003.0,20.822610809991527,1.1766894897615192,000491-0003
scale-000491,qualification-synthetic,g,62004.0,19.820977754243394,1.0580781967427655,000491-0004
scale-000491,qualification-synthetic,g,62005.0,20.980266734147843,1.0176401861171032,000491-0005
scale-000491,qualification-synthetic,g,62006.0,19.14745185006106,0.8536155452035379,000491-0006
scale-000491,qualification-synthetic,g,62007.0,19.77834752464013,0.8724254659868077,000491-0007
scale-000491,qualification-synthetic,g,62008.0,20.481664569736548,0.8368263618024554,000491-0008
scale-000491,qualification-synthetic,g,62009.0,19.189822296059674,0.839913230203441,000491-0009
scale-000491,qualification-synthetic,g,62010.0,18.838251055515126,0.9328269688177107,000491-0010
scale-000491,qualification-synthetic,g,62011.0,17.370078010260098,0.9264729533725871,000491-0011
scale-000491,qualification-synthetic,g,62012.0,20.10446642422633,0.923959545134374,000491-0012
scale-000491,qualification-synthetic,g,62013.0,21.07250198251038,0.943945176533541,000491-0013
scale-000491,qualification-synthetic,g,62014.0,18.9781078574065,0.8581371534040348,000491-0014
scale-000491,qualification-synthetic,g,62015.0,19.006835735863497,1.1421903135689904,000491-0015
scale-000491,qualification-synthetic,g,62016.0,19.02751627366734,1.043244878178183,000491-0016
scale-000491,qualification-synthetic,g,62017.0,18.61393710636942,1.1070498658514452,000491-0017
scale-000491,qualification-synthetic,g,62018.0,20.366154837849393,0.9494580867884131,000491-0018
scale-000491,qualification-synthetic,g,62019.0,20.302763911500975,1.175045792312203,000491-0019
scale-000491,qualification-synthetic,g,62020.0,18.883220679274984,1.098065483691668,000491-0020
scale-000491,qualification-synthetic,g,62021.0,18.00880095717899,1.1878453625104128,000491-0021
scale-000491,qualification-synthetic,g,62022.0,19.674015703802674,0.9243969243938673,000491-0022
scale-000491,qualification-synthetic,g,62023.0,20.593922530274483,0.8576104089774282,000491-0023
scale-000491,qualification-synthetic,g,62024.0,21.50255442915293,0.9790375227471952,000491-0024
scale-000491,qualification-synthetic,g,62025.0,21.117777930819432,1.073946209694785,000491-0025
scale-000491,qualification-synthetic,g,62026.0,19.19652075450952,0.8639042483029067,000491-0026
scale-000491,qualification-synthetic,g,62027.0,21.680127831334996,1.1302057349806691,000491-0027
scale-000491,qualification-synthetic,g,62028.0,19.16351761743726,1.1328110005677243,000491-0028
scale-000491,qualification-synthetic,g,62029.0,20.94989849658491,1.1193967648541445,000491-0029
scale-000491,qualification-synthetic,g,62030.0,19.881941919959466,1.1698144617223016,000491-0030
scale-000491,qualification-synthetic,g,62031.0,19.639952912678627,0.9225873282062539,000491-0031
scale-000492,qualification-synthetic,g,62000.0,20.77603449047401,0.8878238324351387,000492-0000
scale-000492,qualification-synthetic,g,62001.0,18.324800254117005,1.0866234329477593,000492-0001
scale-000492,qualification-synthetic,g,62002.0,19.934184407937547,0.9556689144565602,000492-0002
scale-000492,qualification-synthetic,g,62003.0,19.318923539617533,1.0314904456959804,000492-0003
scale-000492,qualification-synthetic,g,62004.0,20.94090994395664,0.971818552869424,000492-0004
scale-000492,qualification-synthetic,g,62005.0,21.618711760461416,0.9248214169056804,000492-0005
scale-000492,qualification-synthetic,g,62006.0,23.976085674683087,1.136508069728381,000492-0006
scale-000492,qualification-synthetic,g,62007.0,18.825086226913214,1.0585595652328719,000492-0007
scale-000492,qualification-synthetic,g,62008.0,21.22856037545645,0.9707885056066192,000492-0008
scale-000492,qualification-synthetic,g,62009.0,20.862689202551685,0.9132806462460284,000492-0009
scale-000492,qualification-synthetic,g,62010.0,18.473565969243207,1.1958303125450818,000492-0010
scale-000492,qualification-synthetic,g,62011.0,21.61599828448748,0.8331163120386655,000492-0011
scale-000492,qualification-synthetic,g,62012.0,20.049723384562892,0.8373105383940789,000492-0012
scale-000492,qualification-synthetic,g,62013.0,19.724108852308728,1.0262910248913386,000492-0013
scale-000492,qualification-synthetic,g,62014.0,20.690218042293242,0.8876951647976873,000492-0014
scale-000492,qualification-synthetic,g,62015.0,20.354715996095234,1.141083560445658,000492-0015
scale-000492,qualification-synthetic,g,62016.0,20.323770767237455,0.9182653329817119,000492-0016
scale-000492,qualification-synthetic,g,62017.0,15.084934911537198,0.9614156267304242,000492-0017
scale-000492,qualification-synthetic,g,62018.0,20.228395093971756,0.8372215725498388,000492-0018
scale-000492,qualification-synthetic,g,62019.0,20.22252297097869,0.9865814289950885,000492-0019
scale-000492,qualification-synthetic,g,62020.0,19.303955894503684,1.0744760703697416,000492-0020
scale-000492,qualification-synthetic,g,62021.0,22.077004050867878,0.8606670372983921,000492-0021
scale-000492,qualification-synthetic,g,62022.0,18.47024263866159,0.9941899670383094,000492-0022
scale-000492,qualification-synthetic,g,62023.0,21.65761391668815,0.8314310656316694,000492-0023
scale-000492,qualification-synthetic,g,62024.0,20.644797516180272,0.8296934500395353,000492-0024
scale-000492,qualification-synthetic,g,62025.0,16.97921467490511,0.8618523411035892,000492-0025
scale-000492,qualification-synthetic,g,62026.0,20.963340537955773,1.1056781816113699,000492-0026
scale-000492,qualification-synthetic,g,62027.0,18.88272697436805,0.8376809205585282,000492-0027
scale-000492,qualification-synthetic,g,62028.0,21.56383154822664,1.0095605470304545,000492-0028
scale-000492,qualification-synthetic,g,62029.0,19.41576123416408,0.9207864746835394,000492-0029
scale-000492,qualification-synthetic,g,62030.0,20.336788052428272,0.9107404252822794,000492-0030
scale-000492,qualification-synthetic,g,62031.0,20.16258990042145,1.1378334596080741,000492-0031
scale-000493,qualification-synthetic,g,62000.0,19.065840793394802,1.1922029916439048,000493-0000
scale-000493,qualification-synthetic,g,62001.0,21.625058365592857,1.1218205787623685,000493-0001
scale-000493,qualification-synthetic,g,62002.0,20.803662879417374,1.131484305577476,000493-0002
scale-000493,qualification-synthetic,g,62003.0,19.564656951619757,1.1135868995892664,000493-0003
scale-000493,qualification-synthetic,g,62004.0,18.83754434618229,0.9504782442701468,000493-0004
scale-000493,qualification-synthetic,g,62005.0,20.640883976979204,0.9958894235094191,000493-0005
scale-000493,qualification-synthetic,g,62006.0,20.049596078363866,0.9408908610837713,000493-0006
scale-000493,qualification-synthetic,g,62007.0,21.21833310643682,0.849149440247856,000493-0007
scale-000493,qualification-synthetic,g,62008.0,18.98378663282458,0.8492725149844536,000493-0008
scale-000493,qualification-synthetic,g,62009.0,22.550951216434598,0.8305467246362856,000493-0009
scale-000493,qualification-synthetic,g,62010.0,19.67432865576864,1.0434925676170552,000493-0010
scale-000493,qualification-synthetic,g,62011.0,19.818184805865947,1.1929704178782587,000493-0011
scale-000493,qualification-synthetic,g,62012.0,18.424473520208036,1.154715874360008,000493-0012
scale-000493,qualification-synthetic,g,62013.0,22.120996698937176,0.9705438517840731,000493-0013
scale-000493,qualification-synthetic,g,62014.0,19.861121489772522,1.1419269909464715,000493-0014
scale-000493,qualification-synthetic,g,62015.0,19.379504212515847,1.1787166273960492,000493-0015
scale-000493,qualification-synthetic,g,62016.0,19.719418704321953,1.1963268863792738,000493-0016
scale-000493,qualification-synthetic,g,62017.0,21.608651312787927,0.9529926163444377,000493-0017
scale-000493,qualification-synthetic,g,62018.0,22.10886257188429,1.1059435380432538,000493-0018
scale-000493,qualification-synthetic,g,62019.0,19.47606478268316,1.1701813725290147,000493-0019
scale-000493,qualification-synthetic,g,62020.0,19.74417204309184,1.1988835854082616,000493-0020
scale-000493,qualification-synthetic,g,62021.0,18.999131428908953,1.1310483005677054,000493-0021
scale-000493,qualification-synthetic,g,62022.0,21.83134941920158,1.138272320737055,000493-0022
scale-000493,qualification-synthetic,g,62023.0,19.42576718338138,0.8483155886404767,000493-0023
scale-000493,qualification-synthetic,g,62024.0,19.291838558235973,1.0144109719271295,000493-0024
scale-000493,qualification-synthetic,g,62025.0,20.373403937925843,0.971255537351041,000493-0025
scale-000493,qualification-synthetic,g,62026.0,20.107403222410056,1.1212279034237342,000493-0026
scale-000493,qualification-synthetic,g,62027.0,19.59195602964109,0.8057675855540112,000493-0027
scale-000493,qualification-synthetic,g,62028.0,19.754068491363,0.9493134196189063,000493-0028
scale-000493,qualification-synthetic,g,62029.0,26.044506090308847,0.8243917799945994,000493-0029
scale-000493,qualification-synthetic,g,62030.0,20.16047624167793,0.8997486870099449,000493-0030
scale-000493,qualification-synthetic,g,62031.0,20.18992339114057,1.0616231655181283,000493-0031
scale-000494,qualification-synthetic,g,62000.0,18.581538073154494,1.1127467563501938,000494-0000
scale-000494,qualification-synthetic,g,62001.0,19.527478588349208,1.1972857457575612,000494-0001
scale-000494,qualification-synthetic,g,62002.0,20.45761406474047,0.8320763624540196,000494-0002
scale-000494,qualification-synthetic,g,62003.0,23.307968075894145,1.0773283427643483,000494-0003
scale-000494,qualification-synthetic,g,62004.0,20.139625896225667,1.1557826755782101,000494-0004
scale-000494,qualification-synthetic,g,62005.0,20.374514315515572,1.1446492826295487,000494-0005
scale-000494,qualification-synthetic,g,62006.0,18.988587697958824,1.0907356418383671,000494-0006
scale-000494,qualification-synthetic,g,62007.0,20.186847553153157,1.0937675697792517,000494-0007
scale-000494,qualification-synthetic,g,62008.0,20.796483046170692,0.8385561988031938,000494-0008
scale-000494,qualification-synthetic,g,62009.0,18.097732844922763,1.120462204809224,000494-0009
scale-000494,qualification-synthetic,g,62010.0,21.04096274699939,1.0177798470612685,000494-0010
scale-000494,qualification-synthetic,g,62011.0,26.66377241176548,1.1241168088264444,000494-0011
scale-000494,qualification-synthetic,g,62012.0,19.97615862239647,1.129755812805561,000494-0012
scale-000494,qualification-synthetic,g,62013.0,20.607451412823096,1.0732340314775233,000494-0013
scale-000494,qualification-synthetic,g,62014.0,21.768904559219674,1.1510673348341165,000494-0014
scale-000494,qualification-synthetic,g,62015.0,18.51015413062462,1.0274943674345016,000494-0015
scale-000494,qualification-synthetic,g,62016.0,18.97223131010469,0.9882108187325985,000494-0016
scale-000494,qualification-synthetic,g,62017.0,19.954811007069132,1.0431393090429868,000494-0017
scale-000494,qualification-synthetic,g,62018.0,20.23078811820636,1.1161134979656697,000494-0018
scale-000494,qualification-synthetic,g,62019.0,19.083467967992014,1.071429947661602,000494-0019
scale-000494,qualification-synthetic,g,62020.0,20.25984568063924,0.9752939836916303,000494-0020
scale-000494,qualification-synthetic,g,62021.0,20.254165851313797,1.0953257827199738,000494-0021
scale-000494,qualification-synthetic,g,62022.0,19.265978869000328,0.8907452151337318,000494-0022
scale-000494,qualification-synthetic,g,62023.0,20.465233441248415,1.0274236486758943,000494-0023
scale-000494,qualification-synthetic,g,62024.0,21.313543317093966,0.842979748661728,000494-0024
scale-000494,qualification-synthetic,g,62025.0,19.814959980169938,0.8064796014993671,000494-0025
scale-000494,qualification-synthetic,g,62026.0,21.293159730556745,0.8542803527610607,000494-0026
scale-000494,qualification-synthetic,g,62027.0,20.347624516456413,0.9921644037593368,000494-0027
scale-000494,qualification-synthetic,g,62028.0,20.12835001665274,1.0499077966558714,000494-0028
scale-000494,qualification-synthetic,g,62029.0,19.32179809661649,1.0963052468028474,000494-0029
scale-000494,qualification-synthetic,g,62030.0,18.259079796834477,1.1293328050460938,000494-0030
scale-000494,qualification-synthetic,g,62031.0,21.114616705068585,1.0573067532750164,000494-0031
scale-000495,qualification-synthetic,g,62000.0,19.870221807428774,0.9737309354700987,000495-0000
scale-000495,qualification-synthetic,g,62001.0,21.31620284508269,0.9668487123057138,000495-0001
scale-000495,qualification-synthetic,g,62002.0,19.904147470290468,0.9699415280730531,000495-0002
scale-000495,qualification-synthetic,g,62003.0,21.166245179189985,0.9618602695419224,000495-0003
scale-000495,qualification-synthetic,g,62004.0,19.774523785600593,0.832801334282232,000495-0004
scale-000495,qualification-synthetic,g,62005.0,18.56675812467569,1.116430305647798,000495-0005
scale-000495,qualification-synthetic,g,62006.0,19.760509750704124,0.9161779785597469,000495-0006
scale-000495,qualification-synthetic,g,62007.0,19.076458063692165,1.0310023469809886,000495-0007
scale-000495,qualification-synthetic,g,62008.0,20.141564543172265,0.9316810996398223,000495-0008
scale-000495,qualification-synthetic,g,62009.0,15.874305935065237,0.9315658409248668,000495-0009
scale-000495,qualification-synthetic,g,62010.0,19.193589969229404,0.9083226218100566,000495-0010
scale-000495,qualification-synthetic,g,62011.0,20.068715197667235,0.8598068529386098,000495-0011
scale-000495,qualification-synthetic,g,62012.0,19.909493274597466,1.0360155673157139,000495-0012
scale-000495,qualification-synthetic,g,62013.0,19.639940837811732,0.80124523343024,000495-0013
scale-000495,qualification-synthetic,g,62014.0,18.846233313346733,0.8484961361935496,000495-0014
scale-000495,qualification-synthetic,g,62015.0,20.682072013332153,1.1796138185323448,000495-0015
scale-000495,qualification-synthetic,g,62016.0,19.0061117152681,0.9109450830811556,000495-0016
scale-000495,qualification-synthetic,g,62017.0,20.057004710353908,0.9047249864733877,000495-0017
scale-000495,qualification-synthetic,g,62018.0,19.514886395826544,0.9884227641208964,000495-0018
scale-000495,qualification-synthetic,g,62019.0,19.85095696226552,0.9392928873682752,000495-0019
scale-000495,qualification-synthetic,g,62020.0,22.905683699115126,1.112174959310095,000495-0020
scale-000495,qualification-synthetic,g,62021.0,19.30356147688692,0.8336024431960027,000495-0021
scale-000495,qualification-synthetic,g,62022.0,18.145741561796434,1.166316576815186,000495-0022
scale-000495,qualification-synthetic,g,62023.0,20.035701144035208,1.1037993241125525,000495-0023
scale-000495,qualification-synthetic,g,62024.0,19.98225320862466,0.9377443090252698,000495-0024
scale-000495,qualification-synthetic,g,62025.0,20.193908656917767,0.8939644935312944,000495-0025
scale-000495,qualification-synthetic,g,62026.0,20.414534082291674,0.8570699068767812,000495-0026
scale-000495,qualification-synthetic,g,62027.0,18.133426656291924,0.9142366254389619,000495-0027
scale-000495,qualification-synthetic,g,62028.0,18.75786302562652,1.0518176515512594,000495-0028
scale-000495,qualification-synthetic,g,62029.0,19.554282855867907,0.8680785875388901,000495-0029
scale-000495,qualification-synthetic,g,62030.0,19.007753632779345,0.8741853325606465,000495-0030
scale-000495,qualification-synthetic,g,62031.0,17.613738841313083,1.0148749991431854,000495-0031
scale-000496,qualification-synthetic,g,62000.0,21.747935743577877,1.0671629448829865,000496-0000
scale-000496,qualification-synthetic,g,62001.0,21.821506221114053,0.9633032914283839,000496-0001
scale-000496,qualification-synthetic,g,62002.0,20.214379325823046,1.0905733752341948,000496-0002
scale-000496,qualification-synthetic,g,62003.0,19.047424593320347,0.9893914939430671,000496-0003
scale-000496,qualification-synthetic,g,62004.0,21.60568095941718,1.076544759841234,000496-0004
scale-000496,qualification-synthetic,g,62005.0,20.248045226783443,1.0783991784679277,000496-0005
scale-000496,qualification-synthetic,g,62006.0,19.85366648736799,0.853125504365606,000496-0006
scale-000496,qualification-synthetic,g,62007.0,20.77525404977541,1.107172877515276,000496-0007
scale-000496,qualification-synthetic,g,62008.0,18.411404416208946,0.89151132264978,000496-0008
scale-000496,qualification-synthetic,g,62009.0,20.43328675563715,0.905651275033904,000496-0009
scale-000496,qualification-synthetic,g,62010.0,20.03138465103595,0.9327568375312305,000496-0010
scale-000496,qualification-synthetic,g,62011.0,19.857432236293178,1.1448949464745701,000496-0011
scale-000496,qualification-synthetic,g,62012.0,19.044673019910746,0.9488871808488647,000496-0012
scale-000496,qualification-synthetic,g,62013.0,19.01933683902767,0.8995907806746372,000496-0013
scale-000496,qualification-synthetic,g,62014.0,20.712665841718923,1.1207978654249435,000496-0014
scale-000496,qualification-synthetic,g,62015.0,19.836223722542005,0.8926023430855461,000496-0015
scale-000496,qualification-synthetic,g,62016.0,18.899130128399268,0.8762884235343781,000496-0016
scale-000496,qualification-synthetic,g,62017.0,19.966771968023185,0.9805790714503614,000496-0017
scale-000496,qualification-synthetic,g,62018.0,19.024635446595,0.822696669135845,000496-0018
scale-000496,qualification-synthetic,g,62019.0,20.831495330801527,1.1521891202604804,000496-0019
scale-000496,qualification-synthetic,g,62020.0,18.20425802331799,0.8694323962622174,000496-0020
scale-000496,qualification-synthetic,g,62021.0,21.747302120142688,0.8982288362355813,000496-0021
scale-000496,qualification-synthetic,g,62022.0,21.299298904681642,1.1637962323954318,000496-0022
scale-000496,qualification-synthetic,g,62023.0,20.42578353047118,0.899849260360521,000496-0023
scale-000496,qualification-synthetic,g,62024.0,18.460510544940195,1.0535258192919559,000496-0024
scale-000496,qualification-synthetic,g,62025.0,21.598295799368017,0.996236388243235,000496-0025
scale-000496,qualification-synthetic,g,62026.0,19.16990264015803,1.0475533869234808,000496-0026
scale-000496,qualification-synthetic,g,62027.0,19.485552902056682,1.0321833196189139,000496-0027
scale-000496,qualification-synthetic,g,62028.0,20.57248761390066,1.069477803102146,000496-0028
scale-000496,qualification-synthetic,g,62029.0,19.795446073375654,1.19179709779241,000496-0029
scale-000496,qualification-synthetic,g,62030.0,20.644661087906034,1.0988526652197361,000496-0030
scale-000496,qualification-synthetic,g,62031.0,18.766250037614306,0.8494917828709488,000496-0031
scale-000497,qualification-synthetic,g,62000.0,19.58299132262403,1.043058694412379,000497-0000
scale-000497,qualification-synthetic,g,62001.0,21.27377312004535,1.1859861423943554,000497-0001
scale-000497,qualification-synthetic,g,62002.0,20.5747149747873,1.0977511453435569,000497-0002
scale-000497,qualification-synthetic,g,62003.0,17.263742292572452,1.1907588975429948,000497-0003
scale-000497,qualification-synthetic,g,62004.0,19.06603760148588,1.1890315185497486,000497-0004
scale-000497,qualification-synthetic,g,62005.0,22.139122001416382,0.8339730733498896,000497-0005
scale-000497,qualification-synthetic,g,62006.0,16.993087097017447,0.9071073410001724,000497-0006
scale-000497,qualification-synthetic,g,62007.0,21.026749915868205,0.8870482179643313,000497-0007
scale-000497,qualification-synthetic,g,62008.0,18.66932536064803,1.0178707218425715,000497-0008
scale-000497,qualification-synthetic,g,62009.0,20.149279383144815,0.9917584508658401,000497-0009
scale-000497,qualification-synthetic,g,62010.0,19.705104213175435,1.1484967139229283,000497-0010
scale-000497,qualification-synthetic,g,62011.0,20.764133201998007,1.073563614489481,000497-0011
scale-000497,qualification-synthetic,g,62012.0,21.69653008493118,0.8650753210881816,000497-0012
scale-000497,qualification-synthetic,g,62013.0,17.466563879817457,1.112110939826595,000497-0013
scale-000497,qualification-synthetic,g,62014.0,19.76308790978672,1.0476861569668392,000497-0014
scale-000497,qualification-synthetic,g,62015.0,21.24752646008944,0.8579520080751358,000497-0015
scale-000497,qualification-synthetic,g,62016.0,20.003770343112144,1.1423072451371756,000497-0016
scale-000497,qualification-synthetic,g,62017.0,20.729765898473563,0.873523768727321,000497-0017
scale-000497,qualification-synthetic,g,62018.0,19.611910963988695,1.139700876526989,000497-0018
scale-000497,qualification-synthetic,g,62019.0,20.794299891250894,1.1719453375374875,000497-0019
scale-000497,qualification-synthetic,g,62020.0,18.521456840535738,1.0916360018253477,000497-0020
scale-000497,qualification-synthetic,g,62021.0,19.768542400575424,0.8925183230108068,000497-0021
scale-000497,qualification-synthetic,g,62022.0,20.39832588105266,1.000867695768602,000497-0022
scale-000497,qualification-synthetic,g,62023.0,19.293886131135025,1.1778306595862127,000497-0023
scale-000497,qualification-synthetic,g,62024.0,20.87706939866022,0.8494509140980282,000497-0024
scale-000497,qualification-synthetic,g,62025.0,22.919961632047787,1.167881010142218,000497-0025
scale-000497,qualification-synthetic,g,62026.0,22.36265196952523,1.0778304445667206,000497-0026
scale-000497,qualification-synthetic,g,62027.0,18.508357526102422,1.1975539870271508,000497-0027
scale-000497,qualification-synthetic,g,62028.0,20.351397660118895,1.029966602155153,000497-0028
scale-000497,qualification-synthetic,g,62029.0,20.24881092748197,1.1218591246374217,000497-0029
scale-000497,qualification-synthetic,g,62030.0,19.84317475565314,0.939542469314789,000497-0030
scale-000497,qualification-synthetic,g,62031.0,21.324199624732596,1.1106783580628234,000497-0031
scale-000498,qualification-synthetic,g,62000.0,19.040851750789766,1.0934185241770864,000498-0000
scale-000498,qualification-synthetic,g,62001.0,20.49087906514258,1.137586540663924,000498-0001
scale-000498,qualification-synthetic,g,62002.0,18.960444996032123,0.9396239524016347,000498-0002
scale-000498,qualification-synthetic,g,62003.0,23.30683233464153,1.0268291243097345,000498-0003
scale-000498,qualification-synthetic,g,62004.0,19.28881399620966,0.8537644770249512,000498-0004
scale-000498,qualification-synthetic,g,62005.0,20.301813574405795,0.8936703501191807,000498-0005
scale-000498,qualification-synthetic,g,62006.0,20.4975754947805,0.853750171179347,000498-0006
scale-000498,qualification-synthetic,g,62007.0,15.768965179628095,1.1133538888985346,000498-0007
scale-000498,qualification-synthetic,g,62008.0,20.985996845350783,0.9555515976938166,000498-0008
scale-000498,qualification-synthetic,g,62009.0,21.1736963388763,0.8419400839157942,000498-0009
scale-000498,qualification-synthetic,g,62010.0,20.502943483090146,0.8454844802069776,000498-0010
scale-000498,qualification-synthetic,g,62011.0,19.559972392101834,0.8732360153020363,000498-0011
scale-000498,qualification-synthetic,g,62012.0,21.989543312293502,1.1615328944160768,000498-0012
scale-000498,qualification-synthetic,g,62013.0,20.863866721986717,1.0474135370825086,000498-0013
scale-000498,qualification-synthetic,g,62014.0,20.65103443100907,0.9566732817584456,000498-0014
scale-000498,qualification-synthetic,g,62015.0,19.580442673000462,1.0263075742715246,000498-0015
scale-000498,qualification-synthetic,g,62016.0,20.046831965454633,0.8367051390868724,000498-0016
scale-000498,qualification-synthetic,g,62017.0,20.01485166363678,0.857377820542825,000498-0017
scale-000498,qualification-synthetic,g,62018.0,19.107129173639105,1.113942213936416,000498-0018
scale-000498,qualification-synthetic,g,62019.0,20.515176916069052,1.0941690731700013,000498-0019
scale-000498,qualification-synthetic,g,62020.0,20.82316971116784,1.1979117313927774,000498-0020
scale-000498,qualification-synthetic,g,62021.0,19.063019962402937,0.8813831872583872,000498-0021
scale-000498,qualification-synthetic,g,62022.0,18.245372335022736,1.0102315859450235,000498-0022
scale-000498,qualification-synthetic,g,62023.0,19.982655517339577,1.1774598236205331,000498-0023
scale-000498,qualification-synthetic,g,62024.0,18.3008674066902,1.1982264013741346,000498-0024
scale-000498,qualification-synthetic,g,62025.0,21.21753356381227,1.0921967375680188,000498-0025
scale-000498,qualification-synthetic,g,62026.0,19.714032636534263,0.98318570473626,000498-0026
scale-000498,qualification-synthetic,g,62027.0,20.88814804189847,1.0381013767457876,000498-0027
scale-000498,qualification-synthetic,g,62028.0,20.482307421900813,0.947586282405973,000498-0028
scale-000498,qualification-synthetic,g,62029.0,18.698422794087488,1.132356877701889,000498-0029
scale-000498,qualification-synthetic,g,62030.0,21.492760576696675,1.0811756942982669,000498-0030
scale-000498,qualification-synthetic,g,62031.0,19.756349975590034,0.9333718840041073,000498-0031
scale-000499,qualification-synthetic,g,62000.0,20.02766671504917,0.8051150178406783,000499-0000
scale-000499,qualification-synthetic,g,62001.0,20.390740367634866,1.1514231783554432,000499-0001
scale-000499,qualification-synthetic,g,62002.0,19.59840173403007,1.1415288316239036,000499-0002
scale-000499,qualification-synthetic,g,62003.0,20.897959693495867,0.9450820419707243,000499-0003
scale-000499,qualification-synthetic,g,62004.0,20.27992888326832,1.111440817695552,000499-0004
scale-000499,qualification-synthetic,g,62005.0,24.687176406377283,1.1286929653879325,000499-0005
scale-000499,qualification-synthetic,g,62006.0,19.469386631309156,0.9827508779808243,000499-0006
scale-000499,qualification-synthetic,g,62007.0,21.604240561481856,0.8647132347645511,000499-0007
scale-000499,qualification-synthetic,g,62008.0,20.962832729029547,1.1815945827887062,000499-0008
scale-000499,qualification-synthetic,g,62009.0,23.968454782869927,0.8629484354963037,000499-0009
scale-000499,qualification-synthetic,g,62010.0,19.485903292116532,0.8257909056944271,000499-0010
scale-000499,qualification-synthetic,g,62011.0,18.924817819597124,1.1054705386433485,000499-0011
scale-000499,qualification-synthetic,g,62012.0,20.749123461586965,1.067195819288769,000499-0012
scale-000499,qualification-synthetic,g,62013.0,20.3450358561141,0.9110700930128302,000499-0013
scale-000499,qualification-synthetic,g,62014.0,20.431782009768913,0.9046402004130869,000499-0014
scale-000499,qualification-synthetic,g,62015.0,19.158333188601844,0.9007937267302997,000499-0015
scale-000499,qualification-synthetic,g,62016.0,19.953891702427068,0.9938803698623583,000499-0016
scale-000499,qualification-synthetic,g,62017.0,19.388156862044323,0.9566692660047225,000499-0017
scale-000499,qualification-synthetic,g,62018.0,18.632838578349556,0.8862893110172457,000499-0018
scale-000499,qualification-synthetic,g,62019.0,21.56257323437542,1.1056510594478168,000499-0019
scale-000499,qualification-synthetic,g,62020.0,17.6685478960463,1.0774516696241703,000499-0020
scale-000499,qualification-synthetic,g,62021.0,20.412636329804666,0.8457829925268945,000499-0021
scale-000499,qualification-synthetic,g,62022.0,18.181198254385,0.8857605027799217,000499-0022
scale-000499,qualification-synthetic,g,62023.0,22.042443138465867,0.982700142597987,000499-0023
scale-000499,qualification-synthetic,g,62024.0,21.58665422606024,1.0786112589127967,000499-0024
scale-000499,qualification-synthetic,g,62025.0,19.580074130633236,0.847629488823094,000499-0025
scale-000499,qualification-synthetic,g,62026.0,20.300110368166337,0.9651172651522226,000499-0026
scale-000499,qualification-synthetic,g,62027.0,15.89396176637854,0.9736488937978308,000499-0027
scale-000499,qualification-synthetic,g,62028.0,19.53697272422175,0.874628583125951,000499-0028
scale-000499,qualification-synthetic,g,62029.0,16.428615384410683,1.1487391121048203,000499-0029
scale-000499,qualification-synthetic,g,62030.0,19.98697275701278,1.14106985734057,000499-0030
scale-000499,qualification-synthetic,g,62031.0,20.91983090595238,1.0112252411867315,000499-0031
